vessel_name,mmsi,imo,flag,type,event,start_date_time,time_zone,offset,latitude,longitude,event_duration_s
DEMO VESSEL 015,548000015,8500159,Philippines,Cargo,Loitering,2025-04-16 09:49:00,Asia/Manila,+08:00,14.4834,120.86738,4104
DEMO VESSEL 021,548000021,8500214,Belize,Dredging,Loitering,24/04/2025 23:35,Asia/Manila,+08:00,14.54384,120.69918,35426
DEMO VESSEL 035,548000035,8500355,Philippines,Other,Encounter,2025-04-02 06:24:00,UTC,+00:00,14.7696,120.78843,13626
DEMO VESSEL 018,548000018,8500185,Philippines,Cargo,Encounter,2025-04-17 21:55:00,Asia/Manila,+08:00,14.62961,120.30444,10904
DEMO VESSEL 023,548000023,8500238,Belize,Cargo,Fishing event,2025-04-21 12:49:00,Asia/Manila,+08:00,14.48811,120.39251,35992
DEMOVESSEL040,548000040,8500408,Philippines,Other,Loitering,09/04/2025 17:12,Asia/Manila,+08:00,14.39631,120.79791,7236
DEMO VESSEL 029,548000029,8500290,Philippines,Other,Fishing event,15/04/2025 03:03,Asia/Manila,+08:00,14.42191,120.61384,2014
DEMO VESSEL 007,667000007,8500070,Sierra Leone,Cargo,Port visit,24/04/2025 03:01,Asia/Manila,+08:00,14.44127,120.70749,20591
DEMO VESSEL 001,548000001,8500018,Philippines,Dredging,Loitering,09/04/2025 21:09,UTC,+00:00,14.25178,120.89442,35928
DEMO VESSEL 017,548000017,8500173,Philippines,Other,Encounter,2025-04-02 01:03:00,Asia/Manila,+08:00,14.38284,120.68464,29445
DEMO VESSEL 024,548000024,8500240,Philippines,Cargo,Encounter,2025-04-20 06:27:00,Asia/Manila,+08:00,14.40736,120.36541,15738
DEMO VESSEL 019,548000019,8500197,Philippines,Cargo,Fishing event,2025-04-08 20:29:00,UTC,+00:00,14.62804,120.84012,6807
DEMO VESSEL 034,548000034,8500343,Belize,Cargo,Loitering,24/04/2025 08:30,UTC,+00:00,14.61423,120.35832,8111
DEMO VESSEL 018,548000018,8500185,Philippines,Cargo,Encounter,2025-04-19 01:13:00,UTC,+00:00,14.58865,120.56526,13628
DEMO VESSEL 039,548000039,8500393,Philippines,Dredging,Fishing event,2025-04-22 17:56:00,Asia/Manila,+08:00,14.86684,120.58721,20653
DEMO VESSEL 023,548000023,8500238,Belize,Cargo,Loitering,2025-04-12 11:07:00,UTC,+00:00,14.58614,120.77523,31882
DEMO VESSEL 012,548000012,8500123,Philippines,Dredging,Fishing event,2025-04-24 18:52:00,UTC,+00:00,14.88532,120.63075,37198
DEMO VESSEL 013,548000013,8500135,Philippines,Other,Fishing event,2025-04-27 09:05:00,UTC,+00:00,14.61693,120.65089,36195
DEMO VESSEL 005,548000005,1234568,Sierra Leone,Dredging,Port visit,2025-04-19 09:09:00,Asia/Manila,+08:00,14.7048,120.74727,22858
DEMO VESSEL 016,548000016,8500161,Philippines,Dredging,Port visit,2025-04-07 09:02:00,Asia/Manila,+08:00,14.34832,120.6177,26954
DEMO VESSEL 013,548000013,8500135,Philippines,Other,Encounter,04/03/2025 18:53,Asia/Manila,+08:00,14.55241,120.81913,29159
DEMO VESSEL 007,667000007,8500070,Sierra Leone,Cargo,Encounter,2025-04-25 11:19:00,Asia/Manila,+08:00,14.75595,120.51021,27617
DEMO VESSEL 030,548000030,8500305,Philippines,Cargo,Loitering,15/04/2025 18:58,Asia/Manila,+08:00,14.66101,120.50089,25655
DEMOVESSEL006,548000006,64,Philippines,Dredging,Encounter,2025-04-26 13:56:00,Asia/Manila,+08:00,14.55259,120.4376,23689
AIS TEST SHIP,100900301,,,,Fishing event,10/04/2025 04:55,UTC,+00:00,14.70664,120.82253,5263
DEMO VESSEL 038,548000038,8500381,Philippines,Dredging,Loitering,2025-04-07 07:05:00,Asia/Manila,+08:00,14.7563,120.40478,25541
DEMO VESSEL 009,548000009,8500094,Belize,Cargo,Loitering,2025-04-09 10:46:00,Asia/Manila,+08:00,14.65872,120.83779,23495
DEMO VESSEL 005,548000005,1234568,Sierra Leone,Dredging,Loitering,2025-04-10 05:27:00,Asia/Manila,+08:00,14.84391,120.76341,8368
DEMO VESSEL 003,548000003,8500032,Philippines,Cargo,Fishing event,2025-04-13 02:34:00,UTC,+00:00,14.27605,120.64171,11534
DEMO VESSEL 009,548000009,8500094,Belize,Cargo,Port visit,2025-04-17 04:02:00,Asia/Manila,+08:00,14.39235,120.82248,28347
DEMO VESSEL 016,548000016,8500161,Philippines,Dredging,Port visit,2025-04-06 13:28:00,Asia/Manila,+08:00,14.78933,120.68021,30830
DEMO VESSEL 025,548000025,8500252,Philippines,Dredging,Loitering,2025-04-01 11:36:00,UTC,+00:00,14.75848,120.44884,3151
DEMO VESSEL 035,548000035,8500355,Philippines,Other,Fishing event,26/04/2025 02:07,UTC,+00:00,14.31911,120.87439,26982
DEMO VESSEL 005,548000005,1234568,Sierra Leone,Dredging,Port visit,2025-04-26 15:13:00,Asia/Manila,+08:00,14.64942,120.34444,17339
DEMO VESSEL 029,548000029,8500290,Philippines,Other,Port visit,2025-04-06 23:53:00,Asia/Manila,+08:00,14.55401,120.33862,29735
DEMO VESSEL 021,548000021,8500214,Belize,Dredging,Loitering,2025-04-04 02:21:00,UTC,+00:00,14.55496,120.49425,22548
DEMO VESSEL 023,548000023,8500238,Belize,Cargo,Port visit,2025-04-13 02:17:00,Asia/Manila,+08:00,14.22285,120.39382,34961
demo vessel 032,548000032,8500329,Philippines,Cargo,Encounter,05/04/2025 05:21,UTC,+00:00,14.50741,120.65998,7463
DEMO VESSEL 002,548000002,8500020,Philippines,Cargo,Port visit,2025-04-25 18:08:00,Asia/Manila,+08:00,14.49622,120.86379,30262
DEMO VESSEL 005,548000005,1234568,Sierra Leone,Dredging,Fishing event,2025-04-20 16:18:00,Asia/Manila,+08:00,14.87492,120.33403,11435
DEMO VESSEL 005,548000005,1234568,Sierra Leone,Dredging,Encounter,2025-04-09 19:37:00,UTC,+00:00,14.23928,120.50562,7576
DEMO VESSEL 006,548000006,64,Philippines,Dredging,Fishing event,2025-04-08 00:27:00,UTC,+00:00,14.85796,120.48034,39077
DEMO VESSEL 005,548000005,1234568,Sierra Leone,Dredging,Loitering,2025-04-24 11:45:00,Asia/Manila,+08:00,14.60198,120.33192,4537
DEMO VESSEL 009,548000009,8500094,Belize,Cargo,Encounter,2025-04-27 23:25:00,Asia/Manila,+08:00,14.43235,120.4939,39120
DEMO VESSEL 008,548000008,8500082,Belize,Dredging,Port visit,2025-04-17 10:43:00,Asia/Manila,+08:00,14.726,120.64358,34053
DEMO VESSEL 005,548000005,1234568,Sierra Leone,Dredging,Port visit,2025-04-08 07:37:00,UTC,+00:00,14.57585,120.76885,31645
DEMO VESSEL 038,548000038,8500381,Philippines,Dredging,Port visit,13/04/2025 04:31,Asia/Manila,+08:00,14.8402,120.78228,9886
DEMOVESSEL011,548000011,8500111,Philippines,Other,Fishing event,2025-04-22 06:44:00,UTC,+00:00,14.85329,120.32522,5454
DEMO VESSEL 040,548000040,8500408,Philippines,Other,Port visit,2025-04-17 18:10:00,Asia/Manila,+08:00,14.89518,120.39637,30430
DEMOVESSEL029,548000029,8500290,Philippines,Other,Encounter,2025-04-03 04:16:00,UTC,+00:00,14.20661,120.30256,16296
DEMO VESSEL 027,548000027,8500276,Philippines,Cargo,Port visit,2025-04-12 19:55:00,Asia/Manila,+08:00,14.86945,120.84521,38404
DEMO VESSEL 018,548000018,8500185,Philippines,Cargo,Fishing event,13/04/2025 20:07,Asia/Manila,+08:00,14.60341,120.81114,35826
DEMO VESSEL 038,548000038,8500381,Philippines,Dredging,Encounter,2025-04-11 03:07:00,Asia/Manila,+08:00,14.31755,120.46202,35331
DEMO VESSEL 021,548000021,8500214,Belize,Dredging,Fishing event,2025-04-23 11:25:00,Asia/Manila,+08:00,14.68518,120.3798,9638
DEMO VESSEL 020,548000020,8500202,Philippines,Other,Fishing event,2025-04-18 06:27:00,UTC,+00:00,14.44294,120.57244,11287
DEMO VESSEL 007,667000007,8500070,Sierra Leone,Cargo,Encounter,18/04/2025 01:38,Asia/Manila,+08:00,14.50707,120.48743,1599
DEMO VESSEL 004,548000004,,Philippines,Dredging,Fishing event,2025-04-09 03:06:00,Asia/Manila,+08:00,14.74516,120.50128,4580
DEMO VESSEL 029,548000029,8500290,Philippines,Other,Port visit,09/04/2025 21:41,Asia/Manila,+08:00,14.74906,120.30224,26609
DEMO VESSEL 017,548000017,8500173,Philippines,Other,Port visit,2025-04-21 03:36:00,UTC,+00:00,14.57899,120.67449,4096
DEMO VESSEL 007,667000007,8500070,Sierra Leone,Cargo,Fishing event,2025-04-26 05:50:00,Asia/Manila,+08:00,14.58555,120.68833,28733
DEMO VESSEL 033 ,548000033,8500331,Philippines,Cargo,Loitering,27/04/2025 00:35,Asia/Manila,+08:00,14.76224,120.7526,2200
DEMO VESSEL 018,548000018,8500185,Philippines,Cargo,Port visit,07/04/2025 21:37,UTC,+00:00,14.44659,120.82609,15588
demo vessel 034,548000034,8500343,Belize,Cargo,Loitering,2025-04-04 08:57:00,Asia/Manila,+08:00,14.77478,120.89892,33736
DEMO VESSEL 007,548000007,8500070,Philippines,Cargo,Fishing event,2025-04-23 23:46:00,Asia/Manila,+08:00,14.45015,120.44208,13537
DEMO VESSEL 037,548000037,8500379,Belize,Cargo,Encounter,2025-04-15 23:40:00,Asia/Manila,+08:00,14.39601,120.87266,15979
DEMO VESSEL 029,548000029,8500290,Philippines,Other,Port visit,13/04/2025 04:40,UTC,+00:00,14.38671,120.80669,7900
DEMO VESSEL 027,548000027,8500276,Philippines,Cargo,Loitering,2025-04-10 01:59:00,UTC,+00:00,14.71924,120.74874,28873
DEMO VESSEL 027,548000027,8500276,Philippines,Cargo,Encounter,20/04/2025 01:12,Asia/Manila,+08:00,14.59827,120.76657,35305
DEMO VESSEL 036,548000036,8500367,Sierra Leone,Cargo,Encounter,2025-04-14 00:34:00,Asia/Manila,+08:00,14.27778,120.77702,38561
DEMO VESSEL 040,548000040,8500408,Philippines,Other,Fishing event,20/04/2025 10:11,Asia/Manila,+08:00,14.48248,120.67859,25859
DEMO VESSEL 006,548000006,64,Philippines,Dredging,Port visit,2025-04-13 09:05:00,Asia/Manila,+08:00,14.27527,120.79656,24293
DEMO VESSEL 013,548000013,8500135,Philippines,Other,Fishing event,2025-04-04 11:49:00,Asia/Manila,+08:00,14.2667,120.6929,17137
DEMO VESSEL 022,548000022,8500226,Sierra Leone,Dredging,Loitering,2025-04-06 23:26:00,UTC,+00:00,14.26302,120.63644,17131
DEMO VESSEL 007,667000007,8500070,Sierra Leone,Cargo,Port visit,2025-04-11 11:16:00,Asia/Manila,+08:00,14.27048,120.58381,6259
demo vessel 007,548000007,8500070,Philippines,Cargo,Loitering,27/04/2025 20:50,UTC,+00:00,14.37125,120.81305,32529
DEMO VESSEL 030,548000030,8500305,Philippines,Cargo,Port visit,12/04/2025 12:46,Asia/Manila,+08:00,14.40914,120.32024,5631
demo vessel 036,548000036,8500367,Sierra Leone,Cargo,Fishing event,2025-04-23 12:02:00,UTC,+00:00,14.65063,120.57659,16172
DEMO VESSEL 018,548000018,8500185,Philippines,Cargo,Fishing event,25/04/2025 04:50,UTC,+00:00,14.73295,120.63872,18306
DEMO VESSEL 033,548000033,8500331,Philippines,Cargo,Fishing event,19/04/2025 11:45,UTC,+00:00,14.6908,120.8792,25256
DEMO VESSEL 004,548000004,,Philippines,Dredging,Encounter,12/04/2025 20:18,Asia/Manila,+08:00,14.26597,120.60194,15938
DEMO VESSEL 007,667000007,8500070,Sierra Leone,Cargo,Port visit,2025-04-08 22:24:00,Asia/Manila,+08:00,14.64221,120.6723,19257
AIS TEST SHIP,100900301,,,,Encounter,2025-04-22 05:39:00,Asia/Manila,+08:00,14.68895,120.80887,9210
DEMOVESSEL002,548000002,8500020,Philippines,Cargo,Port visit,2025-04-25 18:46:00,Asia/Manila,+08:00,14.55079,120.35433,11168
DEMO VESSEL 034,548000034,8500343,Belize,Cargo,Loitering,02/04/2025 20:45,Asia/Manila,+08:00,14.34008,120.79836,6732
DEMO VESSEL 036,548000036,8500367,Sierra Leone,Cargo,Fishing event,2025-04-03 18:17:00,UTC,+00:00,14.85792,120.47526,27789
DEMO VESSEL 029,548000029,8500290,Philippines,Other,Fishing event,2025-04-10 18:18:00,Asia/Manila,+08:00,14.4468,120.81704,27779
DEMO VESSEL 029,548000029,8500290,Philippines,Other,Encounter,22/04/2025 00:37,Asia/Manila,+08:00,14.54326,120.40957,10339
DEMO VESSEL 023,548000023,8500238,Belize,Cargo,Encounter,02/04/2025 10:13,Asia/Manila,+08:00,14.85189,120.68052,1679
DEMO VESSEL 024,548000024,8500240,Philippines,Cargo,Fishing event,2025-04-08 20:23:00,Asia/Manila,+08:00,14.79068,120.55707,5167
DEMO VESSEL 036,548000036,8500367,Sierra Leone,Cargo,Port visit,26/03/2025 10:31,Asia/Manila,+08:00,14.55853,120.52801,36692
demo vessel 007,548000007,8500070,Philippines,Cargo,Loitering,2025-04-23 12:56:00,Asia/Manila,+08:00,14.24927,120.34716,13875
DEMO VESSEL 021,548000021,8500214,Belize,Dredging,Encounter,2025-04-08 16:26:00,Asia/Manila,+08:00,14.43294,120.3327,12054
DEMO VESSEL 014,548000014,8500147,Philippines,Cargo,Loitering,2025-04-15 05:01:00,Asia/Manila,+08:00,14.35648,120.76461,23997
DEMO VESSEL 007,548000007,8500070,Philippines,Cargo,Encounter,27/04/2025 01:16,Asia/Manila,+08:00,14.33605,120.53197,36038
DEMO VESSEL 033,548000033,8500331,Philippines,Cargo,Port visit,2025-04-20 08:06:00,UTC,+00:00,14.54633,120.42957,27297
DEMO VESSEL 025,548000025,8500252,Philippines,Dredging,Fishing event,2025-04-07 10:34:00,Asia/Manila,+08:00,14.89481,120.70031,1610
DEMO VESSEL 026,548000026,8500264,Philippines,Cargo,Port visit,2025-04-10 23:15:00,Asia/Manila,+08:00,14.2308,120.83153,10127
DEMO VESSEL 020,548000020,8500202,Philippines,Other,Encounter,2025-04-16 19:30:00,Asia/Manila,+08:00,14.236,120.83887,36367
DEMO VESSEL 007,548000007,8500070,Philippines,Cargo,Fishing event,2025-04-01 06:17:00,Asia/Manila,+08:00,14.57813,120.57507,6255
DEMO VESSEL 025,548000025,8500252,Philippines,Dredging,Fishing event,2025-04-12 20:32:00,UTC,+00:00,14.32037,120.32819,23128
DEMO VESSEL 009,548000009,8500094,Belize,Cargo,Port visit,2025-04-01 04:50:00,Asia/Manila,+08:00,14.83067,120.57722,17014
DEMO VESSEL 011,548000011,8500111,Philippines,Other,Encounter,2025-04-17 16:30:00,Asia/Manila,+08:00,14.26818,120.42873,16600
DEMO VESSEL 023,548000023,8500238,Belize,Cargo,Loitering,2025-04-11 01:40:00,Asia/Manila,+08:00,14.59245,120.87188,24677
DEMO VESSEL 030,548000030,8500305,Philippines,Cargo,Encounter,2025-04-03 10:33:00,UTC,+00:00,14.21626,120.34344,31493
DEMO VESSEL 009,548000009,8500094,Belize,Cargo,Port visit,2025-04-04 04:07:00,Asia/Manila,+08:00,14.33752,120.76093,21488
DEMO VESSEL 014,548000014,8500147,Philippines,Cargo,Loitering,2025-04-01 06:48:00,Asia/Manila,+08:00,14.56663,120.72567,13867
DEMO VESSEL 020,548000020,8500202,Philippines,Other,Port visit,01/04/2025 18:09,Asia/Manila,+08:00,14.49299,120.42307,10136
AIS TEST SHIP,100900301,,,,Loitering,2025-04-21 00:54:00,Asia/Manila,+08:00,14.62149,120.42233,6714
DEMO VESSEL 020,548000020,8500202,Philippines,Other,Fishing event,2025-04-07 02:42:00,Asia/Manila,+08:00,14.33976,120.70653,29416
DEMO VESSEL 029,548000029,8500290,Philippines,Other,Fishing event,2025-04-12 09:12:00,Asia/Manila,+08:00,14.86473,120.3553,28925
DEMO VESSEL 019,548000019,8500197,Philippines,Cargo,Port visit,2025-04-02 10:47:00,UTC,+00:00,14.43247,120.78411,23068
DEMO VESSEL 033,548000033,8500331,Philippines,Cargo,Fishing event,2025-04-16 17:27:00,Asia/Manila,+08:00,14.28696,120.66924,30297
DEMO VESSEL 008,548000008,8500082,Belize,Dredging,Fishing event,2025-04-17 11:58:00,UTC,+00:00,14.39509,120.88326,10232
DEMO VESSEL 018,548000018,8500185,Philippines,Cargo,Loitering,2025-04-05 02:28:00,UTC,+00:00,14.78347,120.71732,29062
DEMOVESSEL014,548000014,8500147,Philippines,Cargo,Port visit,21/04/2025 23:21,UTC,+00:00,14.63891,120.39805,38004
DEMO VESSEL 036,548000036,8500367,Sierra Leone,Cargo,Fishing event,2025-04-12 01:56:00,Asia/Manila,+08:00,14.81575,120.46609,20307
DEMO VESSEL 004,548000004,,Philippines,Dredging,Encounter,19/04/2025 04:59,Asia/Manila,+08:00,14.48533,120.65085,22685
DEMOVESSEL021,548000021,8500214,Belize,Dredging,Fishing event,2025-04-23 17:10:00,Asia/Manila,+08:00,14.48613,120.47371,39512
DEMO VESSEL 015,548000015,8500159,Philippines,Cargo,Loitering,04/04/2025 20:39,Asia/Manila,+08:00,14.38476,120.77559,16235
DEMO VESSEL 028,548000028,8500288,Philippines,Other,Port visit,2025-04-06 12:38:00,Asia/Manila,+08:00,14.4625,120.43183,2067
DEMO VESSEL 003,548000003,8500032,Philippines,Cargo,Loitering,2025-04-16 11:02:00,Asia/Manila,+08:00,14.69283,120.66362,7570
DEMO VESSEL 011,548000011,8500111,Philippines,Other,Loitering,21/04/2025 04:31,UTC,+00:00,14.33418,120.7339,2617
DEMO VESSEL 032,548000032,8500329,Philippines,Cargo,Fishing event,2025-04-01 18:35:00,Asia/Manila,+08:00,14.84962,120.40655,9349
DEMO VESSEL 007,548000007,8500070,Philippines,Cargo,Port visit,2025-04-07 23:06:00,Asia/Manila,+08:00,14.7322,120.32427,10591
DEMO VESSEL 001,548000001,8500018,Philippines,Dredging,Port visit,2025-04-11 09:58:00,Asia/Manila,+08:00,14.33302,120.74489,39910
DEMOVESSEL040,548000040,8500408,Philippines,Other,Fishing event,2025-04-25 05:36:00,Asia/Manila,+08:00,14.60308,120.46672,31650
DEMO VESSEL 015,548000015,8500159,Philippines,Cargo,Port visit,11/04/2025 23:00,UTC,+00:00,14.73149,120.74767,39319
DEMO VESSEL 001,548000001,8500018,Philippines,Dredging,Port visit,2025-04-08 01:42:00,Asia/Manila,+08:00,14.23674,120.54798,639
DEMO VESSEL 007,548000007,8500070,Philippines,Cargo,Port visit,2025-04-10 06:37:00,Asia/Manila,+08:00,14.34388,120.58194,15637
DEMO VESSEL 025,548000025,8500252,Philippines,Dredging,Fishing event,2025-04-07 23:12:00,Asia/Manila,+08:00,14.4993,120.78428,8416
DEMO VESSEL 012,548000012,8500123,Philippines,Dredging,Fishing event,11/04/2025 13:11,Asia/Manila,+08:00,14.29035,120.78253,3965
DEMO VESSEL 028,548000028,8500288,Philippines,Other,Loitering,2025-04-23 08:02:00,UTC,+00:00,14.63755,120.42977,35885
DEMO VESSEL 022,548000022,8500226,Sierra Leone,Dredging,Encounter,2025-04-08 07:21:00,Asia/Manila,+08:00,14.54917,120.88215,3971
DEMO VESSEL 031,548000031,8500317,Philippines,Cargo,Fishing event,19/04/2025 07:30,Asia/Manila,+08:00,14.66572,120.74096,6847
DEMO VESSEL 024,548000024,8500240,Philippines,Cargo,Fishing event,2025-04-26 21:18:00,UTC,+00:00,14.38025,120.56012,5744
DEMO VESSEL 040,548000040,8500408,Philippines,Other,Encounter,07/04/2025 02:24,UTC,+00:00,14.64697,120.8785,26148
DEMO VESSEL 029,548000029,8500290,Philippines,Other,Loitering,11/04/2025 00:25,Asia/Manila,+08:00,14.5172,120.86389,23331
DEMO VESSEL 032,548000032,8500329,Philippines,Cargo,Port visit,2025-04-18 04:13:00,Asia/Manila,+08:00,14.54353,120.4282,31914
DEMO VESSEL 040,548000040,8500408,Philippines,Other,Encounter,2025-04-14 12:28:00,Asia/Manila,+08:00,14.30346,120.34104,31707
DEMO VESSEL 022 ,548000022,8500226,Sierra Leone,Dredging,Loitering,2025-04-25 10:40:00,Asia/Manila,+08:00,14.56347,120.43481,34030
DEMO VESSEL 014,548000014,8500147,Philippines,Cargo,Loitering,2025-04-14 07:10:00,Asia/Manila,+08:00,14.81082,120.79137,16183
DEMO VESSEL 031,548000031,8500317,Philippines,Cargo,Fishing event,2025-04-21 05:49:00,Asia/Manila,+08:00,14.8774,120.67521,32380
DEMO VESSEL 027,548000027,8500276,Philippines,Cargo,Loitering,27/04/2025 21:24,UTC,+00:00,14.53524,120.89188,28392
DEMO VESSEL 033,548000033,8500331,Philippines,Cargo,Fishing event,2025-04-02 16:13:00,Asia/Manila,+08:00,14.77076,120.64844,39548
DEMO VESSEL 001,548000001,8500018,Philippines,Dredging,Fishing event,2025-04-09 12:08:00,Asia/Manila,+08:00,14.85031,120.86144,5101
DEMO VESSEL 015,548000015,8500159,Philippines,Cargo,Encounter,2025-04-01 10:39:00,Asia/Manila,+08:00,14.71649,120.55521,13623
DEMO VESSEL 037,548000037,8500379,Belize,Cargo,Fishing event,2025-04-04 23:33:00,Asia/Manila,+08:00,14.40454,120.70335,16452
AIS TEST SHIP,100900301,,,,Fishing event,26/04/2025 20:22,Asia/Manila,+08:00,14.56803,120.68374,2309
DEMO VESSEL 002,548000002,8500020,Philippines,Cargo,Fishing event,2025-04-14 12:49:00,Asia/Manila,+08:00,14.77703,120.73212,34421
AIS TEST SHIP,100900301,,,,Encounter,2025-04-02 14:04:00,UTC,+00:00,14.31362,120.51203,25308
DEMO VESSEL 023,548000023,8500238,Belize,Cargo,Fishing event,2025-04-24 23:15:00,Asia/Manila,+08:00,14.2696,120.51256,21650
DEMO VESSEL 037,548000037,8500379,Belize,Cargo,Encounter,2025-04-24 06:30:00,Asia/Manila,+08:00,14.87601,120.78774,14516
DEMO VESSEL 035,548000035,8500355,Philippines,Other,Encounter,2025-04-22 23:04:00,Asia/Manila,+08:00,14.84867,120.82346,30959
DEMO VESSEL 030,548000030,8500305,Philippines,Cargo,Encounter,06/04/2025 18:00,Asia/Manila,+08:00,14.72755,120.72316,7259
DEMO VESSEL 037,548000037,8500379,Belize,Cargo,Loitering,2025-04-06 11:19:00,Asia/Manila,+08:00,14.77281,120.44993,28948
DEMO VESSEL 030,548000030,8500305,Philippines,Cargo,Loitering,24/04/2025 05:03,Asia/Manila,+08:00,14.81917,120.30109,33760
demo vessel 019,548000019,8500197,Philippines,Cargo,Encounter,2025-04-21 10:38:00,Asia/Manila,+08:00,14.33669,120.46161,33235
DEMO VESSEL 017,548000017,8500173,Philippines,Other,Loitering,2025-04-14 02:34:00,Asia/Manila,+08:00,14.41844,120.82571,2759
DEMO VESSEL 018,548000018,8500185,Philippines,Cargo,Port visit,24/04/2025 11:41,UTC,+00:00,14.22894,120.68282,30320
DEMO VESSEL 007,667000007,8500070,Sierra Leone,Cargo,Port visit,12/04/2025 13:29,UTC,+00:00,14.24381,120.73028,4083
DEMO VESSEL 009,548000009,8500094,Belize,Cargo,Fishing event,05/04/2025 22:06,Asia/Manila,+08:00,14.77184,120.89782,10888
DEMO VESSEL 036,548000036,8500367,Sierra Leone,Cargo,Fishing event,2025-04-24 09:11:00,Asia/Manila,+08:00,14.45843,120.7181,35172
DEMO VESSEL 002,548000002,8500020,Philippines,Cargo,Loitering,2025-04-27 01:15:00,Asia/Manila,+08:00,14.84262,120.72278,8418
DEMO VESSEL 032,548000032,8500329,Philippines,Cargo,Loitering,2025-04-02 11:26:00,Asia/Manila,+08:00,14.72476,120.56559,1891
DEMO VESSEL 007,548000007,8500070,Philippines,Cargo,Fishing event,02/04/2025 18:47,UTC,+00:00,14.59553,120.66988,37356
DEMO VESSEL 001,548000001,8500018,Philippines,Dredging,Fishing event,2025-04-23 02:05:00,Asia/Manila,+08:00,14.69817,120.68034,6297
AIS TEST SHIP,100900301,,,,Fishing event,2025-04-17 17:55:00,UTC,+00:00,14.62034,120.57181,2924
DEMO VESSEL 038,548000038,8500381,Philippines,Dredging,Port visit,18/04/2025 14:56,UTC,+00:00,14.22679,120.4637,12107
DEMO VESSEL 003,548000003,8500032,Philippines,Cargo,Loitering,2025-04-05 20:17:00,UTC,+00:00,14.85666,120.66632,6068
DEMO VESSEL 017,548000017,8500173,Philippines,Other,Port visit,2025-04-12 11:54:00,Asia/Manila,+08:00,14.87645,120.83534,34092
DEMO VESSEL 039,548000039,8500393,Philippines,Dredging,Encounter,2025-04-09 07:32:00,Asia/Manila,+08:00,14.21839,120.61471,16869
DEMO VESSEL 022,548000022,8500226,Sierra Leone,Dredging,Port visit,2025-04-02 21:42:00,Asia/Manila,+08:00,14.25693,120.37098,22791
DEMO VESSEL 038,548000038,8500381,Philippines,Dredging,Loitering,04/04/2025 12:32,Asia/Manila,+08:00,14.35038,120.82669,33821
DEMO VESSEL 014,548000014,8500147,Philippines,Cargo,Port visit,2025-04-22 21:18:00,UTC,+00:00,14.68093,120.31443,20662
DEMO VESSEL 007,548000007,8500070,Philippines,Cargo,Fishing event,2025-04-06 03:55:00,UTC,+00:00,14.72686,120.38378,7897
DEMO VESSEL 003,548000003,8500032,Philippines,Cargo,Encounter,2025-04-17 17:54:00,Asia/Manila,+08:00,14.33678,120.42022,12709
DEMO VESSEL 021,548000021,8500214,Belize,Dredging,Loitering,2025-04-09 14:49:00,Asia/Manila,+08:00,14.84862,120.73134,22440
DEMO VESSEL 001,548000001,8500018,Philippines,Dredging,Port visit,2025-04-04 14:05:00,Asia/Manila,+08:00,14.618,120.31281,37300
DEMO VESSEL 009,548000009,8500094,Belize,Cargo,Encounter,2025-04-21 04:07:00,Asia/Manila,+08:00,14.23352,120.72599,3668
DEMO VESSEL 014,548000014,8500147,Philippines,Cargo,Loitering,2025-04-22 06:44:00,Asia/Manila,+08:00,14.69833,120.66778,3463
DEMO VESSEL 038,548000038,8500381,Philippines,Dredging,Encounter,2025-04-19 02:12:00,UTC,+00:00,14.41506,120.4538,24961
DEMO VESSEL 012,548000012,8500123,Philippines,Dredging,Fishing event,2025-04-21 19:27:00,Asia/Manila,+08:00,14.38415,120.87693,14780
DEMO VESSEL 020,548000020,8500202,Philippines,Other,Encounter,2025-04-13 14:54:00,UTC,+00:00,14.41798,120.35698,13602
DEMO VESSEL 033,548000033,8500331,Philippines,Cargo,Port visit,18/04/2025 06:48,UTC,+00:00,14.74559,120.45723,29385
DEMOVESSEL012,548000012,8500123,Philippines,Dredging,Encounter,25/04/2025 18:39,UTC,+00:00,14.34404,120.55472,39215
DEMO VESSEL 028,548000028,8500288,Philippines,Other,Port visit,2025-04-13 08:03:00,UTC,+00:00,14.72668,120.82205,36853
DEMO VESSEL 006,548000006,64,Philippines,Dredging,Port visit,2025-04-15 04:01:00,Asia/Manila,+08:00,14.46921,120.8919,7497
DEMO VESSEL 007,548000007,8500070,Philippines,Cargo,Loitering,07/04/2025 11:15,Asia/Manila,+08:00,14.63864,120.62673,6221
DEMO VESSEL 035,548000035,8500355,Philippines,Other,Encounter,2025-04-15 22:40:00,UTC,+00:00,14.58699,120.72704,9279
DEMO VESSEL 019,548000019,8500197,Philippines,Cargo,Port visit,27/04/2025 20:49,Asia/Manila,+08:00,14.62904,120.34863,7613
DEMO VESSEL 021,548000021,8500214,Belize,Dredging,Fishing event,2025-04-12 17:51:00,Asia/Manila,+08:00,14.54513,120.43393,17460
demo vessel 007,548000007,8500070,Philippines,Cargo,Port visit,15/04/2025 01:32,UTC,+00:00,14.57839,120.40292,2097
DEMO VESSEL 004,548000004,,Philippines,Dredging,Port visit,27/04/2025 17:16,UTC,+00:00,14.63201,120.55941,11491
DEMO VESSEL 036,548000036,8500367,Sierra Leone,Cargo,Encounter,2025-04-04 01:57:00,Asia/Manila,+08:00,14.6796,120.38945,4882
DEMO VESSEL 003,548000003,8500032,Philippines,Cargo,Port visit,15/04/2025 02:05,UTC,+00:00,14.40186,120.87398,32827
DEMO VESSEL 031,548000031,8500317,Philippines,Cargo,Loitering,2025-04-01 00:32:00,UTC,+00:00,14.49533,120.43186,37245
DEMO VESSEL 033,548000033,8500331,Philippines,Cargo,Fishing event,09/04/2025 05:32,Asia/Manila,+08:00,14.44574,120.48525,28209
DEMO VESSEL 031,548000031,8500317,Philippines,Cargo,Loitering,2025-04-02 03:28:00,UTC,+00:00,14.48396,120.66683,20441
DEMO VESSEL 007,667000007,8500070,Sierra Leone,Cargo,Encounter,2025-04-17 18:30:00,UTC,+00:00,14.27538,120.53133,19583
DEMO VESSEL 021,548000021,8500214,Belize,Dredging,Port visit,2025-04-20 13:29:00,Asia/Manila,+08:00,14.82818,120.71263,25705
DEMO VESSEL 028,548000028,8500288,Philippines,Other,Loitering,2025-04-10 08:19:00,Asia/Manila,+08:00,14.27805,120.31092,1012
DEMO VESSEL 031,548000031,8500317,Philippines,Cargo,Encounter,2025-04-19 20:15:00,Asia/Manila,+08:00,14.37261,120.57056,16810
DEMO VESSEL 038,548000038,8500381,Philippines,Dredging,Encounter,22/04/2025 02:07,Asia/Manila,+08:00,14.51798,120.57322,36485
DEMO VESSEL 027,548000027,8500276,Philippines,Cargo,Encounter,2025-04-09 20:21:00,UTC,+00:00,14.25446,120.80075,4369
DEMO VESSEL 013,548000013,8500135,Philippines,Other,Encounter,2025-04-07 18:06:00,UTC,+00:00,14.82294,120.77459,21567
DEMO VESSEL 007,667000007,8500070,Sierra Leone,Cargo,Port visit,11/04/2025 03:26,UTC,+00:00,14.613,120.39762,20271
demo vessel 007,667000007,8500070,Sierra Leone,Cargo,Loitering,2025-04-21 13:11:00,Asia/Manila,+08:00,14.82533,120.80946,21832
DEMO VESSEL 003,548000003,8500032,Philippines,Cargo,Loitering,2025-04-01 03:01:00,UTC,+00:00,14.28255,120.80884,3281
DEMO VESSEL 007,548000007,8500070,Philippines,Cargo,Fishing event,2025-04-25 02:39:00,Asia/Manila,+08:00,14.51122,120.54585,23391
DEMO VESSEL 030,548000030,8500305,Philippines,Cargo,Loitering,2025-04-05 18:23:00,Asia/Manila,+08:00,14.84674,120.31696,15791
DEMO VESSEL 035 ,548000035,8500355,Philippines,Other,Encounter,2025-04-04 15:06:00,UTC,+00:00,14.23901,120.54959,29739
DEMO VESSEL 036,548000036,8500367,Sierra Leone,Cargo,Loitering,07/04/2025 18:21,UTC,+00:00,14.45473,120.58453,25616
DEMO VESSEL 019,548000019,8500197,Philippines,Cargo,Encounter,2025-04-26 01:35:00,Asia/Manila,+08:00,14.34592,120.37051,17532
DEMOVESSEL006,548000006,64,Philippines,Dredging,Loitering,14/04/2025 04:27,Asia/Manila,+08:00,14.34743,120.89462,4631
DEMO VESSEL 012,548000012,8500123,Philippines,Dredging,Encounter,2025-04-05 04:46:00,Asia/Manila,+08:00,14.25964,120.38813,15125
DEMO VESSEL 032,548000032,8500329,Philippines,Cargo,Port visit,2025-04-25 15:45:00,Asia/Manila,+08:00,14.38748,120.74299,21879
DEMO VESSEL 032,548000032,8500329,Philippines,Cargo,Encounter,2025-04-09 13:28:00,Asia/Manila,+08:00,14.82159,120.42092,4243
DEMO VESSEL 024 ,548000024,8500240,Philippines,Cargo,Port visit,2025-04-14 05:51:00,Asia/Manila,+08:00,14.62038,120.67614,5176
DEMO VESSEL 008,548000008,8500082,Belize,Dredging,Encounter,2025-04-11 07:17:00,UTC,+00:00,14.51253,120.52504,38442
DEMO VESSEL 029,548000029,8500290,Philippines,Other,Loitering,2025-04-11 07:25:00,Asia/Manila,+08:00,14.55026,120.86654,32366
DEMO VESSEL 040,548000040,8500408,Philippines,Other,Port visit,15/04/2025 07:46,Asia/Manila,+08:00,14.26234,120.34645,8051
DEMO VESSEL 018,548000018,8500185,Philippines,Cargo,Port visit,07/04/2025 18:27,UTC,+00:00,14.20326,120.74127,37980
DEMO VESSEL 023,548000023,8500238,Belize,Cargo,Port visit,04/04/2025 15:20,Asia/Manila,+08:00,14.85485,120.62779,17036
DEMO VESSEL 010,548000010,8500109,Belize,Other,Fishing event,2025-04-22 14:27:00,UTC,+00:00,14.21883,120.38215,29271
DEMO VESSEL 007,667000007,8500070,Sierra Leone,Cargo,Encounter,24/04/2025 09:27,Asia/Manila,+08:00,14.57494,120.37495,8704
DEMO VESSEL 002,548000002,8500020,Philippines,Cargo,Port visit,16/04/2025 09:05,UTC,+00:00,14.70001,120.60126,8182
DEMO VESSEL 023,548000023,8500238,Belize,Cargo,Encounter,2025-04-10 16:35:00,Asia/Manila,+08:00,14.47757,120.75432,29392
DEMO VESSEL 029,548000029,8500290,Philippines,Other,Fishing event,2025-04-14 19:44:00,Asia/Manila,+08:00,14.49964,120.40103,27197
DEMO VESSEL 025,548000025,8500252,Philippines,Dredging,Encounter,07/04/2025 09:55,Asia/Manila,+08:00,14.8872,120.58196,27980
DEMO VESSEL 039,548000039,8500393,Philippines,Dredging,Encounter,2025-04-24 22:04:00,Asia/Manila,+08:00,14.7833,120.4487,31038
DEMO VESSEL 039,548000039,8500393,Philippines,Dredging,Encounter,2025-04-25 08:07:00,Asia/Manila,+08:00,14.87357,120.66352,38700
DEMO VESSEL 002 ,548000002,8500020,Philippines,Cargo,Loitering,11/04/2025 00:49,Asia/Manila,+08:00,14.55789,120.6424,23608
DEMOVESSEL017,548000017,8500173,Philippines,Other,Port visit,2025-04-25 01:34:00,Asia/Manila,+08:00,14.78759,120.41616,2006
DEMO VESSEL 028,548000028,8500288,Philippines,Other,Loitering,2025-04-17 06:29:00,Asia/Manila,+08:00,14.23199,120.56338,1946
AIS TEST SHIP,100900301,,,,Loitering,12/04/2025 17:06,UTC,+00:00,14.77039,120.76073,23934
DEMO VESSEL 027,548000027,8500276,Philippines,Cargo,Loitering,2025-04-16 07:57:00,UTC,+00:00,14.57596,120.44516,28834
DEMO VESSEL 001,548000001,8500018,Philippines,Dredging,Fishing event,2025-04-11 12:17:00,UTC,+00:00,14.85245,120.41988,30552
DEMO VESSEL 036,548000036,8500367,Sierra Leone,Cargo,Loitering,2025-04-20 23:20:00,Asia/Manila,+08:00,14.58093,120.82845,17619
DEMO VESSEL 020,548000020,8500202,Philippines,Other,Loitering,2025-04-11 05:53:00,Asia/Manila,+08:00,14.53347,120.33183,4930
DEMO VESSEL 021,548000021,8500214,Belize,Dredging,Fishing event,2025-04-26 18:05:00,Asia/Manila,+08:00,14.57455,120.5644,8970
DEMO VESSEL 026,548000026,8500264,Philippines,Cargo,Fishing event,2025-04-04 00:23:00,Asia/Manila,+08:00,14.57028,120.69584,20683
DEMO VESSEL 037,548000037,8500379,Belize,Cargo,Loitering,2025-04-23 17:50:00,Asia/Manila,+08:00,14.85939,120.79632,29500
DEMO VESSEL 023,548000023,8500238,Belize,Cargo,Loitering,2025-04-05 10:50:00,UTC,+00:00,14.38629,120.34303,5164
DEMO VESSEL 017,548000017,8500173,Philippines,Other,Port visit,2025-04-16 20:46:00,Asia/Manila,+08:00,14.80772,120.61361,3271
DEMO VESSEL 013,548000013,8500135,Philippines,Other,Encounter,2025-04-22 04:01:00,Asia/Manila,+08:00,14.41797,120.59735,8800
DEMO VESSEL 014,548000014,8500147,Philippines,Cargo,Fishing event,2025-04-13 00:59:00,Asia/Manila,+08:00,14.39934,120.39254,37126
DEMO VESSEL 003,548000003,8500032,Philippines,Cargo,Fishing event,2025-04-02 00:39:00,Asia/Manila,+08:00,14.6159,120.83638,8162
DEMO VESSEL 015,548000015,8500159,Philippines,Cargo,Encounter,14/04/2025 17:15,Asia/Manila,+08:00,14.52901,120.43842,22530
DEMO VESSEL 007,548000007,8500070,Philippines,Cargo,Fishing event,27/04/2025 20:59,Asia/Manila,+08:00,14.67946,120.84007,39793
DEMO VESSEL 024,548000024,8500240,Philippines,Cargo,Encounter,24/04/2025 20:53,Asia/Manila,+08:00,14.83618,120.68005,1082
DEMO VESSEL 039,548000039,8500393,Philippines,Dredging,Encounter,2025-04-03 02:43:00,Asia/Manila,+08:00,14.88583,120.89361,24162
DEMO VESSEL 031,548000031,8500317,Philippines,Cargo,Loitering,2025-04-25 03:32:00,Asia/Manila,+08:00,14.38473,120.81156,19135
DEMO VESSEL 010,548000010,8500109,Belize,Other,Fishing event,2025-04-13 21:03:00,UTC,+00:00,14.81953,120.38283,12983
DEMO VESSEL 031,548000031,8500317,Philippines,Cargo,Encounter,08/04/2025 10:03,Asia/Manila,+08:00,14.51078,120.53605,21775
DEMOVESSEL001,548000001,8500018,Philippines,Dredging,Encounter,2025-04-27 02:17:00,UTC,+00:00,14.5253,120.6662,12217
DEMO VESSEL 025,548000025,8500252,Philippines,Dredging,Encounter,2025-04-12 18:48:00,Asia/Manila,+08:00,14.28932,120.60344,33133
DEMO VESSEL 017,548000017,8500173,Philippines,Other,Loitering,27/04/2025 09:49,Asia/Manila,+08:00,14.81209,120.86233,36005
DEMO VESSEL 011,548000011,8500111,Philippines,Other,Port visit,2025-04-20 06:19:00,Asia/Manila,+08:00,14.48017,120.31153,23025
DEMO VESSEL 010,548000010,8500109,Belize,Other,Port visit,2025-04-19 11:25:00,Asia/Manila,+08:00,14.48121,120.79751,1955
DEMO VESSEL 017,548000017,8500173,Philippines,Other,Encounter,2025-04-25 13:32:00,Asia/Manila,+08:00,14.43359,120.63501,14024
DEMO VESSEL 020,548000020,8500202,Philippines,Other,Loitering,2025-04-01 19:39:00,UTC,+00:00,14.88475,120.65982,32769
DEMO VESSEL 028,548000028,8500288,Philippines,Other,Fishing event,2025-04-14 13:19:00,Asia/Manila,+08:00,14.62633,120.55038,14082
DEMO VESSEL 032,548000032,8500329,Philippines,Cargo,Port visit,2025-04-09 11:38:00,UTC,+00:00,14.63517,120.65033,4096
DEMO VESSEL 029,548000029,8500290,Philippines,Other,Encounter,2025-04-18 05:16:00,Asia/Manila,+08:00,14.60899,120.38288,13496
DEMO VESSEL 001,548000001,8500018,Philippines,Dredging,Port visit,2025-04-26 06:09:00,Asia/Manila,+08:00,14.88876,120.66676,25464
DEMO VESSEL 005,548000005,1234568,Sierra Leone,Dredging,Loitering,2025-04-09 06:11:00,Asia/Manila,+08:00,14.50772,120.35545,11472
DEMO VESSEL 019,548000019,8500197,Philippines,Cargo,Fishing event,2025-04-20 08:10:00,Asia/Manila,+08:00,14.58175,120.82518,24965
DEMO VESSEL 035,548000035,8500355,Philippines,Other,Fishing event,2025-04-15 09:06:00,Asia/Manila,+08:00,14.7817,120.40844,7437
DEMO VESSEL 032,548000032,8500329,Philippines,Cargo,Loitering,2025-04-08 08:05:00,Asia/Manila,+08:00,14.2693,120.77197,3630
DEMO VESSEL 007,548000007,8500070,Philippines,Cargo,Loitering,2025-04-26 16:51:00,Asia/Manila,+08:00,14.36976,120.76934,8872
DEMO VESSEL 034,548000034,8500343,Belize,Cargo,Loitering,22/04/2025 20:36,Asia/Manila,+08:00,14.6978,120.43305,34593
DEMO VESSEL 034,548000034,8500343,Belize,Cargo,Encounter,2025-04-24 09:26:00,Asia/Manila,+08:00,14.70759,120.84486,9382
DEMO VESSEL 007,548000007,8500070,Philippines,Cargo,Loitering,2025-04-07 09:29:00,Asia/Manila,+08:00,14.4846,120.69361,38274
DEMO VESSEL 040,548000040,8500408,Philippines,Other,Encounter,21/04/2025 18:12,Asia/Manila,+08:00,14.75553,120.56116,27987
DEMO VESSEL 017,548000017,8500173,Philippines,Other,Encounter,2025-04-21 03:17:00,UTC,+00:00,14.87556,120.76894,23942
DEMO VESSEL 038,548000038,8500381,Philippines,Dredging,Loitering,10/04/2025 17:48,Asia/Manila,+08:00,14.33285,120.61511,30294
DEMO VESSEL 039,548000039,8500393,Philippines,Dredging,Port visit,2025-04-06 12:04:00,Asia/Manila,+08:00,14.7242,120.8957,32827
DEMOVESSEL039,548000039,8500393,Philippines,Dredging,Fishing event,07/04/2025 12:09,Asia/Manila,+08:00,14.55587,120.64347,39303
DEMO VESSEL 030,548000030,8500305,Philippines,Cargo,Port visit,2025-04-10 00:57:00,Asia/Manila,+08:00,14.62328,120.74248,31413
DEMO VESSEL 040,548000040,8500408,Philippines,Other,Encounter,2025-04-27 01:30:00,UTC,+00:00,14.71707,120.30053,15573
DEMO VESSEL 019,548000019,8500197,Philippines,Cargo,Port visit,2025-04-19 20:50:00,Asia/Manila,+08:00,14.79511,120.5885,29440
DEMO VESSEL 025,548000025,8500252,Philippines,Dredging,Fishing event,2025-04-18 11:20:00,Asia/Manila,+08:00,14.63911,120.41331,2786
DEMO VESSEL 036,548000036,8500367,Sierra Leone,Cargo,Port visit,09/03/2025 01:07,Asia/Manila,+08:00,14.32091,120.41534,23722
DEMO VESSEL 025,548000025,8500252,Philippines,Dredging,Fishing event,2025-04-17 14:50:00,UTC,+00:00,14.50277,120.88257,34694
DEMO VESSEL 038,548000038,8500381,Philippines,Dredging,Encounter,2025-04-21 14:23:00,Asia/Manila,+08:00,14.89132,120.7395,3011
DEMOVESSEL033,548000033,8500331,Philippines,Cargo,Encounter,06/04/2025 03:56,Asia/Manila,+08:00,14.61816,120.52981,327
DEMO VESSEL 007,667000007,8500070,Sierra Leone,Cargo,Fishing event,2025-04-08 19:00:00,Asia/Manila,+08:00,14.48035,120.52033,15095
DEMO VESSEL 003 ,548000003,8500032,Philippines,Cargo,Loitering,04/04/2025 15:15,Asia/Manila,+08:00,14.77514,120.61181,6569
DEMO VESSEL 016,548000016,8500161,Philippines,Dredging,Encounter,2025-04-05 06:20:00,UTC,+00:00,14.54305,120.45263,10199
DEMO VESSEL 010,548000010,8500109,Belize,Other,Port visit,2025-04-13 17:35:00,Asia/Manila,+08:00,14.39481,120.43193,26616
DEMO VESSEL 035,548000035,8500355,Philippines,Other,Encounter,2025-04-01 01:17:00,Asia/Manila,+08:00,14.80083,120.73119,29223
DEMO VESSEL 028,548000028,8500288,Philippines,Other,Fishing event,2025-04-16 11:37:00,Asia/Manila,+08:00,14.45699,120.63123,33206
DEMO VESSEL 013,548000013,8500135,Philippines,Other,Fishing event,08/04/2025 07:56,Asia/Manila,+08:00,14.85299,120.39878,6344
DEMO VESSEL 010,548000010,8500109,Belize,Other,Fishing event,2025-04-25 23:26:00,Asia/Manila,+08:00,14.3371,120.60729,1724
DEMO VESSEL 025,548000025,8500252,Philippines,Dredging,Fishing event,2025-04-25 06:55:00,Asia/Manila,+08:00,14.64049,120.53668,4229
demo vessel 019,548000019,8500197,Philippines,Cargo,Encounter,25/04/2025 20:35,Asia/Manila,+08:00,14.80656,120.50559,37095
DEMO VESSEL 037,548000037,8500379,Belize,Cargo,Encounter,02/04/2025 06:01,Asia/Manila,+08:00,14.46808,120.8858,1185
DEMO VESSEL 023,548000023,8500238,Belize,Cargo,Loitering,07/04/2025 07:04,UTC,+00:00,14.4609,120.46104,37456
DEMO VESSEL 017,548000017,8500173,Philippines,Other,Encounter,2025-04-25 12:31:00,Asia/Manila,+08:00,14.87928,120.34321,8513
AIS TEST SHIP,100900301,,,,Port visit,2025-04-08 00:59:00,Asia/Manila,+08:00,14.53793,120.76468,9436
DEMO VESSEL 005,548000005,1234568,Sierra Leone,Dredging,Encounter,22/04/2025 02:47,Asia/Manila,+08:00,14.39761,120.66901,21836
DEMO VESSEL 033,548000033,8500331,Philippines,Cargo,Loitering,13/04/2025 15:15,UTC,+00:00,14.50486,120.64769,2672
DEMOVESSEL003,548000003,8500032,Philippines,Cargo,Loitering,2025-04-12 21:25:00,UTC,+00:00,14.88271,120.82385,9400
DEMO VESSEL 006,548000006,64,Philippines,Dredging,Port visit,2025-04-08 14:09:00,Asia/Manila,+08:00,14.24112,120.82508,10086
DEMO VESSEL 002,548000002,8500020,Philippines,Cargo,Loitering,2025-04-25 15:14:00,Asia/Manila,+08:00,14.36381,120.70115,31080
DEMO VESSEL 033,548000033,8500331,Philippines,Cargo,Loitering,04/04/2025 05:07,Asia/Manila,+08:00,14.58943,120.61063,34268
DEMO VESSEL 003,548000003,8500032,Philippines,Cargo,Fishing event,2025-04-12 14:09:00,Asia/Manila,+08:00,14.67971,120.48017,13640
DEMO VESSEL 037,548000037,8500379,Belize,Cargo,Encounter,2025-04-18 17:39:00,Asia/Manila,+08:00,14.65341,120.83139,5491
DEMO VESSEL 024,548000024,8500240,Philippines,Cargo,Encounter,2025-04-25 14:45:00,Asia/Manila,+08:00,14.36521,120.87633,28350
DEMO VESSEL 032,548000032,8500329,Philippines,Cargo,Fishing event,2025-04-12 12:24:00,Asia/Manila,+08:00,14.33519,120.73761,31663
DEMO VESSEL 027,548000027,8500276,Philippines,Cargo,Port visit,2025-04-22 02:44:00,UTC,+00:00,14.2515,120.5443,7871
DEMO VESSEL 039,548000039,8500393,Philippines,Dredging,Loitering,26/04/2025 14:24,Asia/Manila,+08:00,14.70533,120.34683,3362
DEMO VESSEL 018,548000018,8500185,Philippines,Cargo,Port visit,2025-04-16 14:55:00,Asia/Manila,+08:00,14.66216,120.57504,21362
DEMO VESSEL 036,548000036,8500367,Sierra Leone,Cargo,Encounter,2025-04-22 06:29:00,UTC,+00:00,14.25371,120.61686,16395
DEMO VESSEL 029,548000029,8500290,Philippines,Other,Loitering,2025-04-13 07:57:00,Asia/Manila,+08:00,14.82604,120.40992,18842
DEMO VESSEL 026,548000026,8500264,Philippines,Cargo,Encounter,2025-04-04 04:55:00,UTC,+00:00,14.85662,120.71681,29345
DEMO VESSEL 035,548000035,8500355,Philippines,Other,Encounter,09/04/2025 22:16,UTC,+00:00,14.54074,120.85534,11033
DEMO VESSEL 040,548000040,8500408,Philippines,Other,Fishing event,04/04/2025 23:02,Asia/Manila,+08:00,14.46832,120.83857,33160
DEMO VESSEL 004,548000004,,Philippines,Dredging,Loitering,2025-04-19 16:36:00,UTC,+00:00,14.28487,120.82709,21070
DEMO VESSEL 019,548000019,8500197,Philippines,Cargo,Port visit,2025-04-21 14:23:00,Asia/Manila,+08:00,14.58225,120.77121,10727
DEMO VESSEL 007,548000007,8500070,Philippines,Cargo,Loitering,01/04/2025 04:59,UTC,+00:00,14.84064,120.32835,26730
DEMO VESSEL 005,548000005,1234568,Sierra Leone,Dredging,Encounter,2025-04-19 08:19:00,Asia/Manila,+08:00,14.23418,120.644,12470
DEMO VESSEL 037,548000037,8500379,Belize,Cargo,Loitering,2025-04-06 01:32:00,Asia/Manila,+08:00,14.41323,120.61196,38266
DEMO VESSEL 010,548000010,8500109,Belize,Other,Encounter,2025-04-22 03:27:00,Asia/Manila,+08:00,14.32449,120.7556,37679
DEMO VESSEL 017,548000017,8500173,Philippines,Other,Port visit,15/04/2025 17:09,UTC,+00:00,14.71531,120.67778,3649
DEMO VESSEL 034,548000034,8500343,Belize,Cargo,Port visit,07/04/2025 12:52,Asia/Manila,+08:00,14.20129,120.55515,23982
DEMO VESSEL 017,548000017,8500173,Philippines,Other,Port visit,2025-04-11 13:33:00,Asia/Manila,+08:00,14.85298,120.59926,18936
DEMO VESSEL 032,548000032,8500329,Philippines,Cargo,Loitering,2025-04-11 06:22:00,Asia/Manila,+08:00,14.3174,120.44767,23095
DEMO VESSEL 027,548000027,8500276,Philippines,Cargo,Loitering,2025-04-09 11:16:00,Asia/Manila,+08:00,14.73065,120.42333,34174
DEMO VESSEL 020,548000020,8500202,Philippines,Other,Loitering,2025-04-17 06:46:00,Asia/Manila,+08:00,14.77326,120.63235,34510
DEMO VESSEL 003,548000003,8500032,Philippines,Cargo,Loitering,2025-04-08 09:42:00,Asia/Manila,+08:00,14.45806,120.30663,10591
DEMO VESSEL 034,548000034,8500343,Belize,Cargo,Fishing event,2025-04-24 13:06:00,Asia/Manila,+08:00,14.50728,120.44493,10025
DEMO VESSEL 020,548000020,8500202,Philippines,Other,Encounter,2025-04-20 17:31:00,Asia/Manila,+08:00,14.74817,120.47211,39412
DEMO VESSEL 013,548000013,8500135,Philippines,Other,Encounter,24/04/2025 02:27,UTC,+00:00,14.42794,120.6745,3029
DEMO VESSEL 005,548000005,1234568,Sierra Leone,Dredging,Port visit,2025-04-23 16:10:00,Asia/Manila,+08:00,14.67628,120.68094,35743
DEMO VESSEL 023,548000023,8500238,Belize,Cargo,Port visit,2025-04-15 09:30:00,UTC,+00:00,14.70524,120.76931,20296
DEMO VESSEL 030,548000030,8500305,Philippines,Cargo,Port visit,2025-04-20 18:49:00,UTC,+00:00,14.37129,120.43224,29455
DEMO VESSEL 028,548000028,8500288,Philippines,Other,Loitering,2025-04-25 16:43:00,Asia/Manila,+08:00,14.50757,120.50884,30250
DEMO VESSEL 010,548000010,8500109,Belize,Other,Fishing event,2025-04-10 14:08:00,Asia/Manila,+08:00,14.81789,120.87439,37288
DEMO VESSEL 005 ,548000005,1234568,Sierra Leone,Dredging,Loitering,2025-04-20 05:53:00,Asia/Manila,+08:00,14.85018,120.7372,37917
DEMO VESSEL 037,548000037,8500379,Belize,Cargo,Port visit,2025-04-08 08:02:00,Asia/Manila,+08:00,14.59442,120.64742,27887
DEMO VESSEL 025,548000025,8500252,Philippines,Dredging,Fishing event,14/04/2025 07:16,UTC,+00:00,14.64135,120.86149,17187
DEMO VESSEL 029,548000029,8500290,Philippines,Other,Encounter,2025-04-21 06:16:00,Asia/Manila,+08:00,14.34749,120.68697,13348
DEMO VESSEL 025,548000025,8500252,Philippines,Dredging,Encounter,04/04/2025 14:12,Asia/Manila,+08:00,14.50327,120.51055,5559
DEMO VESSEL 022,548000022,8500226,Sierra Leone,Dredging,Fishing event,2025-04-27 23:40:00,UTC,+00:00,14.40162,120.37885,2521
DEMO VESSEL 010,548000010,8500109,Belize,Other,Encounter,2025-04-25 15:39:00,Asia/Manila,+08:00,14.75824,120.73493,38055
DEMO VESSEL 038,548000038,8500381,Philippines,Dredging,Encounter,2025-04-21 12:42:00,Asia/Manila,+08:00,14.48143,120.33722,11238
DEMO VESSEL 030,548000030,8500305,Philippines,Cargo,Encounter,2025-04-26 12:14:00,UTC,+00:00,14.46778,120.65671,16014
DEMO VESSEL 014,548000014,8500147,Philippines,Cargo,Loitering,21/04/2025 22:13,Asia/Manila,+08:00,14.31056,120.75501,28389
DEMO VESSEL 036 ,548000036,8500367,Sierra Leone,Cargo,Loitering,2025-04-07 17:14:00,Asia/Manila,+08:00,14.40361,120.66422,7568
DEMO VESSEL 014,548000014,8500147,Philippines,Cargo,Loitering,27/04/2025 17:00,UTC,+00:00,14.67082,120.73192,9392
DEMO VESSEL 005,548000005,1234568,Sierra Leone,Dredging,Loitering,2025-04-10 13:05:00,Asia/Manila,+08:00,14.32591,120.39045,2582
DEMO VESSEL 023 ,548000023,8500238,Belize,Cargo,Fishing event,2025-04-07 04:02:00,Asia/Manila,+08:00,14.26622,120.60444,34715
demo vessel 039,548000039,8500393,Philippines,Dredging,Port visit,2025-04-14 02:29:00,Asia/Manila,+08:00,14.77502,120.72644,21381
DEMO VESSEL 019,548000019,8500197,Philippines,Cargo,Port visit,14/04/2025 14:44,Asia/Manila,+08:00,14.25721,120.36028,15145
DEMO VESSEL 032,548000032,8500329,Philippines,Cargo,Port visit,2025-04-27 23:08:00,Asia/Manila,+08:00,14.83496,120.40051,16252
DEMO VESSEL 040,548000040,8500408,Philippines,Other,Encounter,05/04/2025 02:34,Asia/Manila,+08:00,14.49432,120.36731,27073
DEMO VESSEL 034,548000034,8500343,Belize,Cargo,Loitering,2025-04-07 03:12:00,UTC,+00:00,14.68204,120.60252,23366
DEMO VESSEL 010,548000010,8500109,Belize,Other,Fishing event,2025-04-04 17:04:00,Asia/Manila,+08:00,14.45955,120.70778,29692
DEMO VESSEL 006,548000006,64,Philippines,Dredging,Port visit,18/04/2025 17:09,Asia/Manila,+08:00,14.42757,120.51822,21284
DEMO VESSEL 027,548000027,8500276,Philippines,Cargo,Port visit,2025-04-13 17:21:00,Asia/Manila,+08:00,14.80157,120.7133,24930
DEMO VESSEL 015,548000015,8500159,Philippines,Cargo,Port visit,20/04/2025 07:15,Asia/Manila,+08:00,14.7341,120.50174,24445
DEMOVESSEL006,548000006,64,Philippines,Dredging,Encounter,2025-04-24 22:40:00,Asia/Manila,+08:00,14.72434,120.44483,36516
DEMO VESSEL 020,548000020,8500202,Philippines,Other,Encounter,2025-04-03 21:00:00,UTC,+00:00,14.39701,120.56135,31422
DEMO VESSEL 016,548000016,8500161,Philippines,Dredging,Port visit,2025-04-07 09:02:00,Asia/Manila,+08:00,14.34832,120.6177,26954
DEMO VESSEL 007,667000007,8500070,Sierra Leone,Cargo,Loitering,2025-04-25 18:08:00,UTC,+00:00,14.48451,120.39162,831
DEMO VESSEL 005,548000005,1234568,Sierra Leone,Dredging,Loitering,2025-04-14 17:17:00,UTC,+00:00,14.69202,120.60396,24727
DEMO VESSEL 037,548000037,8500379,Belize,Cargo,Port visit,2025-04-21 14:02:00,Asia/Manila,+08:00,14.48558,120.40501,24148
DEMO VESSEL 007,548000007,8500070,Philippines,Cargo,Encounter,22/04/2025 22:04,Asia/Manila,+08:00,14.22961,120.66634,39486
DEMO VESSEL 034,548000034,8500343,Belize,Cargo,Fishing event,2025-04-20 06:48:00,Asia/Manila,+08:00,14.55762,120.85597,19824
DEMO VESSEL 033,548000033,8500331,Philippines,Cargo,Fishing event,2025-04-27 22:20:00,UTC,+00:00,14.58059,120.6545,2461
DEMOVESSEL021,548000021,8500214,Belize,Dredging,Port visit,05/04/2025 05:06,UTC,+00:00,14.58646,120.76888,5784
DEMO VESSEL 007,548000007,8500070,Philippines,Cargo,Encounter,2025-04-27 04:44:00,UTC,+00:00,14.24031,120.4596,38921
demo vessel 038,548000038,8500381,Philippines,Dredging,Port visit,2025-04-04 12:07:00,Asia/Manila,+08:00,14.89516,120.79875,10844
DEMO VESSEL 007,667000007,8500070,Sierra Leone,Cargo,Fishing event,11/04/2025 17:35,Asia/Manila,+08:00,14.48717,120.67388,32548
DEMO VESSEL 030,548000030,8500305,Philippines,Cargo,Port visit,14/04/2025 01:52,Asia/Manila,+08:00,14.40626,120.45525,8170
DEMO VESSEL 032,548000032,8500329,Philippines,Cargo,Loitering,26/04/2025 18:49,Asia/Manila,+08:00,14.26306,120.6894,9659
DEMO VESSEL 009,548000009,8500094,Belize,Cargo,Port visit,06/04/2025 09:05,UTC,+00:00,14.71547,120.34138,38512
DEMO VESSEL 012,548000012,8500123,Philippines,Dredging,Loitering,2025-04-14 23:50:00,Asia/Manila,+08:00,14.84479,120.34194,9219
DEMO VESSEL 007,667000007,8500070,Sierra Leone,Cargo,Loitering,2025-04-19 22:01:00,Asia/Manila,+08:00,14.70583,120.50171,23464
DEMOVESSEL031,548000031,8500317,Philippines,Cargo,Encounter,2025-04-11 14:50:00,Asia/Manila,+08:00,14.5571,120.47597,17709
DEMO VESSEL 040,548000040,8500408,Philippines,Other,Loitering,08/04/2025 20:24,Asia/Manila,+08:00,14.39842,120.67538,28111
DEMO VESSEL 038,548000038,8500381,Philippines,Dredging,Fishing event,2025-04-09 12:28:00,Asia/Manila,+08:00,14.38856,120.60416,39330
DEMO VESSEL 007,548000007,8500070,Philippines,Cargo,Encounter,2025-04-02 18:21:00,UTC,+00:00,14.70607,120.73413,6837
DEMO VESSEL 019,548000019,8500197,Philippines,Cargo,Fishing event,2025-04-02 22:37:00,UTC,+00:00,14.80687,120.75459,10566
DEMO VESSEL 002,548000002,8500020,Philippines,Cargo,Port visit,19/04/2025 04:27,Asia/Manila,+08:00,14.4305,120.62534,9351
DEMO VESSEL 031,548000031,8500317,Philippines,Cargo,Port visit,2025-04-10 11:50:00,Asia/Manila,+08:00,14.34414,120.60772,33329
DEMO VESSEL 021,548000021,8500214,Belize,Dredging,Port visit,05/04/2025 22:10,Asia/Manila,+08:00,14.8706,120.45132,26038
DEMO VESSEL 005,548000005,1234568,Sierra Leone,Dredging,Loitering,12/04/2025 18:43,UTC,+00:00,14.7028,120.32392,37874
DEMO VESSEL 022,548000022,8500226,Sierra Leone,Dredging,Encounter,11/04/2025 04:54,UTC,+00:00,14.75107,120.74066,29627
DEMO VESSEL 033,548000033,8500331,Philippines,Cargo,Fishing event,2025-04-16 07:47:00,Asia/Manila,+08:00,14.28201,120.81699,33181
AIS TEST SHIP,100900301,,,,Encounter,04/04/2025 10:29,Asia/Manila,+08:00,14.4507,120.8811,16855
DEMO VESSEL 025,548000025,8500252,Philippines,Dredging,Port visit,22/04/2025 22:55,Asia/Manila,+08:00,14.60398,120.33704,10659
DEMO VESSEL 003,548000003,8500032,Philippines,Cargo,Encounter,2025-04-03 15:37:00,UTC,+00:00,14.50511,120.4297,9239
DEMO VESSEL 017,548000017,8500173,Philippines,Other,Loitering,2025-04-17 21:54:00,Asia/Manila,+08:00,14.43349,120.30672,22408
DEMO VESSEL 019,548000019,8500197,Philippines,Cargo,Port visit,2025-04-20 14:56:00,Asia/Manila,+08:00,14.82089,120.79216,8214
DEMO VESSEL 024,548000024,8500240,Philippines,Cargo,Fishing event,2025-04-17 14:51:00,Asia/Manila,+08:00,14.57608,120.84132,18319
DEMO VESSEL 036,548000036,8500367,Sierra Leone,Cargo,Loitering,2025-04-19 10:43:00,Asia/Manila,+08:00,14.51852,120.76416,33214
DEMO VESSEL 003,548000003,8500032,Philippines,Cargo,Encounter,17/04/2025 07:26,Asia/Manila,+08:00,14.42,120.57954,19192
DEMO VESSEL 005,548000005,1234568,Sierra Leone,Dredging,Encounter,12/04/2025 17:12,Asia/Manila,+08:00,14.47687,120.73069,22025
DEMO VESSEL 007,667000007,8500070,Sierra Leone,Cargo,Fishing event,2025-04-07 07:04:00,UTC,+00:00,14.45647,120.76816,21072
DEMO VESSEL 007,548000007,8500070,Philippines,Cargo,Loitering,2025-04-01 07:12:00,Asia/Manila,+08:00,14.50868,120.74044,24233
DEMO VESSEL 018,548000018,8500185,Philippines,Cargo,Encounter,25/04/2025 05:38,Asia/Manila,+08:00,14.2816,120.86459,34342
DEMO VESSEL 031,548000031,8500317,Philippines,Cargo,Loitering,2025-04-18 07:19:00,Asia/Manila,+08:00,14.24915,120.3605,3855
DEMO VESSEL 009,548000009,8500094,Belize,Cargo,Port visit,2025-04-18 18:44:00,UTC,+00:00,14.64365,120.75952,10398
DEMO VESSEL 008,548000008,8500082,Belize,Dredging,Encounter,2025-04-07 13:07:00,Asia/Manila,+08:00,14.75479,120.45539,9292
DEMO VESSEL 029,548000029,8500290,Philippines,Other,Encounter,2025-04-24 12:55:00,Asia/Manila,+08:00,14.34879,120.72331,4242
DEMO VESSEL 038,548000038,8500381,Philippines,Dredging,Loitering,2025-04-21 04:07:00,Asia/Manila,+08:00,14.71564,120.49135,39195
DEMO VESSEL 009,548000009,8500094,Belize,Cargo,Encounter,2025-04-18 11:03:00,Asia/Manila,+08:00,14.22419,120.66862,9165
DEMO VESSEL 013,548000013,8500135,Philippines,Other,Encounter,18/04/2025 00:51,Asia/Manila,+08:00,14.45088,120.66653,18512
DEMO VESSEL 036,548000036,8500367,Sierra Leone,Cargo,Encounter,01/04/2025 00:39,Asia/Manila,+08:00,14.64455,120.6856,20369
DEMO VESSEL 040,548000040,8500408,Philippines,Other,Fishing event,2025-04-03 15:17:00,Asia/Manila,+08:00,14.6836,120.63226,19667
DEMO VESSEL 030,548000030,8500305,Philippines,Cargo,Loitering,2025-04-15 16:45:00,Asia/Manila,+08:00,14.83992,120.72377,24815
DEMO VESSEL 032,548000032,8500329,Philippines,Cargo,Fishing event,2025-04-04 13:17:00,Asia/Manila,+08:00,14.68869,120.57049,17818
DEMO VESSEL 025,548000025,8500252,Philippines,Dredging,Encounter,2025-04-09 05:33:00,Asia/Manila,+08:00,14.38588,120.53821,26129
DEMO VESSEL 038,548000038,8500381,Philippines,Dredging,Encounter,08/04/2025 00:52,Asia/Manila,+08:00,14.31819,120.3147,8921
DEMO VESSEL 012,548000012,8500123,Philippines,Dredging,Fishing event,06/04/2025 03:38,Asia/Manila,+08:00,14.77699,120.55236,2256
DEMO VESSEL 037,548000037,8500379,Belize,Cargo,Fishing event,2025-04-15 11:13:00,Asia/Manila,+08:00,14.52599,120.77967,23507
DEMO VESSEL 020,548000020,8500202,Philippines,Other,Fishing event,2025-04-23 13:12:00,Asia/Manila,+08:00,14.71422,120.578,30001
DEMO VESSEL 025,548000025,8500252,Philippines,Dredging,Fishing event,2025-04-21 05:58:00,UTC,+00:00,14.3824,120.70942,31360
demo vessel 033,548000033,8500331,Philippines,Cargo,Loitering,2025-04-16 16:23:00,Asia/Manila,+08:00,14.27697,120.43038,32925
DEMO VESSEL 027,548000027,8500276,Philippines,Cargo,Fishing event,2025-04-27 23:55:00,Asia/Manila,+08:00,14.76925,120.38296,9236
DEMO VESSEL 003,548000003,8500032,Philippines,Cargo,Loitering,06/04/2025 14:40,Asia/Manila,+08:00,14.73672,120.54377,31173
DEMO VESSEL 030,548000030,8500305,Philippines,Cargo,Fishing event,2025-04-21 07:29:00,Asia/Manila,+08:00,14.26344,120.68205,15284
DEMO VESSEL 007,548000007,8500070,Philippines,Cargo,Encounter,19/04/2025 17:14,Asia/Manila,+08:00,14.85166,120.60203,15232
DEMO VESSEL 020,548000020,8500202,Philippines,Other,Encounter,2025-04-01 20:35:00,Asia/Manila,+08:00,14.56201,120.86496,33800
DEMO VESSEL 003,548000003,8500032,Philippines,Cargo,Fishing event,24/03/2025 02:08,Asia/Manila,+08:00,14.79884,120.8286,35226
DEMO VESSEL 009 ,548000009,8500094,Belize,Cargo,Port visit,2025-04-11 07:08:00,Asia/Manila,+08:00,14.54041,120.62349,25108
DEMO VESSEL 014,548000014,8500147,Philippines,Cargo,Loitering,17/04/2025 23:13,Asia/Manila,+08:00,14.35634,120.56035,21274
DEMO VESSEL 010,548000010,8500109,Belize,Other,Port visit,2025-04-22 19:58:00,Asia/Manila,+08:00,14.79543,120.89951,21412
DEMO VESSEL 006,548000006,64,Philippines,Dredging,Encounter,2025-04-20 20:53:00,Asia/Manila,+08:00,14.65323,120.59817,37536
DEMO VESSEL 019,548000019,8500197,Philippines,Cargo,Fishing event,2025-04-17 22:16:00,Asia/Manila,+08:00,14.24922,120.68021,3209
DEMO VESSEL 008,548000008,8500082,Belize,Dredging,Loitering,2025-04-23 03:24:00,Asia/Manila,+08:00,14.77199,120.36978,31093
DEMO VESSEL 001,548000001,8500018,Philippines,Dredging,Encounter,20/04/2025 16:47,Asia/Manila,+08:00,14.39337,120.774,468
DEMO VESSEL 001,548000001,8500018,Philippines,Dredging,Loitering,2025-04-01 21:12:00,UTC,+00:00,14.80505,120.88013,35441
DEMO VESSEL 006,548000006,64,Philippines,Dredging,Fishing event,01/04/2025 18:21,Asia/Manila,+08:00,14.60433,120.87185,12126
DEMO VESSEL 033,548000033,8500331,Philippines,Cargo,Encounter,2025-04-20 16:59:00,Asia/Manila,+08:00,14.59405,120.60936,21224
DEMO VESSEL 007,667000007,8500070,Sierra Leone,Cargo,Encounter,2025-04-25 09:34:00,UTC,+00:00,14.24873,120.42064,4587
DEMO VESSEL 018,548000018,8500185,Philippines,Cargo,Fishing event,2025-04-07 15:35:00,Asia/Manila,+08:00,14.54402,120.84371,30306
DEMO VESSEL 028,548000028,8500288,Philippines,Other,Fishing event,06/04/2025 01:19,Asia/Manila,+08:00,14.64925,120.39583,17444
DEMO VESSEL 013,548000013,8500135,Philippines,Other,Loitering,2025-04-20 13:49:00,Asia/Manila,+08:00,14.87096,120.37182,29202
DEMOVESSEL010,548000010,8500109,Belize,Other,Fishing event,14/04/2025 05:15,Asia/Manila,+08:00,14.65864,120.8774,30775
DEMO VESSEL 025,548000025,8500252,Philippines,Dredging,Fishing event,2025-04-21 21:38:00,Asia/Manila,+08:00,14.63598,120.51425,18201
DEMO VESSEL 023,548000023,8500238,Belize,Cargo,Encounter,2025-04-11 17:41:00,Asia/Manila,+08:00,14.39127,120.42509,7735
demo vessel 039,548000039,8500393,Philippines,Dredging,Fishing event,04/04/2025 22:56,Asia/Manila,+08:00,14.72471,120.50656,6022
DEMO VESSEL 031,548000031,8500317,Philippines,Cargo,Fishing event,2025-04-05 13:41:00,UTC,+00:00,14.48355,120.56048,4915
DEMO VESSEL 005,548000005,1234568,Sierra Leone,Dredging,Loitering,2025-04-15 20:51:00,Asia/Manila,+08:00,14.40776,120.87875,27466
DEMO VESSEL 020,548000020,8500202,Philippines,Other,Port visit,2025-04-24 18:09:00,Asia/Manila,+08:00,14.80128,120.5416,31130
DEMO VESSEL 030,548000030,8500305,Philippines,Cargo,Port visit,2025-04-19 06:19:00,Asia/Manila,+08:00,14.36967,120.48727,7551
DEMO VESSEL 007,548000007,8500070,Philippines,Cargo,Encounter,2025-04-02 14:45:00,Asia/Manila,+08:00,14.87814,120.7878,32545
DEMO VESSEL 022,548000022,8500226,Sierra Leone,Dredging,Fishing event,2025-04-12 03:02:00,UTC,+00:00,14.41257,120.47826,32475
DEMO VESSEL 033,548000033,8500331,Philippines,Cargo,Fishing event,2025-04-20 22:18:00,Asia/Manila,+08:00,14.31292,120.62752,12994
DEMO VESSEL 037,548000037,8500379,Belize,Cargo,Loitering,08/04/2025 18:44,Asia/Manila,+08:00,14.21877,120.79254,34977
demo vessel 020,548000020,8500202,Philippines,Other,Loitering,2025-04-26 15:46:00,Asia/Manila,+08:00,14.34319,120.79035,8420
DEMO VESSEL 005,548000005,1234568,Sierra Leone,Dredging,Port visit,2025-04-09 04:56:00,Asia/Manila,+08:00,14.69201,120.34547,10944
DEMOVESSEL007,548000007,8500070,Philippines,Cargo,Port visit,2025-04-20 15:53:00,Asia/Manila,+08:00,14.8415,120.64586,7205
DEMO VESSEL 025,548000025,8500252,Philippines,Dredging,Encounter,2025-04-16 12:16:00,Asia/Manila,+08:00,14.33533,120.44198,21228
DEMO VESSEL 016,548000016,8500161,Philippines,Dredging,Encounter,2025-04-03 21:33:00,Asia/Manila,+08:00,14.22073,120.44663,27949
DEMO VESSEL 009,548000009,8500094,Belize,Cargo,Port visit,2025-04-12 12:48:00,UTC,+00:00,14.55661,120.8902,37854
DEMO VESSEL 029,548000029,8500290,Philippines,Other,Loitering,2025-04-21 00:59:00,Asia/Manila,+08:00,14.78735,120.74341,26528
DEMO VESSEL 012,548000012,8500123,Philippines,Dredging,Port visit,2025-04-07 08:08:00,Asia/Manila,+08:00,14.44847,120.54015,30797
DEMO VESSEL 020,548000020,8500202,Philippines,Other,Port visit,2025-04-02 00:11:00,UTC,+00:00,14.46433,120.7287,11200
DEMO VESSEL 016,548000016,8500161,Philippines,Dredging,Fishing event,2025-04-20 01:24:00,Asia/Manila,+08:00,14.33909,120.78672,13642
DEMO VESSEL 007,548000007,8500070,Philippines,Cargo,Fishing event,2025-04-12 21:36:00,Asia/Manila,+08:00,14.45294,120.3424,1559
DEMO VESSEL 035,548000035,8500355,Philippines,Other,Loitering,2025-04-04 03:35:00,UTC,+00:00,14.7622,120.33715,28711
DEMO VESSEL 005,548000005,1234568,Sierra Leone,Dredging,Loitering,2025-04-07 02:51:00,Asia/Manila,+08:00,14.55611,120.86694,26534
DEMO VESSEL 021,548000021,8500214,Belize,Dredging,Encounter,2025-04-05 21:45:00,Asia/Manila,+08:00,14.77632,120.44463,34216
DEMO VESSEL 037,548000037,8500379,Belize,Cargo,Port visit,2025-04-05 03:00:00,UTC,+00:00,14.51558,120.47885,21180
DEMO VESSEL 037,548000037,8500379,Belize,Cargo,Loitering,10/04/2025 16:50,Asia/Manila,+08:00,14.303,120.72942,1405
DEMO VESSEL 036,548000036,8500367,Sierra Leone,Cargo,Loitering,2025-04-08 22:00:00,Asia/Manila,+08:00,14.32161,120.33586,35848
DEMO VESSEL 015,548000015,8500159,Philippines,Cargo,Fishing event,01/04/2025 16:26,Asia/Manila,+08:00,14.40124,120.54688,34073
DEMO VESSEL 030,548000030,8500305,Philippines,Cargo,Encounter,2025-04-20 23:21:00,Asia/Manila,+08:00,14.70987,120.34429,33482
DEMO VESSEL 018,548000018,8500185,Philippines,Cargo,Fishing event,2025-04-11 19:01:00,UTC,+00:00,14.67714,120.76285,6584
DEMO VESSEL 003,548000003,8500032,Philippines,Cargo,Fishing event,18/04/2025 22:02,Asia/Manila,+08:00,14.30356,120.56906,1933
DEMO VESSEL 020,548000020,8500202,Philippines,Other,Port visit,2025-04-20 19:53:00,UTC,+00:00,14.62213,120.69482,13608
DEMOVESSEL011,548000011,8500111,Philippines,Other,Port visit,2025-04-07 14:16:00,Asia/Manila,+08:00,14.60644,120.85266,16482
DEMO VESSEL 022,548000022,8500226,Sierra Leone,Dredging,Encounter,2025-04-16 20:16:00,Asia/Manila,+08:00,14.53927,120.74707,4006
DEMO VESSEL 007,548000007,8500070,Philippines,Cargo,Fishing event,2025-04-23 01:28:00,UTC,+00:00,14.73922,120.4356,2265
DEMO VESSEL 013,548000013,8500135,Philippines,Other,Port visit,2025-04-16 02:23:00,Asia/Manila,+08:00,14.27798,120.31581,4592
DEMO VESSEL 032,548000032,8500329,Philippines,Cargo,Port visit,02/04/2025 20:27,Asia/Manila,+08:00,14.3907,120.60473,24810
AIS TEST SHIP,100900301,,,,Fishing event,2025-04-15 10:25:00,Asia/Manila,+08:00,14.82559,120.38172,9847
DEMO VESSEL 013,548000013,8500135,Philippines,Other,Port visit,2025-04-04 07:21:00,Asia/Manila,+08:00,14.72164,120.64273,8682
DEMO VESSEL 006,548000006,64,Philippines,Dredging,Fishing event,24/04/2025 05:26,Asia/Manila,+08:00,14.64208,120.72682,7154
DEMO VESSEL 033,548000033,8500331,Philippines,Cargo,Loitering,2025-04-21 19:23:00,Asia/Manila,+08:00,14.66838,120.35924,6638
DEMO VESSEL 021,548000021,8500214,Belize,Dredging,Fishing event,2025-04-24 21:45:00,Asia/Manila,+08:00,14.30048,120.64869,8212
DEMO VESSEL 022,548000022,8500226,Sierra Leone,Dredging,Fishing event,2025-04-12 11:58:00,Asia/Manila,+08:00,14.88832,120.34082,17506
DEMO VESSEL 004,548000004,,Philippines,Dredging,Encounter,2025-04-12 00:13:00,Asia/Manila,+08:00,14.53175,120.38016,9432
DEMO VESSEL 028,548000028,8500288,Philippines,Other,Encounter,20/04/2025 22:31,UTC,+00:00,14.29984,120.51031,18758
DEMO VESSEL 006,548000006,64,Philippines,Dredging,Fishing event,2025-04-22 15:30:00,UTC,+00:00,14.32069,120.63182,9875
AIS TEST SHIP,100900301,,,,Port visit,21/04/2025 14:01,Asia/Manila,+08:00,14.73897,120.76908,22459
DEMO VESSEL 030,548000030,8500305,Philippines,Cargo,Port visit,19/04/2025 15:13,Asia/Manila,+08:00,14.74406,120.76773,14089
DEMO VESSEL 006,548000006,64,Philippines,Dredging,Port visit,2025-04-10 17:52:00,UTC,+00:00,14.80106,120.33295,17226
DEMO VESSEL 006,548000006,64,Philippines,Dredging,Loitering,01/04/2025 12:49,Asia/Manila,+08:00,14.23071,120.40961,15290
DEMO VESSEL 018,548000018,8500185,Philippines,Cargo,Loitering,2025-04-13 20:41:00,Asia/Manila,+08:00,14.79199,120.60725,39808
DEMO VESSEL 006,548000006,64,Philippines,Dredging,Port visit,2025-04-09 03:00:00,Asia/Manila,+08:00,14.50464,120.81654,6877
DEMO VESSEL 032,548000032,8500329,Philippines,Cargo,Port visit,2025-04-27 19:35:00,Asia/Manila,+08:00,14.25864,120.55555,19834
DEMO VESSEL 001,548000001,8500018,Philippines,Dredging,Port visit,21/04/2025 02:49,Asia/Manila,+08:00,14.86473,120.41962,31335
DEMO VESSEL 018 ,548000018,8500185,Philippines,Cargo,Port visit,04/04/2025 15:29,UTC,+00:00,14.69574,120.46405,20060
AIS TEST SHIP,100900301,,,,Port visit,2025-04-13 13:06:00,Asia/Manila,+08:00,14.30104,120.60266,28007
DEMO VESSEL 004,548000004,,Philippines,Dredging,Fishing event,2025-04-08 02:37:00,Asia/Manila,+08:00,14.72323,120.833,16678
DEMO VESSEL 036,548000036,8500367,Sierra Leone,Cargo,Fishing event,2025-04-03 11:47:00,Asia/Manila,+08:00,14.50387,120.71201,30851
DEMO VESSEL 011,548000011,8500111,Philippines,Other,Port visit,04/04/2025 14:13,Asia/Manila,+08:00,14.68613,120.39286,13150
DEMO VESSEL 017,548000017,8500173,Philippines,Other,Fishing event,25/04/2025 06:24,UTC,+00:00,14.70878,120.35271,18455
DEMO VESSEL 032,548000032,8500329,Philippines,Cargo,Fishing event,2025-04-07 22:28:00,Asia/Manila,+08:00,14.82923,120.71031,4289
DEMO VESSEL 032,548000032,8500329,Philippines,Cargo,Fishing event,08/04/2025 15:17,UTC,+00:00,14.89329,120.54117,31116
DEMO VESSEL 006,548000006,64,Philippines,Dredging,Encounter,24/04/2025 22:08,Asia/Manila,+08:00,14.77552,120.70947,38094
DEMO VESSEL 036,548000036,8500367,Sierra Leone,Cargo,Encounter,21/04/2025 09:48,Asia/Manila,+08:00,14.85578,120.76436,27677
DEMO VESSEL 030,548000030,8500305,Philippines,Cargo,Encounter,08/03/2025 21:18,Asia/Manila,+08:00,14.5013,120.67542,28560
DEMO VESSEL 016,548000016,8500161,Philippines,Dredging,Fishing event,16/04/2025 06:33,Asia/Manila,+08:00,14.74224,120.88566,37278
DEMO VESSEL 016,548000016,8500161,Philippines,Dredging,Fishing event,14/04/2025 03:47,Asia/Manila,+08:00,14.5778,120.38923,26739
DEMO VESSEL 029,548000029,8500290,Philippines,Other,Loitering,2025-04-25 00:44:00,Asia/Manila,+08:00,14.49797,120.7293,38695
DEMO VESSEL 018,548000018,8500185,Philippines,Cargo,Fishing event,2025-04-22 12:30:00,Asia/Manila,+08:00,14.51799,120.75699,15659
DEMO VESSEL 028,548000028,8500288,Philippines,Other,Loitering,17/04/2025 16:42,Asia/Manila,+08:00,14.3158,120.56793,33011
AIS TEST SHIP,100900301,,,,Encounter,2025-04-22 00:58:00,Asia/Manila,+08:00,14.61863,120.50334,19693
DEMO VESSEL 040,548000040,8500408,Philippines,Other,Fishing event,14/04/2025 15:01,Asia/Manila,+08:00,14.86603,120.72856,22314
DEMO VESSEL 030,548000030,8500305,Philippines,Cargo,Port visit,2025-04-12 03:47:00,Asia/Manila,+08:00,14.5591,120.33776,23986
DEMO VESSEL 022,548000022,8500226,Sierra Leone,Dredging,Loitering,2025-04-23 08:03:00,Asia/Manila,+08:00,14.52326,120.81874,11086
DEMO VESSEL 016,548000016,8500161,Philippines,Dredging,Loitering,2025-04-24 01:22:00,UTC,+00:00,14.2944,120.61673,34434
DEMOVESSEL022,548000022,8500226,Sierra Leone,Dredging,Loitering,2025-04-15 23:08:00,Asia/Manila,+08:00,14.70679,120.59972,4816
DEMO VESSEL 026,548000026,8500264,Philippines,Cargo,Loitering,01/04/2025 04:45,UTC,+00:00,14.89624,120.36574,34425
DEMO VESSEL 017,548000017,8500173,Philippines,Other,Port visit,2025-04-27 11:32:00,Asia/Manila,+08:00,14.76106,120.40517,2212
DEMO VESSEL 013,548000013,8500135,Philippines,Other,Loitering,2025-04-11 22:16:00,UTC,+00:00,14.68704,120.38645,5763
DEMO VESSEL 009,548000009,8500094,Belize,Cargo,Port visit,2025-04-24 10:44:00,Asia/Manila,+08:00,14.60901,120.42931,5080
DEMO VESSEL 033,548000033,8500331,Philippines,Cargo,Loitering,25/04/2025 09:25,Asia/Manila,+08:00,14.67343,120.62699,1882
DEMO VESSEL 019,548000019,8500197,Philippines,Cargo,Encounter,20/04/2025 19:35,UTC,+00:00,14.34682,120.87363,34997
DEMO VESSEL 040,548000040,8500408,Philippines,Other,Loitering,2025-04-19 03:21:00,Asia/Manila,+08:00,14.48594,120.51153,20300
DEMO VESSEL 022,548000022,8500226,Sierra Leone,Dredging,Loitering,12/04/2025 06:29,Asia/Manila,+08:00,14.88614,120.39376,26195
DEMO VESSEL 015,548000015,8500159,Philippines,Cargo,Encounter,2025-04-14 03:08:00,UTC,+00:00,14.55041,120.5368,32948
DEMOVESSEL002,548000002,8500020,Philippines,Cargo,Fishing event,2025-04-21 13:20:00,Asia/Manila,+08:00,14.39327,120.37179,38381
DEMO VESSEL 021,548000021,8500214,Belize,Dredging,Port visit,2025-04-19 21:47:00,Asia/Manila,+08:00,14.77277,120.78043,9088
DEMO VESSEL 035,548000035,8500355,Philippines,Other,Fishing event,2025-04-25 02:57:00,Asia/Manila,+08:00,14.81809,120.39654,27349
DEMO VESSEL 004,548000004,,Philippines,Dredging,Port visit,2025-04-20 22:45:00,UTC,+00:00,14.27091,120.74035,11508
DEMO VESSEL 036,548000036,8500367,Sierra Leone,Cargo,Port visit,2025-04-08 15:12:00,UTC,+00:00,14.88041,120.62777,24656
DEMO VESSEL 017,548000017,8500173,Philippines,Other,Loitering,2025-04-11 05:35:00,Asia/Manila,+08:00,14.86027,120.83375,2335
DEMOVESSEL003,548000003,8500032,Philippines,Cargo,Fishing event,11/04/2025 13:37,Asia/Manila,+08:00,14.61424,120.38938,2925
DEMO VESSEL 019,548000019,8500197,Philippines,Cargo,Loitering,2025-04-10 10:46:00,Asia/Manila,+08:00,14.47132,120.60882,24210
DEMO VESSEL 021,548000021,8500214,Belize,Dredging,Fishing event,02/04/2025 21:40,Asia/Manila,+08:00,14.3934,120.62853,6437
DEMO VESSEL 002,548000002,8500020,Philippines,Cargo,Encounter,2025-04-01 22:47:00,Asia/Manila,+08:00,14.28248,120.30432,27094
DEMO VESSEL 020,548000020,8500202,Philippines,Other,Loitering,2025-04-26 15:14:00,UTC,+00:00,14.42678,120.45703,3238
DEMO VESSEL 029,548000029,8500290,Philippines,Other,Port visit,2025-04-04 10:23:00,Asia/Manila,+08:00,14.38891,120.71713,6107
DEMO VESSEL 011,548000011,8500111,Philippines,Other,Encounter,08/04/2025 22:09,UTC,+00:00,14.78194,120.64521,33429
DEMO VESSEL 009,548000009,8500094,Belize,Cargo,Loitering,22/04/2025 04:11,UTC,+00:00,14.70729,120.39033,14609
DEMO VESSEL 022,548000022,8500226,Sierra Leone,Dredging,Port visit,2025-04-11 22:50:00,Asia/Manila,+08:00,14.53478,120.32016,21575
DEMO VESSEL 014,548000014,8500147,Philippines,Cargo,Fishing event,04/04/2025 18:33,Asia/Manila,+08:00,14.46457,120.34061,23247
DEMO VESSEL 001,548000001,8500018,Philippines,Dredging,Encounter,03/04/2025 17:13,Asia/Manila,+08:00,14.3631,120.76462,9782
DEMO VESSEL 006,548000006,64,Philippines,Dredging,Fishing event,2025-04-24 22:34:00,Asia/Manila,+08:00,14.47622,120.68979,34244
DEMO VESSEL 003,548000003,8500032,Philippines,Cargo,Fishing event,2025-04-07 03:22:00,Asia/Manila,+08:00,14.4815,120.48974,18548
AIS TEST SHIP,100900301,,,,Port visit,19/04/2025 08:09,Asia/Manila,+08:00,14.53849,120.69286,19130
DEMO VESSEL 038,548000038,8500381,Philippines,Dredging,Loitering,2025-04-21 09:40:00,Asia/Manila,+08:00,14.72824,120.34531,29845
DEMO VESSEL 009,548000009,8500094,Belize,Cargo,Loitering,2025-04-14 17:33:00,Asia/Manila,+08:00,14.7101,120.53791,26613
DEMO VESSEL 023,548000023,8500238,Belize,Cargo,Loitering,2025-04-01 14:18:00,Asia/Manila,+08:00,14.61899,120.73842,13558
DEMO VESSEL 007,548000007,8500070,Philippines,Cargo,Fishing event,2025-04-17 08:14:00,UTC,+00:00,14.50106,120.71786,30525
DEMO VESSEL 012,548000012,8500123,Philippines,Dredging,Encounter,23/04/2025 07:34,UTC,+00:00,14.81753,120.74652,8870
DEMO VESSEL 008,548000008,8500082,Belize,Dredging,Loitering,12/04/2025 20:03,Asia/Manila,+08:00,14.59425,120.55754,29959
DEMO VESSEL 008,548000008,8500082,Belize,Dredging,Fishing event,2025-04-18 16:47:00,Asia/Manila,+08:00,14.37175,120.33258,30833
DEMO VESSEL 036,548000036,8500367,Sierra Leone,Cargo,Port visit,2025-04-11 12:43:00,Asia/Manila,+08:00,14.80827,120.67564,12749
DEMO VESSEL 036,548000036,8500367,Sierra Leone,Cargo,Port visit,15/04/2025 15:38,Asia/Manila,+08:00,14.43303,120.47254,30303
DEMO VESSEL 003,548000003,8500032,Philippines,Cargo,Loitering,2025-04-17 22:30:00,Asia/Manila,+08:00,14.32959,120.70412,28093
DEMO VESSEL 022,548000022,8500226,Sierra Leone,Dredging,Fishing event,2025-04-22 17:30:00,Asia/Manila,+08:00,14.46105,120.7609,8509
DEMO VESSEL 038,548000038,8500381,Philippines,Dredging,Encounter,2025-04-01 07:04:00,UTC,+00:00,14.28079,120.36043,11452
DEMO VESSEL 040,548000040,8500408,Philippines,Other,Port visit,24/04/2025 19:51,UTC,+00:00,14.33484,120.35898,32907
DEMO VESSEL 003,548000003,8500032,Philippines,Cargo,Fishing event,09/04/2025 23:11,Asia/Manila,+08:00,14.37217,120.41759,1675
DEMO VESSEL 024,548000024,8500240,Philippines,Cargo,Fishing event,23/04/2025 04:55,Asia/Manila,+08:00,14.40083,120.68081,1369
DEMOVESSEL001,548000001,8500018,Philippines,Dredging,Fishing event,22/04/2025 23:43,UTC,+00:00,14.76321,120.51947,30104
DEMOVESSEL024,548000024,8500240,Philippines,Cargo,Encounter,2025-04-23 07:27:00,Asia/Manila,+08:00,14.51017,120.36663,25631
DEMO VESSEL 030,548000030,8500305,Philippines,Cargo,Encounter,16/04/2025 10:00,Asia/Manila,+08:00,14.71531,120.30004,31784
DEMO VESSEL 017 ,548000017,8500173,Philippines,Other,Encounter,2025-04-22 14:02:00,Asia/Manila,+08:00,14.59598,120.8324,620
DEMO VESSEL 021,548000021,8500214,Belize,Dredging,Loitering,2025-04-12 18:32:00,Asia/Manila,+08:00,14.47303,120.60957,20985
DEMO VESSEL 039,548000039,8500393,Philippines,Dredging,Loitering,2025-04-23 04:50:00,Asia/Manila,+08:00,14.50323,120.723,7169
DEMO VESSEL 030,548000030,8500305,Philippines,Cargo,Encounter,2025-04-22 23:41:00,UTC,+00:00,14.74014,120.89149,6773
DEMO VESSEL 006,548000006,64,Philippines,Dredging,Encounter,2025-04-11 18:14:00,UTC,+00:00,14.82406,120.8113,26174
DEMO VESSEL 022,548000022,8500226,Sierra Leone,Dredging,Port visit,2025-04-18 05:29:00,Asia/Manila,+08:00,14.36396,120.71805,22405
DEMO VESSEL 006,548000006,64,Philippines,Dredging,Port visit,2025-04-14 09:10:00,Asia/Manila,+08:00,14.26459,120.33129,19190
DEMO VESSEL 022,548000022,8500226,Sierra Leone,Dredging,Encounter,2025-04-08 09:11:00,Asia/Manila,+08:00,14.26818,120.45575,39988
DEMO VESSEL 035,548000035,8500355,Philippines,Other,Port visit,2025-04-15 11:11:00,Asia/Manila,+08:00,14.46008,120.75436,3023
DEMO VESSEL 001,548000001,8500018,Philippines,Dredging,Loitering,18/04/2025 23:46,Asia/Manila,+08:00,14.32255,120.82935,32765
DEMO VESSEL 004,548000004,,Philippines,Dredging,Encounter,2025-04-10 22:17:00,Asia/Manila,+08:00,14.23193,120.44293,9014
DEMO VESSEL 003,548000003,8500032,Philippines,Cargo,Port visit,2025-04-03 01:47:00,Asia/Manila,+08:00,14.21334,120.84431,1241
DEMO VESSEL 040,548000040,8500408,Philippines,Other,Fishing event,2025-04-09 06:52:00,Asia/Manila,+08:00,14.67485,120.81056,16642
AIS TEST SHIP,100900301,,,,Loitering,2025-04-05 02:17:00,Asia/Manila,+08:00,14.36563,120.78103,24264
DEMO VESSEL 035,548000035,8500355,Philippines,Other,Port visit,2025-04-26 23:01:00,Asia/Manila,+08:00,14.42835,120.33129,14406
DEMO VESSEL 007,667000007,8500070,Sierra Leone,Cargo,Port visit,11/04/2025 12:20,UTC,+00:00,14.22329,120.61072,9822
DEMO VESSEL 016,548000016,8500161,Philippines,Dredging,Encounter,2025-04-03 05:21:00,UTC,+00:00,14.2959,120.30139,28409
DEMO VESSEL 008,548000008,8500082,Belize,Dredging,Fishing event,05/04/2025 14:44,Asia/Manila,+08:00,14.54528,120.62455,25702
DEMO VESSEL 036,548000036,8500367,Sierra Leone,Cargo,Port visit,2025-04-12 09:56:00,Asia/Manila,+08:00,14.23047,120.55714,4011
DEMO VESSEL 006,548000006,64,Philippines,Dredging,Port visit,2025-04-26 08:59:00,UTC,+00:00,14.8936,120.65015,17712
demo vessel 006,548000006,64,Philippines,Dredging,Loitering,2025-04-17 06:24:00,Asia/Manila,+08:00,14.24492,120.46068,19643
DEMO VESSEL 028,548000028,8500288,Philippines,Other,Port visit,2025-04-11 18:53:00,Asia/Manila,+08:00,14.74026,120.61394,24967
DEMO VESSEL 015,548000015,8500159,Philippines,Cargo,Loitering,2025-04-23 11:23:00,Asia/Manila,+08:00,14.42621,120.59415,13076
DEMO VESSEL 033,548000033,8500331,Philippines,Cargo,Loitering,17/04/2025 03:16,Asia/Manila,+08:00,14.76082,120.84174,15691
DEMO VESSEL 039,548000039,8500393,Philippines,Dredging,Encounter,2025-04-23 22:06:00,Asia/Manila,+08:00,14.74648,120.79956,19285
DEMO VESSEL 038,548000038,8500381,Philippines,Dredging,Fishing event,2025-04-01 20:16:00,UTC,+00:00,14.50263,120.70631,12607
DEMO VESSEL 011,548000011,8500111,Philippines,Other,Loitering,08/04/2025 14:59,Asia/Manila,+08:00,14.75259,120.77773,25159
DEMO VESSEL 001,548000001,8500018,Philippines,Dredging,Port visit,2025-04-25 04:48:00,Asia/Manila,+08:00,14.28399,120.59843,33085
DEMO VESSEL 001,548000001,8500018,Philippines,Dredging,Port visit,2025-04-04 06:50:00,Asia/Manila,+08:00,14.54582,120.51654,5950
demo vessel 010,548000010,8500109,Belize,Other,Loitering,2025-04-02 09:18:00,Asia/Manila,+08:00,14.57298,120.70303,23929
DEMO VESSEL 033,548000033,8500331,Philippines,Cargo,Loitering,2025-04-24 13:52:00,Asia/Manila,+08:00,14.46725,120.54803,23429
DEMO VESSEL 010,548000010,8500109,Belize,Other,Fishing event,2025-04-10 17:48:00,Asia/Manila,+08:00,14.70153,120.32463,17221
DEMO VESSEL 032 ,548000032,8500329,Philippines,Cargo,Port visit,2025-04-08 22:51:00,Asia/Manila,+08:00,14.27956,120.39817,14703
DEMO VESSEL 011,548000011,8500111,Philippines,Other,Loitering,2025-04-26 06:52:00,Asia/Manila,+08:00,14.27228,120.85895,3712
DEMO VESSEL 039,548000039,8500393,Philippines,Dredging,Fishing event,2025-04-15 22:23:00,UTC,+00:00,14.58732,120.86941,39870
DEMO VESSEL 027,548000027,8500276,Philippines,Cargo,Port visit,10/04/2025 08:01,Asia/Manila,+08:00,14.72374,120.63992,36538
DEMO VESSEL 028,548000028,8500288,Philippines,Other,Encounter,2025-04-03 01:30:00,UTC,+00:00,14.65165,120.44791,20537
DEMO VESSEL 023,548000023,8500238,Belize,Cargo,Loitering,20/04/2025 22:51,Asia/Manila,+08:00,14.31468,120.36312,9051
DEMO VESSEL 010,548000010,8500109,Belize,Other,Fishing event,2025-04-18 00:04:00,UTC,+00:00,14.59137,120.5107,19954
DEMO VESSEL 039,548000039,8500393,Philippines,Dredging,Fishing event,2025-04-26 09:09:00,UTC,+00:00,14.34827,120.39204,34852
DEMO VESSEL 032,548000032,8500329,Philippines,Cargo,Fishing event,2025-04-13 23:04:00,Asia/Manila,+08:00,14.77941,120.76409,3296
DEMOVESSEL014,548000014,8500147,Philippines,Cargo,Fishing event,2025-04-12 21:47:00,Asia/Manila,+08:00,14.65838,120.48894,9688
DEMO VESSEL 007,548000007,8500070,Philippines,Cargo,Encounter,2025-04-24 23:00:00,Asia/Manila,+08:00,14.40293,120.48123,33212
DEMO VESSEL 021,548000021,8500214,Belize,Dredging,Port visit,2025-04-23 04:36:00,UTC,+00:00,14.66225,120.67722,37457
DEMO VESSEL 029,548000029,8500290,Philippines,Other,Loitering,2025-04-03 02:23:00,UTC,+00:00,14.87753,120.71019,23820
DEMO VESSEL 021,548000021,8500214,Belize,Dredging,Fishing event,2025-04-24 19:22:00,Asia/Manila,+08:00,14.71785,120.87069,13931
DEMO VESSEL 007,667000007,8500070,Sierra Leone,Cargo,Port visit,2025-04-04 09:49:00,Asia/Manila,+08:00,14.38123,120.67597,24820
DEMO VESSEL 017,548000017,8500173,Philippines,Other,Loitering,2025-04-13 15:04:00,UTC,+00:00,14.36697,120.60219,26754
DEMO VESSEL 005,548000005,1234568,Sierra Leone,Dredging,Loitering,2025-04-01 15:25:00,Asia/Manila,+08:00,14.86864,120.6296,28667
DEMO VESSEL 021,548000021,8500214,Belize,Dredging,Fishing event,2025-04-22 03:49:00,Asia/Manila,+08:00,14.85329,120.44208,22885
DEMO VESSEL 018,548000018,8500185,Philippines,Cargo,Port visit,2025-04-26 06:48:00,Asia/Manila,+08:00,14.63975,120.72094,16232
DEMO VESSEL 008,548000008,8500082,Belize,Dredging,Port visit,2025-04-20 22:34:00,Asia/Manila,+08:00,14.76299,120.31448,2915
DEMO VESSEL 021,548000021,8500214,Belize,Dredging,Loitering,03/04/2025 16:34,UTC,+00:00,14.89852,120.87247,3889
DEMO VESSEL 036,548000036,8500367,Sierra Leone,Cargo,Encounter,2025-04-12 12:22:00,Asia/Manila,+08:00,14.42121,120.76808,18711
DEMO VESSEL 019,548000019,8500197,Philippines,Cargo,Loitering,2025-04-03 15:59:00,Asia/Manila,+08:00,14.36632,120.65757,22597
DEMO VESSEL 008,548000008,8500082,Belize,Dredging,Port visit,2025-04-13 23:53:00,Asia/Manila,+08:00,14.34437,120.33578,31897
DEMO VESSEL 010,548000010,8500109,Belize,Other,Loitering,14/04/2025 19:23,Asia/Manila,+08:00,14.25919,120.32288,31996
DEMO VESSEL 008 ,548000008,8500082,Belize,Dredging,Port visit,2025-04-08 11:48:00,Asia/Manila,+08:00,14.32435,120.39619,25355
DEMOVESSEL003,548000003,8500032,Philippines,Cargo,Fishing event,2025-04-10 21:31:00,UTC,+00:00,14.57971,120.78569,28507
demo vessel 030,548000030,8500305,Philippines,Cargo,Loitering,16/04/2025 09:43,UTC,+00:00,14.4626,120.38146,17367
DEMO VESSEL 031,548000031,8500317,Philippines,Cargo,Loitering,2025-04-17 04:32:00,UTC,+00:00,14.63153,120.73587,10188
DEMO VESSEL 014,548000014,8500147,Philippines,Cargo,Encounter,27/04/2025 15:10,Asia/Manila,+08:00,14.57328,120.55388,11418
demo vessel 027,548000027,8500276,Philippines,Cargo,Fishing event,2025-04-13 06:29:00,Asia/Manila,+08:00,14.72693,120.32149,30144
DEMO VESSEL 038,548000038,8500381,Philippines,Dredging,Encounter,2025-04-04 12:28:00,UTC,+00:00,14.52329,120.89609,26356
DEMOVESSEL037,548000037,8500379,Belize,Cargo,Loitering,02/04/2025 06:01,Asia/Manila,+08:00,14.35657,120.83516,32110
DEMO VESSEL 010,548000010,8500109,Belize,Other,Encounter,15/04/2025 23:27,Asia/Manila,+08:00,14.57594,120.83869,25334
DEMO VESSEL 036,548000036,8500367,Sierra Leone,Cargo,Encounter,2025-04-10 01:40:00,Asia/Manila,+08:00,14.76007,120.70604,35231
DEMO VESSEL 015,548000015,8500159,Philippines,Cargo,Port visit,01/04/2025 15:09,Asia/Manila,+08:00,14.88529,120.63155,27380
DEMO VESSEL 013,548000013,8500135,Philippines,Other,Encounter,2025-04-25 07:37:00,Asia/Manila,+08:00,14.67199,120.48972,27856
DEMO VESSEL 018,548000018,8500185,Philippines,Cargo,Encounter,2025-04-15 15:13:00,Asia/Manila,+08:00,14.45776,120.63107,34336
DEMO VESSEL 030,548000030,8500305,Philippines,Cargo,Port visit,2025-04-25 11:31:00,Asia/Manila,+08:00,14.28468,120.62998,16705
demo vessel 023,548000023,8500238,Belize,Cargo,Encounter,2025-04-11 07:33:00,Asia/Manila,+08:00,14.33737,120.8896,30726
DEMO VESSEL 025,548000025,8500252,Philippines,Dredging,Port visit,2025-04-10 09:12:00,UTC,+00:00,14.3205,120.84512,32847
DEMO VESSEL 018,548000018,8500185,Philippines,Cargo,Port visit,2025-04-13 05:46:00,Asia/Manila,+08:00,14.55664,120.73279,29527
DEMO VESSEL 002,548000002,8500020,Philippines,Cargo,Encounter,05/04/2025 23:09,UTC,+00:00,14.32363,120.59976,32191
DEMO VESSEL 018,548000018,8500185,Philippines,Cargo,Fishing event,2025-04-25 11:39:00,Asia/Manila,+08:00,14.22503,120.36302,16995
DEMO VESSEL 040,548000040,8500408,Philippines,Other,Port visit,2025-04-09 08:52:00,Asia/Manila,+08:00,14.57668,120.62164,8137
DEMO VESSEL 027,548000027,8500276,Philippines,Cargo,Port visit,2025-04-17 18:57:00,Asia/Manila,+08:00,14.49709,120.46801,10212
DEMO VESSEL 021,548000021,8500214,Belize,Dredging,Loitering,2025-04-08 15:42:00,Asia/Manila,+08:00,14.49556,120.41556,5734
DEMO VESSEL 001 ,548000001,8500018,Philippines,Dredging,Port visit,2025-04-24 13:31:00,Asia/Manila,+08:00,14.65213,120.59449,26802
DEMO VESSEL 020,548000020,8500202,Philippines,Other,Loitering,2025-04-22 21:22:00,UTC,+00:00,14.49457,120.68007,10545
DEMO VESSEL 038,548000038,8500381,Philippines,Dredging,Encounter,2025-04-22 13:52:00,Asia/Manila,+08:00,14.472,120.82061,2614
DEMOVESSEL033,548000033,8500331,Philippines,Cargo,Encounter,06/04/2025 03:56,Asia/Manila,+08:00,14.61816,120.52981,327
DEMO VESSEL 010,548000010,8500109,Belize,Other,Port visit,2025-03-20 10:32:00,UTC,+00:00,14.47762,120.44264,18200
DEMO VESSEL 034,548000034,8500343,Belize,Cargo,Loitering,16/04/2025 20:49,UTC,+00:00,14.38855,120.88321,13703
DEMO VESSEL 023,548000023,8500238,Belize,Cargo,Loitering,2025-04-11 09:55:00,Asia/Manila,+08:00,14.85179,120.39761,14656
DEMO VESSEL 008,548000008,8500082,Belize,Dredging,Encounter,2025-04-17 15:12:00,Asia/Manila,+08:00,14.33291,120.73906,18326
DEMOVESSEL003,548000003,8500032,Philippines,Cargo,Encounter,2025-04-07 05:21:00,Asia/Manila,+08:00,14.63771,120.31672,16710
DEMO VESSEL 006,548000006,64,Philippines,Dredging,Encounter,2025-04-15 05:59:00,UTC,+00:00,14.66859,120.78701,31031
AISTESTSHIP,100900301,,,,Fishing event,2025-04-09 09:03:00,Asia/Manila,+08:00,14.44836,120.47027,39651
AIS TEST SHIP,100900301,,,,Encounter,2025-04-23 15:36:00,Asia/Manila,+08:00,14.41845,120.66003,22418
DEMO VESSEL 004,548000004,,Philippines,Dredging,Encounter,2025-04-09 03:18:00,Asia/Manila,+08:00,14.43817,120.65532,8650
DEMO VESSEL 013,548000013,8500135,Philippines,Other,Fishing event,2025-04-14 06:48:00,Asia/Manila,+08:00,14.5374,120.76335,489
DEMO VESSEL 024,548000024,8500240,Philippines,Cargo,Fishing event,2025-04-10 22:09:00,Asia/Manila,+08:00,14.86656,120.35956,15437
DEMO VESSEL 040,548000040,8500408,Philippines,Other,Port visit,2025-04-24 18:53:00,UTC,+00:00,14.35677,120.81719,22192
DEMO VESSEL 013,548000013,8500135,Philippines,Other,Encounter,2025-04-05 09:53:00,UTC,+00:00,14.74087,120.63978,39668
DEMO VESSEL 001,548000001,8500018,Philippines,Dredging,Port visit,2025-04-08 02:21:00,Asia/Manila,+08:00,14.36108,120.43213,4717
DEMO VESSEL 028,548000028,8500288,Philippines,Other,Fishing event,2025-03-21 06:05:00,Asia/Manila,+08:00,14.65229,120.36091,37614
DEMO VESSEL 034,548000034,8500343,Belize,Cargo,Port visit,03/04/2025 08:53,Asia/Manila,+08:00,14.48817,120.39053,34795
DEMO VESSEL 006,548000006,64,Philippines,Dredging,Encounter,27/04/2025 08:26,Asia/Manila,+08:00,14.23004,120.49229,25909
DEMO VESSEL 022,548000022,8500226,Sierra Leone,Dredging,Fishing event,22/04/2025 06:20,Asia/Manila,+08:00,14.67833,120.34434,2141
DEMO VESSEL 035,548000035,8500355,Philippines,Other,Fishing event,2025-04-15 16:27:00,Asia/Manila,+08:00,14.5166,120.37199,25997
DEMO VESSEL 032,548000032,8500329,Philippines,Cargo,Encounter,16/04/2025 14:38,UTC,+00:00,14.85404,120.83919,34414
DEMO VESSEL 033,548000033,8500331,Philippines,Cargo,Encounter,2025-04-02 13:26:00,UTC,+00:00,14.6431,120.71596,14990
DEMO VESSEL 019,548000019,8500197,Philippines,Cargo,Encounter,22/04/2025 04:10,Asia/Manila,+08:00,14.51644,120.49692,39424
DEMO VESSEL 016,548000016,8500161,Philippines,Dredging,Port visit,2025-04-04 19:44:00,Asia/Manila,+08:00,14.35104,120.59757,11480
DEMO VESSEL 010,548000010,8500109,Belize,Other,Encounter,2025-04-05 17:23:00,Asia/Manila,+08:00,14.21236,120.76515,32149
DEMO VESSEL 029,548000029,8500290,Philippines,Other,Loitering,2025-04-08 23:59:00,Asia/Manila,+08:00,14.85954,120.77799,36762
DEMO VESSEL 039,548000039,8500393,Philippines,Dredging,Loitering,2025-04-24 01:38:00,Asia/Manila,+08:00,14.85728,120.32803,3674
DEMO VESSEL 017,548000017,8500173,Philippines,Other,Port visit,2025-04-08 21:08:00,Asia/Manila,+08:00,14.51019,120.33307,19529
demo vessel 012,548000012,8500123,Philippines,Dredging,Loitering,27/04/2025 14:43,Asia/Manila,+08:00,14.83951,120.72928,10913
DEMO VESSEL 030,548000030,8500305,Philippines,Cargo,Loitering,23/04/2025 03:46,Asia/Manila,+08:00,0.0,0.0,6308
DEMOVESSEL017,548000017,8500173,Philippines,Other,Fishing event,06/04/2025 00:06,UTC,+00:00,14.27361,120.61338,39217
DEMO VESSEL 027,548000027,8500276,Philippines,Cargo,Fishing event,11/04/2025 22:48,Asia/Manila,+08:00,14.32337,120.3614,11028
DEMO VESSEL 006,548000006,64,Philippines,Dredging,Port visit,2025-04-13 09:05:00,Asia/Manila,+08:00,14.27527,120.79656,24293
DEMO VESSEL 018,548000018,8500185,Philippines,Cargo,Encounter,2025-04-21 00:39:00,Asia/Manila,+08:00,14.87765,120.34682,11010
DEMO VESSEL 015,548000015,8500159,Philippines,Cargo,Encounter,2025-04-23 08:22:00,UTC,+00:00,14.82277,120.71268,32200
DEMO VESSEL 016,548000016,8500161,Philippines,Dredging,Port visit,2025-03-15 22:59:00,Asia/Manila,+08:00,14.66964,120.61537,35452
DEMO VESSEL 027,548000027,8500276,Philippines,Cargo,Encounter,2025-04-02 19:09:00,UTC,+00:00,14.76903,120.60744,9822
DEMO VESSEL 010,548000010,8500109,Belize,Other,Port visit,12/04/2025 20:12,Asia/Manila,+08:00,14.42566,120.50677,33261
DEMO VESSEL 014,548000014,8500147,Philippines,Cargo,Loitering,2025-04-15 05:01:00,Asia/Manila,+08:00,14.35648,120.76461,23997
DEMO VESSEL 010,548000010,8500109,Belize,Other,Encounter,2025-04-25 01:38:00,Asia/Manila,+08:00,14.74027,120.58218,3323
DEMO VESSEL 030,548000030,8500305,Philippines,Cargo,Loitering,02/04/2025 08:17,Asia/Manila,+08:00,14.26054,120.83333,16493
DEMO VESSEL 032,548000032,8500329,Philippines,Cargo,Fishing event,2025-04-03 18:48:00,Asia/Manila,+08:00,14.71197,120.68244,18033
DEMO VESSEL 012,548000012,8500123,Philippines,Dredging,Encounter,2025-04-24 06:50:00,Asia/Manila,+08:00,14.82115,120.44941,28471
DEMO VESSEL 033,548000033,8500331,Philippines,Cargo,Encounter,2025-04-09 19:41:00,UTC,+00:00,14.50719,120.47455,37630
DEMO VESSEL 036,548000036,8500367,Sierra Leone,Cargo,Port visit,2025-04-16 14:11:00,Asia/Manila,+08:00,14.36422,120.43065,24533
DEMO VESSEL 013,548000013,8500135,Philippines,Other,Port visit,2025-04-02 10:41:00,UTC,+00:00,14.56092,120.74283,21889
DEMO VESSEL 036,548000036,8500367,Sierra Leone,Cargo,Loitering,02/04/2025 08:17,UTC,+00:00,14.62584,120.85965,6459
DEMO VESSEL 013,548000013,8500135,Philippines,Other,Loitering,08/04/2025 12:35,UTC,+00:00,14.74491,120.66964,2662
DEMO VESSEL 037,548000037,8500379,Belize,Cargo,Port visit,2025-04-09 16:47:00,Asia/Manila,+08:00,14.83521,120.58629,31513
DEMO VESSEL 018,548000018,8500185,Philippines,Cargo,Port visit,2025-03-26 18:04:00,UTC,+00:00,14.86089,120.75766,23116
DEMO VESSEL 018,548000018,8500185,Philippines,Cargo,Loitering,14/04/2025 18:44,Asia/Manila,+08:00,14.75144,120.88196,23936
DEMO VESSEL 033,548000033,8500331,Philippines,Cargo,Fishing event,2025-03-17 11:36:00,Asia/Manila,+08:00,14.39817,120.78109,5209
DEMO VESSEL 004,548000004,,Philippines,Dredging,Loitering,2025-04-22 22:17:00,UTC,+00:00,14.75521,120.65255,28707
DEMO VESSEL 004,548000004,,Philippines,Dredging,Fishing event,18/04/2025 07:46,UTC,+00:00,14.66148,120.46498,7570
DEMO VESSEL 008,548000008,8500082,Belize,Dredging,Encounter,2025-04-22 20:47:00,Asia/Manila,+08:00,14.24044,120.58421,22861
DEMO VESSEL 038,548000038,8500381,Philippines,Dredging,Encounter,02/04/2025 06:52,Asia/Manila,+08:00,14.58559,120.73619,7507
DEMO VESSEL 021,548000021,8500214,Belize,Dredging,Fishing event,2025-04-03 12:30:00,Asia/Manila,+08:00,14.46936,120.31033,29591
DEMO VESSEL 031,548000031,8500317,Philippines,Cargo,Encounter,2025-04-27 15:24:00,Asia/Manila,+08:00,14.77277,120.50189,36926
DEMO VESSEL 027,548000027,8500276,Philippines,Cargo,Encounter,2025-04-17 15:38:00,Asia/Manila,+08:00,14.84321,120.43546,18361
DEMO VESSEL 007,667000007,8500070,Sierra Leone,Cargo,Encounter,2025-04-21 15:13:00,Asia/Manila,+08:00,14.66044,120.41854,27339
DEMO VESSEL 032,548000032,8500329,Philippines,Cargo,Loitering,2025-04-26 04:18:00,Asia/Manila,+08:00,14.38042,120.33615,18742
DEMO VESSEL 038,548000038,8500381,Philippines,Dredging,Fishing event,11/04/2025 09:54,Asia/Manila,+08:00,14.81627,120.59783,18211
DEMO VESSEL 009,548000009,8500094,Belize,Cargo,Loitering,03/04/2025 13:56,Asia/Manila,+08:00,14.48127,120.47924,526
DEMO VESSEL 037,548000037,8500379,Belize,Cargo,Port visit,2025-04-08 12:12:00,Asia/Manila,+08:00,14.3894,120.54765,23009
DEMO VESSEL 018,548000018,8500185,Philippines,Cargo,Encounter,2025-04-18 08:04:00,UTC,+00:00,14.80275,120.87999,32056
DEMO VESSEL 014,548000014,8500147,Philippines,Cargo,Port visit,01/04/2025 01:29,Asia/Manila,+08:00,14.38276,120.88894,18516
DEMO VESSEL 012,548000012,8500123,Philippines,Dredging,Fishing event,16/04/2025 23:42,UTC,+00:00,14.5917,120.80327,31020
DEMO VESSEL 017,548000017,8500173,Philippines,Other,Loitering,08/04/2025 10:27,Asia/Manila,+08:00,14.21395,120.63085,25086
DEMO VESSEL 007,548000007,8500070,Philippines,Cargo,Port visit,2025-04-13 11:27:00,Asia/Manila,+08:00,14.43144,120.31383,31118
DEMO VESSEL 018,548000018,8500185,Philippines,Cargo,Port visit,2025-04-08 12:03:00,Asia/Manila,+08:00,14.33138,120.37319,27916
DEMO VESSEL 001,548000001,8500018,Philippines,Dredging,Port visit,2025-04-09 13:31:00,Asia/Manila,+08:00,14.66821,120.77889,35304
DEMOVESSEL007,667000007,8500070,Sierra Leone,Cargo,Fishing event,2025-04-09 13:08:00,UTC,+00:00,14.43181,120.72628,32861
DEMO VESSEL 016,548000016,8500161,Philippines,Dredging,Encounter,21/04/2025 09:57,Asia/Manila,+08:00,14.88757,120.68383,34069
DEMO VESSEL 012,548000012,8500123,Philippines,Dredging,Loitering,2025-04-09 09:29:00,Asia/Manila,+08:00,14.42325,120.41047,14249
DEMO VESSEL 013,548000013,8500135,Philippines,Other,Encounter,2025-04-03 02:46:00,UTC,+00:00,14.61522,120.70468,30943
DEMO VESSEL 017,548000017,8500173,Philippines,Other,Fishing event,2025-04-08 06:23:00,Asia/Manila,+08:00,14.48157,120.4125,20767
DEMOVESSEL021,548000021,8500214,Belize,Dredging,Port visit,17/04/2025 14:03,UTC,+00:00,14.78654,120.34842,18419
DEMO VESSEL 005,548000005,1234568,Sierra Leone,Dredging,Loitering,2025-04-15 03:02:00,UTC,+00:00,14.63832,120.61475,26475
DEMO VESSEL 002,548000002,8500020,Philippines,Cargo,Loitering,2025-04-14 03:47:00,Asia/Manila,+08:00,14.89952,120.56984,7993
DEMO VESSEL 010,548000010,8500109,Belize,Other,Loitering,2025-04-27 03:56:00,UTC,+00:00,14.80647,120.57659,9206
DEMO VESSEL 031,548000031,8500317,Philippines,Cargo,Port visit,2025-04-13 21:56:00,Asia/Manila,+08:00,14.60499,120.79679,14207
DEMO VESSEL 031,548000031,8500317,Philippines,Cargo,Loitering,2025-04-11 05:35:00,Asia/Manila,+08:00,14.79921,120.41422,6725
DEMO VESSEL 030,548000030,8500305,Philippines,Cargo,Loitering,17/04/2025 10:09,Asia/Manila,+08:00,14.54577,120.79554,10643
demo vessel 012,548000012,8500123,Philippines,Dredging,Loitering,2025-04-27 05:04:00,Asia/Manila,+08:00,14.60381,120.37067,13312
DEMO VESSEL 007,667000007,8500070,Sierra Leone,Cargo,Encounter,2025-04-25 08:30:00,UTC,+00:00,14.72222,120.57303,39411
DEMO VESSEL 009,548000009,8500094,Belize,Cargo,Loitering,2025-04-13 16:25:00,Asia/Manila,+08:00,14.76882,120.53602,848
DEMO VESSEL 016,548000016,8500161,Philippines,Dredging,Encounter,2025-04-04 01:35:00,Asia/Manila,+08:00,14.38508,120.73493,17239
DEMO VESSEL 030,548000030,8500305,Philippines,Cargo,Loitering,2025-04-01 23:01:00,Asia/Manila,+08:00,14.67177,120.49194,25495
DEMO VESSEL 022,548000022,8500226,Sierra Leone,Dredging,Encounter,2025-04-26 01:05:00,Asia/Manila,+08:00,14.20412,120.86791,16708
DEMO VESSEL 028,548000028,8500288,Philippines,Other,Fishing event,19/04/2025 10:35,Asia/Manila,+08:00,14.85457,120.71531,1155
DEMO VESSEL 016,548000016,8500161,Philippines,Dredging,Port visit,06/04/2025 14:14,Asia/Manila,+08:00,14.8575,120.39161,37976
DEMO VESSEL 040,548000040,8500408,Philippines,Other,Encounter,06/04/2025 11:42,Asia/Manila,+08:00,14.36922,120.31864,24186
DEMO VESSEL 039,548000039,8500393,Philippines,Dredging,Encounter,2025-04-07 05:55:00,Asia/Manila,+08:00,14.47989,120.70239,15131
DEMO VESSEL 037,548000037,8500379,Belize,Cargo,Loitering,2025-04-26 16:35:00,Asia/Manila,+08:00,14.48578,120.66146,11539
DEMO VESSEL 006,548000006,64,Philippines,Dredging,Encounter,07/04/2025 14:14,Asia/Manila,+08:00,14.86794,120.48852,26600
demo vessel 023,548000023,8500238,Belize,Cargo,Port visit,2025-04-01 05:37:00,Asia/Manila,+08:00,14.86743,120.77852,37285
DEMO VESSEL 013,548000013,8500135,Philippines,Other,Fishing event,21/04/2025 19:16,Asia/Manila,+08:00,14.36592,120.78284,31890
DEMO VESSEL 018,548000018,8500185,Philippines,Cargo,Loitering,23/04/2025 23:47,Asia/Manila,+08:00,14.26198,120.36014,29866
DEMO VESSEL 008,548000008,8500082,Belize,Dredging,Port visit,17/04/2025 20:55,UTC,+00:00,14.3304,120.37663,2889
DEMO VESSEL 007,548000007,8500070,Philippines,Cargo,Port visit,2025-04-05 16:09:00,Asia/Manila,+08:00,14.21137,120.49811,952
DEMO VESSEL 020,548000020,8500202,Philippines,Other,Port visit,2025-04-06 10:24:00,UTC,+00:00,14.73445,120.84972,4884
DEMO VESSEL 017,548000017,8500173,Philippines,Other,Encounter,11/04/2025 15:28,UTC,+00:00,14.82244,120.51731,33402
DEMO VESSEL 032,548000032,8500329,Philippines,Cargo,Fishing event,2025-04-06 05:46:00,Asia/Manila,+08:00,14.72417,120.76754,3537
DEMO VESSEL 001,548000001,8500018,Philippines,Dredging,Fishing event,2025-04-21 06:39:00,Asia/Manila,+08:00,14.70465,120.69551,20546
DEMO VESSEL 038,548000038,8500381,Philippines,Dredging,Port visit,2025-04-15 22:30:00,UTC,+00:00,14.75098,120.42152,690
DEMO VESSEL 026,548000026,8500264,Philippines,Cargo,Fishing event,18/04/2025 12:33,Asia/Manila,+08:00,14.24585,120.67356,30901
DEMO VESSEL 037,548000037,8500379,Belize,Cargo,Fishing event,2025-04-13 09:40:00,Asia/Manila,+08:00,14.86415,120.62718,30904
DEMO VESSEL 014,548000014,8500147,Philippines,Cargo,Port visit,2025-04-02 04:33:00,UTC,+00:00,14.5065,120.3201,15912
DEMO VESSEL 014,548000014,8500147,Philippines,Cargo,Port visit,2025-04-07 23:51:00,Asia/Manila,+08:00,14.77064,120.47513,27801
DEMO VESSEL 031,548000031,8500317,Philippines,Cargo,Port visit,2025-04-14 10:04:00,Asia/Manila,+08:00,14.24439,120.42133,26833
DEMO VESSEL 002,548000002,8500020,Philippines,Cargo,Port visit,07/04/2025 23:37,Asia/Manila,+08:00,14.62718,120.5569,4190
DEMO VESSEL 013,548000013,8500135,Philippines,Other,Fishing event,2025-04-18 21:29:00,Asia/Manila,+08:00,14.29002,120.76551,18257
DEMO VESSEL 033,548000033,8500331,Philippines,Cargo,Fishing event,2025-04-11 03:47:00,UTC,+00:00,14.70901,120.80928,5413
DEMO VESSEL 036,548000036,8500367,Sierra Leone,Cargo,Encounter,2025-04-20 13:04:00,Asia/Manila,+08:00,14.87433,120.75739,30072
DEMO VESSEL 006,548000006,64,Philippines,Dredging,Encounter,2025-04-23 20:05:00,Asia/Manila,+08:00,14.25,120.73255,30505
DEMO VESSEL 002,548000002,8500020,Philippines,Cargo,Loitering,17/04/2025 19:32,Asia/Manila,+08:00,14.40688,120.33274,25589
DEMO VESSEL 023,548000023,8500238,Belize,Cargo,Loitering,2025-04-26 23:15:00,UTC,+00:00,14.80371,120.49297,12816
DEMO VESSEL 039,548000039,8500393,Philippines,Dredging,Loitering,11/04/2025 00:06,UTC,+00:00,14.35854,120.70434,6950
DEMO VESSEL 016,548000016,8500161,Philippines,Dredging,Port visit,2025-04-15 02:23:00,Asia/Manila,+08:00,14.25216,120.56948,35709
DEMO VESSEL 009,548000009,8500094,Belize,Cargo,Encounter,2025-04-08 18:20:00,Asia/Manila,+08:00,14.38574,120.72579,14311
DEMO VESSEL 009,548000009,8500094,Belize,Cargo,Loitering,2025-04-24 20:35:00,Asia/Manila,+08:00,14.34875,120.69561,16444
DEMO VESSEL 026,548000026,8500264,Philippines,Cargo,Port visit,20/04/2025 03:51,UTC,+00:00,14.3117,120.80214,17976
DEMO VESSEL 025,548000025,8500252,Philippines,Dredging,Port visit,2025-04-10 09:12:00,UTC,+00:00,14.3205,120.84512,32847
DEMO VESSEL 024,548000024,8500240,Philippines,Cargo,Port visit,2025-04-15 10:42:00,Asia/Manila,+08:00,14.3788,120.88965,561
demo vessel 027,548000027,8500276,Philippines,Cargo,Port visit,2025-04-02 01:26:00,Asia/Manila,+08:00,14.52425,120.46673,35062
DEMO VESSEL 008,548000008,8500082,Belize,Dredging,Encounter,2025-04-22 08:17:00,Asia/Manila,+08:00,14.76215,120.52889,34504
DEMO VESSEL 030,548000030,8500305,Philippines,Cargo,Fishing event,21/04/2025 18:14,Asia/Manila,+08:00,14.38195,120.69887,19769
demo vessel 037,548000037,8500379,Belize,Cargo,Encounter,2025-04-01 18:00:00,UTC,+00:00,14.21161,120.62697,26109
DEMO VESSEL 038,548000038,8500381,Philippines,Dredging,Fishing event,2025-04-07 00:24:00,UTC,+00:00,14.44094,120.85041,12634
DEMO VESSEL 006,548000006,64,Philippines,Dredging,Encounter,2025-04-22 21:23:00,Asia/Manila,+08:00,14.52388,120.61207,16489
DEMO VESSEL 004 ,548000004,,Philippines,Dredging,Fishing event,2025-04-20 00:48:00,Asia/Manila,+08:00,14.34121,120.85752,37245
DEMO VESSEL 035,548000035,8500355,Philippines,Other,Port visit,15/04/2025 22:28,Asia/Manila,+08:00,14.86621,120.57355,32846
DEMO VESSEL 034,548000034,8500343,Belize,Cargo,Encounter,2025-04-26 10:03:00,Asia/Manila,+08:00,14.34666,120.32518,33118
DEMO VESSEL 029,548000029,8500290,Philippines,Other,Encounter,2025-04-17 13:12:00,Asia/Manila,+08:00,14.35063,120.49412,13199
AIS TEST SHIP,100900301,,,,Fishing event,2025-04-05 02:06:00,Asia/Manila,+08:00,14.89902,120.47078,18564
DEMO VESSEL 040,548000040,8500408,Philippines,Other,Loitering,27/04/2025 14:41,Asia/Manila,+08:00,14.27637,120.40594,13784
DEMO VESSEL 029,548000029,8500290,Philippines,Other,Encounter,2025-04-01 17:59:00,Asia/Manila,+08:00,14.46307,120.8953,28442
DEMO VESSEL 017,548000017,8500173,Philippines,Other,Port visit,2025-04-11 13:33:00,Asia/Manila,+08:00,14.85298,120.59926,18936
DEMO VESSEL 012,548000012,8500123,Philippines,Dredging,Encounter,2025-04-07 07:56:00,Asia/Manila,+08:00,14.64258,120.62244,24360
DEMOVESSEL013,548000013,8500135,Philippines,Other,Encounter,2025-04-09 10:23:00,Asia/Manila,+08:00,14.56909,120.60647,29226
DEMO VESSEL 007,667000007,8500070,Sierra Leone,Cargo,Port visit,2025-04-14 17:48:00,Asia/Manila,+08:00,14.41419,120.85388,19914
DEMO VESSEL 003,548000003,8500032,Philippines,Cargo,Fishing event,2025-04-20 21:39:00,Asia/Manila,+08:00,14.52495,120.55686,30058
DEMO VESSEL 008,548000008,8500082,Belize,Dredging,Fishing event,19/04/2025 13:47,Asia/Manila,+08:00,14.42916,120.81225,20896
DEMO VESSEL 038,548000038,8500381,Philippines,Dredging,Loitering,2025-04-16 19:02:00,Asia/Manila,+08:00,14.54271,120.41312,39202
DEMO VESSEL 026,548000026,8500264,Philippines,Cargo,Port visit,2025-04-19 03:50:00,UTC,+00:00,14.73323,120.63218,30278
DEMO VESSEL 040,548000040,8500408,Philippines,Other,Encounter,25/04/2025 00:28,Asia/Manila,+08:00,14.20268,120.45491,10009
DEMO VESSEL 036,548000036,8500367,Sierra Leone,Cargo,Fishing event,04/04/2025 00:20,Asia/Manila,+08:00,14.28248,120.61747,20891
DEMO VESSEL 026 ,548000026,8500264,Philippines,Cargo,Loitering,2025-04-20 06:29:00,Asia/Manila,+08:00,14.65351,120.3406,11888
DEMO VESSEL 016,548000016,8500161,Philippines,Dredging,Port visit,2025-04-16 23:30:00,Asia/Manila,+08:00,14.58493,120.76679,29696
DEMO VESSEL 027,548000027,8500276,Philippines,Cargo,Encounter,2025-04-06 23:48:00,UTC,+00:00,14.38681,120.52469,27550
DEMO VESSEL 040,548000040,8500408,Philippines,Other,Port visit,2025-04-25 17:42:00,Asia/Manila,+08:00,14.81157,120.40966,11258
DEMO VESSEL 009,548000009,8500094,Belize,Cargo,Loitering,2025-04-14 15:34:00,UTC,+00:00,14.27272,120.78011,6677
DEMO VESSEL 009,548000009,8500094,Belize,Cargo,Port visit,2025-04-03 08:59:00,Asia/Manila,+08:00,14.71185,120.71745,10052
DEMO VESSEL 007,548000007,8500070,Philippines,Cargo,Fishing event,22/04/2025 02:03,Asia/Manila,+08:00,14.40149,120.70652,13621
DEMO VESSEL 011,548000011,8500111,Philippines,Other,Fishing event,2025-04-25 22:45:00,Asia/Manila,+08:00,14.81326,120.74064,10165
DEMO VESSEL 030 ,548000030,8500305,Philippines,Cargo,Fishing event,20/04/2025 00:48,Asia/Manila,+08:00,14.2744,120.52025,13893
DEMO VESSEL 037,548000037,8500379,Belize,Cargo,Encounter,2025-04-21 09:42:00,Asia/Manila,+08:00,14.60246,120.63448,29376
DEMO VESSEL 029,548000029,8500290,Philippines,Other,Fishing event,19/04/2025 06:56,UTC,+00:00,14.83516,120.51344,29835
demo vessel 007,548000007,8500070,Philippines,Cargo,Encounter,2025-04-06 03:00:00,UTC,+00:00,14.68389,120.36909,20049
DEMO VESSEL 017,548000017,8500173,Philippines,Other,Port visit,01/04/2025 14:04,Asia/Manila,+08:00,14.57968,120.83978,13739
DEMO VESSEL 003,548000003,8500032,Philippines,Cargo,Fishing event,2025-04-02 20:09:00,Asia/Manila,+08:00,14.32157,120.62931,28234
DEMO VESSEL 004,548000004,,Philippines,Dredging,Encounter,2025-04-07 12:11:00,UTC,+00:00,14.66228,120.31878,17505
DEMO VESSEL 036,548000036,8500367,Sierra Leone,Cargo,Port visit,2025-04-07 20:46:00,UTC,+00:00,14.22927,120.6403,24080
DEMOVESSEL037,548000037,8500379,Belize,Cargo,Port visit,2025-04-10 22:27:00,Asia/Manila,+08:00,14.75747,120.71253,20604
DEMO VESSEL 027,548000027,8500276,Philippines,Cargo,Fishing event,2025-04-26 05:40:00,Asia/Manila,+08:00,14.71487,120.4463,39460
DEMO VESSEL 029,548000029,8500290,Philippines,Other,Encounter,2025-04-26 10:30:00,Asia/Manila,+08:00,14.50292,120.76968,38985
DEMO VESSEL 035,548000035,8500355,Philippines,Other,Fishing event,2025-04-02 08:22:00,Asia/Manila,+08:00,14.31295,120.54299,38292
DEMO VESSEL 002,548000002,8500020,Philippines,Cargo,Fishing event,21/04/2025 00:10,Asia/Manila,+08:00,14.74577,120.51188,4796
demo vessel 019,548000019,8500197,Philippines,Cargo,Fishing event,2025-04-21 03:26:00,Asia/Manila,+08:00,14.62673,120.5942,1363
DEMO VESSEL 028,548000028,8500288,Philippines,Other,Loitering,2025-04-03 10:47:00,Asia/Manila,+08:00,14.49624,120.69322,1105
DEMO VESSEL 013,548000013,8500135,Philippines,Other,Fishing event,2025-04-15 17:00:00,Asia/Manila,+08:00,14.40491,120.58948,33655
AIS TEST SHIP,100900301,,,,Port visit,2025-04-07 20:22:00,Asia/Manila,+08:00,14.55257,120.53835,12950
