vessel_name,mmsi,imo,flag,type,event,start_date_time,time_zone,offset,latitude,longitude,event_duration_s
DEMO VESSEL 020,548000020,8500202,Philippines,Other,Encounter,03/07/2025 04:00,Asia/Manila,+08:00,14.49449,120.62012,10338
demo vessel 030,548000030,8500305,Philippines,Cargo,Port visit,09/07/2025 22:25,Asia/Manila,+08:00,14.53338,120.34057,32978
DEMO VESSEL 017,548000017,8500173,Philippines,Other,Loitering,03/07/2025 08:46,Asia/Manila,+08:00,14.81267,120.81497,30971
DEMO VESSEL 009,548000009,8500094,Belize,Cargo,Fishing event,07/07/2025 00:07,Asia/Manila,+08:00,14.8183,120.79526,34247
DEMO VESSEL 039,548000039,8500393,Philippines,Dredging,Encounter,12/07/2025 21:44,Asia/Manila,+08:00,14.34613,120.8944,28320
DEMO VESSEL 027,548000027,8500276,Philippines,Cargo,Fishing event,02/07/2025 21:11,UTC,+00:00,14.53178,120.87227,22499
DEMO VESSEL 002 ,548000002,8500020,Philippines,Cargo,Encounter,07/07/2025 22:58,Asia/Manila,+08:00,14.41131,120.82465,16709
DEMO VESSEL 019,548000019,8500197,Philippines,Cargo,Encounter,10/07/2025 16:22,UTC,+00:00,14.8966,120.56218,32849
DEMO VESSEL 002,548000002,8500020,Philippines,Cargo,Encounter,2025-07-25 20:27:00,Asia/Manila,+08:00,14.5942,120.42836,23893
DEMO VESSEL 034,548000034,8500343,Belize,Cargo,Encounter,2025-07-26 12:22:00,Asia/Manila,+08:00,14.47467,120.56397,18935
DEMO VESSEL 010,548000010,8500109,Belize,Other,Encounter,2025-07-25 10:28:00,Asia/Manila,+08:00,14.39099,120.84883,18660
DEMO VESSEL 029,548000029,8500290,Philippines,Other,Port visit,02/07/2025 04:24,UTC,+00:00,14.81758,120.81239,16742
DEMO VESSEL 032,548000032,8500329,Philippines,Cargo,Encounter,06/07/2025 10:54,Asia/Manila,+08:00,14.75769,120.34288,33985
DEMO VESSEL 015,548000015,8500159,Philippines,Cargo,Port visit,2025-07-15 11:43:00,UTC,+00:00,14.54839,120.42761,25728
demo vessel 027,548000027,8500276,Philippines,Cargo,Encounter,11/07/2025 08:58,UTC,+00:00,14.53773,120.46354,8118
DEMO VESSEL 027,548000027,8500276,Philippines,Cargo,Loitering,01/07/2025 10:45,Asia/Manila,+08:00,14.71884,120.87517,18423
DEMO VESSEL 003,548000003,8500032,Philippines,Cargo,Fishing event,23/07/2025 03:04,Asia/Manila,+08:00,14.73013,120.32551,31041
DEMO VESSEL 033,548000033,8500331,Philippines,Cargo,Loitering,2025-07-08 17:23:00,Asia/Manila,+08:00,14.46703,120.70312,15666
DEMO VESSEL 013,548000013,8500135,Philippines,Other,Loitering,2025-07-26 22:48:00,UTC,+00:00,14.87806,120.56497,37238
DEMO VESSEL 006,548000006,64,Philippines,Dredging,Encounter,13/07/2025 02:03,Asia/Manila,+08:00,14.73428,120.60234,1970
DEMO VESSEL 039,548000039,8500393,Philippines,Dredging,Fishing event,2025-07-05 21:53:00,Asia/Manila,+08:00,14.46451,120.56009,25608
DEMO VESSEL 037,548000037,8500379,Belize,Cargo,Loitering,2025-07-05 15:16:00,Asia/Manila,+08:00,14.67251,120.66384,37485
DEMO VESSEL 007,548000007,8500070,Philippines,Cargo,Fishing event,2025-07-14 21:24:00,UTC,+00:00,14.25168,120.84299,6217
DEMO VESSEL 033,548000033,8500331,Philippines,Cargo,Port visit,16/07/2025 02:37,Asia/Manila,+08:00,14.29619,120.47962,8072
DEMO VESSEL 038,548000038,8500381,Philippines,Dredging,Port visit,2025-07-11 08:24:00,Asia/Manila,+08:00,14.62298,120.54492,19682
DEMOVESSEL037,548000037,8500379,Belize,Cargo,Port visit,2025-07-19 22:07:00,Asia/Manila,+08:00,14.67302,120.56833,13156
DEMO VESSEL 007,667000007,8500070,Sierra Leone,Cargo,Loitering,17/07/2025 16:19,UTC,+00:00,14.32847,120.58385,30665
DEMO VESSEL 023,548000023,8500238,Belize,Cargo,Loitering,18/07/2025 20:04,UTC,+00:00,14.61738,120.52973,28336
DEMO VESSEL 012,548000012,8500123,Philippines,Dredging,Encounter,2025-07-15 13:39:00,UTC,+00:00,14.57923,120.57661,33901
DEMO VESSEL 002,548000002,8500020,Philippines,Cargo,Loitering,20/07/2025 09:29,Asia/Manila,+08:00,14.64841,120.85714,4975
DEMO VESSEL 018,548000018,8500185,Philippines,Cargo,Loitering,2025-07-05 10:53:00,Asia/Manila,+08:00,14.3901,120.36068,4313
DEMO VESSEL 034,548000034,8500343,Belize,Cargo,Port visit,2025-07-01 21:25:00,UTC,+00:00,14.88523,120.74777,34165
DEMO VESSEL 007,548000007,8500070,Philippines,Cargo,Port visit,2025-07-23 13:38:00,Asia/Manila,+08:00,14.34319,120.63675,26683
DEMOVESSEL023,548000023,8500238,Belize,Cargo,Loitering,2025-07-08 19:24:00,UTC,+00:00,14.4605,120.58507,23974
DEMO VESSEL 019,548000019,8500197,Philippines,Cargo,Fishing event,2025-07-09 06:12:00,Asia/Manila,+08:00,14.76753,120.41728,39345
DEMO VESSEL 016,548000016,8500161,Philippines,Dredging,Port visit,16/07/2025 22:41,Asia/Manila,+08:00,14.23765,120.89827,17459
DEMO VESSEL 021,548000021,8500214,Belize,Dredging,Port visit,2025-07-13 02:54:00,UTC,+00:00,14.79443,120.81869,17572
DEMO VESSEL 015,548000015,8500159,Philippines,Cargo,Encounter,2025-06-03 06:54:00,Asia/Manila,+08:00,14.49079,120.409,25736
DEMO VESSEL 007,548000007,8500070,Philippines,Cargo,Encounter,17/07/2025 23:44,UTC,+00:00,14.57819,120.31681,9531
DEMO VESSEL 024,548000024,8500240,Philippines,Cargo,Port visit,2025-06-03 09:25:00,Asia/Manila,+08:00,14.66628,120.62216,30268
DEMO VESSEL 031,548000031,8500317,Philippines,Cargo,Port visit,2025-07-21 04:17:00,Asia/Manila,+08:00,14.83222,120.73816,30469
DEMO VESSEL 010,548000010,8500109,Belize,Other,Loitering,11/07/2025 19:17,Asia/Manila,+08:00,14.61554,120.40526,25349
DEMO VESSEL 007,667000007,8500070,Sierra Leone,Cargo,Loitering,2025-07-23 07:30:00,Asia/Manila,+08:00,14.33666,120.70298,783
DEMO VESSEL 005,548000005,1234568,Sierra Leone,Dredging,Port visit,2025-07-06 15:42:00,Asia/Manila,+08:00,14.27421,120.87177,15710
DEMO VESSEL 037,548000037,8500379,Belize,Cargo,Loitering,21/07/2025 21:06,UTC,+00:00,14.87752,120.63223,33592
DEMO VESSEL 031,548000031,8500317,Philippines,Cargo,Port visit,2025-07-01 11:01:00,Asia/Manila,+08:00,14.6171,120.83973,37584
DEMO VESSEL 035,548000035,8500355,Philippines,Other,Loitering,2025-07-21 05:54:00,Asia/Manila,+08:00,14.3898,120.42653,35394
DEMO VESSEL 005,548000005,1234568,Sierra Leone,Dredging,Port visit,2025-07-20 11:28:00,Asia/Manila,+08:00,14.73839,120.69773,21135
DEMO VESSEL 034,548000034,8500343,Belize,Cargo,Encounter,2025-07-01 11:06:00,Asia/Manila,+08:00,14.34038,120.8894,9042
DEMO VESSEL 013,548000013,8500135,Philippines,Other,Loitering,17/07/2025 02:41,UTC,+00:00,14.35634,120.36808,38228
DEMO VESSEL 036,548000036,8500367,Sierra Leone,Cargo,Fishing event,2025-07-18 14:12:00,UTC,+00:00,14.87793,120.72168,15676
DEMO VESSEL 006,548000006,64,Philippines,Dredging,Loitering,2025-07-24 01:35:00,Asia/Manila,+08:00,14.23713,120.42475,23570
DEMO VESSEL 010,548000010,8500109,Belize,Other,Fishing event,2025-07-15 06:32:00,Asia/Manila,+08:00,14.30107,120.42365,39170
DEMO VESSEL 030,548000030,8500305,Philippines,Cargo,Fishing event,2025-07-17 08:36:00,UTC,+00:00,14.24623,120.6522,30304
AIS TEST SHIP,100900301,,,,Loitering,2025-07-17 15:01:00,Asia/Manila,+08:00,14.22931,120.41763,12126
DEMO VESSEL 003,548000003,8500032,Philippines,Cargo,Loitering,2025-07-14 02:48:00,Asia/Manila,+08:00,14.30696,120.73599,18861
DEMO VESSEL 018,548000018,8500185,Philippines,Cargo,Port visit,2025-07-10 00:57:00,Asia/Manila,+08:00,14.70989,120.39305,21930
DEMO VESSEL 029,548000029,8500290,Philippines,Other,Fishing event,2025-07-13 02:02:00,Asia/Manila,+08:00,14.27907,120.61468,8701
DEMO VESSEL 033,548000033,8500331,Philippines,Cargo,Loitering,2025-07-16 03:08:00,Asia/Manila,+08:00,14.58409,120.36141,25894
DEMO VESSEL 022,548000022,8500226,Sierra Leone,Dredging,Fishing event,2025-07-06 12:48:00,UTC,+00:00,14.40925,120.66533,30380
AIS TEST SHIP,100900301,,,,Encounter,2025-07-07 16:47:00,Asia/Manila,+08:00,14.57957,120.87715,37859
DEMO VESSEL 028,548000028,8500288,Philippines,Other,Fishing event,2025-07-26 20:38:00,Asia/Manila,+08:00,14.25955,120.86523,23037
DEMO VESSEL 010,548000010,8500109,Belize,Other,Port visit,2025-07-07 08:08:00,Asia/Manila,+08:00,14.30989,120.71348,3709
DEMO VESSEL 040,548000040,8500408,Philippines,Other,Loitering,2025-07-02 08:00:00,UTC,+00:00,14.36651,120.54627,20218
DEMO VESSEL 027,548000027,8500276,Philippines,Cargo,Fishing event,2025-07-13 22:11:00,Asia/Manila,+08:00,14.82517,120.53522,531
demo vessel 011,548000011,8500111,Philippines,Other,Loitering,10/07/2025 00:29,Asia/Manila,+08:00,14.69834,120.31727,39861
DEMO VESSEL 004,548000004,,Philippines,Dredging,Loitering,2025-07-24 10:57:00,Asia/Manila,+08:00,14.33929,120.58758,32351
DEMO VESSEL 036,548000036,8500367,Sierra Leone,Cargo,Fishing event,2025-07-11 11:58:00,Asia/Manila,+08:00,14.27399,120.37998,23605
DEMO VESSEL 011,548000011,8500111,Philippines,Other,Loitering,2025-07-16 04:12:00,Asia/Manila,+08:00,14.38459,120.45744,16357
DEMO VESSEL 002,548000002,8500020,Philippines,Cargo,Port visit,2025-07-27 17:04:00,Asia/Manila,+08:00,14.28542,120.81564,14000
DEMO VESSEL 001,548000001,8500018,Philippines,Dredging,Loitering,2025-07-03 21:58:00,Asia/Manila,+08:00,14.66437,120.37478,21676
DEMO VESSEL 031,548000031,8500317,Philippines,Cargo,Loitering,2025-07-27 05:52:00,Asia/Manila,+08:00,14.70764,120.78066,10361
DEMO VESSEL 009,548000009,8500094,Belize,Cargo,Encounter,2025-07-13 11:52:00,Asia/Manila,+08:00,14.24643,120.59276,16440
demo vessel 040,548000040,8500408,Philippines,Other,Fishing event,2025-06-21 12:11:00,Asia/Manila,+08:00,14.34099,120.67028,17597
DEMO VESSEL 036,548000036,8500367,Sierra Leone,Cargo,Fishing event,2025-07-27 00:51:00,Asia/Manila,+08:00,14.46163,120.71805,2932
DEMO VESSEL 037,548000037,8500379,Belize,Cargo,Fishing event,23/07/2025 22:07,Asia/Manila,+08:00,14.75888,120.69891,12972
DEMO VESSEL 033,548000033,8500331,Philippines,Cargo,Encounter,2025-07-21 08:15:00,Asia/Manila,+08:00,14.32632,120.63659,8141
DEMO VESSEL 002,548000002,8500020,Philippines,Cargo,Fishing event,2025-07-14 05:31:00,Asia/Manila,+08:00,14.54275,120.38418,23829
DEMO VESSEL 026,548000026,8500264,Philippines,Cargo,Encounter,2025-06-01 20:45:00,Asia/Manila,+08:00,14.48889,120.75082,39934
DEMO VESSEL 033,548000033,8500331,Philippines,Cargo,Encounter,2025-07-21 09:09:00,Asia/Manila,+08:00,0.0,0.0,30778
AIS TEST SHIP,100900301,,,,Loitering,21/07/2025 10:07,UTC,+00:00,14.34786,120.31642,38140
DEMO VESSEL 030,548000030,8500305,Philippines,Cargo,Fishing event,19/07/2025 00:50,Asia/Manila,+08:00,14.34008,120.48961,36183
DEMO VESSEL 027,548000027,8500276,Philippines,Cargo,Loitering,10/07/2025 02:03,Asia/Manila,+08:00,14.63596,120.86868,32771
DEMO VESSEL 033,548000033,8500331,Philippines,Cargo,Fishing event,2025-07-14 03:29:00,UTC,+00:00,14.64043,120.31422,15761
DEMO VESSEL 006,548000006,64,Philippines,Dredging,Loitering,2025-07-16 19:12:00,Asia/Manila,+08:00,14.80046,120.51413,15214
demo vessel 023,548000023,8500238,Belize,Cargo,Encounter,15/07/2025 17:47,Asia/Manila,+08:00,14.76092,120.56055,23245
DEMO VESSEL 031,548000031,8500317,Philippines,Cargo,Port visit,2025-07-12 02:20:00,Asia/Manila,+08:00,14.30492,120.75894,25133
DEMO VESSEL 006,548000006,64,Philippines,Dredging,Port visit,2025-07-17 04:55:00,Asia/Manila,+08:00,14.20158,120.62437,14974
AIS TEST SHIP,100900301,,,,Loitering,20/07/2025 09:34,UTC,+00:00,14.26149,120.49447,8776
DEMOVESSEL007,548000007,8500070,Philippines,Cargo,Port visit,16/07/2025 04:20,UTC,+00:00,14.32897,120.81307,14420
DEMO VESSEL 037,548000037,8500379,Belize,Cargo,Encounter,2025-07-17 10:45:00,Asia/Manila,+08:00,14.48646,120.56529,17818
DEMO VESSEL 015,548000015,8500159,Philippines,Cargo,Port visit,2025-07-09 11:02:00,UTC,+00:00,14.70688,120.85924,8628
DEMO VESSEL 021,548000021,8500214,Belize,Dredging,Loitering,2025-07-13 03:05:00,Asia/Manila,+08:00,14.29076,120.35217,20237
DEMOVESSEL017,548000017,8500173,Philippines,Other,Loitering,25/07/2025 10:43,Asia/Manila,+08:00,14.38589,120.71114,26329
DEMO VESSEL 027,548000027,8500276,Philippines,Cargo,Loitering,2025-07-15 06:49:00,Asia/Manila,+08:00,14.47374,120.78459,19730
DEMO VESSEL 016,548000016,8500161,Philippines,Dredging,Fishing event,2025-07-11 04:36:00,Asia/Manila,+08:00,14.82378,120.53075,8779
DEMO VESSEL 020,548000020,8500202,Philippines,Other,Loitering,2025-07-27 02:39:00,UTC,+00:00,14.88168,120.49139,6323
DEMO VESSEL 004,548000004,,Philippines,Dredging,Port visit,01/07/2025 23:46,Asia/Manila,+08:00,14.64412,120.76655,19759
DEMO VESSEL 007,548000007,8500070,Philippines,Cargo,Loitering,2025-07-26 20:54:00,Asia/Manila,+08:00,14.29653,120.32846,18433
DEMO VESSEL 040,548000040,8500408,Philippines,Other,Port visit,06/07/2025 02:14,Asia/Manila,+08:00,14.6253,120.79643,11072
DEMO VESSEL 003,548000003,8500032,Philippines,Cargo,Port visit,15/07/2025 21:47,Asia/Manila,+08:00,14.61211,120.41696,20830
demo vessel 001,548000001,8500018,Philippines,Dredging,Port visit,2025-07-04 09:43:00,UTC,+00:00,14.41589,120.43231,20053
DEMO VESSEL 037,548000037,8500379,Belize,Cargo,Loitering,08/07/2025 10:00,Asia/Manila,+08:00,14.78809,120.30142,33313
DEMO VESSEL 016,548000016,8500161,Philippines,Dredging,Port visit,2025-07-23 07:50:00,Asia/Manila,+08:00,14.63216,120.64736,3338
DEMO VESSEL 021,548000021,8500214,Belize,Dredging,Port visit,2025-07-20 23:45:00,UTC,+00:00,14.53118,120.53935,36615
DEMO VESSEL 005,548000005,1234568,Sierra Leone,Dredging,Fishing event,2025-07-11 02:31:00,UTC,+00:00,14.56728,120.68509,13882
DEMO VESSEL 020,548000020,8500202,Philippines,Other,Encounter,15/07/2025 21:45,Asia/Manila,+08:00,14.53751,120.61966,38063
demo vessel 023,548000023,8500238,Belize,Cargo,Encounter,2025-07-13 20:54:00,Asia/Manila,+08:00,14.3377,120.5798,9586
DEMO VESSEL 034,548000034,8500343,Belize,Cargo,Fishing event,2025-07-06 07:39:00,Asia/Manila,+08:00,14.86032,120.35311,30631
DEMO VESSEL 032,548000032,8500329,Philippines,Cargo,Fishing event,2025-07-14 18:14:00,Asia/Manila,+08:00,14.557,120.36404,8317
DEMO VESSEL 002,548000002,8500020,Philippines,Cargo,Encounter,2025-07-08 16:50:00,Asia/Manila,+08:00,14.23289,120.52895,36484
DEMO VESSEL 006,548000006,64,Philippines,Dredging,Port visit,2025-07-18 22:27:00,Asia/Manila,+08:00,14.38394,120.8692,9312
DEMO VESSEL 019,548000019,8500197,Philippines,Cargo,Fishing event,24/07/2025 04:10,UTC,+00:00,14.53729,120.34433,18485
DEMO VESSEL 006,548000006,64,Philippines,Dredging,Loitering,05/07/2025 08:21,UTC,+00:00,14.88259,120.51827,1789
DEMO VESSEL 010,548000010,8500109,Belize,Other,Loitering,2025-07-27 00:15:00,Asia/Manila,+08:00,14.69099,120.89421,33741
DEMO VESSEL 002,548000002,8500020,Philippines,Cargo,Loitering,2025-07-18 17:30:00,Asia/Manila,+08:00,14.58844,120.45227,9348
DEMO VESSEL 003,548000003,8500032,Philippines,Cargo,Encounter,2025-07-22 05:44:00,Asia/Manila,+08:00,14.86198,120.44382,4674
DEMO VESSEL 012,548000012,8500123,Philippines,Dredging,Fishing event,2025-07-24 15:45:00,Asia/Manila,+08:00,14.36162,120.76003,30274
DEMO VESSEL 030,548000030,8500305,Philippines,Cargo,Fishing event,06/07/2025 07:00,Asia/Manila,+08:00,14.20448,120.48479,34820
DEMO VESSEL 036,548000036,8500367,Sierra Leone,Cargo,Port visit,13/07/2025 04:12,Asia/Manila,+08:00,14.47111,120.7505,35696
DEMO VESSEL 008,548000008,8500082,Belize,Dredging,Fishing event,2025-07-20 03:39:00,Asia/Manila,+08:00,14.63431,120.37506,24549
DEMO VESSEL 029,548000029,8500290,Philippines,Other,Fishing event,2025-07-11 08:34:00,Asia/Manila,+08:00,14.73624,120.42337,25951
DEMO VESSEL 039,548000039,8500393,Philippines,Dredging,Loitering,2025-07-08 23:54:00,UTC,+00:00,14.33637,120.78157,9571
DEMO VESSEL 027,548000027,8500276,Philippines,Cargo,Fishing event,2025-07-01 07:26:00,Asia/Manila,+08:00,14.60747,120.35285,27565
DEMO VESSEL 002,548000002,8500020,Philippines,Cargo,Fishing event,2025-07-17 09:40:00,UTC,+00:00,14.48159,120.68432,20610
DEMO VESSEL 022,548000022,8500226,Sierra Leone,Dredging,Loitering,2025-07-12 10:33:00,Asia/Manila,+08:00,14.44608,120.80971,22291
DEMO VESSEL 014,548000014,8500147,Philippines,Cargo,Loitering,2025-07-15 03:37:00,Asia/Manila,+08:00,14.76437,120.7702,36701
DEMO VESSEL 018,548000018,8500185,Philippines,Cargo,Loitering,2025-07-08 16:23:00,Asia/Manila,+08:00,14.30769,120.45638,19769
DEMO VESSEL 037,548000037,8500379,Belize,Cargo,Encounter,2025-07-25 20:37:00,Asia/Manila,+08:00,14.65074,120.53444,820
DEMO VESSEL 004,548000004,,Philippines,Dredging,Fishing event,2025-07-24 11:08:00,Asia/Manila,+08:00,14.82756,120.60215,38781
DEMOVESSEL002,548000002,8500020,Philippines,Cargo,Encounter,2025-07-10 09:46:00,UTC,+00:00,14.32649,120.83913,1100
DEMO VESSEL 014,548000014,8500147,Philippines,Cargo,Encounter,2025-07-06 16:35:00,UTC,+00:00,14.352,120.51866,24094
DEMO VESSEL 034,548000034,8500343,Belize,Cargo,Fishing event,2025-07-08 22:03:00,Asia/Manila,+08:00,14.78042,120.87437,1521
DEMO VESSEL 033,548000033,8500331,Philippines,Cargo,Fishing event,2025-07-11 04:31:00,Asia/Manila,+08:00,14.61813,120.5281,3693
DEMO VESSEL 018,548000018,8500185,Philippines,Cargo,Encounter,2025-07-16 14:43:00,Asia/Manila,+08:00,14.67467,120.51616,33349
DEMO VESSEL 037,548000037,8500379,Belize,Cargo,Encounter,2025-07-03 17:59:00,Asia/Manila,+08:00,14.65855,120.71231,21588
DEMOVESSEL007,548000007,8500070,Philippines,Cargo,Encounter,2025-07-07 08:08:00,Asia/Manila,+08:00,14.39989,120.31328,20376
DEMO VESSEL 005,548000005,1234568,Sierra Leone,Dredging,Fishing event,2025-07-01 14:55:00,Asia/Manila,+08:00,14.51277,120.53951,6385
DEMO VESSEL 026 ,548000026,8500264,Philippines,Cargo,Fishing event,2025-07-24 19:10:00,UTC,+00:00,14.48984,120.43,15258
DEMO VESSEL 023,548000023,8500238,Belize,Cargo,Port visit,2025-07-11 13:45:00,Asia/Manila,+08:00,14.79367,120.86399,27013
DEMO VESSEL 010,548000010,8500109,Belize,Other,Fishing event,2025-07-01 16:16:00,Asia/Manila,+08:00,14.74848,120.56525,28080
DEMO VESSEL 037,548000037,8500379,Belize,Cargo,Encounter,2025-07-11 13:18:00,Asia/Manila,+08:00,14.37563,120.407,9768
DEMO VESSEL 016,548000016,8500161,Philippines,Dredging,Loitering,2025-07-01 15:14:00,Asia/Manila,+08:00,14.27256,120.85994,14266
DEMO VESSEL 037,548000037,8500379,Belize,Cargo,Fishing event,2025-07-16 07:26:00,Asia/Manila,+08:00,14.71924,120.82883,31466
DEMO VESSEL 031,548000031,8500317,Philippines,Cargo,Port visit,08/07/2025 03:32,Asia/Manila,+08:00,14.51047,120.51432,7024
DEMO VESSEL 011,548000011,8500111,Philippines,Other,Encounter,20/07/2025 15:38,Asia/Manila,+08:00,14.72495,120.74082,37714
DEMO VESSEL 009,548000009,8500094,Belize,Cargo,Port visit,03/07/2025 15:55,Asia/Manila,+08:00,14.80539,120.4997,17049
DEMO VESSEL 028,548000028,8500288,Philippines,Other,Loitering,2025-07-18 23:02:00,UTC,+00:00,14.21927,120.50807,20685
DEMOVESSEL021,548000021,8500214,Belize,Dredging,Port visit,2025-07-13 23:25:00,UTC,+00:00,14.30622,120.45406,7101
DEMO VESSEL 009,548000009,8500094,Belize,Cargo,Encounter,2025-07-21 22:27:00,Asia/Manila,+08:00,14.76345,120.57074,1930
DEMO VESSEL 032,548000032,8500329,Philippines,Cargo,Loitering,2025-06-01 13:28:00,Asia/Manila,+08:00,14.46288,120.54269,34206
DEMO VESSEL 040,548000040,8500408,Philippines,Other,Loitering,04/07/2025 07:15,Asia/Manila,+08:00,14.30462,120.65868,35638
DEMO VESSEL 034,548000034,8500343,Belize,Cargo,Encounter,11/07/2025 03:28,Asia/Manila,+08:00,14.65141,120.85674,9736
DEMO VESSEL 038,548000038,8500381,Philippines,Dredging,Port visit,2025-07-18 04:48:00,Asia/Manila,+08:00,14.38732,120.79645,27510
DEMO VESSEL 017,548000017,8500173,Philippines,Other,Encounter,03/07/2025 12:40,Asia/Manila,+08:00,14.56851,120.58831,34608
DEMO VESSEL 022,548000022,8500226,Sierra Leone,Dredging,Port visit,2025-07-22 12:40:00,Asia/Manila,+08:00,14.34068,120.39639,34066
DEMO VESSEL 038,548000038,8500381,Philippines,Dredging,Loitering,2025-07-09 05:00:00,UTC,+00:00,14.25204,120.89495,8069
DEMO VESSEL 031,548000031,8500317,Philippines,Cargo,Loitering,2025-07-21 14:15:00,Asia/Manila,+08:00,14.25107,120.57273,27682
DEMO VESSEL 003,548000003,8500032,Philippines,Cargo,Loitering,2025-07-22 06:00:00,Asia/Manila,+08:00,14.45214,120.32745,15606
DEMO VESSEL 018,548000018,8500185,Philippines,Cargo,Fishing event,2025-07-13 23:19:00,UTC,+00:00,14.67614,120.60722,30018
DEMO VESSEL 017,548000017,8500173,Philippines,Other,Fishing event,2025-07-03 17:56:00,Asia/Manila,+08:00,14.44089,120.35812,30425
demo vessel 032,548000032,8500329,Philippines,Cargo,Port visit,2025-07-08 15:24:00,Asia/Manila,+08:00,14.40893,120.32846,6957
DEMO VESSEL 033,548000033,8500331,Philippines,Cargo,Fishing event,2025-07-07 10:31:00,Asia/Manila,+08:00,14.39063,120.47617,11986
DEMO VESSEL 015,548000015,8500159,Philippines,Cargo,Loitering,2025-07-15 17:04:00,Asia/Manila,+08:00,14.7543,120.886,15570
DEMO VESSEL 038,548000038,8500381,Philippines,Dredging,Encounter,2025-07-13 01:11:00,UTC,+00:00,14.85441,120.84626,9520
DEMO VESSEL 025,548000025,8500252,Philippines,Dredging,Port visit,2025-07-10 13:51:00,Asia/Manila,+08:00,14.46308,120.82744,35516
DEMO VESSEL 004,548000004,,Philippines,Dredging,Encounter,23/07/2025 03:29,UTC,+00:00,14.30372,120.47005,2533
DEMO VESSEL 030,548000030,8500305,Philippines,Cargo,Encounter,2025-07-18 18:09:00,Asia/Manila,+08:00,14.41485,120.59529,11637
DEMO VESSEL 033,548000033,8500331,Philippines,Cargo,Encounter,2025-07-19 18:45:00,Asia/Manila,+08:00,14.3364,120.81076,31627
DEMO VESSEL 003,548000003,8500032,Philippines,Cargo,Port visit,2025-07-07 20:19:00,Asia/Manila,+08:00,14.27758,120.44976,39229
DEMO VESSEL 007,548000007,8500070,Philippines,Cargo,Port visit,2025-07-06 12:29:00,Asia/Manila,+08:00,14.5865,120.87908,10461
DEMO VESSEL 005,548000005,1234568,Sierra Leone,Dredging,Port visit,2025-07-25 08:36:00,UTC,+00:00,14.31482,120.39983,37523
demo vessel 024,548000024,8500240,Philippines,Cargo,Port visit,13/06/2025 23:44,UTC,+00:00,14.45239,120.55705,19418
DEMO VESSEL 008,548000008,8500082,Belize,Dredging,Port visit,2025-07-27 09:39:00,Asia/Manila,+08:00,14.61112,120.39464,6008
DEMO VESSEL 020 ,548000020,8500202,Philippines,Other,Fishing event,2025-07-25 20:45:00,Asia/Manila,+08:00,14.21994,120.5321,26067
AIS TEST SHIP,100900301,,,,Encounter,2025-07-01 18:54:00,Asia/Manila,+08:00,14.56868,120.40054,31393
DEMO VESSEL 009,548000009,8500094,Belize,Cargo,Port visit,17/07/2025 10:04,Asia/Manila,+08:00,14.33365,120.68058,31581
DEMO VESSEL 025,548000025,8500252,Philippines,Dredging,Fishing event,2025-07-15 02:57:00,Asia/Manila,+08:00,14.76536,120.83418,6651
DEMO VESSEL 001,548000001,8500018,Philippines,Dredging,Encounter,2025-07-23 23:50:00,UTC,+00:00,14.4077,120.88123,4046
DEMO VESSEL 022,548000022,8500226,Sierra Leone,Dredging,Port visit,2025-07-26 21:29:00,Asia/Manila,+08:00,14.88007,120.59412,31467
DEMO VESSEL 021,548000021,8500214,Belize,Dredging,Loitering,03/07/2025 16:27,Asia/Manila,+08:00,14.77339,120.42249,35701
DEMO VESSEL 017,548000017,8500173,Philippines,Other,Loitering,2025-07-25 09:05:00,Asia/Manila,+08:00,14.29986,120.87829,19661
DEMO VESSEL 028,548000028,8500288,Philippines,Other,Loitering,2025-07-23 01:50:00,UTC,+00:00,14.62661,120.73485,32430
DEMOVESSEL025,548000025,8500252,Philippines,Dredging,Loitering,11/07/2025 11:05,Asia/Manila,+08:00,14.32084,120.82677,27913
DEMO VESSEL 007,667000007,8500070,Sierra Leone,Cargo,Encounter,2025-07-05 00:23:00,Asia/Manila,+08:00,14.30724,120.86715,5551
DEMO VESSEL 007,548000007,8500070,Philippines,Cargo,Loitering,18/07/2025 07:46,Asia/Manila,+08:00,14.50052,120.45939,1061
DEMO VESSEL 019,548000019,8500197,Philippines,Cargo,Loitering,2025-07-11 07:22:00,Asia/Manila,+08:00,14.85191,120.56458,29915
DEMO VESSEL 009,548000009,8500094,Belize,Cargo,Encounter,21/07/2025 20:29,UTC,+00:00,14.57413,120.34528,16360
DEMO VESSEL 007,548000007,8500070,Philippines,Cargo,Fishing event,2025-07-15 07:18:00,UTC,+00:00,14.64094,120.42375,25257
demo vessel 013,548000013,8500135,Philippines,Other,Fishing event,2025-07-05 10:05:00,Asia/Manila,+08:00,14.25113,120.50193,9311
DEMO VESSEL 018,548000018,8500185,Philippines,Cargo,Fishing event,2025-07-04 03:21:00,Asia/Manila,+08:00,14.83505,120.56066,17080
DEMO VESSEL 024,548000024,8500240,Philippines,Cargo,Encounter,2025-07-23 04:55:00,UTC,+00:00,14.69243,120.43807,31118
DEMO VESSEL 006,548000006,64,Philippines,Dredging,Port visit,02/07/2025 17:55,Asia/Manila,+08:00,14.87225,120.68725,13297
DEMO VESSEL 023,548000023,8500238,Belize,Cargo,Port visit,2025-07-10 05:07:00,Asia/Manila,+08:00,14.81015,120.72546,18547
DEMO VESSEL 007,667000007,8500070,Sierra Leone,Cargo,Fishing event,13/07/2025 06:37,UTC,+00:00,14.88647,120.64961,27553
DEMO VESSEL 023,548000023,8500238,Belize,Cargo,Fishing event,2025-07-13 16:38:00,Asia/Manila,+08:00,14.35174,120.60912,5113
DEMO VESSEL 038,548000038,8500381,Philippines,Dredging,Fishing event,2025-07-16 09:36:00,UTC,+00:00,14.80659,120.7306,9792
DEMO VESSEL 006,548000006,64,Philippines,Dredging,Loitering,2025-07-18 00:44:00,Asia/Manila,+08:00,14.82715,120.43878,35360
DEMOVESSEL040,548000040,8500408,Philippines,Other,Port visit,06/07/2025 16:15,Asia/Manila,+08:00,14.88641,120.50299,6343
DEMO VESSEL 025,548000025,8500252,Philippines,Dredging,Loitering,2025-07-03 15:07:00,UTC,+00:00,14.66613,120.55818,9495
DEMO VESSEL 008,548000008,8500082,Belize,Dredging,Loitering,2025-07-01 17:50:00,Asia/Manila,+08:00,14.89229,120.87057,31759
DEMO VESSEL 007,667000007,8500070,Sierra Leone,Cargo,Fishing event,20/07/2025 03:25,Asia/Manila,+08:00,14.32643,120.83006,23529
DEMO VESSEL 040,548000040,8500408,Philippines,Other,Port visit,2025-07-16 22:46:00,Asia/Manila,+08:00,14.32845,120.31361,23671
DEMO VESSEL 030,548000030,8500305,Philippines,Cargo,Loitering,07/07/2025 09:31,Asia/Manila,+08:00,14.50144,120.6864,30293
DEMO VESSEL 038,548000038,8500381,Philippines,Dredging,Loitering,2025-07-08 11:14:00,Asia/Manila,+08:00,14.38054,120.81515,34214
DEMO VESSEL 024,548000024,8500240,Philippines,Cargo,Loitering,2025-07-14 04:04:00,Asia/Manila,+08:00,14.64471,120.80268,13744
DEMO VESSEL 009,548000009,8500094,Belize,Cargo,Port visit,05/07/2025 20:01,Asia/Manila,+08:00,14.71741,120.75451,17078
DEMO VESSEL 008,548000008,8500082,Belize,Dredging,Encounter,2025-07-07 02:30:00,UTC,+00:00,14.46019,120.39603,6388
DEMO VESSEL 003,548000003,8500032,Philippines,Cargo,Fishing event,2025-07-08 21:28:00,Asia/Manila,+08:00,14.71405,120.50705,3742
DEMO VESSEL 026,548000026,8500264,Philippines,Cargo,Loitering,12/07/2025 08:23,UTC,+00:00,14.85096,120.55233,3444
demo vessel 024,548000024,8500240,Philippines,Cargo,Port visit,2025-07-26 01:07:00,Asia/Manila,+08:00,14.52928,120.30017,10205
DEMO VESSEL 036,548000036,8500367,Sierra Leone,Cargo,Encounter,11/07/2025 13:32,Asia/Manila,+08:00,14.73332,120.53315,15278
DEMO VESSEL 028,548000028,8500288,Philippines,Other,Encounter,2025-07-12 07:00:00,Asia/Manila,+08:00,14.80647,120.31531,10962
DEMO VESSEL 037,548000037,8500379,Belize,Cargo,Fishing event,09/07/2025 04:25,Asia/Manila,+08:00,14.63156,120.55597,23093
DEMO VESSEL 007,548000007,8500070,Philippines,Cargo,Port visit,12/07/2025 18:38,Asia/Manila,+08:00,14.67119,120.74143,3623
DEMO VESSEL 001,548000001,8500018,Philippines,Dredging,Loitering,16/07/2025 15:13,UTC,+00:00,14.31525,120.30129,18994
DEMO VESSEL 030,548000030,8500305,Philippines,Cargo,Encounter,2025-07-15 22:09:00,Asia/Manila,+08:00,14.73157,120.45944,1357
DEMO VESSEL 016,548000016,8500161,Philippines,Dredging,Port visit,2025-07-03 14:01:00,UTC,+00:00,14.65518,120.32206,35182
DEMO VESSEL 007,667000007,8500070,Sierra Leone,Cargo,Port visit,05/07/2025 16:10,Asia/Manila,+08:00,14.45386,120.46429,3120
DEMO VESSEL 040,548000040,8500408,Philippines,Other,Port visit,03/07/2025 11:42,Asia/Manila,+08:00,14.3544,120.87423,36413
DEMO VESSEL 009,548000009,8500094,Belize,Cargo,Fishing event,2025-07-01 15:01:00,Asia/Manila,+08:00,14.80131,120.69235,25077
DEMO VESSEL 040,548000040,8500408,Philippines,Other,Encounter,2025-07-13 12:03:00,Asia/Manila,+08:00,14.58737,120.45017,15110
DEMO VESSEL 007,667000007,8500070,Sierra Leone,Cargo,Encounter,2025-07-15 04:40:00,Asia/Manila,+08:00,14.24928,120.47225,8175
DEMO VESSEL 010 ,548000010,8500109,Belize,Other,Loitering,2025-07-03 15:13:00,Asia/Manila,+08:00,14.37028,120.89589,24320
DEMO VESSEL 007 ,667000007,8500070,Sierra Leone,Cargo,Port visit,2025-07-22 19:06:00,UTC,+00:00,14.35858,120.32006,1376
DEMO VESSEL 010,548000010,8500109,Belize,Other,Fishing event,2025-07-22 22:29:00,Asia/Manila,+08:00,14.24817,120.72659,3226
DEMO VESSEL 036,548000036,8500367,Sierra Leone,Cargo,Encounter,2025-07-01 07:16:00,Asia/Manila,+08:00,14.39183,120.40906,18563
DEMO VESSEL 017,548000017,8500173,Philippines,Other,Fishing event,2025-07-23 11:19:00,UTC,+00:00,14.38343,120.36192,6841
DEMO VESSEL 009,548000009,8500094,Belize,Cargo,Loitering,2025-07-23 19:48:00,Asia/Manila,+08:00,14.49399,120.58834,12913
DEMO VESSEL 039,548000039,8500393,Philippines,Dredging,Encounter,25/07/2025 10:26,Asia/Manila,+08:00,14.82952,120.62686,15033
DEMO VESSEL 029,548000029,8500290,Philippines,Other,Fishing event,2025-07-20 09:07:00,Asia/Manila,+08:00,14.42633,120.78756,23020
DEMO VESSEL 040,548000040,8500408,Philippines,Other,Port visit,2025-07-12 01:07:00,UTC,+00:00,14.83545,120.85982,4798
DEMO VESSEL 039,548000039,8500393,Philippines,Dredging,Loitering,27/07/2025 23:58,Asia/Manila,+08:00,14.86356,120.58646,7235
DEMO VESSEL 010,548000010,8500109,Belize,Other,Port visit,2025-07-23 21:09:00,Asia/Manila,+08:00,14.66447,120.69746,34741
DEMO VESSEL 021,548000021,8500214,Belize,Dredging,Loitering,2025-07-13 13:43:00,Asia/Manila,+08:00,14.79207,120.80635,29988
DEMO VESSEL 002,548000002,8500020,Philippines,Cargo,Encounter,2025-07-20 12:37:00,Asia/Manila,+08:00,14.79186,120.67042,38977
DEMO VESSEL 009,548000009,8500094,Belize,Cargo,Port visit,2025-07-25 13:18:00,Asia/Manila,+08:00,14.72171,120.88522,6908
DEMO VESSEL 015,548000015,8500159,Philippines,Cargo,Port visit,2025-07-20 06:11:00,Asia/Manila,+08:00,14.61853,120.78614,9400
DEMO VESSEL 002,548000002,8500020,Philippines,Cargo,Port visit,2025-07-15 01:04:00,Asia/Manila,+08:00,14.20865,120.821,22470
DEMO VESSEL 038,548000038,8500381,Philippines,Dredging,Port visit,2025-07-25 22:52:00,Asia/Manila,+08:00,14.55848,120.59483,19258
DEMOVESSEL010,548000010,8500109,Belize,Other,Port visit,2025-07-17 02:04:00,Asia/Manila,+08:00,14.63519,120.41527,8231
DEMO VESSEL 014,548000014,8500147,Philippines,Cargo,Loitering,11/07/2025 06:52,Asia/Manila,+08:00,14.79496,120.61776,7753
DEMO VESSEL 011,548000011,8500111,Philippines,Other,Encounter,2025-07-15 08:14:00,Asia/Manila,+08:00,14.66339,120.48182,24812
DEMO VESSEL 036,548000036,8500367,Sierra Leone,Cargo,Port visit,2025-07-12 00:21:00,Asia/Manila,+08:00,14.54703,120.78076,33081
DEMO VESSEL 040,548000040,8500408,Philippines,Other,Loitering,2025-07-10 01:26:00,Asia/Manila,+08:00,14.86165,120.55434,2976
DEMO VESSEL 040,548000040,8500408,Philippines,Other,Fishing event,2025-07-11 10:39:00,Asia/Manila,+08:00,14.51592,120.75546,27076
DEMO VESSEL 034,548000034,8500343,Belize,Cargo,Fishing event,06/07/2025 22:17,UTC,+00:00,14.22857,120.34021,8719
AIS TEST SHIP,100900301,,,,Loitering,2025-07-06 00:15:00,UTC,+00:00,14.78757,120.31967,31589
DEMO VESSEL 037,548000037,8500379,Belize,Cargo,Port visit,2025-07-17 01:10:00,Asia/Manila,+08:00,14.51046,120.70463,16303
DEMO VESSEL 005,548000005,1234568,Sierra Leone,Dredging,Port visit,26/07/2025 00:46,UTC,+00:00,14.37746,120.79102,18429
DEMO VESSEL 010,548000010,8500109,Belize,Other,Encounter,2025-07-07 23:13:00,Asia/Manila,+08:00,14.67598,120.34297,11710
DEMO VESSEL 017,548000017,8500173,Philippines,Other,Loitering,2025-07-05 21:52:00,Asia/Manila,+08:00,14.58328,120.75837,26357
DEMO VESSEL 014,548000014,8500147,Philippines,Cargo,Encounter,05/07/2025 10:17,UTC,+00:00,14.82621,120.71185,1225
DEMO VESSEL 027,548000027,8500276,Philippines,Cargo,Encounter,2025-07-05 06:17:00,Asia/Manila,+08:00,14.35939,120.47503,5289
DEMO VESSEL 037,548000037,8500379,Belize,Cargo,Encounter,2025-07-10 16:00:00,UTC,+00:00,14.37825,120.53637,30793
DEMO VESSEL 025,548000025,8500252,Philippines,Dredging,Port visit,23/07/2025 00:04,UTC,+00:00,14.83968,120.8831,32636
DEMO VESSEL 032,548000032,8500329,Philippines,Cargo,Encounter,2025-07-02 18:32:00,Asia/Manila,+08:00,14.50883,120.69071,32168
DEMO VESSEL 033,548000033,8500331,Philippines,Cargo,Port visit,2025-07-13 13:15:00,Asia/Manila,+08:00,14.58024,120.81821,13879
DEMO VESSEL 005,548000005,1234568,Sierra Leone,Dredging,Encounter,2025-07-02 04:09:00,Asia/Manila,+08:00,14.38073,120.85331,13726
DEMO VESSEL 003,548000003,8500032,Philippines,Cargo,Port visit,2025-07-09 09:41:00,Asia/Manila,+08:00,14.62086,120.54352,20651
DEMO VESSEL 029,548000029,8500290,Philippines,Other,Port visit,2025-07-02 23:22:00,UTC,+00:00,14.82711,120.3768,4926
DEMO VESSEL 002,548000002,8500020,Philippines,Cargo,Loitering,2025-07-18 13:25:00,Asia/Manila,+08:00,14.71598,120.53383,15999
DEMO VESSEL 013 ,548000013,8500135,Philippines,Other,Encounter,2025-07-18 14:05:00,UTC,+00:00,14.8373,120.57506,31626
DEMO VESSEL 029,548000029,8500290,Philippines,Other,Fishing event,03/07/2025 21:06,UTC,+00:00,14.79129,120.56299,1177
DEMO VESSEL 019,548000019,8500197,Philippines,Cargo,Fishing event,08/07/2025 10:46,Asia/Manila,+08:00,14.40555,120.57842,20951
DEMO VESSEL 020,548000020,8500202,Philippines,Other,Fishing event,17/07/2025 02:19,Asia/Manila,+08:00,14.63008,120.37402,11649
DEMO VESSEL 005,548000005,1234568,Sierra Leone,Dredging,Fishing event,2025-07-25 19:46:00,Asia/Manila,+08:00,14.21046,120.83831,31474
DEMO VESSEL 003,548000003,8500032,Philippines,Cargo,Encounter,2025-07-23 18:57:00,Asia/Manila,+08:00,14.33218,120.55377,33110
demo vessel 036,548000036,8500367,Sierra Leone,Cargo,Port visit,2025-07-11 04:19:00,Asia/Manila,+08:00,14.29418,120.46798,8645
DEMO VESSEL 024,548000024,8500240,Philippines,Cargo,Encounter,2025-07-11 13:30:00,Asia/Manila,+08:00,14.56817,120.5581,8049
DEMO VESSEL 013,548000013,8500135,Philippines,Other,Fishing event,27/07/2025 17:49,Asia/Manila,+08:00,14.36508,120.40982,8517
DEMO VESSEL 036,548000036,8500367,Sierra Leone,Cargo,Port visit,2025-07-25 20:40:00,Asia/Manila,+08:00,14.54818,120.36255,20951
DEMO VESSEL 035,548000035,8500355,Philippines,Other,Port visit,16/07/2025 06:28,Asia/Manila,+08:00,14.77424,120.59757,3229
DEMO VESSEL 001,548000001,8500018,Philippines,Dredging,Fishing event,2025-07-09 00:47:00,Asia/Manila,+08:00,14.2317,120.50672,31237
DEMO VESSEL 018,548000018,8500185,Philippines,Cargo,Loitering,2025-07-04 12:46:00,Asia/Manila,+08:00,14.4177,120.58025,3949
DEMO VESSEL 027,548000027,8500276,Philippines,Cargo,Loitering,05/07/2025 19:30,Asia/Manila,+08:00,14.47249,120.66408,9927
DEMO VESSEL 015,548000015,8500159,Philippines,Cargo,Port visit,2025-07-25 10:15:00,Asia/Manila,+08:00,14.77207,120.56561,13317
DEMO VESSEL 029,548000029,8500290,Philippines,Other,Port visit,23/07/2025 00:59,Asia/Manila,+08:00,14.25979,120.43956,14134
DEMO VESSEL 007,548000007,8500070,Philippines,Cargo,Port visit,2025-07-02 03:00:00,UTC,+00:00,14.4775,120.51253,36887
DEMO VESSEL 030,548000030,8500305,Philippines,Cargo,Port visit,2025-07-04 09:31:00,Asia/Manila,+08:00,14.61054,120.63461,4937
DEMO VESSEL 033,548000033,8500331,Philippines,Cargo,Fishing event,19/07/2025 11:20,UTC,+00:00,14.26109,120.56213,17740
DEMO VESSEL 009,548000009,8500094,Belize,Cargo,Encounter,2025-07-19 22:38:00,Asia/Manila,+08:00,0.0,0.0,16412
DEMOVESSEL039,548000039,8500393,Philippines,Dredging,Loitering,2025-07-20 13:33:00,Asia/Manila,+08:00,14.78988,120.76419,38874
DEMO VESSEL 009,548000009,8500094,Belize,Cargo,Port visit,04/07/2025 02:36,UTC,+00:00,14.46977,120.51375,10774
DEMO VESSEL 020,548000020,8500202,Philippines,Other,Encounter,2025-07-14 02:56:00,Asia/Manila,+08:00,14.5179,120.32132,27499
DEMO VESSEL 038,548000038,8500381,Philippines,Dredging,Fishing event,2025-07-11 14:38:00,Asia/Manila,+08:00,14.75024,120.32251,5662
DEMO VESSEL 014,548000014,8500147,Philippines,Cargo,Loitering,2025-07-07 02:25:00,Asia/Manila,+08:00,14.79635,120.47611,10277
DEMO VESSEL 035,548000035,8500355,Philippines,Other,Loitering,2025-07-26 19:24:00,Asia/Manila,+08:00,14.46997,120.85136,15210
DEMO VESSEL 033,548000033,8500331,Philippines,Cargo,Loitering,2025-06-08 22:53:00,UTC,+00:00,14.74106,120.3233,22900
DEMO VESSEL 030,548000030,8500305,Philippines,Cargo,Encounter,2025-07-21 16:49:00,Asia/Manila,+08:00,14.52634,120.40383,12883
DEMO VESSEL 014,548000014,8500147,Philippines,Cargo,Loitering,15/07/2025 23:34,UTC,+00:00,14.86716,120.30424,17115
DEMO VESSEL 004,548000004,,Philippines,Dredging,Port visit,06/07/2025 08:05,UTC,+00:00,14.28759,120.42712,36953
DEMO VESSEL 004,548000004,,Philippines,Dredging,Loitering,19/07/2025 23:17,Asia/Manila,+08:00,14.64744,120.52209,30301
DEMO VESSEL 029,548000029,8500290,Philippines,Other,Port visit,2025-07-13 23:38:00,Asia/Manila,+08:00,14.5757,120.80513,7669
DEMO VESSEL 022,548000022,8500226,Sierra Leone,Dredging,Fishing event,24/07/2025 11:21,UTC,+00:00,14.43871,120.69461,35124
DEMO VESSEL 025,548000025,8500252,Philippines,Dredging,Fishing event,2025-07-25 10:18:00,Asia/Manila,+08:00,14.67732,120.42973,24362
DEMO VESSEL 038,548000038,8500381,Philippines,Dredging,Encounter,2025-07-24 02:37:00,Asia/Manila,+08:00,14.30853,120.40364,34287
demo vessel 012,548000012,8500123,Philippines,Dredging,Loitering,21/07/2025 12:31,Asia/Manila,+08:00,14.88166,120.72691,5875
DEMO VESSEL 021,548000021,8500214,Belize,Dredging,Encounter,2025-07-04 02:21:00,Asia/Manila,+08:00,14.83109,120.36953,17128
DEMO VESSEL 009,548000009,8500094,Belize,Cargo,Fishing event,10/07/2025 03:40,Asia/Manila,+08:00,14.58957,120.32456,8664
DEMO VESSEL 038,548000038,8500381,Philippines,Dredging,Port visit,08/07/2025 08:28,Asia/Manila,+08:00,14.75165,120.44244,22134
demo vessel 027,548000027,8500276,Philippines,Cargo,Port visit,2025-07-12 09:47:00,Asia/Manila,+08:00,14.89938,120.72741,9343
AIS TEST SHIP,100900301,,,,Port visit,26/07/2025 17:02,UTC,+00:00,14.34914,120.86147,7373
demo vessel 019,548000019,8500197,Philippines,Cargo,Port visit,08/07/2025 07:47,UTC,+00:00,14.6314,120.32456,11616
DEMO VESSEL 009,548000009,8500094,Belize,Cargo,Port visit,2025-07-24 02:18:00,UTC,+00:00,14.61651,120.68741,38774
DEMO VESSEL 028,548000028,8500288,Philippines,Other,Loitering,2025-07-13 14:22:00,Asia/Manila,+08:00,14.4096,120.75957,25213
DEMO VESSEL 007,548000007,8500070,Philippines,Cargo,Encounter,01/07/2025 23:44,Asia/Manila,+08:00,14.24367,120.5087,12974
DEMO VESSEL 040,548000040,8500408,Philippines,Other,Port visit,13/07/2025 03:45,Asia/Manila,+08:00,14.82517,120.66363,26020
DEMO VESSEL 029,548000029,8500290,Philippines,Other,Loitering,03/07/2025 17:02,Asia/Manila,+08:00,14.83944,120.36892,21073
DEMO VESSEL 018,548000018,8500185,Philippines,Cargo,Port visit,2025-07-27 13:57:00,Asia/Manila,+08:00,14.81511,120.32252,30992
DEMO VESSEL 017,548000017,8500173,Philippines,Other,Loitering,2025-07-26 22:11:00,Asia/Manila,+08:00,14.5271,120.45738,14556
DEMO VESSEL 023,548000023,8500238,Belize,Cargo,Port visit,2025-07-14 02:44:00,UTC,+00:00,14.53108,120.79655,26738
DEMO VESSEL 006,548000006,64,Philippines,Dredging,Encounter,2025-07-20 15:01:00,Asia/Manila,+08:00,14.24529,120.72784,25267
DEMO VESSEL 022,548000022,8500226,Sierra Leone,Dredging,Port visit,2025-07-07 23:17:00,Asia/Manila,+08:00,14.70836,120.3617,22037
DEMO VESSEL 018,548000018,8500185,Philippines,Cargo,Port visit,2025-07-27 13:57:00,Asia/Manila,+08:00,14.81511,120.32252,30992
DEMO VESSEL 036,548000036,8500367,Sierra Leone,Cargo,Fishing event,23/07/2025 23:25,Asia/Manila,+08:00,14.8193,120.32583,10419
DEMO VESSEL 039,548000039,8500393,Philippines,Dredging,Fishing event,2025-07-16 02:29:00,UTC,+00:00,14.77846,120.5849,19677
DEMO VESSEL 008,548000008,8500082,Belize,Dredging,Loitering,16/07/2025 18:41,Asia/Manila,+08:00,14.63002,120.76266,21867
demo vessel 004,548000004,,Philippines,Dredging,Loitering,18/07/2025 22:16,Asia/Manila,+08:00,14.51394,120.7304,34625
DEMOVESSEL018,548000018,8500185,Philippines,Cargo,Port visit,21/07/2025 16:01,Asia/Manila,+08:00,14.71728,120.64105,28106
DEMO VESSEL 016,548000016,8500161,Philippines,Dredging,Loitering,2025-07-19 19:58:00,Asia/Manila,+08:00,14.74018,120.58369,37115
DEMO VESSEL 036,548000036,8500367,Sierra Leone,Cargo,Encounter,2025-07-12 06:05:00,Asia/Manila,+08:00,0.0,0.0,26907
DEMO VESSEL 033,548000033,8500331,Philippines,Cargo,Encounter,2025-07-11 23:56:00,UTC,+00:00,14.27824,120.5506,36010
DEMOVESSEL038,548000038,8500381,Philippines,Dredging,Port visit,19/07/2025 02:16,Asia/Manila,+08:00,14.83163,120.71324,39523
DEMO VESSEL 029,548000029,8500290,Philippines,Other,Port visit,01/07/2025 19:01,Asia/Manila,+08:00,14.27706,120.46161,6667
DEMO VESSEL 001,548000001,8500018,Philippines,Dredging,Port visit,2025-07-13 02:43:00,Asia/Manila,+08:00,14.44344,120.40708,527
DEMO VESSEL 009,548000009,8500094,Belize,Cargo,Loitering,10/07/2025 05:27,UTC,+00:00,14.81378,120.8229,12298
DEMO VESSEL 017,548000017,8500173,Philippines,Other,Port visit,2025-07-27 06:05:00,Asia/Manila,+08:00,14.68268,120.60977,38931
DEMO VESSEL 040,548000040,8500408,Philippines,Other,Fishing event,06/07/2025 16:44,Asia/Manila,+08:00,14.54296,120.59728,14739
DEMO VESSEL 038,548000038,8500381,Philippines,Dredging,Port visit,2025-07-09 05:31:00,Asia/Manila,+08:00,14.77949,120.56838,39941
DEMO VESSEL 019,548000019,8500197,Philippines,Cargo,Encounter,05/07/2025 14:21,Asia/Manila,+08:00,14.64075,120.39766,11754
DEMO VESSEL 019,548000019,8500197,Philippines,Cargo,Loitering,10/07/2025 19:20,Asia/Manila,+08:00,14.87907,120.68277,22855
AIS TEST SHIP,100900301,,,,Encounter,2025-07-08 22:55:00,Asia/Manila,+08:00,14.83005,120.65305,26856
DEMO VESSEL 021,548000021,8500214,Belize,Dredging,Encounter,2025-07-24 08:24:00,UTC,+00:00,14.52551,120.55571,19336
DEMO VESSEL 036,548000036,8500367,Sierra Leone,Cargo,Encounter,2025-07-11 20:52:00,Asia/Manila,+08:00,14.56726,120.55844,26175
DEMO VESSEL 033,548000033,8500331,Philippines,Cargo,Fishing event,19/07/2025 19:23,Asia/Manila,+08:00,14.60405,120.80273,22126
DEMO VESSEL 005,548000005,1234568,Sierra Leone,Dredging,Port visit,10/06/2025 14:27,Asia/Manila,+08:00,14.88018,120.40957,9587
DEMO VESSEL 011,548000011,8500111,Philippines,Other,Fishing event,04/07/2025 05:06,Asia/Manila,+08:00,14.61795,120.87393,27725
DEMO VESSEL 001,548000001,8500018,Philippines,Dredging,Loitering,27/07/2025 17:28,Asia/Manila,+08:00,14.53227,120.45551,15979
DEMO VESSEL 039,548000039,8500393,Philippines,Dredging,Fishing event,2025-07-05 01:08:00,Asia/Manila,+08:00,14.60346,120.80171,39593
DEMO VESSEL 017,548000017,8500173,Philippines,Other,Loitering,2025-07-24 18:22:00,Asia/Manila,+08:00,14.88172,120.55484,9409
DEMO VESSEL 039,548000039,8500393,Philippines,Dredging,Port visit,2025-07-21 03:52:00,Asia/Manila,+08:00,14.28413,120.75465,14732
DEMO VESSEL 007,667000007,8500070,Sierra Leone,Cargo,Loitering,2025-07-24 10:00:00,Asia/Manila,+08:00,14.52067,120.70641,19083
DEMO VESSEL 006,548000006,64,Philippines,Dredging,Loitering,2025-07-05 00:18:00,UTC,+00:00,14.54297,120.75256,34356
DEMO VESSEL 020,548000020,8500202,Philippines,Other,Port visit,2025-07-08 11:30:00,Asia/Manila,+08:00,14.48207,120.42234,26300
DEMO VESSEL 012,548000012,8500123,Philippines,Dredging,Loitering,2025-07-08 16:38:00,Asia/Manila,+08:00,14.78821,120.80489,39886
DEMO VESSEL 035,548000035,8500355,Philippines,Other,Loitering,12/07/2025 09:43,UTC,+00:00,14.24169,120.71613,22330
DEMO VESSEL 014,548000014,8500147,Philippines,Cargo,Encounter,2025-07-07 11:26:00,UTC,+00:00,14.71584,120.5942,11192
DEMO VESSEL 029,548000029,8500290,Philippines,Other,Port visit,19/07/2025 23:39,Asia/Manila,+08:00,14.22375,120.48679,19164
DEMO VESSEL 036,548000036,8500367,Sierra Leone,Cargo,Loitering,2025-07-25 22:16:00,UTC,+00:00,14.79135,120.82112,3004
DEMO VESSEL 015,548000015,8500159,Philippines,Cargo,Fishing event,2025-07-13 20:31:00,Asia/Manila,+08:00,14.52945,120.85794,28518
DEMO VESSEL 007,548000007,8500070,Philippines,Cargo,Port visit,2025-07-16 02:13:00,UTC,+00:00,14.87719,120.38711,7873
DEMO VESSEL 013,548000013,8500135,Philippines,Other,Port visit,2025-07-25 15:03:00,UTC,+00:00,14.7923,120.71976,39602
DEMO VESSEL 012,548000012,8500123,Philippines,Dredging,Fishing event,2025-07-05 15:21:00,Asia/Manila,+08:00,14.87706,120.36735,29583
DEMO VESSEL 014,548000014,8500147,Philippines,Cargo,Fishing event,09/07/2025 00:27,Asia/Manila,+08:00,14.49581,120.5313,19761
demo vessel 027,548000027,8500276,Philippines,Cargo,Port visit,2025-07-18 03:39:00,UTC,+00:00,14.779,120.83494,29378
DEMO VESSEL 005,548000005,1234568,Sierra Leone,Dredging,Loitering,05/07/2025 04:30,Asia/Manila,+08:00,14.76489,120.87055,25924
DEMO VESSEL 031,548000031,8500317,Philippines,Cargo,Loitering,2025-07-08 21:45:00,Asia/Manila,+08:00,14.29495,120.87903,25344
DEMO VESSEL 015,548000015,8500159,Philippines,Cargo,Loitering,12/07/2025 05:30,Asia/Manila,+08:00,14.61699,120.64845,4310
DEMO VESSEL 039,548000039,8500393,Philippines,Dredging,Encounter,2025-07-27 17:42:00,UTC,+00:00,14.39337,120.30457,10671
DEMO VESSEL 003,548000003,8500032,Philippines,Cargo,Loitering,2025-07-05 09:45:00,UTC,+00:00,14.27657,120.70501,31489
DEMO VESSEL 021,548000021,8500214,Belize,Dredging,Fishing event,2025-07-27 07:41:00,UTC,+00:00,14.64659,120.59796,3254
DEMO VESSEL 023,548000023,8500238,Belize,Cargo,Encounter,2025-07-12 12:39:00,Asia/Manila,+08:00,14.72964,120.77085,4858
DEMO VESSEL 017,548000017,8500173,Philippines,Other,Encounter,2025-07-19 05:04:00,UTC,+00:00,14.52296,120.44852,21776
DEMO VESSEL 033,548000033,8500331,Philippines,Cargo,Port visit,2025-07-18 09:29:00,UTC,+00:00,14.68737,120.64579,13215
DEMO VESSEL 020,548000020,8500202,Philippines,Other,Encounter,2025-07-18 01:55:00,UTC,+00:00,14.47583,120.73588,16110
DEMO VESSEL 033,548000033,8500331,Philippines,Cargo,Fishing event,2025-07-20 17:28:00,Asia/Manila,+08:00,14.5737,120.75927,11012
demo vessel 038,548000038,8500381,Philippines,Dredging,Loitering,16/07/2025 06:12,Asia/Manila,+08:00,14.83506,120.65191,7355
DEMO VESSEL 015,548000015,8500159,Philippines,Cargo,Fishing event,2025-07-24 04:53:00,Asia/Manila,+08:00,14.37908,120.37373,38025
DEMO VESSEL 026,548000026,8500264,Philippines,Cargo,Encounter,2025-07-01 13:04:00,UTC,+00:00,14.86644,120.50478,37897
DEMO VESSEL 007,548000007,8500070,Philippines,Cargo,Encounter,2025-07-09 02:31:00,Asia/Manila,+08:00,14.22984,120.30788,29644
DEMO VESSEL 003,548000003,8500032,Philippines,Cargo,Loitering,19/07/2025 17:33,UTC,+00:00,14.60901,120.68188,27623
DEMO VESSEL 007,667000007,8500070,Sierra Leone,Cargo,Port visit,2025-07-04 06:52:00,UTC,+00:00,14.6589,120.71802,7604
DEMO VESSEL 013,548000013,8500135,Philippines,Other,Fishing event,13/07/2025 07:47,Asia/Manila,+08:00,14.76307,120.74349,12463
DEMO VESSEL 007,548000007,8500070,Philippines,Cargo,Encounter,27/07/2025 11:10,Asia/Manila,+08:00,14.46448,120.77244,39448
DEMO VESSEL 030,548000030,8500305,Philippines,Cargo,Fishing event,2025-07-06 18:01:00,Asia/Manila,+08:00,14.85618,120.34035,29263
DEMO VESSEL 015,548000015,8500159,Philippines,Cargo,Encounter,2025-07-23 09:16:00,Asia/Manila,+08:00,14.73344,120.64984,26071
DEMO VESSEL 007,667000007,8500070,Sierra Leone,Cargo,Loitering,25/07/2025 05:30,Asia/Manila,+08:00,14.28269,120.36254,6744
DEMO VESSEL 021,548000021,8500214,Belize,Dredging,Port visit,2025-07-07 08:57:00,Asia/Manila,+08:00,14.75901,120.87564,11607
demo vessel 006,548000006,64,Philippines,Dredging,Port visit,2025-07-26 23:02:00,Asia/Manila,+08:00,14.29015,120.76818,3929
DEMO VESSEL 024,548000024,8500240,Philippines,Cargo,Encounter,2025-07-22 17:57:00,UTC,+00:00,14.27734,120.43747,23494
AIS TEST SHIP,100900301,,,,Loitering,2025-07-14 20:36:00,Asia/Manila,+08:00,14.8797,120.76364,6936
DEMO VESSEL 038,548000038,8500381,Philippines,Dredging,Loitering,2025-07-08 05:36:00,Asia/Manila,+08:00,14.54746,120.6333,18816
AIS TEST SHIP,100900301,,,,Loitering,04/07/2025 21:04,UTC,+00:00,14.58029,120.42298,13600
DEMO VESSEL 028,548000028,8500288,Philippines,Other,Encounter,2025-07-03 04:19:00,Asia/Manila,+08:00,14.27854,120.73222,39275
DEMO VESSEL 037,548000037,8500379,Belize,Cargo,Port visit,19/07/2025 21:09,Asia/Manila,+08:00,14.82695,120.52479,37062
DEMO VESSEL 016,548000016,8500161,Philippines,Dredging,Fishing event,2025-07-13 07:14:00,Asia/Manila,+08:00,14.40498,120.84248,4481
DEMO VESSEL 010,548000010,8500109,Belize,Other,Encounter,15/07/2025 10:48,Asia/Manila,+08:00,14.65634,120.77395,14981
DEMOVESSEL003,548000003,8500032,Philippines,Cargo,Encounter,2025-07-03 17:41:00,Asia/Manila,+08:00,14.87547,120.78707,3973
DEMO VESSEL 007,548000007,8500070,Philippines,Cargo,Loitering,2025-07-13 03:02:00,Asia/Manila,+08:00,14.64197,120.70288,25612
DEMO VESSEL 005,548000005,1234568,Sierra Leone,Dredging,Loitering,07/07/2025 17:46,Asia/Manila,+08:00,14.22525,120.31202,32078
DEMO VESSEL 014,548000014,8500147,Philippines,Cargo,Encounter,2025-07-16 00:29:00,Asia/Manila,+08:00,14.68756,120.5085,13000
DEMO VESSEL 017,548000017,8500173,Philippines,Other,Encounter,2025-07-13 22:15:00,Asia/Manila,+08:00,14.78401,120.52292,23469
DEMO VESSEL 034,548000034,8500343,Belize,Cargo,Port visit,2025-07-16 09:52:00,Asia/Manila,+08:00,14.68938,120.67098,19684
DEMO VESSEL 021,548000021,8500214,Belize,Dredging,Loitering,2025-07-21 19:52:00,Asia/Manila,+08:00,14.63435,120.73689,17804
DEMO VESSEL 007,548000007,8500070,Philippines,Cargo,Fishing event,2025-07-11 07:26:00,Asia/Manila,+08:00,14.60549,120.49659,3521
DEMO VESSEL 004,548000004,,Philippines,Dredging,Encounter,2025-07-22 07:00:00,UTC,+00:00,14.21837,120.77431,22260
demo vessel 030,548000030,8500305,Philippines,Cargo,Loitering,05/07/2025 13:17,UTC,+00:00,14.70492,120.37145,1710
DEMO VESSEL 005,548000005,1234568,Sierra Leone,Dredging,Encounter,2025-07-12 06:26:00,Asia/Manila,+08:00,14.45422,120.36338,33219
DEMO VESSEL 023,548000023,8500238,Belize,Cargo,Port visit,2025-07-22 01:03:00,Asia/Manila,+08:00,14.21742,120.85172,14532
DEMO VESSEL 001,548000001,8500018,Philippines,Dredging,Port visit,2025-07-24 10:51:00,Asia/Manila,+08:00,14.33315,120.56917,5240
DEMO VESSEL 007,548000007,8500070,Philippines,Cargo,Encounter,2025-07-12 15:48:00,UTC,+00:00,14.82472,120.64273,14765
DEMO VESSEL 017,548000017,8500173,Philippines,Other,Loitering,2025-07-15 19:59:00,UTC,+00:00,14.41314,120.7059,31913
demo vessel 003,548000003,8500032,Philippines,Cargo,Loitering,2025-07-09 03:43:00,UTC,+00:00,14.56208,120.32608,35192
DEMO VESSEL 011,548000011,8500111,Philippines,Other,Port visit,2025-07-18 20:58:00,Asia/Manila,+08:00,14.31477,120.41556,14434
DEMO VESSEL 006,548000006,64,Philippines,Dredging,Loitering,21/07/2025 10:14,Asia/Manila,+08:00,14.79837,120.73402,21759
demo vessel 029,548000029,8500290,Philippines,Other,Port visit,2025-07-12 02:21:00,UTC,+00:00,14.66415,120.39132,34754
DEMO VESSEL 006,548000006,64,Philippines,Dredging,Loitering,2025-07-07 03:19:00,Asia/Manila,+08:00,14.81141,120.79322,10567
demo vessel 036,548000036,8500367,Sierra Leone,Cargo,Port visit,2025-07-21 01:06:00,Asia/Manila,+08:00,14.66313,120.38869,7131
AIS TEST SHIP,100900301,,,,Encounter,2025-07-02 10:30:00,UTC,+00:00,14.31329,120.32956,13146
DEMO VESSEL 027,548000027,8500276,Philippines,Cargo,Fishing event,2025-07-16 05:37:00,Asia/Manila,+08:00,14.51661,120.85257,38612
DEMO VESSEL 008,548000008,8500082,Belize,Dredging,Loitering,2025-07-18 04:56:00,Asia/Manila,+08:00,14.66122,120.4476,27106
DEMO VESSEL 011,548000011,8500111,Philippines,Other,Encounter,22/07/2025 21:38,Asia/Manila,+08:00,14.7084,120.54552,4454
DEMO VESSEL 021,548000021,8500214,Belize,Dredging,Port visit,22/07/2025 07:02,Asia/Manila,+08:00,14.82718,120.59812,1724
DEMO VESSEL 033,548000033,8500331,Philippines,Cargo,Encounter,11/07/2025 00:45,Asia/Manila,+08:00,14.40579,120.71997,23937
DEMO VESSEL 026,548000026,8500264,Philippines,Cargo,Fishing event,21/07/2025 05:29,Asia/Manila,+08:00,14.2528,120.69408,32115
DEMO VESSEL 021,548000021,8500214,Belize,Dredging,Encounter,21/07/2025 16:18,Asia/Manila,+08:00,14.32505,120.3377,19693
DEMO VESSEL 031,548000031,8500317,Philippines,Cargo,Fishing event,2025-07-13 23:45:00,UTC,+00:00,14.2469,120.62831,31552
DEMO VESSEL 003,548000003,8500032,Philippines,Cargo,Fishing event,2025-07-21 09:46:00,UTC,+00:00,14.46226,120.72243,29834
DEMO VESSEL 013,548000013,8500135,Philippines,Other,Encounter,2025-07-12 16:14:00,UTC,+00:00,14.50232,120.42125,28286
DEMO VESSEL 035,548000035,8500355,Philippines,Other,Fishing event,2025-07-18 18:55:00,Asia/Manila,+08:00,14.78478,120.89581,21119
DEMO VESSEL 013,548000013,8500135,Philippines,Other,Port visit,23/07/2025 15:53,UTC,+00:00,14.87045,120.89583,14487
DEMO VESSEL 038,548000038,8500381,Philippines,Dredging,Port visit,12/07/2025 04:34,Asia/Manila,+08:00,14.39989,120.628,17053
DEMO VESSEL 006,548000006,64,Philippines,Dredging,Loitering,2025-07-19 13:58:00,Asia/Manila,+08:00,14.63147,120.83374,395
DEMO VESSEL 011,548000011,8500111,Philippines,Other,Port visit,2025-07-25 05:47:00,Asia/Manila,+08:00,14.74556,120.54161,39956
DEMO VESSEL 016,548000016,8500161,Philippines,Dredging,Encounter,2025-07-14 04:20:00,UTC,+00:00,14.25821,120.41545,5485
DEMO VESSEL 006 ,548000006,64,Philippines,Dredging,Port visit,03/07/2025 03:05,Asia/Manila,+08:00,14.20594,120.62422,3665
DEMO VESSEL 040,548000040,8500408,Philippines,Other,Fishing event,2025-07-19 04:09:00,Asia/Manila,+08:00,14.22544,120.32479,816
DEMO VESSEL 025,548000025,8500252,Philippines,Dredging,Fishing event,07/07/2025 17:44,Asia/Manila,+08:00,14.23849,120.47793,26253
DEMO VESSEL 002,548000002,8500020,Philippines,Cargo,Encounter,2025-07-17 18:19:00,Asia/Manila,+08:00,14.232,120.86908,28720
AIS TEST SHIP,100900301,,,,Fishing event,20/07/2025 05:08,UTC,+00:00,14.78594,120.39265,15294
DEMO VESSEL 013,548000013,8500135,Philippines,Other,Loitering,16/07/2025 13:24,UTC,+00:00,14.57259,120.6242,5479
DEMO VESSEL 012,548000012,8500123,Philippines,Dredging,Loitering,25/07/2025 21:33,Asia/Manila,+08:00,14.73798,120.3007,930
DEMO VESSEL 002,548000002,8500020,Philippines,Cargo,Port visit,09/07/2025 02:25,UTC,+00:00,14.29126,120.38092,37076
demo vessel 020,548000020,8500202,Philippines,Other,Encounter,18/07/2025 12:26,Asia/Manila,+08:00,14.87091,120.8521,36748
DEMOVESSEL013,548000013,8500135,Philippines,Other,Loitering,17/07/2025 01:35,Asia/Manila,+08:00,14.41107,120.78212,3630
DEMO VESSEL 006,548000006,64,Philippines,Dredging,Port visit,2025-07-13 21:33:00,Asia/Manila,+08:00,14.34108,120.68103,32406
DEMO VESSEL 017,548000017,8500173,Philippines,Other,Fishing event,2025-07-21 14:55:00,Asia/Manila,+08:00,14.72525,120.85281,1658
demo vessel 036,548000036,8500367,Sierra Leone,Cargo,Port visit,2025-07-09 21:38:00,Asia/Manila,+08:00,14.47327,120.62232,6801
DEMO VESSEL 006,548000006,64,Philippines,Dredging,Port visit,12/07/2025 13:05,Asia/Manila,+08:00,14.43296,120.5152,3102
DEMO VESSEL 039,548000039,8500393,Philippines,Dredging,Port visit,2025-07-18 03:27:00,Asia/Manila,+08:00,14.50418,120.60213,29410
demo vessel 019,548000019,8500197,Philippines,Cargo,Port visit,2025-07-21 19:58:00,UTC,+00:00,14.23608,120.65664,8968
DEMO VESSEL 028,548000028,8500288,Philippines,Other,Encounter,05/07/2025 19:18,Asia/Manila,+08:00,14.52557,120.87035,21433
DEMO VESSEL 001,548000001,8500018,Philippines,Dredging,Loitering,2025-07-20 23:53:00,Asia/Manila,+08:00,14.55512,120.60583,1390
demo vessel 040,548000040,8500408,Philippines,Other,Port visit,2025-07-09 11:22:00,Asia/Manila,+08:00,14.85515,120.47093,10573
DEMO VESSEL 016,548000016,8500161,Philippines,Dredging,Loitering,2025-07-09 10:12:00,Asia/Manila,+08:00,14.50321,120.81972,2510
DEMO VESSEL 024,548000024,8500240,Philippines,Cargo,Encounter,2025-07-02 11:47:00,Asia/Manila,+08:00,14.87434,120.80987,19683
DEMO VESSEL 035,548000035,8500355,Philippines,Other,Encounter,2025-07-14 18:06:00,UTC,+00:00,14.59816,120.4182,6334
DEMO VESSEL 019,548000019,8500197,Philippines,Cargo,Port visit,2025-07-16 02:41:00,Asia/Manila,+08:00,14.31975,120.56346,24427
DEMO VESSEL 013,548000013,8500135,Philippines,Other,Fishing event,2025-07-12 08:00:00,Asia/Manila,+08:00,14.61807,120.6559,12096
DEMO VESSEL 025,548000025,8500252,Philippines,Dredging,Loitering,2025-07-21 20:43:00,Asia/Manila,+08:00,14.2025,120.42058,6076
DEMO VESSEL 031,548000031,8500317,Philippines,Cargo,Loitering,2025-07-03 07:22:00,Asia/Manila,+08:00,14.29721,120.71875,28756
DEMO VESSEL 017,548000017,8500173,Philippines,Other,Port visit,2025-07-17 13:54:00,Asia/Manila,+08:00,14.32219,120.56944,16127
DEMO VESSEL 031,548000031,8500317,Philippines,Cargo,Port visit,2025-07-03 01:26:00,UTC,+00:00,14.88551,120.82287,21553
DEMO VESSEL 019,548000019,8500197,Philippines,Cargo,Port visit,2025-07-14 10:48:00,Asia/Manila,+08:00,14.84079,120.63248,9242
DEMO VESSEL 001,548000001,8500018,Philippines,Dredging,Port visit,2025-07-15 10:10:00,Asia/Manila,+08:00,14.42707,120.86484,10616
DEMO VESSEL 026,548000026,8500264,Philippines,Cargo,Fishing event,22/07/2025 03:31,UTC,+00:00,14.33359,120.59903,37538
DEMO VESSEL 020,548000020,8500202,Philippines,Other,Loitering,2025-07-26 17:23:00,Asia/Manila,+08:00,14.26223,120.39694,23534
DEMO VESSEL 001,548000001,8500018,Philippines,Dredging,Encounter,2025-07-23 09:35:00,Asia/Manila,+08:00,14.66545,120.52749,26912
DEMO VESSEL 036,548000036,8500367,Sierra Leone,Cargo,Port visit,2025-07-04 03:57:00,UTC,+00:00,14.74942,120.56886,14349
DEMO VESSEL 002,548000002,8500020,Philippines,Cargo,Loitering,20/07/2025 18:40,Asia/Manila,+08:00,14.70958,120.79278,31866
DEMO VESSEL 036,548000036,8500367,Sierra Leone,Cargo,Fishing event,2025-07-24 23:36:00,Asia/Manila,+08:00,14.57261,120.75907,12269
DEMO VESSEL 002,548000002,8500020,Philippines,Cargo,Encounter,21/07/2025 00:51,Asia/Manila,+08:00,14.53017,120.66015,5545
DEMO VESSEL 027,548000027,8500276,Philippines,Cargo,Encounter,2025-07-22 15:05:00,UTC,+00:00,14.29436,120.57441,17278
DEMO VESSEL 017,548000017,8500173,Philippines,Other,Fishing event,27/07/2025 08:43,Asia/Manila,+08:00,14.29206,120.63947,29631
DEMO VESSEL 030,548000030,8500305,Philippines,Cargo,Fishing event,2025-07-22 13:00:00,Asia/Manila,+08:00,14.59476,120.73905,38066
DEMO VESSEL 037,548000037,8500379,Belize,Cargo,Port visit,2025-07-19 01:38:00,Asia/Manila,+08:00,14.62338,120.4957,13012
DEMO VESSEL 018,548000018,8500185,Philippines,Cargo,Port visit,24/07/2025 04:39,Asia/Manila,+08:00,14.7326,120.86393,9560
DEMO VESSEL 013,548000013,8500135,Philippines,Other,Port visit,2025-07-14 06:40:00,Asia/Manila,+08:00,14.88979,120.51168,25417
demo vessel 003,548000003,8500032,Philippines,Cargo,Encounter,2025-07-07 04:06:00,Asia/Manila,+08:00,14.39218,120.54503,7703
DEMO VESSEL 006,548000006,64,Philippines,Dredging,Loitering,21/07/2025 10:14,Asia/Manila,+08:00,14.79837,120.73402,21759
DEMO VESSEL 007,548000007,8500070,Philippines,Cargo,Encounter,2025-07-23 19:35:00,UTC,+00:00,14.55471,120.64033,22600
DEMO VESSEL 002,548000002,8500020,Philippines,Cargo,Encounter,2025-07-07 20:56:00,Asia/Manila,+08:00,14.76152,120.77691,31736
DEMO VESSEL 027,548000027,8500276,Philippines,Cargo,Port visit,2025-07-07 21:23:00,UTC,+00:00,14.2611,120.82237,20845
demo vessel 001,548000001,8500018,Philippines,Dredging,Encounter,2025-07-27 17:30:00,Asia/Manila,+08:00,14.65283,120.47167,18205
DEMO VESSEL 006,548000006,64,Philippines,Dredging,Port visit,04/07/2025 14:32,UTC,+00:00,14.7042,120.61468,2041
DEMO VESSEL 030,548000030,8500305,Philippines,Cargo,Loitering,2025-07-16 18:18:00,Asia/Manila,+08:00,14.82522,120.30363,18445
DEMO VESSEL 013,548000013,8500135,Philippines,Other,Loitering,2025-07-12 19:38:00,Asia/Manila,+08:00,14.29289,120.31137,6570
DEMO VESSEL 016,548000016,8500161,Philippines,Dredging,Fishing event,12/07/2025 18:22,Asia/Manila,+08:00,14.65747,120.3165,24380
DEMO VESSEL 019,548000019,8500197,Philippines,Cargo,Port visit,2025-07-07 07:08:00,Asia/Manila,+08:00,14.20266,120.60946,20339
DEMO VESSEL 007,667000007,8500070,Sierra Leone,Cargo,Fishing event,2025-07-01 06:03:00,Asia/Manila,+08:00,14.24544,120.30476,35166
DEMO VESSEL 006,548000006,64,Philippines,Dredging,Encounter,2025-07-06 08:05:00,Asia/Manila,+08:00,14.73305,120.73345,25798
DEMO VESSEL 027,548000027,8500276,Philippines,Cargo,Fishing event,2025-07-04 20:57:00,UTC,+00:00,14.44952,120.35489,2273
DEMO VESSEL 027,548000027,8500276,Philippines,Cargo,Port visit,2025-07-23 20:40:00,UTC,+00:00,14.76095,120.55293,28851
DEMOVESSEL003,548000003,8500032,Philippines,Cargo,Encounter,2025-07-18 19:30:00,Asia/Manila,+08:00,14.7004,120.41743,32507
DEMO VESSEL 014,548000014,8500147,Philippines,Cargo,Encounter,2025-07-20 12:04:00,Asia/Manila,+08:00,14.30173,120.72541,36871
DEMO VESSEL 009,548000009,8500094,Belize,Cargo,Encounter,2025-07-20 21:27:00,Asia/Manila,+08:00,14.48456,120.45196,11801
DEMO VESSEL 031,548000031,8500317,Philippines,Cargo,Fishing event,17/07/2025 08:04,Asia/Manila,+08:00,14.49913,120.82381,11365
DEMO VESSEL 021,548000021,8500214,Belize,Dredging,Encounter,2025-07-22 17:32:00,UTC,+00:00,14.7002,120.46964,2292
DEMO VESSEL 036,548000036,8500367,Sierra Leone,Cargo,Loitering,2025-06-27 08:44:00,UTC,+00:00,14.42638,120.53333,7226
DEMO VESSEL 037,548000037,8500379,Belize,Cargo,Fishing event,2025-06-11 03:54:00,UTC,+00:00,14.54295,120.5577,18318
DEMO VESSEL 016,548000016,8500161,Philippines,Dredging,Port visit,2025-07-24 06:24:00,Asia/Manila,+08:00,14.45182,120.88849,4272
DEMO VESSEL 003,548000003,8500032,Philippines,Cargo,Encounter,2025-07-16 04:29:00,Asia/Manila,+08:00,14.87911,120.62769,31358
DEMOVESSEL040,548000040,8500408,Philippines,Other,Encounter,2025-07-10 01:02:00,UTC,+00:00,14.62729,120.5673,12055
DEMO VESSEL 003,548000003,8500032,Philippines,Cargo,Fishing event,2025-07-14 12:47:00,Asia/Manila,+08:00,14.41547,120.89251,25519
DEMO VESSEL 033,548000033,8500331,Philippines,Cargo,Port visit,2025-07-24 18:24:00,Asia/Manila,+08:00,14.27868,120.66639,30040
DEMOVESSEL030,548000030,8500305,Philippines,Cargo,Encounter,2025-07-05 11:05:00,Asia/Manila,+08:00,14.29988,120.53768,23725
DEMO VESSEL 032,548000032,8500329,Philippines,Cargo,Encounter,2025-07-26 07:52:00,Asia/Manila,+08:00,14.70397,120.44231,30063
DEMO VESSEL 017 ,548000017,8500173,Philippines,Other,Port visit,2025-07-24 09:18:00,Asia/Manila,+08:00,14.44298,120.78325,17009
DEMO VESSEL 037,548000037,8500379,Belize,Cargo,Fishing event,2025-07-05 20:03:00,Asia/Manila,+08:00,14.5535,120.68423,14636
DEMO VESSEL 017,548000017,8500173,Philippines,Other,Port visit,2025-07-17 21:39:00,UTC,+00:00,14.26219,120.74812,35627
DEMO VESSEL 005,548000005,1234568,Sierra Leone,Dredging,Fishing event,2025-07-21 18:18:00,UTC,+00:00,14.39978,120.55591,16793
DEMO VESSEL 019,548000019,8500197,Philippines,Cargo,Port visit,2025-07-11 06:48:00,Asia/Manila,+08:00,14.23673,120.4068,15731
DEMO VESSEL 011,548000011,8500111,Philippines,Other,Loitering,2025-07-25 17:34:00,Asia/Manila,+08:00,14.32327,120.32056,10562
DEMO VESSEL 039 ,548000039,8500393,Philippines,Dredging,Port visit,2025-07-09 11:17:00,Asia/Manila,+08:00,14.69729,120.88217,34157
DEMO VESSEL 008,548000008,8500082,Belize,Dredging,Port visit,2025-07-22 23:28:00,Asia/Manila,+08:00,14.34415,120.80336,38171
AIS TEST SHIP,100900301,,,,Loitering,2025-07-20 13:06:00,Asia/Manila,+08:00,14.6129,120.33981,31434
DEMO VESSEL 019,548000019,8500197,Philippines,Cargo,Loitering,2025-07-11 07:22:00,Asia/Manila,+08:00,14.85191,120.56458,29915
DEMO VESSEL 013,548000013,8500135,Philippines,Other,Fishing event,2025-07-08 15:57:00,Asia/Manila,+08:00,14.41407,120.80476,1358
DEMO VESSEL 037,548000037,8500379,Belize,Cargo,Encounter,12/07/2025 22:57,UTC,+00:00,14.56833,120.36223,39680
DEMO VESSEL 023 ,548000023,8500238,Belize,Cargo,Encounter,01/07/2025 23:04,UTC,+00:00,14.3103,120.87011,31172
DEMO VESSEL 033,548000033,8500331,Philippines,Cargo,Encounter,04/07/2025 16:13,Asia/Manila,+08:00,14.38168,120.88663,30990
DEMO VESSEL 040,548000040,8500408,Philippines,Other,Encounter,20/07/2025 03:45,UTC,+00:00,14.33335,120.83026,3806
DEMO VESSEL 001,548000001,8500018,Philippines,Dredging,Loitering,2025-07-19 12:45:00,UTC,+00:00,14.48352,120.87972,24014
DEMO VESSEL 029,548000029,8500290,Philippines,Other,Encounter,2025-06-06 07:11:00,Asia/Manila,+08:00,14.63633,120.75514,6891
DEMO VESSEL 009,548000009,8500094,Belize,Cargo,Encounter,2025-07-02 01:11:00,Asia/Manila,+08:00,14.87126,120.55904,1536
AIS TEST SHIP,100900301,,,,Port visit,2025-07-17 02:33:00,Asia/Manila,+08:00,14.32145,120.4543,12286
DEMO VESSEL 009,548000009,8500094,Belize,Cargo,Loitering,2025-07-20 16:44:00,Asia/Manila,+08:00,14.27198,120.35605,34205
DEMO VESSEL 007 ,667000007,8500070,Sierra Leone,Cargo,Encounter,2025-07-22 06:00:00,UTC,+00:00,14.22466,120.48058,23331
DEMO VESSEL 034,548000034,8500343,Belize,Cargo,Fishing event,2025-07-19 19:24:00,Asia/Manila,+08:00,14.71023,120.73554,26649
DEMO VESSEL 029,548000029,8500290,Philippines,Other,Fishing event,2025-07-05 07:54:00,Asia/Manila,+08:00,14.72791,120.60592,9489
DEMO VESSEL 005,548000005,1234568,Sierra Leone,Dredging,Encounter,2025-07-19 09:00:00,UTC,+00:00,14.35766,120.55629,35189
DEMO VESSEL 020,548000020,8500202,Philippines,Other,Port visit,12/07/2025 13:48,Asia/Manila,+08:00,14.74133,120.82602,15576
DEMO VESSEL 016,548000016,8500161,Philippines,Dredging,Encounter,2025-07-02 10:16:00,Asia/Manila,+08:00,14.42178,120.50996,26561
DEMO VESSEL 021,548000021,8500214,Belize,Dredging,Encounter,2025-07-22 05:30:00,Asia/Manila,+08:00,14.55109,120.64228,20608
DEMO VESSEL 023,548000023,8500238,Belize,Cargo,Loitering,2025-07-07 19:57:00,Asia/Manila,+08:00,14.64219,120.67169,26073
DEMO VESSEL 031,548000031,8500317,Philippines,Cargo,Fishing event,15/07/2025 07:25,Asia/Manila,+08:00,14.42823,120.78265,17530
DEMO VESSEL 013,548000013,8500135,Philippines,Other,Fishing event,2025-07-10 20:09:00,Asia/Manila,+08:00,14.20717,120.39156,36706
DEMO VESSEL 018,548000018,8500185,Philippines,Cargo,Port visit,2025-07-21 02:18:00,Asia/Manila,+08:00,14.24106,120.69945,31656
DEMO VESSEL 007,548000007,8500070,Philippines,Cargo,Port visit,2025-07-12 22:52:00,UTC,+00:00,14.7346,120.66698,21512
DEMO VESSEL 008,548000008,8500082,Belize,Dredging,Encounter,15/07/2025 04:43,UTC,+00:00,14.48289,120.85477,19759
DEMO VESSEL 002 ,548000002,8500020,Philippines,Cargo,Encounter,2025-07-11 14:01:00,Asia/Manila,+08:00,14.82763,120.83748,11047
DEMO VESSEL 038,548000038,8500381,Philippines,Dredging,Encounter,2025-07-16 16:35:00,Asia/Manila,+08:00,14.45005,120.34658,38976
DEMO VESSEL 020,548000020,8500202,Philippines,Other,Port visit,2025-07-21 13:48:00,Asia/Manila,+08:00,14.51501,120.89522,16639
DEMO VESSEL 007 ,667000007,8500070,Sierra Leone,Cargo,Port visit,04/07/2025 14:56,UTC,+00:00,14.22477,120.88788,9094
DEMO VESSEL 029,548000029,8500290,Philippines,Other,Encounter,2025-07-02 13:49:00,Asia/Manila,+08:00,14.58938,120.77049,9753
DEMO VESSEL 037,548000037,8500379,Belize,Cargo,Fishing event,2025-07-08 18:57:00,Asia/Manila,+08:00,14.25066,120.47356,2503
AIS TEST SHIP,100900301,,,,Encounter,2025-07-10 16:07:00,UTC,+00:00,14.27224,120.58284,9466
DEMO VESSEL 037,548000037,8500379,Belize,Cargo,Fishing event,18/07/2025 09:00,UTC,+00:00,14.51499,120.39454,8562
DEMO VESSEL 038,548000038,8500381,Philippines,Dredging,Port visit,2025-07-25 01:30:00,Asia/Manila,+08:00,14.8793,120.87734,16819
DEMO VESSEL 027,548000027,8500276,Philippines,Cargo,Fishing event,16/07/2025 16:26,Asia/Manila,+08:00,14.55015,120.46785,8691
DEMO VESSEL 009,548000009,8500094,Belize,Cargo,Encounter,2025-07-03 07:26:00,Asia/Manila,+08:00,14.82924,120.33515,13043
DEMO VESSEL 013,548000013,8500135,Philippines,Other,Encounter,2025-07-23 05:37:00,Asia/Manila,+08:00,14.81973,120.86152,7962
DEMO VESSEL 029,548000029,8500290,Philippines,Other,Encounter,03/07/2025 17:54,Asia/Manila,+08:00,14.42169,120.8379,30268
DEMO VESSEL 007,548000007,8500070,Philippines,Cargo,Loitering,2025-07-06 18:59:00,UTC,+00:00,14.56709,120.44673,26627
DEMO VESSEL 028,548000028,8500288,Philippines,Other,Encounter,2025-07-05 00:33:00,Asia/Manila,+08:00,14.60382,120.66962,34355
DEMO VESSEL 018,548000018,8500185,Philippines,Cargo,Encounter,2025-07-18 04:36:00,Asia/Manila,+08:00,14.58574,120.32493,30503
DEMO VESSEL 039,548000039,8500393,Philippines,Dredging,Loitering,2025-07-21 04:12:00,Asia/Manila,+08:00,14.4763,120.83438,25694
DEMO VESSEL 011,548000011,8500111,Philippines,Other,Port visit,2025-07-15 10:28:00,UTC,+00:00,14.88779,120.35296,1500
DEMO VESSEL 034,548000034,8500343,Belize,Cargo,Fishing event,07/07/2025 05:54,Asia/Manila,+08:00,14.87073,120.88039,29274
DEMO VESSEL 016,548000016,8500161,Philippines,Dredging,Encounter,2025-07-22 17:05:00,UTC,+00:00,14.23086,120.62092,38099
DEMO VESSEL 013,548000013,8500135,Philippines,Other,Port visit,2025-07-27 18:10:00,Asia/Manila,+08:00,14.39776,120.61644,4178
DEMO VESSEL 037,548000037,8500379,Belize,Cargo,Encounter,2025-07-26 23:38:00,UTC,+00:00,14.63952,120.40901,37736
DEMOVESSEL027,548000027,8500276,Philippines,Cargo,Fishing event,2025-07-11 10:32:00,Asia/Manila,+08:00,14.61964,120.54559,18958
DEMO VESSEL 028,548000028,8500288,Philippines,Other,Loitering,2025-07-15 17:14:00,Asia/Manila,+08:00,14.79503,120.5047,32288
DEMO VESSEL 031,548000031,8500317,Philippines,Cargo,Port visit,19/07/2025 12:06,Asia/Manila,+08:00,14.53191,120.79315,25948
DEMO VESSEL 016,548000016,8500161,Philippines,Dredging,Encounter,2025-07-22 09:16:00,Asia/Manila,+08:00,14.73919,120.87745,3326
DEMO VESSEL 008,548000008,8500082,Belize,Dredging,Encounter,04/07/2025 03:46,Asia/Manila,+08:00,14.25774,120.35767,17282
DEMO VESSEL 037,548000037,8500379,Belize,Cargo,Encounter,05/07/2025 13:31,Asia/Manila,+08:00,14.82614,120.34706,29882
DEMO VESSEL 013,548000013,8500135,Philippines,Other,Port visit,2025-07-18 18:29:00,Asia/Manila,+08:00,14.8551,120.79386,10457
DEMO VESSEL 032 ,548000032,8500329,Philippines,Cargo,Encounter,2025-07-04 21:48:00,UTC,+00:00,14.85087,120.46735,26251
DEMO VESSEL 022,548000022,8500226,Sierra Leone,Dredging,Fishing event,2025-07-24 09:39:00,Asia/Manila,+08:00,14.30344,120.55959,1563
DEMO VESSEL 008,548000008,8500082,Belize,Dredging,Fishing event,09/07/2025 04:31,UTC,+00:00,14.2856,120.58348,9266
DEMO VESSEL 019,548000019,8500197,Philippines,Cargo,Encounter,2025-07-12 12:10:00,Asia/Manila,+08:00,14.31977,120.86101,19763
DEMO VESSEL 033,548000033,8500331,Philippines,Cargo,Encounter,2025-07-08 20:50:00,Asia/Manila,+08:00,14.3657,120.89496,31120
DEMO VESSEL 027,548000027,8500276,Philippines,Cargo,Loitering,2025-07-17 01:11:00,Asia/Manila,+08:00,14.84461,120.50606,21877
DEMO VESSEL 030,548000030,8500305,Philippines,Cargo,Encounter,2025-07-01 05:36:00,UTC,+00:00,14.69106,120.87391,30189
DEMO VESSEL 007,548000007,8500070,Philippines,Cargo,Port visit,2025-07-19 13:58:00,Asia/Manila,+08:00,14.4708,120.56354,31690
AIS TEST SHIP,100900301,,,,Encounter,2025-07-12 19:48:00,Asia/Manila,+08:00,14.59551,120.33404,39736
DEMO VESSEL 012,548000012,8500123,Philippines,Dredging,Loitering,2025-07-21 02:08:00,Asia/Manila,+08:00,14.8236,120.67556,6920
DEMO VESSEL 007 ,548000007,8500070,Philippines,Cargo,Fishing event,06/07/2025 00:23,Asia/Manila,+08:00,14.86675,120.653,3319
DEMO VESSEL 014,548000014,8500147,Philippines,Cargo,Encounter,2025-07-16 08:44:00,Asia/Manila,+08:00,14.72157,120.48981,29358
DEMO VESSEL 016,548000016,8500161,Philippines,Dredging,Port visit,2025-07-16 08:00:00,Asia/Manila,+08:00,14.71054,120.68759,2622
DEMO VESSEL 029,548000029,8500290,Philippines,Other,Encounter,2025-07-23 13:13:00,Asia/Manila,+08:00,14.49914,120.63802,33158
DEMO VESSEL 034,548000034,8500343,Belize,Cargo,Loitering,2025-07-10 05:19:00,Asia/Manila,+08:00,14.36785,120.45416,27772
DEMO VESSEL 015,548000015,8500159,Philippines,Cargo,Port visit,2025-07-09 21:24:00,Asia/Manila,+08:00,14.85696,120.78272,9549
DEMO VESSEL 018,548000018,8500185,Philippines,Cargo,Encounter,2025-07-10 02:31:00,UTC,+00:00,14.68955,120.3773,35822
DEMO VESSEL 036,548000036,8500367,Sierra Leone,Cargo,Loitering,20/07/2025 22:18,Asia/Manila,+08:00,14.31592,120.67996,15802
DEMO VESSEL 013,548000013,8500135,Philippines,Other,Fishing event,12/07/2025 06:51,Asia/Manila,+08:00,14.77193,120.86906,32834
DEMOVESSEL040,548000040,8500408,Philippines,Other,Port visit,2025-07-14 18:43:00,Asia/Manila,+08:00,14.55153,120.4009,33997
DEMO VESSEL 007,548000007,8500070,Philippines,Cargo,Port visit,2025-07-03 01:35:00,UTC,+00:00,14.33121,120.66428,13400
DEMO VESSEL 027,548000027,8500276,Philippines,Cargo,Fishing event,2025-07-12 20:03:00,Asia/Manila,+08:00,14.81882,120.44,10134
DEMO VESSEL 034,548000034,8500343,Belize,Cargo,Encounter,22/07/2025 12:15,Asia/Manila,+08:00,14.4198,120.41255,24201
DEMO VESSEL 017,548000017,8500173,Philippines,Other,Loitering,2025-07-20 10:38:00,UTC,+00:00,14.59424,120.40803,14615
DEMO VESSEL 016,548000016,8500161,Philippines,Dredging,Encounter,2025-07-06 08:28:00,Asia/Manila,+08:00,14.50212,120.46201,4272
AIS TEST SHIP ,100900301,,,,Fishing event,2025-07-15 21:45:00,Asia/Manila,+08:00,14.24308,120.35061,35232
DEMO VESSEL 038,548000038,8500381,Philippines,Dredging,Port visit,2025-07-19 10:45:00,UTC,+00:00,14.78688,120.84148,26086
DEMO VESSEL 015,548000015,8500159,Philippines,Cargo,Port visit,2025-07-05 05:54:00,UTC,+00:00,14.71677,120.48721,37953
DEMO VESSEL 019,548000019,8500197,Philippines,Cargo,Encounter,08/07/2025 16:23,UTC,+00:00,14.66026,120.38882,15149
DEMO VESSEL 014,548000014,8500147,Philippines,Cargo,Port visit,2025-07-10 06:03:00,Asia/Manila,+08:00,14.5303,120.62707,38988
DEMO VESSEL 030,548000030,8500305,Philippines,Cargo,Loitering,2025-07-03 19:33:00,Asia/Manila,+08:00,14.48601,120.79655,33672
DEMO VESSEL 024,548000024,8500240,Philippines,Cargo,Port visit,2025-07-22 12:52:00,Asia/Manila,+08:00,14.77812,120.306,37243
DEMOVESSEL037,548000037,8500379,Belize,Cargo,Fishing event,2025-07-09 15:08:00,Asia/Manila,+08:00,14.8574,120.52446,10803
DEMO VESSEL 035,548000035,8500355,Philippines,Other,Fishing event,2025-07-02 10:55:00,Asia/Manila,+08:00,14.4481,120.35692,10491
AIS TEST SHIP,100900301,,,,Loitering,2025-07-07 13:44:00,UTC,+00:00,14.39135,120.8147,15244
DEMOVESSEL008,548000008,8500082,Belize,Dredging,Encounter,19/07/2025 01:47,UTC,+00:00,14.65856,120.59737,21023
DEMO VESSEL 024,548000024,8500240,Philippines,Cargo,Encounter,2025-07-08 22:33:00,Asia/Manila,+08:00,14.61611,120.35196,508
DEMO VESSEL 005,548000005,1234568,Sierra Leone,Dredging,Port visit,2025-07-26 21:14:00,Asia/Manila,+08:00,14.25559,120.49224,32760
DEMO VESSEL 040,548000040,8500408,Philippines,Other,Loitering,2025-07-07 01:47:00,Asia/Manila,+08:00,14.39747,120.48914,39054
DEMO VESSEL 013,548000013,8500135,Philippines,Other,Loitering,26/07/2025 05:07,UTC,+00:00,14.86942,120.69814,27472
DEMO VESSEL 037,548000037,8500379,Belize,Cargo,Fishing event,2025-07-06 15:47:00,Asia/Manila,+08:00,14.26104,120.34965,26602
DEMO VESSEL 005,548000005,1234568,Sierra Leone,Dredging,Port visit,2025-07-21 19:21:00,UTC,+00:00,14.59036,120.50577,30574
DEMO VESSEL 028,548000028,8500288,Philippines,Other,Loitering,05/07/2025 08:09,UTC,+00:00,14.88019,120.79169,18468
DEMO VESSEL 016,548000016,8500161,Philippines,Dredging,Loitering,21/07/2025 03:05,Asia/Manila,+08:00,14.22466,120.714,11932
DEMO VESSEL 025,548000025,8500252,Philippines,Dredging,Loitering,2025-07-13 05:09:00,UTC,+00:00,14.63516,120.67642,22361
demo vessel 015,548000015,8500159,Philippines,Cargo,Fishing event,2025-07-07 00:03:00,UTC,+00:00,14.30157,120.85535,25783
DEMO VESSEL 033,548000033,8500331,Philippines,Cargo,Fishing event,2025-07-16 19:18:00,UTC,+00:00,14.78136,120.64379,7372
DEMO VESSEL 025,548000025,8500252,Philippines,Dredging,Loitering,2025-07-16 13:59:00,UTC,+00:00,14.63102,120.33267,1258
DEMO VESSEL 019,548000019,8500197,Philippines,Cargo,Fishing event,2025-07-22 00:54:00,UTC,+00:00,14.6693,120.65218,11561
DEMO VESSEL 017,548000017,8500173,Philippines,Other,Fishing event,2025-07-08 21:33:00,Asia/Manila,+08:00,14.34043,120.66301,1064
DEMO VESSEL 001,548000001,8500018,Philippines,Dredging,Encounter,2025-07-13 12:35:00,UTC,+00:00,14.20662,120.40283,37383
DEMO VESSEL 007,548000007,8500070,Philippines,Cargo,Fishing event,03/07/2025 10:46,Asia/Manila,+08:00,14.23152,120.49105,24436
DEMO VESSEL 018,548000018,8500185,Philippines,Cargo,Fishing event,2025-07-02 11:00:00,Asia/Manila,+08:00,14.72611,120.65062,38393
DEMO VESSEL 009,548000009,8500094,Belize,Cargo,Encounter,2025-07-10 09:39:00,UTC,+00:00,14.20348,120.45823,11694
DEMO VESSEL 001 ,548000001,8500018,Philippines,Dredging,Encounter,2025-07-05 11:32:00,Asia/Manila,+08:00,14.52653,120.46048,25475
DEMO VESSEL 013,548000013,8500135,Philippines,Other,Fishing event,2025-07-20 09:43:00,UTC,+00:00,14.32459,120.55755,19176
DEMO VESSEL 018,548000018,8500185,Philippines,Cargo,Encounter,2025-07-14 10:32:00,UTC,+00:00,14.31205,120.48626,36499
AIS TEST SHIP,100900301,,,,Encounter,04/07/2025 02:03,Asia/Manila,+08:00,14.6638,120.63053,30213
AIS TEST SHIP,100900301,,,,Fishing event,22/07/2025 05:28,Asia/Manila,+08:00,14.25011,120.85735,13440
DEMO VESSEL 017,548000017,8500173,Philippines,Other,Loitering,2025-07-14 09:34:00,UTC,+00:00,14.28052,120.62737,3344
demo vessel 033,548000033,8500331,Philippines,Cargo,Port visit,2025-07-03 15:00:00,Asia/Manila,+08:00,14.53025,120.40729,37811
DEMO VESSEL 023,548000023,8500238,Belize,Cargo,Encounter,2025-07-13 02:53:00,UTC,+00:00,14.35576,120.89272,948
DEMO VESSEL 038,548000038,8500381,Philippines,Dredging,Loitering,14/07/2025 22:28,Asia/Manila,+08:00,14.45721,120.52296,29272
DEMO VESSEL 022,548000022,8500226,Sierra Leone,Dredging,Loitering,2025-07-03 01:34:00,Asia/Manila,+08:00,14.34069,120.68701,7114
DEMO VESSEL 039,548000039,8500393,Philippines,Dredging,Fishing event,13/07/2025 07:04,UTC,+00:00,14.52661,120.36802,19766
DEMO VESSEL 012,548000012,8500123,Philippines,Dredging,Fishing event,2025-07-22 13:19:00,Asia/Manila,+08:00,14.28191,120.64337,33928
DEMO VESSEL 035,548000035,8500355,Philippines,Other,Encounter,20/07/2025 21:58,Asia/Manila,+08:00,14.43101,120.58189,2300
AIS TEST SHIP,100900301,,,,Fishing event,2025-07-24 14:17:00,Asia/Manila,+08:00,14.6059,120.33579,28656
DEMO VESSEL 009,548000009,8500094,Belize,Cargo,Encounter,11/07/2025 10:48,Asia/Manila,+08:00,14.44645,120.89472,674
DEMO VESSEL 028,548000028,8500288,Philippines,Other,Fishing event,2025-07-04 08:21:00,Asia/Manila,+08:00,14.64916,120.8481,15323
DEMO VESSEL 011 ,548000011,8500111,Philippines,Other,Loitering,2025-07-17 01:50:00,Asia/Manila,+08:00,14.89223,120.83615,17153
DEMO VESSEL 017,548000017,8500173,Philippines,Other,Port visit,13/07/2025 17:31,Asia/Manila,+08:00,14.24018,120.68438,29270
DEMO VESSEL 004,548000004,,Philippines,Dredging,Port visit,2025-07-14 17:31:00,UTC,+00:00,14.77498,120.53078,6018
DEMO VESSEL 007,667000007,8500070,Sierra Leone,Cargo,Encounter,2025-07-27 17:18:00,Asia/Manila,+08:00,14.82285,120.78449,19838
DEMO VESSEL 007,667000007,8500070,Sierra Leone,Cargo,Fishing event,05/07/2025 20:32,Asia/Manila,+08:00,14.83591,120.32001,20377
DEMO VESSEL 034,548000034,8500343,Belize,Cargo,Loitering,06/07/2025 22:48,Asia/Manila,+08:00,14.43547,120.71391,32528
DEMO VESSEL 018,548000018,8500185,Philippines,Cargo,Encounter,2025-07-13 02:53:00,UTC,+00:00,14.21131,120.56773,7976
DEMO VESSEL 001,548000001,8500018,Philippines,Dredging,Port visit,12/07/2025 21:48,UTC,+00:00,14.70474,120.88104,10440
DEMO VESSEL 005,548000005,1234568,Sierra Leone,Dredging,Encounter,2025-07-22 07:01:00,Asia/Manila,+08:00,14.35057,120.81059,17444
DEMO VESSEL 038,548000038,8500381,Philippines,Dredging,Encounter,12/07/2025 10:02,Asia/Manila,+08:00,14.2367,120.72113,31636
DEMO VESSEL 029,548000029,8500290,Philippines,Other,Port visit,17/07/2025 20:05,Asia/Manila,+08:00,14.79347,120.77769,5111
DEMO VESSEL 006 ,548000006,64,Philippines,Dredging,Encounter,04/07/2025 08:41,UTC,+00:00,14.26544,120.85414,39511
DEMO VESSEL 004,548000004,,Philippines,Dredging,Fishing event,2025-07-21 11:30:00,Asia/Manila,+08:00,14.31222,120.32677,7262
DEMO VESSEL 035 ,548000035,8500355,Philippines,Other,Loitering,2025-07-15 11:08:00,Asia/Manila,+08:00,14.68682,120.31238,11247
DEMO VESSEL 021,548000021,8500214,Belize,Dredging,Loitering,2025-07-10 12:34:00,UTC,+00:00,14.47758,120.68129,8171
DEMO VESSEL 036,548000036,8500367,Sierra Leone,Cargo,Port visit,2025-07-16 16:08:00,Asia/Manila,+08:00,14.84567,120.59682,13587
DEMO VESSEL 019,548000019,8500197,Philippines,Cargo,Fishing event,05/07/2025 18:08,Asia/Manila,+08:00,14.37167,120.73425,16016
DEMO VESSEL 037,548000037,8500379,Belize,Cargo,Port visit,2025-07-06 15:58:00,Asia/Manila,+08:00,14.28793,120.78737,25460
DEMO VESSEL 037,548000037,8500379,Belize,Cargo,Encounter,2025-07-06 11:19:00,Asia/Manila,+08:00,14.68184,120.43647,33250
DEMO VESSEL 011,548000011,8500111,Philippines,Other,Loitering,2025-07-14 06:37:00,Asia/Manila,+08:00,14.53038,120.61469,13602
DEMO VESSEL 031,548000031,8500317,Philippines,Cargo,Fishing event,2025-07-19 14:26:00,UTC,+00:00,14.59929,120.3061,26531
DEMO VESSEL 028,548000028,8500288,Philippines,Other,Loitering,25/07/2025 06:39,UTC,+00:00,14.88791,120.48714,32787
DEMO VESSEL 035,548000035,8500355,Philippines,Other,Port visit,2025-07-12 20:58:00,Asia/Manila,+08:00,14.84954,120.88806,6958
DEMO VESSEL 038,548000038,8500381,Philippines,Dredging,Port visit,24/07/2025 22:16,Asia/Manila,+08:00,14.31697,120.65162,9643
DEMO VESSEL 028,548000028,8500288,Philippines,Other,Fishing event,2025-07-23 14:44:00,Asia/Manila,+08:00,14.6176,120.80218,34234
DEMO VESSEL 022,548000022,8500226,Sierra Leone,Dredging,Fishing event,18/07/2025 05:54,Asia/Manila,+08:00,14.42399,120.39119,3056
DEMO VESSEL 028,548000028,8500288,Philippines,Other,Fishing event,27/07/2025 19:15,Asia/Manila,+08:00,14.70185,120.77977,34448
DEMO VESSEL 007,667000007,8500070,Sierra Leone,Cargo,Port visit,2025-07-11 20:30:00,Asia/Manila,+08:00,14.57582,120.35819,31385
DEMO VESSEL 024,548000024,8500240,Philippines,Cargo,Fishing event,2025-07-06 18:45:00,Asia/Manila,+08:00,14.26877,120.74727,39103
DEMO VESSEL 005,548000005,1234568,Sierra Leone,Dredging,Fishing event,2025-07-07 20:01:00,Asia/Manila,+08:00,14.63394,120.89935,21600
DEMO VESSEL 007,548000007,8500070,Philippines,Cargo,Port visit,27/07/2025 05:56,Asia/Manila,+08:00,14.56196,120.60881,11295
DEMOVESSEL024,548000024,8500240,Philippines,Cargo,Port visit,17/07/2025 21:32,Asia/Manila,+08:00,14.77599,120.86288,15055
DEMO VESSEL 036,548000036,8500367,Sierra Leone,Cargo,Loitering,2025-07-17 22:17:00,UTC,+00:00,14.74823,120.62599,13993
DEMOVESSEL010,548000010,8500109,Belize,Other,Encounter,2025-07-01 12:02:00,Asia/Manila,+08:00,14.32145,120.86118,19989
DEMO VESSEL 028,548000028,8500288,Philippines,Other,Port visit,05/07/2025 11:14,Asia/Manila,+08:00,14.34961,120.45831,9066
DEMO VESSEL 032,548000032,8500329,Philippines,Cargo,Encounter,09/07/2025 13:23,Asia/Manila,+08:00,14.24683,120.81967,25262
DEMO VESSEL 004 ,548000004,,Philippines,Dredging,Port visit,2025-07-16 18:55:00,Asia/Manila,+08:00,14.30608,120.57786,14432
DEMO VESSEL 008,548000008,8500082,Belize,Dredging,Fishing event,2025-07-18 00:25:00,UTC,+00:00,14.74189,120.50839,12210
DEMO VESSEL 030,548000030,8500305,Philippines,Cargo,Loitering,27/07/2025 03:45,Asia/Manila,+08:00,14.21707,120.73434,1036
DEMO VESSEL 034,548000034,8500343,Belize,Cargo,Encounter,2025-07-13 06:44:00,Asia/Manila,+08:00,14.6484,120.35883,28653
DEMO VESSEL 004,548000004,,Philippines,Dredging,Fishing event,03/07/2025 09:55,UTC,+00:00,14.56734,120.70179,28384
DEMO VESSEL 035,548000035,8500355,Philippines,Other,Loitering,2025-07-07 01:54:00,Asia/Manila,+08:00,14.22481,120.44286,18182
DEMO VESSEL 009,548000009,8500094,Belize,Cargo,Loitering,2025-07-16 18:51:00,Asia/Manila,+08:00,14.7329,120.43914,19840
DEMOVESSEL024,548000024,8500240,Philippines,Cargo,Port visit,2025-07-21 16:29:00,Asia/Manila,+08:00,14.4335,120.60159,4674
DEMO VESSEL 006,548000006,64,Philippines,Dredging,Encounter,2025-07-12 19:50:00,Asia/Manila,+08:00,14.24056,120.48674,7433
DEMO VESSEL 001,548000001,8500018,Philippines,Dredging,Fishing event,2025-07-02 18:35:00,Asia/Manila,+08:00,14.40202,120.53181,8732
DEMO VESSEL 021,548000021,8500214,Belize,Dredging,Fishing event,2025-07-03 11:01:00,Asia/Manila,+08:00,14.81023,120.66444,34098
DEMO VESSEL 025,548000025,8500252,Philippines,Dredging,Loitering,2025-07-14 14:14:00,Asia/Manila,+08:00,14.67618,120.80451,32728
DEMO VESSEL 021,548000021,8500214,Belize,Dredging,Loitering,05/07/2025 13:18,UTC,+00:00,14.43212,120.83742,11929
DEMO VESSEL 007,667000007,8500070,Sierra Leone,Cargo,Fishing event,2025-07-02 03:33:00,UTC,+00:00,14.54458,120.4058,24759
DEMO VESSEL 038,548000038,8500381,Philippines,Dredging,Loitering,2025-07-17 23:36:00,Asia/Manila,+08:00,14.60571,120.83215,21642
DEMO VESSEL 020,548000020,8500202,Philippines,Other,Encounter,25/07/2025 08:31,Asia/Manila,+08:00,14.65396,120.45581,13111
DEMO VESSEL 036,548000036,8500367,Sierra Leone,Cargo,Port visit,21/07/2025 16:34,UTC,+00:00,14.83862,120.5636,11274
DEMO VESSEL 017,548000017,8500173,Philippines,Other,Port visit,2025-07-03 20:49:00,UTC,+00:00,14.49421,120.59005,23012
DEMO VESSEL 027,548000027,8500276,Philippines,Cargo,Port visit,2025-07-25 14:19:00,Asia/Manila,+08:00,14.86389,120.59368,9258
DEMO VESSEL 011,548000011,8500111,Philippines,Other,Fishing event,2025-07-22 23:04:00,Asia/Manila,+08:00,14.64493,120.83287,32795
DEMO VESSEL 007,548000007,8500070,Philippines,Cargo,Loitering,18/07/2025 11:53,UTC,+00:00,14.83519,120.5763,15626
DEMO VESSEL 037,548000037,8500379,Belize,Cargo,Fishing event,2025-07-18 11:28:00,UTC,+00:00,14.68996,120.73024,23407
DEMO VESSEL 003,548000003,8500032,Philippines,Cargo,Port visit,2025-07-27 20:54:00,Asia/Manila,+08:00,14.7388,120.3889,29480
DEMO VESSEL 008,548000008,8500082,Belize,Dredging,Port visit,2025-07-11 05:38:00,Asia/Manila,+08:00,14.83091,120.46949,15814
DEMO VESSEL 012,548000012,8500123,Philippines,Dredging,Loitering,2025-07-26 19:40:00,Asia/Manila,+08:00,14.3556,120.76472,39285
DEMO VESSEL 004,548000004,,Philippines,Dredging,Encounter,2025-07-07 12:21:00,Asia/Manila,+08:00,14.89751,120.59178,30091
DEMO VESSEL 034,548000034,8500343,Belize,Cargo,Port visit,2025-07-10 00:05:00,UTC,+00:00,14.61065,120.85127,1862
demo vessel 039,548000039,8500393,Philippines,Dredging,Loitering,2025-07-14 05:10:00,UTC,+00:00,14.68302,120.36402,20238
DEMO VESSEL 016,548000016,8500161,Philippines,Dredging,Port visit,2025-07-17 12:26:00,Asia/Manila,+08:00,14.57338,120.55125,7752
DEMO VESSEL 024,548000024,8500240,Philippines,Cargo,Loitering,2025-07-08 05:10:00,Asia/Manila,+08:00,14.80009,120.8468,620
DEMO VESSEL 001,548000001,8500018,Philippines,Dredging,Port visit,16/07/2025 00:22,Asia/Manila,+08:00,14.79741,120.87206,32296
DEMO VESSEL 038,548000038,8500381,Philippines,Dredging,Fishing event,19/07/2025 23:10,Asia/Manila,+08:00,14.74106,120.53832,32904
DEMO VESSEL 029,548000029,8500290,Philippines,Other,Encounter,2025-07-24 14:26:00,Asia/Manila,+08:00,14.6794,120.63397,22195
DEMO VESSEL 029,548000029,8500290,Philippines,Other,Loitering,2025-07-02 04:13:00,Asia/Manila,+08:00,14.76615,120.80922,34832
DEMO VESSEL 017,548000017,8500173,Philippines,Other,Loitering,2025-07-02 10:20:00,UTC,+00:00,14.70195,120.75787,734
AIS TEST SHIP,100900301,,,,Encounter,2025-07-27 14:59:00,Asia/Manila,+08:00,0.0,0.0,16853
DEMO VESSEL 034,548000034,8500343,Belize,Cargo,Port visit,2025-07-01 17:50:00,Asia/Manila,+08:00,14.21223,120.82609,24836
DEMO VESSEL 027,548000027,8500276,Philippines,Cargo,Port visit,14/07/2025 04:21,UTC,+00:00,14.44277,120.38443,33192
DEMO VESSEL 024,548000024,8500240,Philippines,Cargo,Loitering,11/07/2025 03:54,Asia/Manila,+08:00,14.52851,120.48184,8369
DEMO VESSEL 007,667000007,8500070,Sierra Leone,Cargo,Fishing event,2025-07-25 09:33:00,Asia/Manila,+08:00,14.39398,120.58767,26026
DEMO VESSEL 039,548000039,8500393,Philippines,Dredging,Encounter,2025-07-02 10:23:00,Asia/Manila,+08:00,14.55837,120.8499,37642
DEMO VESSEL 019,548000019,8500197,Philippines,Cargo,Loitering,2025-07-14 10:16:00,Asia/Manila,+08:00,14.80287,120.76109,20311
DEMO VESSEL 027,548000027,8500276,Philippines,Cargo,Port visit,2025-07-21 19:47:00,Asia/Manila,+08:00,14.59952,120.78826,33708
DEMO VESSEL 010,548000010,8500109,Belize,Other,Loitering,2025-07-26 00:08:00,Asia/Manila,+08:00,14.59997,120.85753,24341
DEMO VESSEL 009,548000009,8500094,Belize,Cargo,Encounter,25/07/2025 22:15,Asia/Manila,+08:00,14.22372,120.75261,14419
DEMO VESSEL 035,548000035,8500355,Philippines,Other,Fishing event,2025-07-27 23:59:00,UTC,+00:00,14.5084,120.42276,15330
DEMO VESSEL 007,667000007,8500070,Sierra Leone,Cargo,Port visit,2025-07-03 04:45:00,Asia/Manila,+08:00,14.38969,120.39107,1753
DEMO VESSEL 008,548000008,8500082,Belize,Dredging,Fishing event,10/07/2025 15:28,Asia/Manila,+08:00,14.26601,120.73048,23179
DEMO VESSEL 040,548000040,8500408,Philippines,Other,Encounter,21/07/2025 08:30,Asia/Manila,+08:00,14.43777,120.44845,11658
DEMO VESSEL 017,548000017,8500173,Philippines,Other,Encounter,26/07/2025 18:58,Asia/Manila,+08:00,14.88661,120.42489,35228
DEMO VESSEL 018,548000018,8500185,Philippines,Cargo,Port visit,02/07/2025 20:56,Asia/Manila,+08:00,14.89418,120.50028,17108
DEMO VESSEL 027,548000027,8500276,Philippines,Cargo,Port visit,2025-07-19 05:58:00,UTC,+00:00,14.67428,120.68317,31307
AIS TEST SHIP,100900301,,,,Fishing event,2025-07-08 09:39:00,Asia/Manila,+08:00,14.84881,120.66457,37502
DEMO VESSEL 003,548000003,8500032,Philippines,Cargo,Encounter,2025-07-26 07:08:00,UTC,+00:00,14.48652,120.57525,2250
DEMO VESSEL 022,548000022,8500226,Sierra Leone,Dredging,Encounter,2025-07-12 20:17:00,UTC,+00:00,14.26694,120.4089,39435
DEMOVESSEL027,548000027,8500276,Philippines,Cargo,Encounter,26/07/2025 04:12,Asia/Manila,+08:00,14.88315,120.575,20527
DEMO VESSEL 010,548000010,8500109,Belize,Other,Loitering,2025-07-08 12:28:00,Asia/Manila,+08:00,14.55661,120.84104,32799
DEMOVESSEL018,548000018,8500185,Philippines,Cargo,Port visit,2025-07-17 22:02:00,Asia/Manila,+08:00,14.33239,120.45626,21701
DEMO VESSEL 039,548000039,8500393,Philippines,Dredging,Fishing event,2025-07-26 19:28:00,Asia/Manila,+08:00,14.20275,120.89379,1693
DEMO VESSEL 014,548000014,8500147,Philippines,Cargo,Encounter,01/07/2025 01:50,Asia/Manila,+08:00,14.51339,120.48887,34105
DEMO VESSEL 037,548000037,8500379,Belize,Cargo,Encounter,2025-07-18 22:39:00,Asia/Manila,+08:00,14.58638,120.80869,30113
DEMOVESSEL007,667000007,8500070,Sierra Leone,Cargo,Encounter,03/07/2025 16:42,Asia/Manila,+08:00,14.26438,120.56419,13250
DEMOVESSEL009,548000009,8500094,Belize,Cargo,Fishing event,02/07/2025 03:21,UTC,+00:00,14.61072,120.34957,3174
DEMO VESSEL 036,548000036,8500367,Sierra Leone,Cargo,Loitering,06/07/2025 11:51,Asia/Manila,+08:00,14.54851,120.51959,17245
DEMO VESSEL 009,548000009,8500094,Belize,Cargo,Port visit,2025-07-14 02:15:00,UTC,+00:00,14.57365,120.68562,9285
DEMO VESSEL 006,548000006,64,Philippines,Dredging,Loitering,2025-07-22 04:38:00,Asia/Manila,+08:00,14.58883,120.35524,25496
DEMO VESSEL 017,548000017,8500173,Philippines,Other,Loitering,2025-07-10 14:57:00,Asia/Manila,+08:00,14.2684,120.53786,26673
DEMO VESSEL 008,548000008,8500082,Belize,Dredging,Fishing event,2025-07-04 22:24:00,Asia/Manila,+08:00,14.2084,120.62769,10225
DEMO VESSEL 007,667000007,8500070,Sierra Leone,Cargo,Encounter,2025-07-22 16:26:00,Asia/Manila,+08:00,14.61989,120.40152,11345
DEMO VESSEL 003,548000003,8500032,Philippines,Cargo,Fishing event,2025-07-23 21:49:00,Asia/Manila,+08:00,14.74651,120.46637,17223
DEMO VESSEL 024,548000024,8500240,Philippines,Cargo,Loitering,2025-07-05 00:13:00,UTC,+00:00,14.40161,120.51231,31552
DEMO VESSEL 021,548000021,8500214,Belize,Dredging,Port visit,2025-07-11 06:46:00,UTC,+00:00,14.39007,120.71435,5876
DEMO VESSEL 010,548000010,8500109,Belize,Other,Encounter,2025-07-26 19:55:00,UTC,+00:00,14.34667,120.66056,3236
DEMO VESSEL 023,548000023,8500238,Belize,Cargo,Encounter,2025-07-15 07:11:00,Asia/Manila,+08:00,14.71548,120.57455,38947
DEMOVESSEL029,548000029,8500290,Philippines,Other,Encounter,2025-07-23 07:16:00,Asia/Manila,+08:00,14.76513,120.85932,30632
DEMO VESSEL 026,548000026,8500264,Philippines,Cargo,Encounter,2025-07-03 00:21:00,Asia/Manila,+08:00,14.83551,120.47672,1981
DEMO VESSEL 029,548000029,8500290,Philippines,Other,Port visit,2025-07-19 13:53:00,Asia/Manila,+08:00,14.50272,120.59198,19528
DEMO VESSEL 032,548000032,8500329,Philippines,Cargo,Fishing event,2025-07-22 20:46:00,Asia/Manila,+08:00,14.20276,120.56946,11572
DEMO VESSEL 036,548000036,8500367,Sierra Leone,Cargo,Encounter,2025-07-06 06:37:00,Asia/Manila,+08:00,14.65102,120.59429,17097
DEMO VESSEL 021,548000021,8500214,Belize,Dredging,Fishing event,2025-07-26 15:27:00,Asia/Manila,+08:00,14.64406,120.72841,32980
DEMO VESSEL 017,548000017,8500173,Philippines,Other,Fishing event,2025-07-08 11:08:00,Asia/Manila,+08:00,14.85248,120.5904,1118
DEMO VESSEL 025,548000025,8500252,Philippines,Dredging,Loitering,17/07/2025 04:27,Asia/Manila,+08:00,14.61888,120.70755,15637
DEMO VESSEL 005,548000005,1234568,Sierra Leone,Dredging,Encounter,2025-07-09 23:40:00,Asia/Manila,+08:00,14.76169,120.57016,35363
DEMO VESSEL 021,548000021,8500214,Belize,Dredging,Fishing event,2025-07-25 23:38:00,Asia/Manila,+08:00,14.21542,120.3695,23854
DEMO VESSEL 003,548000003,8500032,Philippines,Cargo,Loitering,2025-07-11 08:24:00,Asia/Manila,+08:00,14.36774,120.6582,7841
DEMO VESSEL 007,548000007,8500070,Philippines,Cargo,Fishing event,22/07/2025 04:58,Asia/Manila,+08:00,14.58836,120.49234,35283
DEMOVESSEL040,548000040,8500408,Philippines,Other,Port visit,21/07/2025 23:40,Asia/Manila,+08:00,14.3606,120.74646,603
DEMO VESSEL 031,548000031,8500317,Philippines,Cargo,Encounter,2025-07-13 05:38:00,UTC,+00:00,14.70369,120.47675,39937
DEMO VESSEL 024,548000024,8500240,Philippines,Cargo,Encounter,2025-07-18 15:11:00,UTC,+00:00,14.54554,120.58693,23243
DEMO VESSEL 039,548000039,8500393,Philippines,Dredging,Fishing event,25/07/2025 16:29,Asia/Manila,+08:00,14.63142,120.34649,19411
AIS TEST SHIP,100900301,,,,Port visit,2025-07-18 19:41:00,UTC,+00:00,14.87522,120.78481,25855
DEMOVESSEL011,548000011,8500111,Philippines,Other,Fishing event,2025-07-10 09:07:00,UTC,+00:00,14.33629,120.40965,1570
DEMO VESSEL 016,548000016,8500161,Philippines,Dredging,Encounter,2025-07-19 09:55:00,Asia/Manila,+08:00,14.34529,120.55651,20951
DEMO VESSEL 002,548000002,8500020,Philippines,Cargo,Loitering,02/07/2025 08:55,Asia/Manila,+08:00,14.29288,120.38775,32377
DEMO VESSEL 033,548000033,8500331,Philippines,Cargo,Fishing event,24/07/2025 15:22,Asia/Manila,+08:00,14.45644,120.8967,9084
DEMO VESSEL 032,548000032,8500329,Philippines,Cargo,Loitering,12/07/2025 04:10,Asia/Manila,+08:00,14.86708,120.61667,5778
DEMO VESSEL 009,548000009,8500094,Belize,Cargo,Loitering,26/07/2025 12:01,UTC,+00:00,14.40992,120.77683,11879
DEMO VESSEL 018,548000018,8500185,Philippines,Cargo,Loitering,25/07/2025 05:15,UTC,+00:00,14.88625,120.46454,929
DEMO VESSEL 020,548000020,8500202,Philippines,Other,Encounter,2025-07-10 14:08:00,Asia/Manila,+08:00,14.68252,120.71962,14185
DEMO VESSEL 014,548000014,8500147,Philippines,Cargo,Fishing event,16/07/2025 21:57,Asia/Manila,+08:00,14.87163,120.70803,23075
DEMO VESSEL 032,548000032,8500329,Philippines,Cargo,Fishing event,2025-07-03 23:51:00,UTC,+00:00,14.85927,120.61424,36984
DEMO VESSEL 029,548000029,8500290,Philippines,Other,Port visit,2025-07-07 22:42:00,UTC,+00:00,14.86679,120.37524,14183
DEMO VESSEL 025 ,548000025,8500252,Philippines,Dredging,Fishing event,2025-07-01 02:04:00,Asia/Manila,+08:00,14.78455,120.89983,14654
DEMO VESSEL 028,548000028,8500288,Philippines,Other,Encounter,20/07/2025 16:08,Asia/Manila,+08:00,14.60353,120.76344,9067
DEMO VESSEL 004,548000004,,Philippines,Dredging,Port visit,2025-07-04 08:58:00,Asia/Manila,+08:00,14.32131,120.56149,13374
DEMO VESSEL 027,548000027,8500276,Philippines,Cargo,Loitering,2025-07-04 19:19:00,UTC,+00:00,14.74805,120.30147,34262
DEMO VESSEL 005,548000005,1234568,Sierra Leone,Dredging,Port visit,03/07/2025 15:35,Asia/Manila,+08:00,14.22717,120.71279,23152
demo vessel 023,548000023,8500238,Belize,Cargo,Fishing event,15/07/2025 02:33,Asia/Manila,+08:00,14.71423,120.33691,27325
AIS TEST SHIP,100900301,,,,Port visit,2025-07-25 17:33:00,Asia/Manila,+08:00,14.55557,120.40727,9535
DEMO VESSEL 013,548000013,8500135,Philippines,Other,Encounter,2025-07-08 05:29:00,Asia/Manila,+08:00,14.27516,120.87728,11937
DEMO VESSEL 022,548000022,8500226,Sierra Leone,Dredging,Port visit,15/07/2025 22:16,Asia/Manila,+08:00,14.51361,120.89214,8895
DEMO VESSEL 007,667000007,8500070,Sierra Leone,Cargo,Port visit,20/07/2025 12:02,Asia/Manila,+08:00,14.41442,120.30306,10348
DEMO VESSEL 003,548000003,8500032,Philippines,Cargo,Fishing event,2025-07-11 05:06:00,Asia/Manila,+08:00,14.35478,120.41305,27651
DEMO VESSEL 009,548000009,8500094,Belize,Cargo,Port visit,2025-07-27 18:42:00,Asia/Manila,+08:00,14.76604,120.34326,1101
demo vessel 029,548000029,8500290,Philippines,Other,Loitering,2025-07-09 09:23:00,UTC,+00:00,14.21635,120.77619,37712
DEMO VESSEL 007,667000007,8500070,Sierra Leone,Cargo,Fishing event,2025-07-05 14:44:00,UTC,+00:00,14.47118,120.80623,26284
DEMO VESSEL 018,548000018,8500185,Philippines,Cargo,Encounter,2025-07-15 01:43:00,UTC,+00:00,14.78947,120.3552,30463
DEMO VESSEL 025,548000025,8500252,Philippines,Dredging,Fishing event,2025-07-10 00:25:00,Asia/Manila,+08:00,14.4503,120.60525,27984
DEMO VESSEL 008,548000008,8500082,Belize,Dredging,Port visit,22/07/2025 15:01,UTC,+00:00,14.67757,120.5139,38184
DEMO VESSEL 033,548000033,8500331,Philippines,Cargo,Encounter,2025-07-03 05:16:00,Asia/Manila,+08:00,14.86109,120.87986,27806
DEMO VESSEL 007,667000007,8500070,Sierra Leone,Cargo,Loitering,2025-07-11 23:30:00,Asia/Manila,+08:00,14.86492,120.74078,16563
DEMO VESSEL 017,548000017,8500173,Philippines,Other,Loitering,20/07/2025 01:14,UTC,+00:00,14.52175,120.499,37925
DEMO VESSEL 020 ,548000020,8500202,Philippines,Other,Loitering,22/07/2025 00:16,Asia/Manila,+08:00,14.28706,120.66612,15423
DEMO VESSEL 020,548000020,8500202,Philippines,Other,Port visit,2025-07-21 13:12:00,Asia/Manila,+08:00,14.81832,120.31057,20693
DEMO VESSEL 023,548000023,8500238,Belize,Cargo,Port visit,2025-07-18 13:27:00,UTC,+00:00,14.46839,120.53963,25387
DEMO VESSEL 012,548000012,8500123,Philippines,Dredging,Loitering,2025-07-26 16:14:00,Asia/Manila,+08:00,14.81233,120.86538,1707
DEMO VESSEL 008,548000008,8500082,Belize,Dredging,Loitering,2025-07-21 10:52:00,Asia/Manila,+08:00,14.31634,120.68671,17652
DEMO VESSEL 036,548000036,8500367,Sierra Leone,Cargo,Encounter,2025-07-14 05:39:00,Asia/Manila,+08:00,14.61576,120.60684,12855
DEMO VESSEL 006,548000006,64,Philippines,Dredging,Port visit,2025-07-21 02:59:00,Asia/Manila,+08:00,14.53735,120.55557,12770
DEMO VESSEL 003,548000003,8500032,Philippines,Cargo,Port visit,2025-07-09 05:15:00,UTC,+00:00,14.79664,120.39776,8203
DEMO VESSEL 017,548000017,8500173,Philippines,Other,Fishing event,2025-07-16 01:35:00,Asia/Manila,+08:00,14.56321,120.88719,17008
DEMO VESSEL 027,548000027,8500276,Philippines,Cargo,Loitering,2025-07-07 02:38:00,Asia/Manila,+08:00,14.72208,120.33231,18055
DEMO VESSEL 002,548000002,8500020,Philippines,Cargo,Encounter,2025-07-05 19:38:00,UTC,+00:00,14.8227,120.4989,24708
DEMO VESSEL 002,548000002,8500020,Philippines,Cargo,Port visit,2025-07-16 12:22:00,UTC,+00:00,14.53564,120.81843,29875
DEMO VESSEL 035,548000035,8500355,Philippines,Other,Encounter,2025-07-07 19:00:00,Asia/Manila,+08:00,14.39263,120.85125,35332
AIS TEST SHIP,100900301,,,,Loitering,2025-07-27 18:23:00,Asia/Manila,+08:00,14.63212,120.37366,19637
DEMOVESSEL007,667000007,8500070,Sierra Leone,Cargo,Loitering,2025-07-16 10:44:00,Asia/Manila,+08:00,14.45937,120.3781,14296
DEMO VESSEL 019,548000019,8500197,Philippines,Cargo,Loitering,2025-07-19 21:42:00,Asia/Manila,+08:00,14.50447,120.31251,8453
DEMO VESSEL 010,548000010,8500109,Belize,Other,Fishing event,2025-07-11 11:51:00,Asia/Manila,+08:00,14.44161,120.6725,38808
DEMOVESSEL025,548000025,8500252,Philippines,Dredging,Loitering,22/07/2025 02:01,Asia/Manila,+08:00,14.67963,120.42783,32871
DEMO VESSEL 002,548000002,8500020,Philippines,Cargo,Fishing event,2025-07-21 16:09:00,Asia/Manila,+08:00,14.63182,120.45165,36269
DEMO VESSEL 038,548000038,8500381,Philippines,Dredging,Encounter,2025-07-07 23:46:00,UTC,+00:00,14.62775,120.75134,24440
DEMO VESSEL 003,548000003,8500032,Philippines,Cargo,Loitering,2025-07-20 21:20:00,Asia/Manila,+08:00,14.63626,120.7561,30841
DEMO VESSEL 036,548000036,8500367,Sierra Leone,Cargo,Encounter,2025-07-26 23:05:00,Asia/Manila,+08:00,14.58229,120.6682,29336
DEMO VESSEL 039,548000039,8500393,Philippines,Dredging,Loitering,18/07/2025 03:54,Asia/Manila,+08:00,14.69801,120.65376,16291
DEMO VESSEL 002,548000002,8500020,Philippines,Cargo,Loitering,09/07/2025 14:11,Asia/Manila,+08:00,14.68021,120.78851,25261
DEMO VESSEL 020,548000020,8500202,Philippines,Other,Loitering,2025-07-11 00:06:00,Asia/Manila,+08:00,14.45343,120.55259,29105
DEMOVESSEL030,548000030,8500305,Philippines,Cargo,Fishing event,2025-07-24 00:12:00,Asia/Manila,+08:00,14.72838,120.83484,22217
DEMO VESSEL 034,548000034,8500343,Belize,Cargo,Encounter,25/07/2025 06:47,Asia/Manila,+08:00,14.70829,120.87883,15198
DEMO VESSEL 020,548000020,8500202,Philippines,Other,Fishing event,05/07/2025 20:48,Asia/Manila,+08:00,14.82677,120.36449,21072
DEMO VESSEL 027,548000027,8500276,Philippines,Cargo,Fishing event,2025-07-27 02:03:00,UTC,+00:00,14.73022,120.40308,31179
DEMO VESSEL 027,548000027,8500276,Philippines,Cargo,Port visit,2025-07-03 14:57:00,UTC,+00:00,14.27095,120.79595,8955
DEMO VESSEL 036,548000036,8500367,Sierra Leone,Cargo,Fishing event,12/07/2025 00:30,Asia/Manila,+08:00,14.34479,120.78726,28819
DEMO VESSEL 018,548000018,8500185,Philippines,Cargo,Fishing event,2025-07-13 22:25:00,UTC,+00:00,14.75443,120.50422,22566
DEMO VESSEL 003,548000003,8500032,Philippines,Cargo,Port visit,2025-07-14 17:13:00,Asia/Manila,+08:00,14.33176,120.53076,19205
DEMO VESSEL 038,548000038,8500381,Philippines,Dredging,Port visit,2025-07-01 02:20:00,Asia/Manila,+08:00,14.41428,120.73699,34338
DEMO VESSEL 013,548000013,8500135,Philippines,Other,Fishing event,2025-07-20 12:19:00,Asia/Manila,+08:00,14.39369,120.76848,18311
DEMO VESSEL 017 ,548000017,8500173,Philippines,Other,Loitering,2025-07-06 21:20:00,UTC,+00:00,14.20248,120.42552,23675
DEMO VESSEL 025,548000025,8500252,Philippines,Dredging,Fishing event,2025-07-01 05:58:00,Asia/Manila,+08:00,14.54721,120.32128,15819
DEMO VESSEL 039,548000039,8500393,Philippines,Dredging,Port visit,2025-07-11 19:32:00,Asia/Manila,+08:00,14.48055,120.34062,2313
DEMOVESSEL005,548000005,1234568,Sierra Leone,Dredging,Loitering,2025-07-05 09:32:00,Asia/Manila,+08:00,14.63905,120.50153,4847
DEMO VESSEL 009,548000009,8500094,Belize,Cargo,Port visit,21/07/2025 05:54,UTC,+00:00,14.35108,120.88718,10409
