Vessel_Name,MMSI,IMO,FLAG,Type,Event,Start_Date_Time,Time_Zone,Offset,Lat,Lon,Event_Duration
AIS TEST SHIP,100900301,,,,Encounter,01/08/2025 09:30,Asia/Manila,+08:00,14.7041,120.30119,4830
DEMO VESSEL 031,548000031,8500317,Philippines,Cargo,Port visit,27/08/2025 19:33,Asia/Manila,+08:00,14.26335,120.32455,15594
DEMOVESSEL018,548000018,8500185,Philippines,Cargo,Port visit,06/08/2025 22:12,Asia/Manila,+08:00,14.76392,120.85051,1366
DEMO VESSEL 010,548000010,8500109,Belize,Other,Port visit,22/08/2025 07:45,Asia/Manila,+08:00,14.69444,120.40816,18019
demo vessel 028,548000028,8500288,Philippines,Other,Loitering,2025-08-26 07:00:00,Asia/Manila,+08:00,14.52959,120.58962,22470
DEMO VESSEL 007,548000007,8500070,Philippines,Cargo,Loitering,2025-08-13 08:44:00,Asia/Manila,+08:00,14.32119,120.62195,17969
DEMOVESSEL013,548000013,8500135,Philippines,Other,Encounter,01/08/2025 21:31,UTC,+00:00,14.20469,120.45658,28177
DEMO VESSEL 025,548000025,8500252,Philippines,Dredging,Encounter,10/08/2025 04:28,UTC,+00:00,14.20246,120.46695,1823
demo vessel 006,548000006,64,Philippines,Dredging,Encounter,2025-08-04 08:37:00,Asia/Manila,+08:00,14.56826,120.79908,10614
DEMO VESSEL 040,548000040,8500408,Philippines,Other,Port visit,23/08/2025 17:15,Asia/Manila,+08:00,14.74701,120.52654,10841
DEMO VESSEL 036,548000036,8500367,Sierra Leone,Cargo,Encounter,13/08/2025 11:46,Asia/Manila,+08:00,14.76892,120.86905,11069
DEMO VESSEL 007,548000007,8500070,Philippines,Cargo,Port visit,04/08/2025 11:37,Asia/Manila,+08:00,14.88599,120.57568,2701
DEMOVESSEL005,548000005,1234568,Sierra Leone,Dredging,Loitering,2025-08-06 07:45:00,Asia/Manila,+08:00,14.34253,120.42404,13802
DEMO VESSEL 034,548000034,8500343,Belize,Cargo,Fishing event,11/08/2025 14:46,Asia/Manila,+08:00,14.6474,120.48295,32752
DEMO VESSEL 016,548000016,8500161,Philippines,Dredging,Loitering,2025-08-16 19:04:00,UTC,+00:00,14.86354,120.59139,6691
DEMO VESSEL 011,548000011,8500111,Philippines,Other,Port visit,2025-08-13 05:21:00,Asia/Manila,+08:00,14.23271,120.3639,21574
DEMO VESSEL 030,548000030,8500305,Philippines,Cargo,Fishing event,2025-08-04 04:35:00,UTC,+00:00,14.34521,120.88905,5159
DEMO VESSEL 002,548000002,8500020,Philippines,Cargo,Encounter,15/08/2025 12:00,Asia/Manila,+08:00,14.61703,120.61057,14841
DEMO VESSEL 029,548000029,8500290,Philippines,Other,Encounter,2025-08-19 06:45:00,Asia/Manila,+08:00,14.40417,120.30895,27201
DEMO VESSEL 018,548000018,8500185,Philippines,Cargo,Loitering,19/08/2025 17:13,Asia/Manila,+08:00,14.39784,120.60827,33804
DEMO VESSEL 001,548000001,8500018,Philippines,Dredging,Fishing event,2025-08-11 10:48:00,UTC,+00:00,14.86584,120.55294,23235
DEMO VESSEL 006,548000006,64,Philippines,Dredging,Port visit,18/08/2025 22:10,Asia/Manila,+08:00,14.88649,120.64302,15649
DEMO VESSEL 039,548000039,8500393,Philippines,Dredging,Encounter,13/08/2025 07:10,Asia/Manila,+08:00,14.65702,120.81376,17496
DEMO VESSEL 006,548000006,64,Philippines,Dredging,Loitering,2025-08-20 18:28:00,Asia/Manila,+08:00,14.32203,120.34193,34837
DEMO VESSEL 009,548000009,8500094,Belize,Cargo,Port visit,2025-08-18 22:59:00,Asia/Manila,+08:00,14.44142,120.59565,24782
DEMO VESSEL 026 ,548000026,8500264,Philippines,Cargo,Fishing event,09/08/2025 17:32,Asia/Manila,+08:00,14.30427,120.62275,9767
DEMO VESSEL 035,548000035,8500355,Philippines,Other,Loitering,15/08/2025 07:37,UTC,+00:00,14.87097,120.42631,3716
DEMO VESSEL 028,548000028,8500288,Philippines,Other,Port visit,2025-08-10 21:43:00,Asia/Manila,+08:00,14.79602,120.89889,14975
AIS TEST SHIP,100900301,,,,Port visit,27/08/2025 17:44,Asia/Manila,+08:00,14.49634,120.49429,38060
DEMO VESSEL 023,548000023,8500238,Belize,Cargo,Port visit,2025-08-05 12:42:00,UTC,+00:00,14.81086,120.49919,34651
DEMO VESSEL 023,548000023,8500238,Belize,Cargo,Port visit,2025-08-27 01:04:00,Asia/Manila,+08:00,14.84963,120.58177,31519
DEMO VESSEL 030,548000030,8500305,Philippines,Cargo,Loitering,2025-08-23 13:38:00,Asia/Manila,+08:00,14.87566,120.65514,38695
DEMO VESSEL 030,548000030,8500305,Philippines,Cargo,Port visit,2025-08-20 16:53:00,UTC,+00:00,14.31007,120.54815,36512
DEMO VESSEL 017,548000017,8500173,Philippines,Other,Loitering,2025-08-05 03:53:00,Asia/Manila,+08:00,14.80122,120.72837,14220
DEMO VESSEL 028,548000028,8500288,Philippines,Other,Encounter,16/08/2025 23:16,Asia/Manila,+08:00,14.82395,120.54928,14450
DEMO VESSEL 019,548000019,8500197,Philippines,Cargo,Fishing event,2025-08-22 11:19:00,Asia/Manila,+08:00,14.88124,120.88666,7708
DEMO VESSEL 024,548000024,8500240,Philippines,Cargo,Fishing event,2025-08-01 01:06:00,UTC,+00:00,14.40459,120.33943,11712
DEMO VESSEL 027,548000027,8500276,Philippines,Cargo,Encounter,2025-08-18 07:13:00,UTC,+00:00,14.48733,120.4744,23589
DEMO VESSEL 012,548000012,8500123,Philippines,Dredging,Loitering,2025-08-21 14:58:00,UTC,+00:00,14.79358,120.70469,25894
DEMO VESSEL 007,667000007,8500070,Sierra Leone,Cargo,Port visit,2025-08-23 18:43:00,Asia/Manila,+08:00,14.69194,120.42319,25521
DEMO VESSEL 020,548000020,8500202,Philippines,Other,Loitering,2025-08-03 18:29:00,Asia/Manila,+08:00,14.69224,120.36012,36946
DEMO VESSEL 016 ,548000016,8500161,Philippines,Dredging,Loitering,2025-08-18 03:23:00,UTC,+00:00,14.76638,120.81615,28238
DEMO VESSEL 040,548000040,8500408,Philippines,Other,Port visit,15/08/2025 05:34,UTC,+00:00,14.37474,120.83024,2350
AIS TEST SHIP,100900301,,,,Port visit,15/08/2025 23:04,UTC,+00:00,14.74161,120.45757,21748
DEMO VESSEL 027,548000027,8500276,Philippines,Cargo,Encounter,16/08/2025 03:23,Asia/Manila,+08:00,14.50032,120.59441,10573
DEMO VESSEL 032,548000032,8500329,Philippines,Cargo,Loitering,2025-08-16 05:06:00,UTC,+00:00,14.59368,120.84055,33620
DEMO VESSEL 006,548000006,64,Philippines,Dredging,Encounter,2025-08-13 18:13:00,UTC,+00:00,14.36458,120.44594,39192
DEMO VESSEL 007,667000007,8500070,Sierra Leone,Cargo,Loitering,18/08/2025 02:02,Asia/Manila,+08:00,14.5779,120.4514,35808
DEMO VESSEL 029,548000029,8500290,Philippines,Other,Loitering,04/08/2025 11:04,Asia/Manila,+08:00,14.5779,120.63658,3736
DEMO VESSEL 004,548000004,,Philippines,Dredging,Fishing event,23/08/2025 09:23,Asia/Manila,+08:00,14.37094,120.83579,3838
DEMO VESSEL 007,548000007,8500070,Philippines,Cargo,Port visit,05/08/2025 22:26,Asia/Manila,+08:00,14.64702,120.55499,3804
DEMO VESSEL 007,548000007,8500070,Philippines,Cargo,Loitering,2025-08-21 12:43:00,Asia/Manila,+08:00,14.43738,120.64607,23395
DEMO VESSEL 015,548000015,8500159,Philippines,Cargo,Loitering,2025-08-14 07:03:00,UTC,+00:00,14.60673,120.78777,27295
DEMO VESSEL 013,548000013,8500135,Philippines,Other,Encounter,2025-08-17 20:34:00,UTC,+00:00,14.44468,120.7204,620
DEMO VESSEL 021,548000021,8500214,Belize,Dredging,Fishing event,2025-08-23 12:59:00,Asia/Manila,+08:00,14.81288,120.40629,20289
DEMO VESSEL 014,548000014,8500147,Philippines,Cargo,Encounter,2025-08-19 20:23:00,Asia/Manila,+08:00,14.29132,120.5908,9732
DEMO VESSEL 023,548000023,8500238,Belize,Cargo,Fishing event,2025-08-19 04:22:00,Asia/Manila,+08:00,14.27079,120.76698,15003
DEMO VESSEL 028,548000028,8500288,Philippines,Other,Loitering,2025-08-04 17:19:00,Asia/Manila,+08:00,14.66037,120.41377,26145
DEMO VESSEL 021,548000021,8500214,Belize,Dredging,Fishing event,2025-08-04 14:07:00,Asia/Manila,+08:00,14.43353,120.66607,31516
DEMO VESSEL 006,548000006,64,Philippines,Dredging,Loitering,2025-08-21 01:23:00,Asia/Manila,+08:00,14.44156,120.32935,12526
DEMO VESSEL 007,667000007,8500070,Sierra Leone,Cargo,Fishing event,2025-08-23 03:22:00,UTC,+00:00,14.76414,120.6113,8236
DEMO VESSEL 015,548000015,8500159,Philippines,Cargo,Fishing event,17/08/2025 09:48,Asia/Manila,+08:00,14.6405,120.32788,1375
DEMO VESSEL 031,548000031,8500317,Philippines,Cargo,Fishing event,2025-08-22 19:36:00,Asia/Manila,+08:00,14.62946,120.81519,34120
DEMO VESSEL 023,548000023,8500238,Belize,Cargo,Loitering,2025-08-08 10:09:00,Asia/Manila,+08:00,14.56421,120.47873,18607
DEMO VESSEL 018,548000018,8500185,Philippines,Cargo,Loitering,2025-08-05 08:49:00,Asia/Manila,+08:00,14.28892,120.59034,15541
DEMO VESSEL 021 ,548000021,8500214,Belize,Dredging,Encounter,2025-08-05 08:18:00,Asia/Manila,+08:00,14.69748,120.87034,28236
DEMO VESSEL 021,548000021,8500214,Belize,Dredging,Loitering,2025-08-13 15:52:00,UTC,+00:00,14.5034,120.44521,29185
DEMO VESSEL 011,548000011,8500111,Philippines,Other,Loitering,2025-08-16 17:57:00,Asia/Manila,+08:00,14.20252,120.71813,30977
DEMO VESSEL 007,667000007,8500070,Sierra Leone,Cargo,Encounter,2025-08-06 13:13:00,Asia/Manila,+08:00,14.32055,120.56562,23317
DEMO VESSEL 027,548000027,8500276,Philippines,Cargo,Fishing event,2025-08-01 21:16:00,Asia/Manila,+08:00,14.53198,120.34262,15207
DEMO VESSEL 031,548000031,8500317,Philippines,Cargo,Encounter,2025-08-06 08:49:00,Asia/Manila,+08:00,14.52736,120.40042,19097
DEMO VESSEL 021,548000021,8500214,Belize,Dredging,Port visit,05/08/2025 22:22,Asia/Manila,+08:00,14.30219,120.66132,17933
DEMO VESSEL 012,548000012,8500123,Philippines,Dredging,Loitering,03/08/2025 18:33,Asia/Manila,+08:00,14.39141,120.78917,33599
DEMO VESSEL 004,548000004,,Philippines,Dredging,Fishing event,2025-08-12 16:54:00,Asia/Manila,+08:00,14.67754,120.60357,4039
DEMO VESSEL 017 ,548000017,8500173,Philippines,Other,Encounter,2025-08-08 17:02:00,Asia/Manila,+08:00,14.25267,120.89718,31858
AIS TEST SHIP,100900301,,,,Loitering,2025-08-09 13:32:00,Asia/Manila,+08:00,14.81852,120.59316,20817
DEMO VESSEL 007,548000007,8500070,Philippines,Cargo,Fishing event,23/08/2025 22:53,Asia/Manila,+08:00,14.35785,120.43598,31071
DEMO VESSEL 033,548000033,8500331,Philippines,Cargo,Fishing event,2025-08-03 17:04:00,UTC,+00:00,14.82745,120.58372,22480
DEMO VESSEL 019,548000019,8500197,Philippines,Cargo,Fishing event,02/08/2025 00:31,Asia/Manila,+08:00,14.27016,120.85153,11393
demo vessel 003,548000003,8500032,Philippines,Cargo,Port visit,2025-08-22 03:00:00,Asia/Manila,+08:00,14.86865,120.69919,34531
DEMO VESSEL 029,548000029,8500290,Philippines,Other,Port visit,2025-08-27 15:21:00,Asia/Manila,+08:00,14.39731,120.62785,13355
DEMO VESSEL 031,548000031,8500317,Philippines,Cargo,Fishing event,2025-08-06 20:37:00,Asia/Manila,+08:00,14.69802,120.63019,37223
DEMO VESSEL 033,548000033,8500331,Philippines,Cargo,Port visit,10/08/2025 08:07,Asia/Manila,+08:00,14.21106,120.44781,16008
DEMO VESSEL 003,548000003,8500032,Philippines,Cargo,Port visit,2025-08-12 22:35:00,UTC,+00:00,14.27874,120.73186,18919
DEMO VESSEL 019,548000019,8500197,Philippines,Cargo,Encounter,02/08/2025 22:07,Asia/Manila,+08:00,14.74968,120.44314,2588
DEMO VESSEL 040,548000040,8500408,Philippines,Other,Port visit,2025-08-08 07:59:00,Asia/Manila,+08:00,14.89045,120.6711,4922
DEMO VESSEL 008,548000008,8500082,Belize,Dredging,Loitering,2025-08-02 12:46:00,UTC,+00:00,14.72671,120.80594,17103
DEMOVESSEL033,548000033,8500331,Philippines,Cargo,Fishing event,2025-08-22 14:18:00,Asia/Manila,+08:00,14.84731,120.83404,36996
DEMO VESSEL 013,548000013,8500135,Philippines,Other,Encounter,21/08/2025 04:27,Asia/Manila,+08:00,14.5528,120.67489,14496
DEMO VESSEL 006 ,548000006,64,Philippines,Dredging,Loitering,2025-08-10 05:02:00,Asia/Manila,+08:00,14.49871,120.71208,32166
DEMO VESSEL 003,548000003,8500032,Philippines,Cargo,Fishing event,2025-08-07 21:52:00,UTC,+00:00,14.64655,120.78536,34527
DEMO VESSEL 034,548000034,8500343,Belize,Cargo,Port visit,2025-08-07 22:49:00,Asia/Manila,+08:00,14.86917,120.83694,13484
DEMO VESSEL 009,548000009,8500094,Belize,Cargo,Loitering,22/08/2025 18:24,Asia/Manila,+08:00,14.55666,120.8631,5922
DEMO VESSEL 017,548000017,8500173,Philippines,Other,Fishing event,10/08/2025 02:51,UTC,+00:00,14.69794,120.46068,19748
DEMO VESSEL 013,548000013,8500135,Philippines,Other,Port visit,2025-08-23 02:42:00,Asia/Manila,+08:00,14.87822,120.87314,13625
DEMO VESSEL 027,548000027,8500276,Philippines,Cargo,Loitering,2025-08-10 23:35:00,Asia/Manila,+08:00,14.63861,120.56724,7805
DEMO VESSEL 001,548000001,8500018,Philippines,Dredging,Fishing event,2025-08-26 13:12:00,Asia/Manila,+08:00,14.50174,120.55415,4272
DEMO VESSEL 002,548000002,8500020,Philippines,Cargo,Fishing event,2025-08-25 06:46:00,Asia/Manila,+08:00,14.85268,120.31435,22255
DEMO VESSEL 013,548000013,8500135,Philippines,Other,Port visit,15/08/2025 10:19,UTC,+00:00,14.51642,120.59799,24544
DEMO VESSEL 016,548000016,8500161,Philippines,Dredging,Fishing event,2025-08-21 16:13:00,Asia/Manila,+08:00,14.25295,120.37407,31997
DEMO VESSEL 004,548000004,,Philippines,Dredging,Fishing event,2025-08-22 02:22:00,UTC,+00:00,14.57458,120.79097,26314
DEMO VESSEL 003,548000003,8500032,Philippines,Cargo,Encounter,02/08/2025 23:10,Asia/Manila,+08:00,14.28314,120.81139,2939
DEMO VESSEL 021,548000021,8500214,Belize,Dredging,Port visit,2025-08-17 23:18:00,Asia/Manila,+08:00,14.52739,120.45395,5387
DEMO VESSEL 031,548000031,8500317,Philippines,Cargo,Encounter,15/08/2025 08:06,Asia/Manila,+08:00,14.72868,120.55753,19794
DEMO VESSEL 008,548000008,8500082,Belize,Dredging,Encounter,2025-08-18 13:50:00,UTC,+00:00,14.52453,120.89948,20744
DEMO VESSEL 027,548000027,8500276,Philippines,Cargo,Loitering,2025-08-04 10:11:00,Asia/Manila,+08:00,14.53722,120.81534,13379
DEMO VESSEL 029,548000029,8500290,Philippines,Other,Loitering,2025-08-20 14:55:00,Asia/Manila,+08:00,14.55435,120.82718,31186
DEMO VESSEL 020,548000020,8500202,Philippines,Other,Fishing event,2025-08-09 00:44:00,Asia/Manila,+08:00,14.65831,120.44541,4812
DEMO VESSEL 035,548000035,8500355,Philippines,Other,Encounter,20/08/2025 18:45,Asia/Manila,+08:00,14.62718,120.53707,22006
DEMO VESSEL 037,548000037,8500379,Belize,Cargo,Fishing event,01/08/2025 09:05,UTC,+00:00,14.71332,120.62716,30149
demo vessel 022,548000022,8500226,Sierra Leone,Dredging,Encounter,21/08/2025 12:44,UTC,+00:00,14.77349,120.46354,5664
DEMO VESSEL 013 ,548000013,8500135,Philippines,Other,Fishing event,2025-08-02 13:37:00,Asia/Manila,+08:00,14.86985,120.76356,25404
DEMO VESSEL 004 ,548000004,,Philippines,Dredging,Fishing event,07/08/2025 01:13,Asia/Manila,+08:00,14.67857,120.46191,18250
DEMO VESSEL 012,548000012,8500123,Philippines,Dredging,Encounter,2025-08-03 08:51:00,Asia/Manila,+08:00,14.8141,120.706,37432
DEMO VESSEL 003,548000003,8500032,Philippines,Cargo,Loitering,2025-08-03 11:25:00,UTC,+00:00,14.50896,120.60318,1598
DEMO VESSEL 013,548000013,8500135,Philippines,Other,Encounter,19/08/2025 09:12,Asia/Manila,+08:00,14.69438,120.43632,27318
DEMOVESSEL007,548000007,8500070,Philippines,Cargo,Fishing event,2025-08-13 03:41:00,Asia/Manila,+08:00,14.6404,120.52214,17758
DEMO VESSEL 026,548000026,8500264,Philippines,Cargo,Encounter,2025-08-08 11:39:00,Asia/Manila,+08:00,14.28946,120.4894,18392
DEMO VESSEL 010,548000010,8500109,Belize,Other,Port visit,22/08/2025 00:17,UTC,+00:00,14.48813,120.70273,1336
DEMOVESSEL036,548000036,8500367,Sierra Leone,Cargo,Encounter,26/08/2025 15:41,Asia/Manila,+08:00,14.22004,120.36565,16260
DEMO VESSEL 015,548000015,8500159,Philippines,Cargo,Encounter,2025-08-18 16:55:00,Asia/Manila,+08:00,14.74864,120.75487,38825
DEMOVESSEL016,548000016,8500161,Philippines,Dredging,Encounter,07/08/2025 07:53,UTC,+00:00,14.66128,120.35006,37372
DEMO VESSEL 019,548000019,8500197,Philippines,Cargo,Port visit,2025-08-23 19:34:00,UTC,+00:00,14.28964,120.74644,15826
DEMO VESSEL 038,548000038,8500381,Philippines,Dredging,Loitering,2025-08-21 17:56:00,Asia/Manila,+08:00,14.72594,120.76535,11825
DEMO VESSEL 010,548000010,8500109,Belize,Other,Port visit,03/08/2025 07:28,UTC,+00:00,14.76762,120.71286,28195
DEMO VESSEL 016,548000016,8500161,Philippines,Dredging,Encounter,21/08/2025 00:25,Asia/Manila,+08:00,14.81899,120.33858,12354
DEMO VESSEL 024,548000024,8500240,Philippines,Cargo,Fishing event,2025-08-10 15:03:00,Asia/Manila,+08:00,14.34882,120.5359,8654
DEMO VESSEL 031,548000031,8500317,Philippines,Cargo,Fishing event,06/08/2025 14:12,Asia/Manila,+08:00,14.83168,120.81198,7355
DEMO VESSEL 015,548000015,8500159,Philippines,Cargo,Fishing event,11/08/2025 12:47,Asia/Manila,+08:00,14.85937,120.7501,1084
DEMO VESSEL 003,548000003,8500032,Philippines,Cargo,Loitering,2025-08-13 18:26:00,Asia/Manila,+08:00,14.58356,120.88434,28831
DEMO VESSEL 001,548000001,8500018,Philippines,Dredging,Encounter,25/08/2025 17:51,Asia/Manila,+08:00,14.67624,120.65749,5418
DEMO VESSEL 003,548000003,8500032,Philippines,Cargo,Fishing event,03/08/2025 02:35,Asia/Manila,+08:00,14.50641,120.58247,6887
DEMO VESSEL 015,548000015,8500159,Philippines,Cargo,Fishing event,2025-08-11 08:46:00,UTC,+00:00,14.8086,120.56972,38043
DEMO VESSEL 037,548000037,8500379,Belize,Cargo,Encounter,2025-08-17 07:35:00,Asia/Manila,+08:00,14.82576,120.51349,7412
DEMO VESSEL 007,548000007,8500070,Philippines,Cargo,Encounter,2025-08-09 06:02:00,Asia/Manila,+08:00,14.42298,120.3931,3375
DEMO VESSEL 027,548000027,8500276,Philippines,Cargo,Loitering,26/08/2025 17:42,Asia/Manila,+08:00,14.56602,120.74199,23930
demo vessel 037,548000037,8500379,Belize,Cargo,Fishing event,2025-08-21 04:36:00,Asia/Manila,+08:00,14.57379,120.86509,32342
DEMO VESSEL 014,548000014,8500147,Philippines,Cargo,Loitering,2025-08-04 13:53:00,UTC,+00:00,14.26466,120.38866,11612
DEMO VESSEL 023,548000023,8500238,Belize,Cargo,Encounter,2025-08-14 01:19:00,Asia/Manila,+08:00,14.303,120.36513,24889
DEMO VESSEL 013,548000013,8500135,Philippines,Other,Port visit,01/08/2025 04:03,UTC,+00:00,14.25229,120.51307,3915
DEMO VESSEL 017,548000017,8500173,Philippines,Other,Loitering,2025-08-02 00:01:00,Asia/Manila,+08:00,14.73848,120.50971,19345
DEMO VESSEL 010,548000010,8500109,Belize,Other,Port visit,2025-08-02 12:21:00,Asia/Manila,+08:00,14.23058,120.45853,38245
DEMO VESSEL 013,548000013,8500135,Philippines,Other,Encounter,16/08/2025 15:16,Asia/Manila,+08:00,14.39143,120.53431,28292
DEMO VESSEL 006,548000006,64,Philippines,Dredging,Port visit,13/08/2025 19:48,Asia/Manila,+08:00,14.53612,120.65804,5390
DEMO VESSEL 033,548000033,8500331,Philippines,Cargo,Encounter,2025-07-08 20:50:00,Asia/Manila,+08:00,14.3657,120.89496,31120
DEMO VESSEL 033,548000033,8500331,Philippines,Cargo,Port visit,03/08/2025 11:37,UTC,+00:00,14.68275,120.661,22686
DEMO VESSEL 032,548000032,8500329,Philippines,Cargo,Port visit,2025-08-19 00:54:00,Asia/Manila,+08:00,14.42328,120.43144,32633
DEMO VESSEL 011,548000011,8500111,Philippines,Other,Fishing event,2025-08-01 06:45:00,UTC,+00:00,14.4486,120.87471,10806
DEMO VESSEL 036,548000036,8500367,Sierra Leone,Cargo,Fishing event,2025-08-10 01:49:00,Asia/Manila,+08:00,14.3849,120.87084,20706
AIS TEST SHIP,100900301,,,,Port visit,2025-08-06 09:16:00,Asia/Manila,+08:00,14.28986,120.74011,29642
DEMO VESSEL 008,548000008,8500082,Belize,Dredging,Encounter,15/08/2025 00:58,Asia/Manila,+08:00,14.25627,120.85431,1006
DEMO VESSEL 003,548000003,8500032,Philippines,Cargo,Encounter,2025-08-16 17:27:00,UTC,+00:00,14.2259,120.39562,36391
DEMO VESSEL 008,548000008,8500082,Belize,Dredging,Fishing event,2025-08-06 18:17:00,UTC,+00:00,14.36917,120.63312,26363
DEMO VESSEL 016,548000016,8500161,Philippines,Dredging,Encounter,2025-08-22 21:11:00,Asia/Manila,+08:00,14.27849,120.6556,32366
DEMO VESSEL 018,548000018,8500185,Philippines,Cargo,Fishing event,2025-08-07 01:48:00,UTC,+00:00,14.80928,120.53461,39324
DEMO VESSEL 033,548000033,8500331,Philippines,Cargo,Encounter,2025-08-05 08:33:00,Asia/Manila,+08:00,14.86803,120.33198,4584
DEMO VESSEL 038,548000038,8500381,Philippines,Dredging,Encounter,2025-08-11 21:44:00,Asia/Manila,+08:00,14.35403,120.47018,21166
DEMO VESSEL 031,548000031,8500317,Philippines,Cargo,Port visit,2025-08-09 01:32:00,UTC,+00:00,14.89532,120.32325,38482
DEMO VESSEL 016 ,548000016,8500161,Philippines,Dredging,Loitering,2025-08-26 07:40:00,Asia/Manila,+08:00,14.49204,120.4355,15938
DEMO VESSEL 035,548000035,8500355,Philippines,Other,Fishing event,2025-08-23 01:19:00,Asia/Manila,+08:00,14.81747,120.69232,15889
DEMO VESSEL 014,548000014,8500147,Philippines,Cargo,Encounter,14/08/2025 23:51,Asia/Manila,+08:00,14.89836,120.67956,18591
DEMO VESSEL 010,548000010,8500109,Belize,Other,Fishing event,2025-08-10 18:39:00,UTC,+00:00,14.23982,120.39674,7533
DEMO VESSEL 022,548000022,8500226,Sierra Leone,Dredging,Port visit,2025-08-23 11:10:00,Asia/Manila,+08:00,14.78981,120.40082,16119
demo vessel 003,548000003,8500032,Philippines,Cargo,Fishing event,2025-08-16 00:55:00,UTC,+00:00,14.34094,120.64166,7028
DEMO VESSEL 007,548000007,8500070,Philippines,Cargo,Encounter,2025-08-23 06:54:00,Asia/Manila,+08:00,14.58552,120.85845,2138
DEMO VESSEL 026,548000026,8500264,Philippines,Cargo,Loitering,2025-08-16 21:29:00,Asia/Manila,+08:00,14.57337,120.66287,1828
DEMO VESSEL 012,548000012,8500123,Philippines,Dredging,Encounter,2025-08-09 14:27:00,Asia/Manila,+08:00,14.81694,120.55562,3201
DEMO VESSEL 016 ,548000016,8500161,Philippines,Dredging,Loitering,2025-08-01 02:38:00,Asia/Manila,+08:00,14.54999,120.67854,9383
DEMO VESSEL 007,548000007,8500070,Philippines,Cargo,Loitering,2025-08-13 19:33:00,UTC,+00:00,14.65362,120.4192,25349
DEMO VESSEL 029,548000029,8500290,Philippines,Other,Port visit,2025-08-14 12:30:00,Asia/Manila,+08:00,14.89102,120.41884,23279
demo vessel 038,548000038,8500381,Philippines,Dredging,Loitering,2025-08-19 17:10:00,Asia/Manila,+08:00,14.33431,120.44776,11462
DEMO VESSEL 006,548000006,64,Philippines,Dredging,Loitering,2025-08-25 16:12:00,Asia/Manila,+08:00,14.67625,120.81466,34951
DEMO VESSEL 021 ,548000021,8500214,Belize,Dredging,Fishing event,2025-08-18 05:20:00,UTC,+00:00,14.39102,120.74377,5666
DEMO VESSEL 009,548000009,8500094,Belize,Cargo,Loitering,2025-08-18 18:49:00,Asia/Manila,+08:00,14.26814,120.79434,16722
DEMOVESSEL005,548000005,1234568,Sierra Leone,Dredging,Fishing event,23/08/2025 15:32,Asia/Manila,+08:00,14.49799,120.3465,11191
DEMO VESSEL 005,548000005,1234568,Sierra Leone,Dredging,Loitering,2025-08-05 21:17:00,Asia/Manila,+08:00,14.2821,120.4867,15516
DEMO VESSEL 034,548000034,8500343,Belize,Cargo,Fishing event,2025-08-15 09:28:00,UTC,+00:00,14.21784,120.83414,2713
DEMO VESSEL 023,548000023,8500238,Belize,Cargo,Loitering,2025-08-11 04:50:00,Asia/Manila,+08:00,14.88991,120.6853,38357
DEMO VESSEL 035,548000035,8500355,Philippines,Other,Loitering,2025-08-16 02:58:00,UTC,+00:00,14.85674,120.84392,8172
DEMO VESSEL 009,548000009,8500094,Belize,Cargo,Port visit,2025-07-14 02:15:00,UTC,+00:00,14.57365,120.68562,9285
DEMO VESSEL 011,548000011,8500111,Philippines,Other,Encounter,2025-08-20 12:28:00,Asia/Manila,+08:00,14.4557,120.63553,30610
DEMO VESSEL 007,667000007,8500070,Sierra Leone,Cargo,Loitering,2025-08-11 16:38:00,Asia/Manila,+08:00,14.71336,120.66125,5485
DEMO VESSEL 040,548000040,8500408,Philippines,Other,Fishing event,2025-08-01 16:31:00,Asia/Manila,+08:00,14.67911,120.86232,35809
DEMO VESSEL 027,548000027,8500276,Philippines,Cargo,Loitering,07/08/2025 14:10,Asia/Manila,+08:00,14.66031,120.58863,13966
DEMO VESSEL 032,548000032,8500329,Philippines,Cargo,Encounter,2025-08-26 04:10:00,Asia/Manila,+08:00,14.59045,120.36699,3483
DEMO VESSEL 002 ,548000002,8500020,Philippines,Cargo,Loitering,2025-08-05 01:39:00,Asia/Manila,+08:00,14.54922,120.82967,9293
DEMO VESSEL 021,548000021,8500214,Belize,Dredging,Encounter,27/08/2025 11:57,Asia/Manila,+08:00,14.83319,120.41487,4119
DEMO VESSEL 013 ,548000013,8500135,Philippines,Other,Port visit,2025-08-19 11:06:00,UTC,+00:00,14.29342,120.45586,329
DEMO VESSEL 007,667000007,8500070,Sierra Leone,Cargo,Loitering,2025-08-09 02:56:00,Asia/Manila,+08:00,14.30569,120.36422,20479
demo vessel 027,548000027,8500276,Philippines,Cargo,Loitering,2025-08-07 04:23:00,UTC,+00:00,14.48612,120.69672,31536
DEMO VESSEL 008 ,548000008,8500082,Belize,Dredging,Loitering,05/08/2025 16:32,Asia/Manila,+08:00,14.3287,120.68811,35678
DEMO VESSEL 007,667000007,8500070,Sierra Leone,Cargo,Loitering,2025-08-17 23:50:00,UTC,+00:00,14.63437,120.43314,1660
DEMO VESSEL 018,548000018,8500185,Philippines,Cargo,Encounter,2025-08-07 13:01:00,UTC,+00:00,14.76301,120.43113,3186
DEMO VESSEL 001,548000001,8500018,Philippines,Dredging,Port visit,2025-08-24 20:47:00,UTC,+00:00,14.71294,120.51131,35829
DEMO VESSEL 015,548000015,8500159,Philippines,Cargo,Fishing event,2025-08-03 02:41:00,Asia/Manila,+08:00,14.72916,120.66993,22979
DEMO VESSEL 026,548000026,8500264,Philippines,Cargo,Port visit,2025-08-01 01:37:00,UTC,+00:00,14.27353,120.78982,36489
DEMO VESSEL 003,548000003,8500032,Philippines,Cargo,Encounter,11/08/2025 12:30,Asia/Manila,+08:00,14.55333,120.57656,6153
DEMO VESSEL 009,548000009,8500094,Belize,Cargo,Loitering,2025-08-08 06:12:00,Asia/Manila,+08:00,14.62259,120.58743,19246
DEMO VESSEL 020,548000020,8500202,Philippines,Other,Port visit,21/08/2025 08:45,Asia/Manila,+08:00,14.68163,120.84532,11556
DEMO VESSEL 007,667000007,8500070,Sierra Leone,Cargo,Port visit,2025-08-11 04:51:00,Asia/Manila,+08:00,14.50445,120.67706,35731
AIS TEST SHIP,100900301,,,,Port visit,05/08/2025 17:10,UTC,+00:00,14.87926,120.54663,32484
DEMO VESSEL 040,548000040,8500408,Philippines,Other,Encounter,16/08/2025 21:52,Asia/Manila,+08:00,14.68963,120.3148,38127
DEMO VESSEL 003,548000003,8500032,Philippines,Cargo,Encounter,2025-08-18 09:24:00,UTC,+00:00,14.67706,120.48996,28790
AIS TEST SHIP,100900301,,,,Loitering,16/08/2025 09:12,Asia/Manila,+08:00,14.50405,120.66971,10260
DEMO VESSEL 030,548000030,8500305,Philippines,Cargo,Loitering,2025-08-21 11:55:00,Asia/Manila,+08:00,14.77106,120.32739,7381
demo vessel 006,548000006,64,Philippines,Dredging,Loitering,2025-08-09 13:03:00,Asia/Manila,+08:00,14.52451,120.33684,34659
DEMO VESSEL 005,548000005,1234568,Sierra Leone,Dredging,Fishing event,2025-08-12 16:12:00,Asia/Manila,+08:00,14.42992,120.84662,18193
DEMO VESSEL 004,548000004,,Philippines,Dredging,Fishing event,2025-08-14 20:24:00,Asia/Manila,+08:00,14.28903,120.61035,39719
DEMO VESSEL 031,548000031,8500317,Philippines,Cargo,Port visit,2025-08-26 04:50:00,Asia/Manila,+08:00,14.44178,120.35609,36125
DEMO VESSEL 001,548000001,8500018,Philippines,Dredging,Fishing event,2025-08-21 08:47:00,UTC,+00:00,14.77957,120.46268,38758
DEMO VESSEL 030,548000030,8500305,Philippines,Cargo,Fishing event,2025-08-08 08:42:00,Asia/Manila,+08:00,14.35209,120.82943,27618
DEMO VESSEL 026,548000026,8500264,Philippines,Cargo,Loitering,2025-08-18 04:27:00,Asia/Manila,+08:00,0.0,0.0,2925
DEMO VESSEL 017,548000017,8500173,Philippines,Other,Encounter,2025-08-05 21:01:00,UTC,+00:00,14.62181,120.73974,17841
DEMO VESSEL 033,548000033,8500331,Philippines,Cargo,Loitering,2025-08-08 18:23:00,Asia/Manila,+08:00,14.84901,120.61207,18040
DEMO VESSEL 038,548000038,8500381,Philippines,Dredging,Port visit,20/08/2025 03:33,Asia/Manila,+08:00,14.4399,120.32675,28341
DEMO VESSEL 020,548000020,8500202,Philippines,Other,Port visit,25/08/2025 19:36,Asia/Manila,+08:00,14.61726,120.5438,14796
DEMO VESSEL 004,548000004,,Philippines,Dredging,Loitering,2025-08-03 18:57:00,Asia/Manila,+08:00,14.24953,120.54974,8784
DEMO VESSEL 007,548000007,8500070,Philippines,Cargo,Port visit,2025-08-27 17:09:00,Asia/Manila,+08:00,14.51,120.54822,21694
DEMO VESSEL 037,548000037,8500379,Belize,Cargo,Encounter,02/08/2025 21:59,Asia/Manila,+08:00,14.75447,120.83315,33703
DEMO VESSEL 018,548000018,8500185,Philippines,Cargo,Encounter,05/08/2025 20:12,UTC,+00:00,14.4561,120.45794,11406
DEMO VESSEL 016,548000016,8500161,Philippines,Dredging,Fishing event,2025-08-04 13:08:00,UTC,+00:00,14.50465,120.57464,5648
DEMO VESSEL 033,548000033,8500331,Philippines,Cargo,Loitering,2025-08-15 03:41:00,Asia/Manila,+08:00,14.88254,120.80834,35058
DEMO VESSEL 017,548000017,8500173,Philippines,Other,Port visit,2025-08-25 15:44:00,UTC,+00:00,14.42916,120.48357,15687
DEMO VESSEL 033,548000033,8500331,Philippines,Cargo,Encounter,03/08/2025 10:15,Asia/Manila,+08:00,14.43481,120.77139,16992
DEMO VESSEL 017,548000017,8500173,Philippines,Other,Loitering,05/08/2025 21:34,Asia/Manila,+08:00,14.26614,120.77064,16673
DEMO VESSEL 004,548000004,,Philippines,Dredging,Loitering,2025-08-20 21:11:00,Asia/Manila,+08:00,14.42685,120.87312,4728
DEMO VESSEL 008,548000008,8500082,Belize,Dredging,Encounter,2025-08-05 01:22:00,Asia/Manila,+08:00,14.21912,120.42214,25483
DEMO VESSEL 026 ,548000026,8500264,Philippines,Cargo,Loitering,2025-08-12 11:01:00,Asia/Manila,+08:00,14.36671,120.56994,32117
DEMO VESSEL 009,548000009,8500094,Belize,Cargo,Fishing event,01/08/2025 09:28,Asia/Manila,+08:00,14.83126,120.54366,24284
DEMO VESSEL 005,548000005,1234568,Sierra Leone,Dredging,Encounter,17/08/2025 21:11,Asia/Manila,+08:00,14.81253,120.70079,35913
DEMO VESSEL 022,548000022,8500226,Sierra Leone,Dredging,Loitering,2025-08-06 07:09:00,Asia/Manila,+08:00,14.81733,120.70362,34302
DEMO VESSEL 035,548000035,8500355,Philippines,Other,Fishing event,2025-08-20 21:50:00,Asia/Manila,+08:00,14.67502,120.86066,19450
DEMO VESSEL 019,548000019,8500197,Philippines,Cargo,Loitering,2025-08-15 22:07:00,Asia/Manila,+08:00,14.83014,120.57012,33198
DEMO VESSEL 009,548000009,8500094,Belize,Cargo,Port visit,2025-08-10 00:47:00,Asia/Manila,+08:00,14.70328,120.37522,13491
DEMO VESSEL 020,548000020,8500202,Philippines,Other,Encounter,2025-08-13 02:09:00,UTC,+00:00,14.46372,120.36812,19962
DEMO VESSEL 026,548000026,8500264,Philippines,Cargo,Fishing event,2025-08-04 11:58:00,UTC,+00:00,14.35277,120.58405,999
AIS TEST SHIP,100900301,,,,Port visit,2025-08-10 09:27:00,Asia/Manila,+08:00,14.42841,120.38023,22782
AIS TEST SHIP,100900301,,,,Port visit,2025-08-08 06:24:00,Asia/Manila,+08:00,14.3115,120.43991,35759
DEMO VESSEL 011,548000011,8500111,Philippines,Other,Port visit,2025-08-17 15:15:00,Asia/Manila,+08:00,14.66106,120.3315,8488
DEMO VESSEL 032,548000032,8500329,Philippines,Cargo,Loitering,2025-08-16 01:13:00,UTC,+00:00,14.76533,120.43232,22683
AIS TEST SHIP,100900301,,,,Fishing event,23/08/2025 11:11,Asia/Manila,+08:00,14.61542,120.33279,21932
DEMO VESSEL 025,548000025,8500252,Philippines,Dredging,Encounter,2025-08-17 01:07:00,Asia/Manila,+08:00,14.52133,120.60519,17029
DEMO VESSEL 002,548000002,8500020,Philippines,Cargo,Port visit,2025-08-11 20:11:00,Asia/Manila,+08:00,14.2033,120.46412,32384
DEMO VESSEL 027,548000027,8500276,Philippines,Cargo,Loitering,23/08/2025 09:26,Asia/Manila,+08:00,14.58134,120.49923,16239
DEMO VESSEL 008,548000008,8500082,Belize,Dredging,Port visit,2025-08-06 17:33:00,UTC,+00:00,14.20242,120.38256,30967
DEMO VESSEL 003,548000003,8500032,Philippines,Cargo,Loitering,2025-08-11 00:25:00,Asia/Manila,+08:00,14.81607,120.7846,5178
DEMO VESSEL 007,667000007,8500070,Sierra Leone,Cargo,Port visit,2025-08-01 14:39:00,Asia/Manila,+08:00,14.42439,120.71212,16047
demo vessel 033,548000033,8500331,Philippines,Cargo,Loitering,2025-08-18 04:53:00,Asia/Manila,+08:00,14.33533,120.47766,3365
DEMO VESSEL 005,548000005,1234568,Sierra Leone,Dredging,Loitering,2025-08-19 16:15:00,Asia/Manila,+08:00,14.71761,120.71382,11928
DEMO VESSEL 020,548000020,8500202,Philippines,Other,Encounter,07/08/2025 00:53,Asia/Manila,+08:00,14.81129,120.6752,6680
DEMO VESSEL 015,548000015,8500159,Philippines,Cargo,Port visit,2025-08-25 02:16:00,UTC,+00:00,14.42175,120.45328,19482
DEMO VESSEL 016,548000016,8500161,Philippines,Dredging,Port visit,27/08/2025 20:53,Asia/Manila,+08:00,14.38872,120.5571,31628
DEMO VESSEL 033,548000033,8500331,Philippines,Cargo,Port visit,19/08/2025 00:44,UTC,+00:00,14.8518,120.88995,33953
DEMO VESSEL 012,548000012,8500123,Philippines,Dredging,Encounter,2025-08-24 12:01:00,Asia/Manila,+08:00,14.55407,120.84766,28980
DEMOVESSEL034,548000034,8500343,Belize,Cargo,Encounter,09/08/2025 21:13,Asia/Manila,+08:00,14.68539,120.45161,26483
DEMO VESSEL 018,548000018,8500185,Philippines,Cargo,Fishing event,2025-08-10 03:03:00,Asia/Manila,+08:00,14.84145,120.84795,24753
DEMO VESSEL 004,548000004,,Philippines,Dredging,Port visit,02/08/2025 01:20,Asia/Manila,+08:00,14.20594,120.51399,20909
DEMO VESSEL 007,548000007,8500070,Philippines,Cargo,Encounter,2025-08-23 05:10:00,Asia/Manila,+08:00,14.81676,120.33509,36113
DEMO VESSEL 003,548000003,8500032,Philippines,Cargo,Port visit,2025-08-15 13:10:00,Asia/Manila,+08:00,14.40661,120.39407,38187
DEMO VESSEL 021,548000021,8500214,Belize,Dredging,Fishing event,16/08/2025 19:59,Asia/Manila,+08:00,14.47158,120.62717,19537
DEMO VESSEL 024 ,548000024,8500240,Philippines,Cargo,Port visit,2025-08-01 06:05:00,UTC,+00:00,14.66135,120.33355,10677
DEMO VESSEL 001,548000001,8500018,Philippines,Dredging,Port visit,2025-08-08 13:21:00,UTC,+00:00,14.71073,120.48753,31381
DEMO VESSEL 020,548000020,8500202,Philippines,Other,Encounter,2025-08-23 18:30:00,Asia/Manila,+08:00,14.81166,120.35196,27611
DEMOVESSEL007,548000007,8500070,Philippines,Cargo,Loitering,2025-08-14 12:12:00,Asia/Manila,+08:00,14.332,120.43483,11262
DEMO VESSEL 022,548000022,8500226,Sierra Leone,Dredging,Loitering,2025-08-25 11:50:00,UTC,+00:00,14.50853,120.36576,2041
DEMO VESSEL 014,548000014,8500147,Philippines,Cargo,Port visit,2025-08-22 20:01:00,Asia/Manila,+08:00,14.35836,120.53298,1091
DEMO VESSEL 027,548000027,8500276,Philippines,Cargo,Port visit,2025-08-10 08:05:00,Asia/Manila,+08:00,14.56264,120.39816,8895
AIS TEST SHIP,100900301,,,,Port visit,2025-08-08 14:48:00,Asia/Manila,+08:00,14.26202,120.89213,30747
DEMO VESSEL 016,548000016,8500161,Philippines,Dredging,Fishing event,2025-08-05 21:59:00,Asia/Manila,+08:00,14.65539,120.58052,20805
DEMO VESSEL 033,548000033,8500331,Philippines,Cargo,Encounter,2025-08-21 17:03:00,UTC,+00:00,14.6582,120.52684,1991
DEMO VESSEL 017,548000017,8500173,Philippines,Other,Fishing event,2025-08-02 13:00:00,Asia/Manila,+08:00,14.31886,120.4938,12634
demo vessel 024,548000024,8500240,Philippines,Cargo,Encounter,2025-08-01 18:32:00,Asia/Manila,+08:00,14.80384,120.8124,12625
DEMO VESSEL 023,548000023,8500238,Belize,Cargo,Loitering,2025-08-01 12:23:00,Asia/Manila,+08:00,14.25051,120.78745,9317
DEMO VESSEL 016,548000016,8500161,Philippines,Dredging,Fishing event,2025-08-04 04:26:00,UTC,+00:00,14.89507,120.34818,15696
DEMO VESSEL 003,548000003,8500032,Philippines,Cargo,Encounter,03/08/2025 03:52,Asia/Manila,+08:00,14.53566,120.48694,11585
DEMO VESSEL 001,548000001,8500018,Philippines,Dredging,Port visit,2025-08-26 23:10:00,Asia/Manila,+08:00,14.6647,120.67156,20643
DEMO VESSEL 005,548000005,1234568,Sierra Leone,Dredging,Loitering,12/08/2025 13:15,Asia/Manila,+08:00,14.6818,120.84609,18684
DEMO VESSEL 035,548000035,8500355,Philippines,Other,Encounter,2025-08-14 13:19:00,Asia/Manila,+08:00,14.29109,120.42549,35616
DEMO VESSEL 039,548000039,8500393,Philippines,Dredging,Encounter,2025-08-11 09:43:00,Asia/Manila,+08:00,14.72703,120.59132,22300
DEMO VESSEL 040,548000040,8500408,Philippines,Other,Encounter,23/08/2025 05:56,UTC,+00:00,14.20927,120.71541,5106
DEMO VESSEL 014,548000014,8500147,Philippines,Cargo,Port visit,2025-08-16 19:50:00,Asia/Manila,+08:00,14.62694,120.78423,10782
DEMO VESSEL 024,548000024,8500240,Philippines,Cargo,Port visit,09/08/2025 22:21,Asia/Manila,+08:00,14.73097,120.81797,12999
DEMO VESSEL 029,548000029,8500290,Philippines,Other,Loitering,2025-08-26 18:48:00,Asia/Manila,+08:00,14.34783,120.8552,23744
DEMO VESSEL 004,548000004,,Philippines,Dredging,Loitering,2025-08-10 22:38:00,Asia/Manila,+08:00,14.46276,120.71508,25341
DEMO VESSEL 005,548000005,1234568,Sierra Leone,Dredging,Encounter,2025-08-23 07:48:00,Asia/Manila,+08:00,14.42285,120.86116,28126
DEMO VESSEL 032,548000032,8500329,Philippines,Cargo,Encounter,2025-08-27 22:25:00,UTC,+00:00,14.66031,120.64242,825
DEMOVESSEL001,548000001,8500018,Philippines,Dredging,Port visit,2025-08-07 11:51:00,Asia/Manila,+08:00,14.81622,120.72071,5910
DEMO VESSEL 037,548000037,8500379,Belize,Cargo,Port visit,2025-08-18 16:21:00,Asia/Manila,+08:00,14.67309,120.65213,32124
DEMO VESSEL 012,548000012,8500123,Philippines,Dredging,Port visit,2025-08-22 22:34:00,Asia/Manila,+08:00,14.6681,120.56105,29811
DEMO VESSEL 013,548000013,8500135,Philippines,Other,Port visit,23/08/2025 19:12,Asia/Manila,+08:00,14.45548,120.77744,1394
DEMO VESSEL 030,548000030,8500305,Philippines,Cargo,Encounter,2025-08-22 21:44:00,Asia/Manila,+08:00,14.61497,120.45795,33723
DEMO VESSEL 038,548000038,8500381,Philippines,Dredging,Fishing event,2025-08-13 20:47:00,Asia/Manila,+08:00,14.6463,120.47479,3798
DEMO VESSEL 001,548000001,8500018,Philippines,Dredging,Encounter,2025-08-03 22:03:00,Asia/Manila,+08:00,14.53898,120.42241,22934
demo vessel 006,548000006,64,Philippines,Dredging,Encounter,2025-08-04 08:37:00,Asia/Manila,+08:00,14.56826,120.79908,10614
DEMO VESSEL 037,548000037,8500379,Belize,Cargo,Port visit,2025-08-23 09:52:00,Asia/Manila,+08:00,14.80573,120.86531,18516
DEMO VESSEL 013,548000013,8500135,Philippines,Other,Loitering,2025-08-06 15:25:00,UTC,+00:00,14.54466,120.59287,5012
demo vessel 031,548000031,8500317,Philippines,Cargo,Loitering,14/08/2025 19:36,Asia/Manila,+08:00,14.52561,120.63265,38104
DEMO VESSEL 014,548000014,8500147,Philippines,Cargo,Fishing event,14/08/2025 00:30,Asia/Manila,+08:00,14.26979,120.52138,21039
DEMO VESSEL 022,548000022,8500226,Sierra Leone,Dredging,Fishing event,2025-08-13 02:52:00,Asia/Manila,+08:00,14.70438,120.81407,35991
DEMO VESSEL 032,548000032,8500329,Philippines,Cargo,Port visit,2025-08-08 18:50:00,Asia/Manila,+08:00,14.63967,120.39227,15201
DEMO VESSEL 040,548000040,8500408,Philippines,Other,Port visit,2025-08-26 09:49:00,Asia/Manila,+08:00,14.7222,120.62939,23678
DEMO VESSEL 010,548000010,8500109,Belize,Other,Loitering,2025-08-04 09:02:00,Asia/Manila,+08:00,14.88624,120.70949,28338
DEMO VESSEL 020,548000020,8500202,Philippines,Other,Fishing event,2025-08-02 22:51:00,UTC,+00:00,14.77668,120.853,36052
DEMO VESSEL 015,548000015,8500159,Philippines,Cargo,Fishing event,2025-08-27 03:27:00,Asia/Manila,+08:00,14.69699,120.80844,4173
DEMO VESSEL 017,548000017,8500173,Philippines,Other,Encounter,2025-08-25 00:59:00,UTC,+00:00,14.56819,120.55989,6909
DEMO VESSEL 025,548000025,8500252,Philippines,Dredging,Encounter,2025-08-07 13:53:00,Asia/Manila,+08:00,14.30164,120.35787,21372
DEMOVESSEL022,548000022,8500226,Sierra Leone,Dredging,Loitering,2025-08-24 00:58:00,Asia/Manila,+08:00,14.23479,120.46969,36928
DEMO VESSEL 013,548000013,8500135,Philippines,Other,Encounter,2025-08-23 17:49:00,Asia/Manila,+08:00,14.47076,120.72738,34432
DEMO VESSEL 034,548000034,8500343,Belize,Cargo,Loitering,2025-08-20 01:07:00,UTC,+00:00,14.68773,120.71454,25175
DEMO VESSEL 017,548000017,8500173,Philippines,Other,Fishing event,23/08/2025 16:05,Asia/Manila,+08:00,14.89938,120.47024,16347
DEMO VESSEL 003,548000003,8500032,Philippines,Cargo,Loitering,2025-08-26 01:41:00,Asia/Manila,+08:00,14.63904,120.83523,3971
DEMO VESSEL 013,548000013,8500135,Philippines,Other,Encounter,2025-08-10 14:30:00,UTC,+00:00,14.52133,120.43271,26659
DEMO VESSEL 038,548000038,8500381,Philippines,Dredging,Loitering,2025-08-16 17:35:00,Asia/Manila,+08:00,14.22083,120.37649,17525
DEMO VESSEL 032,548000032,8500329,Philippines,Cargo,Encounter,2025-08-24 10:47:00,UTC,+00:00,14.87431,120.85584,18422
DEMO VESSEL 002,548000002,8500020,Philippines,Cargo,Fishing event,15/08/2025 10:07,UTC,+00:00,14.21244,120.54206,39897
DEMO VESSEL 033,548000033,8500331,Philippines,Cargo,Fishing event,19/08/2025 13:41,Asia/Manila,+08:00,14.47475,120.3007,39714
DEMOVESSEL007,548000007,8500070,Philippines,Cargo,Port visit,2025-08-06 14:01:00,Asia/Manila,+08:00,14.49528,120.75943,19632
DEMO VESSEL 005,548000005,1234568,Sierra Leone,Dredging,Encounter,21/08/2025 23:32,Asia/Manila,+08:00,14.42037,120.85484,12777
DEMO VESSEL 005,548000005,1234568,Sierra Leone,Dredging,Encounter,14/08/2025 17:28,Asia/Manila,+08:00,14.7666,120.30043,8701
DEMO VESSEL 033,548000033,8500331,Philippines,Cargo,Port visit,18/08/2025 13:59,Asia/Manila,+08:00,14.76403,120.3999,25571
DEMO VESSEL 009,548000009,8500094,Belize,Cargo,Encounter,2025-08-26 03:20:00,UTC,+00:00,14.56859,120.64325,5218
DEMO VESSEL 030,548000030,8500305,Philippines,Cargo,Port visit,2025-08-10 23:33:00,UTC,+00:00,14.4807,120.78006,16726
DEMO VESSEL 040,548000040,8500408,Philippines,Other,Port visit,2025-08-01 05:51:00,Asia/Manila,+08:00,14.44111,120.69656,35983
DEMO VESSEL 016,548000016,8500161,Philippines,Dredging,Loitering,2025-08-02 21:16:00,Asia/Manila,+08:00,14.41434,120.51975,1299
DEMO VESSEL 034,548000034,8500343,Belize,Cargo,Fishing event,2025-08-27 12:31:00,Asia/Manila,+08:00,14.70459,120.36224,20838
DEMO VESSEL 002,548000002,8500020,Philippines,Cargo,Fishing event,17/08/2025 11:03,UTC,+00:00,14.31682,120.39439,15268
DEMO VESSEL 025,548000025,8500252,Philippines,Dredging,Loitering,22/08/2025 20:23,Asia/Manila,+08:00,14.59686,120.8096,14105
demo vessel 007,667000007,8500070,Sierra Leone,Cargo,Fishing event,2025-08-13 06:50:00,Asia/Manila,+08:00,14.72287,120.36039,22338
DEMO VESSEL 013,548000013,8500135,Philippines,Other,Encounter,2025-08-12 01:18:00,UTC,+00:00,14.6153,120.60077,18379
DEMO VESSEL 011,548000011,8500111,Philippines,Other,Loitering,2025-08-17 19:37:00,Asia/Manila,+08:00,14.37871,120.88617,5505
DEMO VESSEL 034,548000034,8500343,Belize,Cargo,Loitering,2025-08-02 16:50:00,Asia/Manila,+08:00,14.78841,120.46563,2199
DEMO VESSEL 017,548000017,8500173,Philippines,Other,Fishing event,2025-08-01 18:37:00,Asia/Manila,+08:00,14.28386,120.38655,16741
DEMO VESSEL 002,548000002,8500020,Philippines,Cargo,Encounter,2025-08-10 08:29:00,Asia/Manila,+08:00,14.32229,120.32367,28218
DEMO VESSEL 007,548000007,8500070,Philippines,Cargo,Fishing event,23/08/2025 09:26,Asia/Manila,+08:00,14.34889,120.49646,6953
DEMO VESSEL 030,548000030,8500305,Philippines,Cargo,Port visit,2025-08-25 14:37:00,UTC,+00:00,0.0,0.0,34641
DEMO VESSEL 034,548000034,8500343,Belize,Cargo,Encounter,12/08/2025 07:26,Asia/Manila,+08:00,14.72614,120.38501,36409
DEMO VESSEL 002,548000002,8500020,Philippines,Cargo,Encounter,16/08/2025 10:37,Asia/Manila,+08:00,14.79302,120.35588,4450
DEMO VESSEL 008,548000008,8500082,Belize,Dredging,Port visit,10/08/2025 17:38,Asia/Manila,+08:00,14.54537,120.3154,15077
DEMO VESSEL 028,548000028,8500288,Philippines,Other,Fishing event,18/08/2025 12:47,Asia/Manila,+08:00,14.84502,120.61281,6382
DEMO VESSEL 036,548000036,8500367,Sierra Leone,Cargo,Port visit,2025-08-18 08:04:00,Asia/Manila,+08:00,14.74853,120.7621,7322
DEMO VESSEL 014,548000014,8500147,Philippines,Cargo,Port visit,2025-08-19 05:58:00,Asia/Manila,+08:00,14.8705,120.78766,5295
DEMO VESSEL 010,548000010,8500109,Belize,Other,Loitering,2025-08-24 07:23:00,UTC,+00:00,14.72281,120.3626,1333
DEMO VESSEL 030,548000030,8500305,Philippines,Cargo,Encounter,2025-08-24 17:48:00,Asia/Manila,+08:00,14.2785,120.86472,37727
DEMO VESSEL 023,548000023,8500238,Belize,Cargo,Loitering,01/08/2025 03:26,UTC,+00:00,14.84356,120.83097,8525
DEMO VESSEL 004,548000004,,Philippines,Dredging,Port visit,2025-08-20 03:06:00,Asia/Manila,+08:00,14.82622,120.35567,25911
DEMO VESSEL 038,548000038,8500381,Philippines,Dredging,Port visit,2025-08-03 12:19:00,Asia/Manila,+08:00,14.82021,120.77101,23034
DEMO VESSEL 003,548000003,8500032,Philippines,Cargo,Loitering,2025-08-04 15:39:00,Asia/Manila,+08:00,14.50536,120.3968,15511
DEMO VESSEL 009,548000009,8500094,Belize,Cargo,Fishing event,2025-08-14 13:45:00,UTC,+00:00,14.44122,120.6953,8493
DEMO VESSEL 002,548000002,8500020,Philippines,Cargo,Port visit,2025-08-02 01:41:00,Asia/Manila,+08:00,14.87791,120.68014,24984
demo vessel 020,548000020,8500202,Philippines,Other,Port visit,2025-08-17 11:44:00,UTC,+00:00,14.67327,120.88332,39952
DEMO VESSEL 029,548000029,8500290,Philippines,Other,Loitering,2025-08-25 01:41:00,Asia/Manila,+08:00,14.26363,120.40203,8340
DEMO VESSEL 003,548000003,8500032,Philippines,Cargo,Port visit,2025-08-07 08:44:00,Asia/Manila,+08:00,14.6326,120.66024,37474
DEMO VESSEL 033,548000033,8500331,Philippines,Cargo,Encounter,06/08/2025 13:35,Asia/Manila,+08:00,14.75009,120.51023,27111
DEMO VESSEL 011,548000011,8500111,Philippines,Other,Encounter,2025-08-25 01:27:00,Asia/Manila,+08:00,14.63038,120.60007,10462
demo vessel 006,548000006,64,Philippines,Dredging,Encounter,14/08/2025 05:55,Asia/Manila,+08:00,14.8646,120.68524,14751
DEMO VESSEL 007,548000007,8500070,Philippines,Cargo,Encounter,2025-08-19 20:28:00,Asia/Manila,+08:00,14.75079,120.67374,24677
DEMO VESSEL 027,548000027,8500276,Philippines,Cargo,Port visit,2025-08-07 12:25:00,Asia/Manila,+08:00,14.87617,120.68735,17242
DEMO VESSEL 009,548000009,8500094,Belize,Cargo,Encounter,2025-08-26 23:05:00,Asia/Manila,+08:00,14.20419,120.68543,28643
demo vessel 009,548000009,8500094,Belize,Cargo,Loitering,2025-08-10 17:27:00,UTC,+00:00,14.45571,120.86917,17818
DEMO VESSEL 001,548000001,8500018,Philippines,Dredging,Port visit,2025-08-25 02:36:00,Asia/Manila,+08:00,14.47862,120.68974,33005
demo vessel 002,548000002,8500020,Philippines,Cargo,Port visit,2025-08-20 23:09:00,Asia/Manila,+08:00,14.83423,120.61608,18078
DEMO VESSEL 013,548000013,8500135,Philippines,Other,Encounter,02/08/2025 01:50,Asia/Manila,+08:00,14.25554,120.82061,13208
DEMO VESSEL 007,548000007,8500070,Philippines,Cargo,Encounter,2025-08-15 18:03:00,Asia/Manila,+08:00,14.59219,120.55514,6160
DEMO VESSEL 016,548000016,8500161,Philippines,Dredging,Fishing event,14/08/2025 03:33,UTC,+00:00,14.53755,120.32744,39891
DEMO VESSEL 018,548000018,8500185,Philippines,Cargo,Port visit,2025-08-06 11:37:00,Asia/Manila,+08:00,14.32841,120.67581,17230
DEMO VESSEL 038,548000038,8500381,Philippines,Dredging,Port visit,16/08/2025 10:18,UTC,+00:00,14.59076,120.89917,12361
DEMO VESSEL 023,548000023,8500238,Belize,Cargo,Loitering,10/08/2025 05:28,Asia/Manila,+08:00,14.59751,120.87302,1992
DEMO VESSEL 003,548000003,8500032,Philippines,Cargo,Encounter,11/08/2025 19:38,Asia/Manila,+08:00,14.45275,120.38877,1098
DEMOVESSEL036,548000036,8500367,Sierra Leone,Cargo,Port visit,02/08/2025 00:29,Asia/Manila,+08:00,14.59582,120.4151,28131
DEMO VESSEL 019,548000019,8500197,Philippines,Cargo,Loitering,2025-08-24 00:20:00,Asia/Manila,+08:00,14.8031,120.86464,18653
DEMO VESSEL 012,548000012,8500123,Philippines,Dredging,Port visit,2025-08-24 15:34:00,UTC,+00:00,14.86132,120.72145,34980
DEMO VESSEL 019,548000019,8500197,Philippines,Cargo,Port visit,10/08/2025 13:10,Asia/Manila,+08:00,14.34986,120.51865,24386
DEMO VESSEL 003,548000003,8500032,Philippines,Cargo,Port visit,2025-08-24 16:19:00,Asia/Manila,+08:00,14.81026,120.79328,13747
DEMO VESSEL 018,548000018,8500185,Philippines,Cargo,Loitering,18/08/2025 14:12,UTC,+00:00,14.57591,120.50483,10579
DEMO VESSEL 014,548000014,8500147,Philippines,Cargo,Encounter,2025-08-04 22:38:00,Asia/Manila,+08:00,14.50912,120.65967,30574
DEMOVESSEL013,548000013,8500135,Philippines,Other,Encounter,2025-08-17 06:48:00,Asia/Manila,+08:00,14.71153,120.60737,34217
demo vessel 006,548000006,64,Philippines,Dredging,Loitering,2025-08-26 22:37:00,UTC,+00:00,14.84897,120.3714,15763
DEMO VESSEL 026,548000026,8500264,Philippines,Cargo,Encounter,01/08/2025 08:33,Asia/Manila,+08:00,14.42225,120.40234,18040
DEMO VESSEL 022,548000022,8500226,Sierra Leone,Dredging,Port visit,2025-08-12 03:19:00,Asia/Manila,+08:00,14.59279,120.74204,12725
DEMO VESSEL 006,548000006,64,Philippines,Dredging,Fishing event,2025-08-22 17:47:00,Asia/Manila,+08:00,14.34837,120.68708,24585
demo vessel 036,548000036,8500367,Sierra Leone,Cargo,Port visit,2025-08-19 22:22:00,UTC,+00:00,14.34812,120.41468,26668
DEMO VESSEL 035,548000035,8500355,Philippines,Other,Loitering,2025-08-17 11:23:00,Asia/Manila,+08:00,14.56936,120.62934,22606
DEMOVESSEL024,548000024,8500240,Philippines,Cargo,Encounter,21/08/2025 18:26,Asia/Manila,+08:00,14.46389,120.44592,30361
DEMO VESSEL 016,548000016,8500161,Philippines,Dredging,Encounter,26/08/2025 04:43,Asia/Manila,+08:00,14.60282,120.78841,23401
DEMO VESSEL 016,548000016,8500161,Philippines,Dredging,Encounter,26/08/2025 07:33,Asia/Manila,+08:00,14.80207,120.58471,13879
DEMO VESSEL 006,548000006,64,Philippines,Dredging,Port visit,2025-08-20 07:47:00,Asia/Manila,+08:00,14.86457,120.60573,16116
DEMO VESSEL 003,548000003,8500032,Philippines,Cargo,Encounter,2025-08-13 11:14:00,Asia/Manila,+08:00,14.2052,120.59889,27224
DEMO VESSEL 020,548000020,8500202,Philippines,Other,Port visit,2025-08-26 15:27:00,UTC,+00:00,14.6345,120.51132,18357
DEMO VESSEL 016,548000016,8500161,Philippines,Dredging,Fishing event,2025-08-20 00:21:00,Asia/Manila,+08:00,14.8406,120.63275,21199
DEMO VESSEL 027,548000027,8500276,Philippines,Cargo,Fishing event,2025-08-14 00:58:00,Asia/Manila,+08:00,14.61039,120.35886,22040
DEMO VESSEL 005,548000005,1234568,Sierra Leone,Dredging,Port visit,05/08/2025 23:04,Asia/Manila,+08:00,14.71271,120.79459,37120
DEMO VESSEL 008,548000008,8500082,Belize,Dredging,Port visit,2025-08-02 06:01:00,Asia/Manila,+08:00,14.82878,120.87656,34948
DEMO VESSEL 007,548000007,8500070,Philippines,Cargo,Port visit,2025-08-08 06:59:00,Asia/Manila,+08:00,14.60032,120.55887,30141
DEMO VESSEL 007,667000007,8500070,Sierra Leone,Cargo,Port visit,2025-08-24 10:07:00,Asia/Manila,+08:00,14.45095,120.71542,21036
DEMO VESSEL 038,548000038,8500381,Philippines,Dredging,Fishing event,2025-08-17 04:26:00,UTC,+00:00,14.42652,120.82057,38151
DEMO VESSEL 027,548000027,8500276,Philippines,Cargo,Loitering,2025-08-23 16:58:00,Asia/Manila,+08:00,14.20235,120.47557,27468
DEMO VESSEL 028,548000028,8500288,Philippines,Other,Loitering,16/08/2025 07:02,Asia/Manila,+08:00,14.60532,120.60343,2855
DEMO VESSEL 007,548000007,8500070,Philippines,Cargo,Loitering,2025-08-06 16:15:00,Asia/Manila,+08:00,14.27224,120.88547,2271
DEMO VESSEL 014,548000014,8500147,Philippines,Cargo,Fishing event,2025-08-23 01:53:00,UTC,+00:00,14.69074,120.55401,14820
DEMO VESSEL 020 ,548000020,8500202,Philippines,Other,Port visit,2025-08-04 11:30:00,Asia/Manila,+08:00,14.27378,120.62733,1627
demo vessel 013,548000013,8500135,Philippines,Other,Port visit,12/08/2025 12:50,Asia/Manila,+08:00,14.82995,120.84166,10722
DEMO VESSEL 015,548000015,8500159,Philippines,Cargo,Port visit,08/08/2025 20:14,Asia/Manila,+08:00,14.7418,120.35643,25377
DEMO VESSEL 029 ,548000029,8500290,Philippines,Other,Encounter,2025-08-01 06:18:00,Asia/Manila,+08:00,14.79794,120.73759,20521
DEMO VESSEL 035,548000035,8500355,Philippines,Other,Fishing event,22/08/2025 21:20,Asia/Manila,+08:00,14.64078,120.5722,4337
DEMO VESSEL 017,548000017,8500173,Philippines,Other,Port visit,2025-08-12 19:25:00,UTC,+00:00,14.50156,120.40618,15657
DEMO VESSEL 003,548000003,8500032,Philippines,Cargo,Loitering,02/08/2025 04:01,UTC,+00:00,14.23532,120.53016,23606
DEMO VESSEL 022,548000022,8500226,Sierra Leone,Dredging,Encounter,2025-08-02 16:54:00,Asia/Manila,+08:00,14.89669,120.81174,15029
DEMO VESSEL 006,548000006,64,Philippines,Dredging,Encounter,26/08/2025 22:46,Asia/Manila,+08:00,14.65878,120.87997,12213
DEMO VESSEL 005,548000005,1234568,Sierra Leone,Dredging,Encounter,21/08/2025 21:12,Asia/Manila,+08:00,14.70043,120.64611,12200
DEMOVESSEL032,548000032,8500329,Philippines,Cargo,Loitering,2025-08-04 05:09:00,Asia/Manila,+08:00,14.74633,120.42844,10287
DEMO VESSEL 005,548000005,1234568,Sierra Leone,Dredging,Port visit,2025-08-27 05:46:00,UTC,+00:00,14.339,120.82552,509
DEMO VESSEL 021,548000021,8500214,Belize,Dredging,Loitering,2025-08-02 14:15:00,Asia/Manila,+08:00,14.48185,120.74633,14069
DEMO VESSEL 008,548000008,8500082,Belize,Dredging,Fishing event,2025-08-09 00:32:00,Asia/Manila,+08:00,14.66014,120.88585,32458
DEMO VESSEL 003,548000003,8500032,Philippines,Cargo,Fishing event,2025-08-02 09:39:00,UTC,+00:00,14.6743,120.63555,27242
DEMO VESSEL 030,548000030,8500305,Philippines,Cargo,Encounter,2025-08-06 19:16:00,Asia/Manila,+08:00,14.82759,120.8025,14967
DEMO VESSEL 029,548000029,8500290,Philippines,Other,Loitering,2025-08-13 00:06:00,Asia/Manila,+08:00,14.45127,120.70757,39384
DEMO VESSEL 006 ,548000006,64,Philippines,Dredging,Port visit,2025-08-13 00:10:00,Asia/Manila,+08:00,14.32257,120.80574,14179
DEMOVESSEL031,548000031,8500317,Philippines,Cargo,Port visit,2025-08-01 18:38:00,Asia/Manila,+08:00,14.28573,120.75379,26799
DEMO VESSEL 024,548000024,8500240,Philippines,Cargo,Encounter,2025-08-01 07:23:00,Asia/Manila,+08:00,14.61221,120.46154,22496
DEMO VESSEL 040,548000040,8500408,Philippines,Other,Port visit,2025-08-27 16:21:00,Asia/Manila,+08:00,14.26971,120.80679,10644
DEMO VESSEL 040 ,548000040,8500408,Philippines,Other,Encounter,22/08/2025 18:43,Asia/Manila,+08:00,14.88458,120.7035,27728
DEMO VESSEL 015,548000015,8500159,Philippines,Cargo,Loitering,06/08/2025 13:33,Asia/Manila,+08:00,14.54919,120.54742,10188
DEMO VESSEL 004,548000004,,Philippines,Dredging,Encounter,2025-08-24 11:34:00,Asia/Manila,+08:00,14.37748,120.57525,34236
DEMO VESSEL 007,548000007,8500070,Philippines,Cargo,Encounter,27/08/2025 01:20,UTC,+00:00,14.28849,120.80695,32867
DEMO VESSEL 014,548000014,8500147,Philippines,Cargo,Fishing event,09/07/2025 00:27,Asia/Manila,+08:00,14.49581,120.5313,19761
DEMO VESSEL 017,548000017,8500173,Philippines,Other,Fishing event,2025-08-03 13:50:00,Asia/Manila,+08:00,14.39499,120.68393,24790
DEMO VESSEL 036,548000036,8500367,Sierra Leone,Cargo,Port visit,2025-08-14 04:38:00,Asia/Manila,+08:00,14.84483,120.68024,16149
DEMO VESSEL 038,548000038,8500381,Philippines,Dredging,Loitering,2025-08-08 11:34:00,UTC,+00:00,14.29904,120.85981,37452
DEMO VESSEL 033,548000033,8500331,Philippines,Cargo,Encounter,2025-08-21 21:30:00,Asia/Manila,+08:00,14.78402,120.37671,353
DEMO VESSEL 007,548000007,8500070,Philippines,Cargo,Loitering,2025-08-18 22:38:00,Asia/Manila,+08:00,14.88536,120.66519,11596
DEMO VESSEL 007,548000007,8500070,Philippines,Cargo,Encounter,2025-08-15 09:17:00,UTC,+00:00,14.45629,120.42889,7648
DEMO VESSEL 034,548000034,8500343,Belize,Cargo,Fishing event,2025-08-07 03:32:00,Asia/Manila,+08:00,14.70468,120.39773,6207
DEMO VESSEL 015,548000015,8500159,Philippines,Cargo,Encounter,2025-08-16 22:30:00,Asia/Manila,+08:00,14.33187,120.85992,14176
DEMO VESSEL 028,548000028,8500288,Philippines,Other,Encounter,2025-08-19 05:15:00,Asia/Manila,+08:00,14.24413,120.62541,13171
DEMO VESSEL 033,548000033,8500331,Philippines,Cargo,Port visit,2025-08-19 18:27:00,Asia/Manila,+08:00,14.82013,120.79951,20637
DEMO VESSEL 010,548000010,8500109,Belize,Other,Fishing event,18/08/2025 19:49,Asia/Manila,+08:00,14.7811,120.34931,33387
DEMO VESSEL 026,548000026,8500264,Philippines,Cargo,Port visit,08/08/2025 00:39,Asia/Manila,+08:00,14.56088,120.35004,19238
DEMO VESSEL 020,548000020,8500202,Philippines,Other,Fishing event,2025-08-18 20:37:00,Asia/Manila,+08:00,14.42935,120.54762,1695
DEMO VESSEL 039,548000039,8500393,Philippines,Dredging,Port visit,13/08/2025 10:44,Asia/Manila,+08:00,14.66001,120.45666,6172
DEMO VESSEL 032,548000032,8500329,Philippines,Cargo,Encounter,27/08/2025 13:35,Asia/Manila,+08:00,14.35956,120.47013,37656
DEMO VESSEL 013 ,548000013,8500135,Philippines,Other,Fishing event,2025-08-19 14:12:00,UTC,+00:00,14.70882,120.66372,8892
DEMO VESSEL 007,548000007,8500070,Philippines,Cargo,Encounter,2025-08-10 04:41:00,Asia/Manila,+08:00,14.37034,120.55596,35362
DEMO VESSEL 005,548000005,1234568,Sierra Leone,Dredging,Fishing event,2025-08-11 09:40:00,Asia/Manila,+08:00,14.45007,120.32197,35360
DEMO VESSEL 017,548000017,8500173,Philippines,Other,Encounter,2025-08-25 10:33:00,Asia/Manila,+08:00,14.40239,120.31179,34800
DEMO VESSEL 018,548000018,8500185,Philippines,Cargo,Loitering,2025-07-08 16:23:00,Asia/Manila,+08:00,14.30769,120.45638,19769
DEMO VESSEL 029,548000029,8500290,Philippines,Other,Fishing event,2025-08-24 03:02:00,Asia/Manila,+08:00,14.47856,120.78344,720
DEMO VESSEL 036,548000036,8500367,Sierra Leone,Cargo,Fishing event,21/08/2025 16:09,Asia/Manila,+08:00,14.58597,120.34887,8041
DEMO VESSEL 003,548000003,8500032,Philippines,Cargo,Port visit,2025-08-21 21:03:00,Asia/Manila,+08:00,14.29724,120.64846,10079
DEMO VESSEL 029,548000029,8500290,Philippines,Other,Encounter,2025-08-19 04:31:00,Asia/Manila,+08:00,14.44803,120.34278,38392
DEMO VESSEL 013,548000013,8500135,Philippines,Other,Encounter,21/08/2025 17:12,Asia/Manila,+08:00,14.61949,120.56046,34266
DEMO VESSEL 021,548000021,8500214,Belize,Dredging,Port visit,21/08/2025 19:10,UTC,+00:00,14.21253,120.75566,16626
DEMO VESSEL 002,548000002,8500020,Philippines,Cargo,Fishing event,2025-08-01 06:54:00,Asia/Manila,+08:00,14.74877,120.60633,23875
demo vessel 027,548000027,8500276,Philippines,Cargo,Port visit,2025-08-19 21:28:00,Asia/Manila,+08:00,14.55292,120.73901,27966
DEMO VESSEL 022,548000022,8500226,Sierra Leone,Dredging,Encounter,2025-08-15 00:48:00,Asia/Manila,+08:00,14.38141,120.64432,2371
DEMOVESSEL010,548000010,8500109,Belize,Other,Encounter,2025-08-24 23:32:00,Asia/Manila,+08:00,14.51865,120.81885,39995
DEMO VESSEL 039 ,548000039,8500393,Philippines,Dredging,Loitering,2025-08-19 17:15:00,Asia/Manila,+08:00,14.59748,120.35962,34601
DEMO VESSEL 017,548000017,8500173,Philippines,Other,Fishing event,2025-08-01 19:46:00,Asia/Manila,+08:00,14.43492,120.55237,36769
DEMO VESSEL 036,548000036,8500367,Sierra Leone,Cargo,Port visit,2025-08-22 09:02:00,Asia/Manila,+08:00,14.5324,120.89515,10550
DEMO VESSEL 035,548000035,8500355,Philippines,Other,Encounter,24/08/2025 20:53,Asia/Manila,+08:00,14.51145,120.86629,4916
DEMO VESSEL 008,548000008,8500082,Belize,Dredging,Encounter,2025-08-20 05:23:00,UTC,+00:00,14.28499,120.45288,16488
DEMOVESSEL010,548000010,8500109,Belize,Other,Fishing event,2025-08-09 14:51:00,UTC,+00:00,14.62489,120.50464,33243
DEMO VESSEL 024,548000024,8500240,Philippines,Cargo,Loitering,24/08/2025 15:50,Asia/Manila,+08:00,14.68392,120.63119,25568
DEMO VESSEL 009,548000009,8500094,Belize,Cargo,Port visit,02/08/2025 20:58,Asia/Manila,+08:00,14.85535,120.88667,26553
DEMO VESSEL 007,548000007,8500070,Philippines,Cargo,Encounter,2025-08-07 04:54:00,Asia/Manila,+08:00,14.50369,120.80041,14484
DEMO VESSEL 001,548000001,8500018,Philippines,Dredging,Loitering,13/08/2025 07:09,Asia/Manila,+08:00,14.80231,120.83128,3591
DEMO VESSEL 006,548000006,64,Philippines,Dredging,Loitering,2025-08-21 01:23:00,Asia/Manila,+08:00,14.44156,120.32935,12526
DEMO VESSEL 036,548000036,8500367,Sierra Leone,Cargo,Port visit,2025-08-06 07:36:00,UTC,+00:00,14.302,120.40003,28968
DEMO VESSEL 012,548000012,8500123,Philippines,Dredging,Encounter,2025-08-23 14:01:00,Asia/Manila,+08:00,14.49627,120.39701,38486
DEMO VESSEL 016,548000016,8500161,Philippines,Dredging,Loitering,2025-08-19 01:19:00,Asia/Manila,+08:00,14.58101,120.45976,36078
DEMO VESSEL 002,548000002,8500020,Philippines,Cargo,Loitering,2025-08-16 15:34:00,Asia/Manila,+08:00,14.54543,120.43012,5503
DEMO VESSEL 033,548000033,8500331,Philippines,Cargo,Fishing event,2025-08-14 16:34:00,Asia/Manila,+08:00,14.62738,120.71046,11433
DEMO VESSEL 018,548000018,8500185,Philippines,Cargo,Port visit,2025-08-02 00:02:00,Asia/Manila,+08:00,14.45047,120.73689,12902
DEMO VESSEL 025,548000025,8500252,Philippines,Dredging,Loitering,2025-08-24 03:34:00,UTC,+00:00,14.73133,120.49041,19014
DEMO VESSEL 001,548000001,8500018,Philippines,Dredging,Port visit,2025-08-04 10:45:00,Asia/Manila,+08:00,14.32079,120.44865,24148
DEMO VESSEL 035,548000035,8500355,Philippines,Other,Port visit,15/08/2025 10:17,Asia/Manila,+08:00,14.45809,120.83606,17467
DEMO VESSEL 015,548000015,8500159,Philippines,Cargo,Loitering,2025-08-18 21:00:00,Asia/Manila,+08:00,14.24745,120.8856,15003
DEMO VESSEL 005,548000005,1234568,Sierra Leone,Dredging,Encounter,2025-08-08 07:40:00,Asia/Manila,+08:00,14.77739,120.58953,32065
DEMO VESSEL 017,548000017,8500173,Philippines,Other,Port visit,20/08/2025 11:51,Asia/Manila,+08:00,14.70366,120.37956,30965
DEMO VESSEL 006,548000006,64,Philippines,Dredging,Encounter,2025-08-23 04:53:00,Asia/Manila,+08:00,14.60376,120.59634,34666
DEMO VESSEL 038,548000038,8500381,Philippines,Dredging,Encounter,2025-08-21 06:20:00,Asia/Manila,+08:00,14.32532,120.4853,31069
DEMO VESSEL 006,548000006,64,Philippines,Dredging,Loitering,2025-08-02 09:21:00,Asia/Manila,+08:00,14.63893,120.7751,37779
DEMO VESSEL 009,548000009,8500094,Belize,Cargo,Fishing event,18/08/2025 15:22,UTC,+00:00,14.63852,120.68554,8393
DEMO VESSEL 019,548000019,8500197,Philippines,Cargo,Port visit,2025-08-20 10:15:00,Asia/Manila,+08:00,14.3893,120.3383,23151
DEMO VESSEL 011,548000011,8500111,Philippines,Other,Fishing event,2025-08-23 02:23:00,Asia/Manila,+08:00,14.80144,120.33248,18216
DEMO VESSEL 027,548000027,8500276,Philippines,Cargo,Loitering,2025-08-09 20:40:00,Asia/Manila,+08:00,14.3051,120.30539,2684
DEMO VESSEL 040,548000040,8500408,Philippines,Other,Loitering,2025-08-25 21:50:00,UTC,+00:00,14.87629,120.33024,9754
DEMO VESSEL 011,548000011,8500111,Philippines,Other,Encounter,2025-08-08 15:37:00,Asia/Manila,+08:00,14.88615,120.80979,18433
DEMO VESSEL 019,548000019,8500197,Philippines,Cargo,Fishing event,2025-08-24 01:44:00,UTC,+00:00,14.79258,120.83172,24849
DEMO VESSEL 010,548000010,8500109,Belize,Other,Port visit,2025-08-06 23:52:00,Asia/Manila,+08:00,14.33795,120.40333,37468
DEMO VESSEL 023,548000023,8500238,Belize,Cargo,Port visit,2025-08-04 23:24:00,UTC,+00:00,14.3973,120.51314,34441
DEMO VESSEL 026,548000026,8500264,Philippines,Cargo,Encounter,2025-08-21 17:16:00,Asia/Manila,+08:00,14.20774,120.83013,8207
DEMOVESSEL010,548000010,8500109,Belize,Other,Encounter,2025-08-09 14:28:00,UTC,+00:00,14.74609,120.64941,20156
DEMO VESSEL 037,548000037,8500379,Belize,Cargo,Loitering,2025-08-18 23:52:00,UTC,+00:00,14.8799,120.48915,17205
DEMO VESSEL 008,548000008,8500082,Belize,Dredging,Fishing event,2025-08-27 02:42:00,Asia/Manila,+08:00,14.64738,120.51696,33740
demo vessel 016,548000016,8500161,Philippines,Dredging,Port visit,2025-08-07 19:54:00,Asia/Manila,+08:00,14.29583,120.48776,28497
demo vessel 003,548000003,8500032,Philippines,Cargo,Loitering,2025-07-09 03:43:00,UTC,+00:00,14.56208,120.32608,35192
DEMO VESSEL 023,548000023,8500238,Belize,Cargo,Encounter,2025-08-18 22:39:00,UTC,+00:00,14.52107,120.89471,31015
AIS TEST SHIP,100900301,,,,Fishing event,2025-08-08 21:39:00,Asia/Manila,+08:00,14.8027,120.83676,31948
DEMO VESSEL 038,548000038,8500381,Philippines,Dredging,Encounter,05/08/2025 16:00,Asia/Manila,+08:00,14.72712,120.59645,23483
DEMO VESSEL 038,548000038,8500381,Philippines,Dredging,Port visit,2025-08-03 15:41:00,Asia/Manila,+08:00,14.50583,120.49392,23190
DEMO VESSEL 013,548000013,8500135,Philippines,Other,Port visit,2025-08-01 23:17:00,UTC,+00:00,14.77324,120.50461,14204
DEMO VESSEL 013,548000013,8500135,Philippines,Other,Encounter,2025-08-10 01:34:00,UTC,+00:00,14.29387,120.32383,3692
DEMO VESSEL 015,548000015,8500159,Philippines,Cargo,Encounter,2025-08-05 23:21:00,Asia/Manila,+08:00,14.352,120.84605,15505
DEMO VESSEL 017,548000017,8500173,Philippines,Other,Encounter,07/08/2025 08:29,UTC,+00:00,14.72508,120.73979,23171
DEMO VESSEL 008,548000008,8500082,Belize,Dredging,Encounter,14/08/2025 17:55,Asia/Manila,+08:00,14.20488,120.77896,23361
AIS TEST SHIP,100900301,,,,Loitering,02/08/2025 08:26,Asia/Manila,+08:00,14.54234,120.78494,15454
AIS TEST SHIP,100900301,,,,Encounter,2025-08-25 20:30:00,UTC,+00:00,14.31369,120.45275,30172
DEMO VESSEL 006,548000006,64,Philippines,Dredging,Loitering,2025-08-07 21:16:00,Asia/Manila,+08:00,14.57393,120.85661,33945
DEMO VESSEL 032,548000032,8500329,Philippines,Cargo,Loitering,2025-08-09 07:06:00,Asia/Manila,+08:00,14.57891,120.57579,14897
DEMO VESSEL 011,548000011,8500111,Philippines,Other,Loitering,2025-08-23 22:17:00,Asia/Manila,+08:00,14.5977,120.87706,25694
DEMO VESSEL 010,548000010,8500109,Belize,Other,Loitering,2025-08-21 09:39:00,Asia/Manila,+08:00,14.79575,120.85373,29242
DEMO VESSEL 014,548000014,8500147,Philippines,Cargo,Encounter,2025-08-20 22:40:00,Asia/Manila,+08:00,14.20627,120.34652,38396
DEMO VESSEL 035,548000035,8500355,Philippines,Other,Fishing event,2025-08-25 11:53:00,UTC,+00:00,14.27454,120.87628,13300
DEMO VESSEL 021,548000021,8500214,Belize,Dredging,Port visit,2025-08-11 01:46:00,UTC,+00:00,14.3345,120.7386,37388
DEMO VESSEL 003,548000003,8500032,Philippines,Cargo,Port visit,2025-07-09 09:41:00,Asia/Manila,+08:00,14.62086,120.54352,20651
DEMO VESSEL 002,548000002,8500020,Philippines,Cargo,Encounter,2025-08-09 06:29:00,Asia/Manila,+08:00,14.77702,120.53829,37095
DEMO VESSEL 024,548000024,8500240,Philippines,Cargo,Loitering,14/08/2025 05:07,Asia/Manila,+08:00,14.58483,120.5158,9200
demo vessel 040,548000040,8500408,Philippines,Other,Loitering,2025-08-10 19:18:00,UTC,+00:00,14.86442,120.51323,39877
DEMO VESSEL 014,548000014,8500147,Philippines,Cargo,Encounter,2025-08-15 01:08:00,Asia/Manila,+08:00,14.58858,120.45095,29929
DEMO VESSEL 038,548000038,8500381,Philippines,Dredging,Loitering,2025-08-26 09:41:00,UTC,+00:00,14.41881,120.35135,12757
DEMO VESSEL 016,548000016,8500161,Philippines,Dredging,Loitering,2025-08-10 02:42:00,Asia/Manila,+08:00,14.45705,120.35127,32622
DEMO VESSEL 016,548000016,8500161,Philippines,Dredging,Encounter,24/08/2025 17:24,Asia/Manila,+08:00,14.38386,120.74047,9304
ais test ship,100900301,,,,Loitering,2025-08-04 12:57:00,Asia/Manila,+08:00,14.20806,120.75508,19326
DEMO VESSEL 036,548000036,8500367,Sierra Leone,Cargo,Encounter,2025-08-26 21:10:00,Asia/Manila,+08:00,14.31942,120.53674,15216
DEMO VESSEL 003 ,548000003,8500032,Philippines,Cargo,Fishing event,2025-08-24 10:51:00,UTC,+00:00,14.32897,120.89393,36652
DEMO VESSEL 019,548000019,8500197,Philippines,Cargo,Loitering,2025-08-27 02:02:00,Asia/Manila,+08:00,14.41344,120.34894,15332
DEMO VESSEL 020,548000020,8500202,Philippines,Other,Encounter,21/08/2025 09:50,Asia/Manila,+08:00,14.73431,120.88014,8236
DEMOVESSEL039,548000039,8500393,Philippines,Dredging,Port visit,2025-08-09 05:08:00,Asia/Manila,+08:00,14.35096,120.54985,22493
DEMO VESSEL 005,548000005,1234568,Sierra Leone,Dredging,Port visit,2025-08-14 07:36:00,Asia/Manila,+08:00,14.74569,120.36619,39946
DEMO VESSEL 040,548000040,8500408,Philippines,Other,Port visit,2025-08-14 15:03:00,Asia/Manila,+08:00,14.23045,120.49746,32422
DEMO VESSEL 035,548000035,8500355,Philippines,Other,Port visit,2025-08-10 10:26:00,Asia/Manila,+08:00,14.6422,120.80765,4284
DEMO VESSEL 022,548000022,8500226,Sierra Leone,Dredging,Loitering,24/08/2025 11:17,Asia/Manila,+08:00,14.52214,120.44298,8528
DEMO VESSEL 003,548000003,8500032,Philippines,Cargo,Port visit,2025-08-24 16:02:00,UTC,+00:00,14.53549,120.77881,5745
DEMO VESSEL 005,548000005,1234568,Sierra Leone,Dredging,Port visit,2025-08-15 04:09:00,UTC,+00:00,14.21714,120.38366,26476
DEMO VESSEL 031,548000031,8500317,Philippines,Cargo,Loitering,2025-08-06 20:29:00,Asia/Manila,+08:00,14.27789,120.53399,15515
DEMO VESSEL 002,548000002,8500020,Philippines,Cargo,Port visit,2025-08-06 05:13:00,Asia/Manila,+08:00,14.49636,120.89297,39297
DEMO VESSEL 021,548000021,8500214,Belize,Dredging,Port visit,2025-08-22 15:05:00,UTC,+00:00,14.5723,120.66594,19320
AISTESTSHIP,100900301,,,,Encounter,2025-08-19 15:20:00,UTC,+00:00,14.88696,120.8804,10139
DEMO VESSEL 039,548000039,8500393,Philippines,Dredging,Port visit,05/08/2025 22:38,Asia/Manila,+08:00,14.74201,120.6094,32316
DEMO VESSEL 010,548000010,8500109,Belize,Other,Encounter,09/08/2025 05:07,Asia/Manila,+08:00,14.24689,120.44938,11563
DEMO VESSEL 003,548000003,8500032,Philippines,Cargo,Encounter,2025-08-10 21:41:00,UTC,+00:00,14.86321,120.38623,25995
DEMO VESSEL 004,548000004,,Philippines,Dredging,Port visit,2025-08-08 23:46:00,UTC,+00:00,14.83152,120.35621,12677
DEMO VESSEL 029,548000029,8500290,Philippines,Other,Loitering,2025-08-24 17:55:00,Asia/Manila,+08:00,14.53535,120.47439,36341
DEMO VESSEL 006,548000006,64,Philippines,Dredging,Port visit,2025-08-23 22:01:00,Asia/Manila,+08:00,14.89523,120.64851,1333
DEMO VESSEL 005,548000005,1234568,Sierra Leone,Dredging,Loitering,27/08/2025 23:03,Asia/Manila,+08:00,14.77982,120.73509,28387
DEMO VESSEL 038,548000038,8500381,Philippines,Dredging,Fishing event,2025-08-04 06:19:00,Asia/Manila,+08:00,14.74289,120.6405,14104
DEMO VESSEL 006,548000006,64,Philippines,Dredging,Fishing event,2025-08-18 10:09:00,Asia/Manila,+08:00,14.37677,120.87991,4661
DEMO VESSEL 038,548000038,8500381,Philippines,Dredging,Port visit,2025-08-11 20:20:00,UTC,+00:00,14.52229,120.68766,26585
DEMO VESSEL 033,548000033,8500331,Philippines,Cargo,Fishing event,09/08/2025 06:17,Asia/Manila,+08:00,14.80199,120.37576,17217
DEMO VESSEL 001,548000001,8500018,Philippines,Dredging,Loitering,2025-08-15 07:54:00,Asia/Manila,+08:00,14.67998,120.62668,18380
DEMO VESSEL 032,548000032,8500329,Philippines,Cargo,Loitering,2025-08-03 14:07:00,Asia/Manila,+08:00,14.28932,120.34653,9820
DEMO VESSEL 027,548000027,8500276,Philippines,Cargo,Port visit,01/08/2025 21:12,UTC,+00:00,14.77257,120.56536,36702
DEMO VESSEL 003,548000003,8500032,Philippines,Cargo,Fishing event,2025-08-19 13:55:00,Asia/Manila,+08:00,14.53323,120.71655,17309
DEMO VESSEL 007,548000007,8500070,Philippines,Cargo,Encounter,10/08/2025 12:38,Asia/Manila,+08:00,14.2676,120.70378,6322
DEMO VESSEL 015,548000015,8500159,Philippines,Cargo,Loitering,2025-08-16 02:43:00,Asia/Manila,+08:00,14.59482,120.51771,37746
DEMO VESSEL 025,548000025,8500252,Philippines,Dredging,Loitering,2025-08-07 00:02:00,UTC,+00:00,14.36444,120.39583,39757
DEMO VESSEL 003,548000003,8500032,Philippines,Cargo,Loitering,2025-08-14 02:58:00,UTC,+00:00,14.88893,120.71059,19664
DEMO VESSEL 032,548000032,8500329,Philippines,Cargo,Loitering,11/08/2025 15:01,Asia/Manila,+08:00,14.744,120.5306,5567
DEMO VESSEL 016,548000016,8500161,Philippines,Dredging,Port visit,2025-08-01 20:11:00,Asia/Manila,+08:00,14.55957,120.49582,4436
DEMO VESSEL 021,548000021,8500214,Belize,Dredging,Port visit,2025-08-01 20:34:00,Asia/Manila,+08:00,14.4779,120.37443,19511
demo vessel 014,548000014,8500147,Philippines,Cargo,Encounter,2025-08-08 13:21:00,UTC,+00:00,14.44996,120.47928,33347
DEMO VESSEL 003,548000003,8500032,Philippines,Cargo,Port visit,2025-08-11 09:32:00,Asia/Manila,+08:00,14.46071,120.75291,35011
DEMO VESSEL 029,548000029,8500290,Philippines,Other,Fishing event,2025-08-03 19:34:00,UTC,+00:00,14.84461,120.34257,19232
DEMO VESSEL 038,548000038,8500381,Philippines,Dredging,Port visit,2025-08-03 21:29:00,Asia/Manila,+08:00,14.43679,120.43262,13068
DEMO VESSEL 023,548000023,8500238,Belize,Cargo,Fishing event,08/08/2025 03:05,UTC,+00:00,14.44575,120.54668,10563
DEMO VESSEL 007,548000007,8500070,Philippines,Cargo,Encounter,09/08/2025 06:01,UTC,+00:00,14.8719,120.89107,2601
DEMO VESSEL 003,548000003,8500032,Philippines,Cargo,Loitering,2025-08-23 12:55:00,UTC,+00:00,14.76919,120.67005,20134
DEMO VESSEL 035,548000035,8500355,Philippines,Other,Encounter,2025-08-13 14:46:00,Asia/Manila,+08:00,14.58411,120.39355,28219
DEMOVESSEL019,548000019,8500197,Philippines,Cargo,Encounter,2025-08-09 09:08:00,Asia/Manila,+08:00,14.4525,120.43856,25483
DEMO VESSEL 023,548000023,8500238,Belize,Cargo,Loitering,2025-08-19 11:22:00,UTC,+00:00,14.80528,120.50539,8887
DEMO VESSEL 039,548000039,8500393,Philippines,Dredging,Port visit,2025-08-04 12:18:00,UTC,+00:00,14.70527,120.30539,16342
DEMO VESSEL 038,548000038,8500381,Philippines,Dredging,Loitering,18/08/2025 17:58,Asia/Manila,+08:00,14.32662,120.64329,13596
DEMO VESSEL 037,548000037,8500379,Belize,Cargo,Encounter,2025-08-03 07:54:00,UTC,+00:00,14.43604,120.88641,37394
DEMO VESSEL 035,548000035,8500355,Philippines,Other,Encounter,2025-08-24 21:09:00,Asia/Manila,+08:00,14.37831,120.8651,25616
DEMO VESSEL 040,548000040,8500408,Philippines,Other,Encounter,06/08/2025 07:36,Asia/Manila,+08:00,14.53864,120.46161,34960
DEMO VESSEL 035,548000035,8500355,Philippines,Other,Fishing event,23/08/2025 13:09,Asia/Manila,+08:00,14.86978,120.60835,15475
DEMO VESSEL 023,548000023,8500238,Belize,Cargo,Loitering,13/08/2025 12:44,Asia/Manila,+08:00,14.44985,120.731,34963
DEMO VESSEL 009,548000009,8500094,Belize,Cargo,Fishing event,22/08/2025 00:30,UTC,+00:00,14.45435,120.46711,35153
DEMO VESSEL 009,548000009,8500094,Belize,Cargo,Encounter,11/08/2025 14:32,UTC,+00:00,14.74806,120.81902,29535
DEMO VESSEL 016,548000016,8500161,Philippines,Dredging,Encounter,2025-08-03 22:28:00,Asia/Manila,+08:00,14.60746,120.48986,7517
DEMO VESSEL 022,548000022,8500226,Sierra Leone,Dredging,Loitering,2025-08-25 11:50:00,UTC,+00:00,14.50853,120.36576,2041
DEMO VESSEL 004,548000004,,Philippines,Dredging,Encounter,2025-08-17 21:43:00,Asia/Manila,+08:00,14.6314,120.84653,16305
DEMO VESSEL 028,548000028,8500288,Philippines,Other,Fishing event,2025-08-06 03:32:00,UTC,+00:00,14.77061,120.82949,26649
DEMO VESSEL 003,548000003,8500032,Philippines,Cargo,Fishing event,2025-08-13 15:17:00,UTC,+00:00,14.49578,120.52094,2950
DEMO VESSEL 005,548000005,1234568,Sierra Leone,Dredging,Port visit,10/08/2025 03:14,Asia/Manila,+08:00,14.82777,120.75836,28143
DEMO VESSEL 040,548000040,8500408,Philippines,Other,Fishing event,2025-08-05 05:13:00,UTC,+00:00,14.8589,120.6705,33849
DEMO VESSEL 007,548000007,8500070,Philippines,Cargo,Port visit,2025-08-24 03:53:00,UTC,+00:00,14.68369,120.49267,17582
DEMO VESSEL 030,548000030,8500305,Philippines,Cargo,Fishing event,14/08/2025 05:05,Asia/Manila,+08:00,14.58033,120.42998,5212
DEMO VESSEL 016,548000016,8500161,Philippines,Dredging,Fishing event,2025-08-14 18:31:00,Asia/Manila,+08:00,14.44853,120.75121,24860
DEMO VESSEL 009,548000009,8500094,Belize,Cargo,Fishing event,01/08/2025 23:07,Asia/Manila,+08:00,14.44692,120.70661,29880
DEMO VESSEL 008,548000008,8500082,Belize,Dredging,Encounter,2025-08-24 13:27:00,Asia/Manila,+08:00,14.77043,120.83472,25323
DEMO VESSEL 001,548000001,8500018,Philippines,Dredging,Port visit,26/08/2025 02:23,Asia/Manila,+08:00,14.70463,120.59748,20266
DEMOVESSEL010,548000010,8500109,Belize,Other,Loitering,14/08/2025 05:57,Asia/Manila,+08:00,14.89402,120.724,15587
DEMO VESSEL 009,548000009,8500094,Belize,Cargo,Fishing event,2025-08-25 17:45:00,Asia/Manila,+08:00,14.66138,120.42102,22636
DEMO VESSEL 037,548000037,8500379,Belize,Cargo,Encounter,2025-07-18 22:39:00,Asia/Manila,+08:00,14.58638,120.80869,30113
DEMO VESSEL 017,548000017,8500173,Philippines,Other,Loitering,04/08/2025 01:24,Asia/Manila,+08:00,14.24291,120.57253,34926
DEMO VESSEL 028,548000028,8500288,Philippines,Other,Encounter,2025-08-11 12:22:00,Asia/Manila,+08:00,14.859,120.75411,16214
DEMO VESSEL 009,548000009,8500094,Belize,Cargo,Port visit,2025-08-14 15:44:00,Asia/Manila,+08:00,14.5351,120.82184,27115
DEMOVESSEL010,548000010,8500109,Belize,Other,Encounter,2025-07-01 12:02:00,Asia/Manila,+08:00,14.32145,120.86118,19989
DEMO VESSEL 020,548000020,8500202,Philippines,Other,Loitering,2025-08-25 23:30:00,Asia/Manila,+08:00,14.66298,120.66097,28979
DEMO VESSEL 014,548000014,8500147,Philippines,Cargo,Port visit,2025-08-17 13:03:00,Asia/Manila,+08:00,14.51435,120.80533,2486
DEMO VESSEL 014,548000014,8500147,Philippines,Cargo,Fishing event,05/08/2025 20:21,Asia/Manila,+08:00,14.83531,120.71861,30540
DEMO VESSEL 033,548000033,8500331,Philippines,Cargo,Fishing event,2025-08-22 18:50:00,Asia/Manila,+08:00,14.31505,120.83185,38245
DEMO VESSEL 035,548000035,8500355,Philippines,Other,Fishing event,07/08/2025 09:35,Asia/Manila,+08:00,14.8569,120.58953,3995
DEMO VESSEL 022,548000022,8500226,Sierra Leone,Dredging,Port visit,2025-08-04 20:35:00,UTC,+00:00,14.64096,120.46201,6076
demo vessel 008,548000008,8500082,Belize,Dredging,Loitering,2025-08-09 08:45:00,UTC,+00:00,14.37421,120.69984,31285
DEMO VESSEL 026,548000026,8500264,Philippines,Cargo,Encounter,2025-08-02 02:52:00,Asia/Manila,+08:00,14.84045,120.87029,31991
DEMO VESSEL 002,548000002,8500020,Philippines,Cargo,Loitering,06/08/2025 06:57,Asia/Manila,+08:00,14.77978,120.37318,16498
DEMO VESSEL 033,548000033,8500331,Philippines,Cargo,Port visit,2025-08-09 09:39:00,Asia/Manila,+08:00,14.65047,120.8802,6662
demo vessel 003,548000003,8500032,Philippines,Cargo,Port visit,24/08/2025 06:40,Asia/Manila,+08:00,14.34155,120.37633,7581
DEMO VESSEL 004,548000004,,Philippines,Dredging,Loitering,09/08/2025 14:41,Asia/Manila,+08:00,14.88018,120.59296,8753
DEMO VESSEL 013,548000013,8500135,Philippines,Other,Port visit,2025-08-24 16:56:00,Asia/Manila,+08:00,14.7076,120.73539,29099
DEMO VESSEL 029,548000029,8500290,Philippines,Other,Loitering,2025-08-18 03:55:00,Asia/Manila,+08:00,14.60869,120.61726,3595
DEMO VESSEL 014,548000014,8500147,Philippines,Cargo,Port visit,2025-08-21 19:11:00,Asia/Manila,+08:00,14.40179,120.65198,16892
DEMO VESSEL 009,548000009,8500094,Belize,Cargo,Fishing event,2025-08-11 19:29:00,Asia/Manila,+08:00,14.40232,120.60024,39629
DEMO VESSEL 009,548000009,8500094,Belize,Cargo,Fishing event,2025-08-22 13:53:00,UTC,+00:00,14.34358,120.71139,37219
DEMO VESSEL 007,667000007,8500070,Sierra Leone,Cargo,Loitering,2025-08-02 06:58:00,Asia/Manila,+08:00,0.0,0.0,7084
DEMO VESSEL 006,548000006,64,Philippines,Dredging,Port visit,2025-08-05 12:40:00,Asia/Manila,+08:00,14.49239,120.83496,20583
DEMOVESSEL033,548000033,8500331,Philippines,Cargo,Loitering,21/08/2025 12:24,Asia/Manila,+08:00,14.75737,120.75023,13918
DEMO VESSEL 017,548000017,8500173,Philippines,Other,Encounter,2025-08-08 04:51:00,UTC,+00:00,14.48506,120.7221,4642
DEMO VESSEL 007,667000007,8500070,Sierra Leone,Cargo,Fishing event,10/08/2025 21:40,Asia/Manila,+08:00,14.28108,120.31952,38523
DEMOVESSEL027,548000027,8500276,Philippines,Cargo,Encounter,2025-08-17 11:39:00,Asia/Manila,+08:00,14.28407,120.73586,39392
demo vessel 015,548000015,8500159,Philippines,Cargo,Loitering,25/08/2025 17:39,Asia/Manila,+08:00,14.31522,120.64647,1992
DEMO VESSEL 007,667000007,8500070,Sierra Leone,Cargo,Fishing event,2025-08-18 16:14:00,UTC,+00:00,14.54292,120.48055,10649
DEMO VESSEL 025 ,548000025,8500252,Philippines,Dredging,Fishing event,2025-08-08 10:02:00,Asia/Manila,+08:00,14.69926,120.76894,3734
DEMO VESSEL 034,548000034,8500343,Belize,Cargo,Encounter,16/08/2025 16:50,Asia/Manila,+08:00,14.24308,120.47258,3994
DEMO VESSEL 035,548000035,8500355,Philippines,Other,Encounter,2025-08-11 08:51:00,Asia/Manila,+08:00,14.25623,120.43791,23174
DEMO VESSEL 033,548000033,8500331,Philippines,Cargo,Fishing event,2025-08-04 01:53:00,Asia/Manila,+08:00,14.3572,120.4451,10582
DEMO VESSEL 030,548000030,8500305,Philippines,Cargo,Fishing event,26/08/2025 21:04,UTC,+00:00,14.65822,120.88924,3890
DEMO VESSEL 006,548000006,64,Philippines,Dredging,Fishing event,2025-08-20 15:10:00,Asia/Manila,+08:00,14.78312,120.50017,24169
DEMO VESSEL 019,548000019,8500197,Philippines,Cargo,Loitering,2025-08-23 13:12:00,UTC,+00:00,14.55181,120.35817,24608
DEMO VESSEL 017,548000017,8500173,Philippines,Other,Loitering,13/08/2025 11:28,Asia/Manila,+08:00,14.44293,120.49912,35729
AIS TEST SHIP,100900301,,,,Fishing event,2025-08-12 20:32:00,Asia/Manila,+08:00,14.45495,120.79028,31926
DEMO VESSEL 007,667000007,8500070,Sierra Leone,Cargo,Port visit,2025-08-06 17:44:00,Asia/Manila,+08:00,14.51947,120.59097,26149
DEMO VESSEL 015,548000015,8500159,Philippines,Cargo,Port visit,19/08/2025 04:09,UTC,+00:00,14.31919,120.36867,14624
DEMO VESSEL 020,548000020,8500202,Philippines,Other,Port visit,2025-08-07 21:18:00,UTC,+00:00,14.79489,120.8642,17061
DEMO VESSEL 027,548000027,8500276,Philippines,Cargo,Encounter,2025-08-14 00:46:00,UTC,+00:00,14.6465,120.5143,11603
DEMOVESSEL030,548000030,8500305,Philippines,Cargo,Encounter,2025-07-05 11:05:00,Asia/Manila,+08:00,14.29988,120.53768,23725
DEMO VESSEL 037,548000037,8500379,Belize,Cargo,Port visit,05/08/2025 14:44,Asia/Manila,+08:00,14.6475,120.86053,38999
DEMO VESSEL 021,548000021,8500214,Belize,Dredging,Loitering,06/08/2025 00:52,UTC,+00:00,14.50898,120.81643,37107
DEMO VESSEL 033,548000033,8500331,Philippines,Cargo,Fishing event,2025-08-02 20:09:00,Asia/Manila,+08:00,14.86459,120.54114,16705
DEMO VESSEL 033,548000033,8500331,Philippines,Cargo,Encounter,2025-08-12 21:40:00,Asia/Manila,+08:00,14.25758,120.42212,14580
DEMO VESSEL 020,548000020,8500202,Philippines,Other,Port visit,2025-08-09 13:32:00,Asia/Manila,+08:00,14.45309,120.71529,17096
DEMO VESSEL 004,548000004,,Philippines,Dredging,Encounter,2025-08-22 14:09:00,Asia/Manila,+08:00,14.66575,120.78078,33223
DEMO VESSEL 031,548000031,8500317,Philippines,Cargo,Fishing event,2025-08-12 09:44:00,UTC,+00:00,14.26145,120.36547,33562
AIS TEST SHIP,100900301,,,,Port visit,2025-08-03 23:38:00,Asia/Manila,+08:00,14.79081,120.57085,13854
demo vessel 031,548000031,8500317,Philippines,Cargo,Loitering,2025-08-03 19:08:00,UTC,+00:00,14.21292,120.52323,30277
DEMO VESSEL 007,667000007,8500070,Sierra Leone,Cargo,Loitering,2025-08-26 13:05:00,Asia/Manila,+08:00,14.61072,120.55083,24961
DEMO VESSEL 038,548000038,8500381,Philippines,Dredging,Fishing event,08/08/2025 15:48,Asia/Manila,+08:00,14.40053,120.45346,10550
DEMO VESSEL 027,548000027,8500276,Philippines,Cargo,Fishing event,2025-08-10 20:48:00,Asia/Manila,+08:00,14.68371,120.65257,28060
demo vessel 027,548000027,8500276,Philippines,Cargo,Loitering,2025-08-21 23:13:00,UTC,+00:00,14.89965,120.44333,16678
DEMO VESSEL 030,548000030,8500305,Philippines,Cargo,Loitering,10/08/2025 03:56,Asia/Manila,+08:00,14.21247,120.85708,17764
DEMOVESSEL030,548000030,8500305,Philippines,Cargo,Loitering,14/08/2025 20:43,Asia/Manila,+08:00,14.78645,120.7877,26735
DEMO VESSEL 038,548000038,8500381,Philippines,Dredging,Encounter,22/08/2025 04:34,Asia/Manila,+08:00,14.5973,120.77293,22050
DEMO VESSEL 022 ,548000022,8500226,Sierra Leone,Dredging,Port visit,2025-08-17 15:36:00,Asia/Manila,+08:00,14.32375,120.88966,26897
DEMO VESSEL 019,548000019,8500197,Philippines,Cargo,Port visit,2025-08-10 02:38:00,UTC,+00:00,14.77617,120.32958,10864
DEMO VESSEL 007,548000007,8500070,Philippines,Cargo,Port visit,2025-08-13 17:44:00,UTC,+00:00,14.52017,120.56169,33172
DEMO VESSEL 005,548000005,1234568,Sierra Leone,Dredging,Encounter,2025-08-26 01:20:00,UTC,+00:00,14.64437,120.76117,26600
DEMO VESSEL 027,548000027,8500276,Philippines,Cargo,Fishing event,2025-08-25 19:36:00,Asia/Manila,+08:00,14.85085,120.76788,13355
DEMO VESSEL 028,548000028,8500288,Philippines,Other,Port visit,2025-08-04 12:37:00,Asia/Manila,+08:00,14.50739,120.50671,39873
DEMO VESSEL 021,548000021,8500214,Belize,Dredging,Loitering,2025-08-25 22:11:00,UTC,+00:00,14.74859,120.76428,1968
AIS TEST SHIP,100900301,,,,Loitering,2025-08-24 01:52:00,Asia/Manila,+08:00,14.44801,120.31289,13897
DEMO VESSEL 017,548000017,8500173,Philippines,Other,Encounter,2025-08-05 09:57:00,Asia/Manila,+08:00,14.49708,120.53258,16121
DEMO VESSEL 017,548000017,8500173,Philippines,Other,Port visit,2025-08-19 08:00:00,Asia/Manila,+08:00,14.22016,120.78127,11216
DEMO VESSEL 001,548000001,8500018,Philippines,Dredging,Fishing event,2025-08-02 20:24:00,Asia/Manila,+08:00,14.21137,120.77311,38435
DEMO VESSEL 010,548000010,8500109,Belize,Other,Fishing event,08/08/2025 21:51,Asia/Manila,+08:00,14.86659,120.42919,20522
DEMO VESSEL 038,548000038,8500381,Philippines,Dredging,Fishing event,2025-08-11 15:51:00,Asia/Manila,+08:00,14.57826,120.55444,14980
DEMO VESSEL 033,548000033,8500331,Philippines,Cargo,Fishing event,21/08/2025 02:37,Asia/Manila,+08:00,14.25306,120.4562,29293
demo vessel 029,548000029,8500290,Philippines,Other,Port visit,23/08/2025 04:43,Asia/Manila,+08:00,14.36363,120.47209,23568
DEMO VESSEL 006,548000006,64,Philippines,Dredging,Port visit,2025-08-24 03:34:00,Asia/Manila,+08:00,14.33903,120.65599,9128
DEMO VESSEL 007,667000007,8500070,Sierra Leone,Cargo,Encounter,2025-08-02 14:48:00,Asia/Manila,+08:00,14.7298,120.60106,30815
DEMO VESSEL 023,548000023,8500238,Belize,Cargo,Loitering,2025-08-19 04:36:00,UTC,+00:00,14.81728,120.43939,29983
DEMO VESSEL 030,548000030,8500305,Philippines,Cargo,Fishing event,2025-08-10 16:24:00,Asia/Manila,+08:00,14.72549,120.83634,6186
DEMO VESSEL 002,548000002,8500020,Philippines,Cargo,Fishing event,17/08/2025 11:49,Asia/Manila,+08:00,14.27009,120.69412,14679
DEMO VESSEL 003,548000003,8500032,Philippines,Cargo,Port visit,09/08/2025 19:16,UTC,+00:00,14.78971,120.42765,35302
DEMO VESSEL 014,548000014,8500147,Philippines,Cargo,Port visit,2025-08-11 10:00:00,Asia/Manila,+08:00,14.31467,120.47473,32843
DEMO VESSEL 030,548000030,8500305,Philippines,Cargo,Encounter,2025-08-22 10:24:00,Asia/Manila,+08:00,14.64558,120.6209,7971
DEMO VESSEL 039,548000039,8500393,Philippines,Dredging,Loitering,07/08/2025 14:32,UTC,+00:00,14.58113,120.84166,7198
DEMO VESSEL 040,548000040,8500408,Philippines,Other,Fishing event,2025-08-18 00:52:00,UTC,+00:00,14.43721,120.54051,11223
DEMO VESSEL 013,548000013,8500135,Philippines,Other,Port visit,2025-08-16 01:04:00,Asia/Manila,+08:00,14.34893,120.80611,17252
DEMO VESSEL 032,548000032,8500329,Philippines,Cargo,Port visit,2025-08-02 07:35:00,Asia/Manila,+08:00,0.0,0.0,24985
DEMO VESSEL 035,548000035,8500355,Philippines,Other,Loitering,27/08/2025 01:27,Asia/Manila,+08:00,14.59206,120.35796,11802
demo vessel 026,548000026,8500264,Philippines,Cargo,Loitering,21/08/2025 02:53,Asia/Manila,+08:00,14.68758,120.54208,36114
DEMO VESSEL 008 ,548000008,8500082,Belize,Dredging,Port visit,2025-08-07 19:29:00,Asia/Manila,+08:00,14.74508,120.69261,35724
DEMOVESSEL021,548000021,8500214,Belize,Dredging,Fishing event,2025-08-21 19:04:00,Asia/Manila,+08:00,14.20404,120.77544,15220
DEMO VESSEL 037,548000037,8500379,Belize,Cargo,Fishing event,06/08/2025 06:55,UTC,+00:00,14.2581,120.34534,11304
DEMO VESSEL 003,548000003,8500032,Philippines,Cargo,Encounter,20/08/2025 19:14,Asia/Manila,+08:00,14.49835,120.78691,8216
DEMO VESSEL 037,548000037,8500379,Belize,Cargo,Encounter,2025-08-26 15:46:00,UTC,+00:00,14.31692,120.70268,534
DEMO VESSEL 029,548000029,8500290,Philippines,Other,Encounter,04/08/2025 13:08,UTC,+00:00,14.71433,120.71814,20468
DEMO VESSEL 014,548000014,8500147,Philippines,Cargo,Port visit,2025-08-18 14:48:00,Asia/Manila,+08:00,14.26719,120.89453,12021
DEMO VESSEL 004,548000004,,Philippines,Dredging,Encounter,2025-08-06 01:32:00,Asia/Manila,+08:00,14.40543,120.79601,26403
DEMO VESSEL 002 ,548000002,8500020,Philippines,Cargo,Fishing event,2025-08-06 15:52:00,Asia/Manila,+08:00,14.41028,120.73847,22214
DEMO VESSEL 022,548000022,8500226,Sierra Leone,Dredging,Port visit,2025-08-10 15:59:00,UTC,+00:00,14.22776,120.76194,20751
DEMO VESSEL 012,548000012,8500123,Philippines,Dredging,Encounter,2025-08-06 03:23:00,Asia/Manila,+08:00,14.30514,120.67556,13355
DEMO VESSEL 007,548000007,8500070,Philippines,Cargo,Loitering,2025-08-19 19:25:00,UTC,+00:00,14.20269,120.76911,17005
DEMO VESSEL 011,548000011,8500111,Philippines,Other,Port visit,2025-08-14 08:00:00,Asia/Manila,+08:00,14.74709,120.69986,22797
DEMOVESSEL007,667000007,8500070,Sierra Leone,Cargo,Port visit,06/08/2025 04:06,UTC,+00:00,14.33608,120.63449,8255
DEMO VESSEL 003,548000003,8500032,Philippines,Cargo,Encounter,01/08/2025 07:47,Asia/Manila,+08:00,14.67639,120.72552,14793
DEMO VESSEL 005,548000005,1234568,Sierra Leone,Dredging,Loitering,2025-08-17 09:41:00,Asia/Manila,+08:00,14.57253,120.50469,7605
DEMO VESSEL 010,548000010,8500109,Belize,Other,Encounter,2025-08-01 14:07:00,UTC,+00:00,14.59244,120.82282,7128
DEMO VESSEL 027,548000027,8500276,Philippines,Cargo,Encounter,14/08/2025 04:04,Asia/Manila,+08:00,14.48606,120.81901,12572
DEMO VESSEL 009,548000009,8500094,Belize,Cargo,Loitering,2025-08-24 12:39:00,Asia/Manila,+08:00,14.79422,120.47746,12119
DEMO VESSEL 030,548000030,8500305,Philippines,Cargo,Port visit,2025-08-13 07:28:00,UTC,+00:00,14.78305,120.69808,7095
DEMO VESSEL 006,548000006,64,Philippines,Dredging,Encounter,2025-08-09 09:55:00,Asia/Manila,+08:00,14.69427,120.60613,35777
DEMO VESSEL 011,548000011,8500111,Philippines,Other,Port visit,2025-08-14 08:00:00,Asia/Manila,+08:00,14.74709,120.69986,22797
DEMO VESSEL 003,548000003,8500032,Philippines,Cargo,Fishing event,2025-08-24 03:09:00,Asia/Manila,+08:00,14.29644,120.80916,16377
DEMO VESSEL 039,548000039,8500393,Philippines,Dredging,Encounter,2025-08-13 13:31:00,UTC,+00:00,14.29302,120.82849,25737
DEMO VESSEL 015,548000015,8500159,Philippines,Cargo,Encounter,2025-08-10 06:35:00,UTC,+00:00,14.89086,120.33017,868
DEMO VESSEL 006,548000006,64,Philippines,Dredging,Port visit,2025-08-15 21:25:00,Asia/Manila,+08:00,14.77105,120.74717,787
DEMO VESSEL 014,548000014,8500147,Philippines,Cargo,Encounter,08/08/2025 20:19,UTC,+00:00,14.77403,120.66344,30939
DEMO VESSEL 025,548000025,8500252,Philippines,Dredging,Port visit,2025-08-21 21:51:00,Asia/Manila,+08:00,14.67963,120.72156,24590
DEMO VESSEL 007,667000007,8500070,Sierra Leone,Cargo,Loitering,2025-08-01 15:53:00,Asia/Manila,+08:00,14.85728,120.65593,33108
DEMO VESSEL 004,548000004,,Philippines,Dredging,Encounter,2025-08-04 23:07:00,Asia/Manila,+08:00,14.52259,120.46005,17704
DEMO VESSEL 009,548000009,8500094,Belize,Cargo,Port visit,19/08/2025 04:14,UTC,+00:00,14.61264,120.38639,18315
DEMO VESSEL 002,548000002,8500020,Philippines,Cargo,Encounter,2025-08-21 17:04:00,Asia/Manila,+08:00,14.37548,120.41845,8702
DEMO VESSEL 008,548000008,8500082,Belize,Dredging,Loitering,2025-08-17 01:00:00,Asia/Manila,+08:00,14.66839,120.4759,12504
DEMO VESSEL 029,548000029,8500290,Philippines,Other,Port visit,2025-08-17 13:46:00,Asia/Manila,+08:00,14.65672,120.54127,28005
DEMO VESSEL 033,548000033,8500331,Philippines,Cargo,Port visit,2025-08-19 13:48:00,Asia/Manila,+08:00,14.85583,120.46918,16714
DEMO VESSEL 005,548000005,1234568,Sierra Leone,Dredging,Fishing event,07/08/2025 19:09,Asia/Manila,+08:00,14.85002,120.62879,36637
DEMO VESSEL 040,548000040,8500408,Philippines,Other,Loitering,2025-08-26 16:04:00,Asia/Manila,+08:00,14.53222,120.39876,928
DEMO VESSEL 030,548000030,8500305,Philippines,Cargo,Encounter,2025-08-22 21:44:00,Asia/Manila,+08:00,14.61497,120.45795,33723
DEMO VESSEL 020,548000020,8500202,Philippines,Other,Loitering,2025-08-24 18:38:00,UTC,+00:00,14.30465,120.38483,5842
AIS TEST SHIP,100900301,,,,Port visit,2025-08-08 14:48:00,Asia/Manila,+08:00,14.26202,120.89213,30747
DEMO VESSEL 023,548000023,8500238,Belize,Cargo,Loitering,2025-08-10 11:41:00,UTC,+00:00,14.60742,120.71563,37133
DEMO VESSEL 026,548000026,8500264,Philippines,Cargo,Fishing event,2025-08-14 15:46:00,Asia/Manila,+08:00,14.21145,120.78594,14413
DEMO VESSEL 008,548000008,8500082,Belize,Dredging,Port visit,2025-08-19 18:26:00,Asia/Manila,+08:00,14.44133,120.66616,38834
DEMO VESSEL 010,548000010,8500109,Belize,Other,Loitering,02/08/2025 23:36,Asia/Manila,+08:00,14.66298,120.5899,25021
AIS TEST SHIP,100900301,,,,Port visit,2025-08-23 14:13:00,Asia/Manila,+08:00,14.29867,120.32993,9900
DEMO VESSEL 017,548000017,8500173,Philippines,Other,Encounter,2025-08-18 07:12:00,Asia/Manila,+08:00,14.57846,120.68232,24044
DEMO VESSEL 033,548000033,8500331,Philippines,Cargo,Fishing event,2025-08-12 12:56:00,UTC,+00:00,14.47444,120.40465,3271
DEMO VESSEL 019,548000019,8500197,Philippines,Cargo,Port visit,2025-08-08 04:48:00,Asia/Manila,+08:00,14.43513,120.63952,36581
DEMO VESSEL 035,548000035,8500355,Philippines,Other,Encounter,02/08/2025 14:27,Asia/Manila,+08:00,14.71068,120.31077,27018
DEMO VESSEL 031,548000031,8500317,Philippines,Cargo,Encounter,2025-08-03 18:56:00,Asia/Manila,+08:00,14.33104,120.37056,25808
DEMO VESSEL 038,548000038,8500381,Philippines,Dredging,Fishing event,01/08/2025 01:51,Asia/Manila,+08:00,14.24882,120.82585,29880
DEMO VESSEL 017,548000017,8500173,Philippines,Other,Encounter,24/08/2025 05:36,Asia/Manila,+08:00,14.72441,120.31398,33503
demo vessel 040,548000040,8500408,Philippines,Other,Port visit,2025-08-25 11:40:00,UTC,+00:00,14.74212,120.34175,21889
DEMO VESSEL 026,548000026,8500264,Philippines,Cargo,Port visit,2025-08-12 06:08:00,UTC,+00:00,14.79371,120.74659,3916
AIS TEST SHIP,100900301,,,,Port visit,2025-08-19 04:33:00,UTC,+00:00,14.82197,120.70931,8761
demo vessel 039,548000039,8500393,Philippines,Dredging,Loitering,2025-07-14 05:10:00,UTC,+00:00,14.68302,120.36402,20238
DEMO VESSEL 013,548000013,8500135,Philippines,Other,Encounter,2025-08-20 01:01:00,UTC,+00:00,14.39952,120.49856,37602
DEMO VESSEL 037,548000037,8500379,Belize,Cargo,Fishing event,2025-08-24 14:13:00,Asia/Manila,+08:00,14.34121,120.55692,33971
DEMO VESSEL 020,548000020,8500202,Philippines,Other,Fishing event,2025-08-06 11:12:00,UTC,+00:00,14.29685,120.71079,784
DEMO VESSEL 025,548000025,8500252,Philippines,Dredging,Fishing event,2025-08-22 06:01:00,UTC,+00:00,14.80664,120.60574,37941
DEMO VESSEL 021,548000021,8500214,Belize,Dredging,Encounter,2025-08-08 01:47:00,Asia/Manila,+08:00,14.57664,120.34629,39786
DEMO VESSEL 026,548000026,8500264,Philippines,Cargo,Fishing event,2025-08-25 10:03:00,Asia/Manila,+08:00,14.76146,120.41707,29058
DEMO VESSEL 001,548000001,8500018,Philippines,Dredging,Encounter,2025-08-02 18:23:00,Asia/Manila,+08:00,14.40658,120.74849,35089
DEMO VESSEL 040,548000040,8500408,Philippines,Other,Port visit,2025-08-04 12:01:00,Asia/Manila,+08:00,14.39306,120.78892,8633
demo vessel 033,548000033,8500331,Philippines,Cargo,Loitering,2025-08-11 06:56:00,Asia/Manila,+08:00,14.66474,120.76886,37646
DEMO VESSEL 037,548000037,8500379,Belize,Cargo,Loitering,2025-08-20 21:43:00,Asia/Manila,+08:00,14.73948,120.45284,4988
DEMO VESSEL 007,548000007,8500070,Philippines,Cargo,Encounter,2025-08-07 00:16:00,Asia/Manila,+08:00,14.34597,120.38059,17284
DEMO VESSEL 001,548000001,8500018,Philippines,Dredging,Port visit,2025-08-26 17:06:00,Asia/Manila,+08:00,14.57841,120.30885,11199
DEMO VESSEL 009,548000009,8500094,Belize,Cargo,Port visit,2025-08-14 05:12:00,Asia/Manila,+08:00,14.80913,120.69576,12160
DEMO VESSEL 025,548000025,8500252,Philippines,Dredging,Fishing event,2025-08-09 13:55:00,UTC,+00:00,14.61135,120.76355,7122
DEMO VESSEL 011,548000011,8500111,Philippines,Other,Port visit,2025-08-04 05:23:00,Asia/Manila,+08:00,14.56306,120.74195,33516
DEMO VESSEL 037,548000037,8500379,Belize,Cargo,Loitering,10/08/2025 15:40,Asia/Manila,+08:00,14.5227,120.65198,17657
DEMO VESSEL 007,548000007,8500070,Philippines,Cargo,Fishing event,2025-08-15 12:48:00,Asia/Manila,+08:00,14.40543,120.68491,12858
DEMO VESSEL 028,548000028,8500288,Philippines,Other,Loitering,2025-08-05 13:31:00,Asia/Manila,+08:00,14.79434,120.88891,32815
DEMO VESSEL 029,548000029,8500290,Philippines,Other,Port visit,2025-08-14 10:19:00,UTC,+00:00,14.82685,120.64645,35384
DEMO VESSEL 008,548000008,8500082,Belize,Dredging,Encounter,22/08/2025 05:25,UTC,+00:00,14.55657,120.80838,26526
DEMO VESSEL 013,548000013,8500135,Philippines,Other,Fishing event,2025-08-22 01:46:00,Asia/Manila,+08:00,14.75727,120.4499,3673
DEMO VESSEL 021,548000021,8500214,Belize,Dredging,Loitering,2025-08-25 17:06:00,UTC,+00:00,14.44301,120.83774,1184
DEMO VESSEL 038,548000038,8500381,Philippines,Dredging,Encounter,2025-08-27 15:55:00,Asia/Manila,+08:00,14.34119,120.64484,10674
DEMO VESSEL 036,548000036,8500367,Sierra Leone,Cargo,Encounter,23/08/2025 12:16,Asia/Manila,+08:00,14.82281,120.73976,12475
AISTESTSHIP,100900301,,,,Port visit,2025-08-25 13:16:00,Asia/Manila,+08:00,14.20065,120.68268,12654
DEMO VESSEL 005,548000005,1234568,Sierra Leone,Dredging,Fishing event,2025-08-13 00:42:00,Asia/Manila,+08:00,14.41652,120.43459,13206
DEMO VESSEL 029,548000029,8500290,Philippines,Other,Loitering,2025-08-14 00:42:00,UTC,+00:00,14.8421,120.58641,19807
DEMO VESSEL 004,548000004,,Philippines,Dredging,Encounter,2025-08-22 17:55:00,Asia/Manila,+08:00,14.72551,120.53049,13861
DEMO VESSEL 003,548000003,8500032,Philippines,Cargo,Loitering,2025-08-03 17:38:00,Asia/Manila,+08:00,14.23149,120.81718,1876
DEMO VESSEL 003,548000003,8500032,Philippines,Cargo,Fishing event,05/08/2025 20:40,Asia/Manila,+08:00,14.66522,120.45986,34076
DEMO VESSEL 029,548000029,8500290,Philippines,Other,Port visit,2025-08-07 03:13:00,Asia/Manila,+08:00,14.80563,120.31871,22986
DEMO VESSEL 002,548000002,8500020,Philippines,Cargo,Port visit,2025-08-02 07:12:00,Asia/Manila,+08:00,14.70994,120.35149,19153
DEMO VESSEL 032,548000032,8500329,Philippines,Cargo,Port visit,2025-08-17 12:31:00,UTC,+00:00,14.25209,120.8226,13308
DEMO VESSEL 006,548000006,64,Philippines,Dredging,Port visit,24/08/2025 03:13,UTC,+00:00,14.77225,120.38297,8863
DEMO VESSEL 007,667000007,8500070,Sierra Leone,Cargo,Port visit,06/08/2025 07:54,Asia/Manila,+08:00,14.56251,120.79697,38932
DEMO VESSEL 040,548000040,8500408,Philippines,Other,Fishing event,2025-08-17 05:26:00,Asia/Manila,+08:00,14.88415,120.63557,6283
DEMO VESSEL 001,548000001,8500018,Philippines,Dredging,Encounter,2025-08-03 16:28:00,Asia/Manila,+08:00,14.55927,120.57408,1726
demo vessel 036,548000036,8500367,Sierra Leone,Cargo,Encounter,2025-08-22 03:59:00,Asia/Manila,+08:00,14.82668,120.63335,17190
DEMO VESSEL 016,548000016,8500161,Philippines,Dredging,Encounter,2025-08-06 14:15:00,Asia/Manila,+08:00,14.4866,120.5693,28769
DEMO VESSEL 024,548000024,8500240,Philippines,Cargo,Loitering,2025-08-07 08:32:00,Asia/Manila,+08:00,14.42427,120.71861,29975
DEMO VESSEL 036,548000036,8500367,Sierra Leone,Cargo,Loitering,2025-08-04 17:43:00,Asia/Manila,+08:00,14.66223,120.32152,4280
DEMO VESSEL 032,548000032,8500329,Philippines,Cargo,Fishing event,2025-08-16 04:06:00,Asia/Manila,+08:00,14.64239,120.68731,31856
DEMO VESSEL 001,548000001,8500018,Philippines,Dredging,Port visit,2025-08-10 18:27:00,Asia/Manila,+08:00,14.24216,120.87607,17643
DEMO VESSEL 009,548000009,8500094,Belize,Cargo,Fishing event,20/08/2025 16:37,Asia/Manila,+08:00,14.81873,120.4368,28376
DEMO VESSEL 007 ,667000007,8500070,Sierra Leone,Cargo,Fishing event,2025-08-10 10:52:00,UTC,+00:00,14.37971,120.39593,2415
DEMO VESSEL 017,548000017,8500173,Philippines,Other,Fishing event,09/08/2025 10:06,Asia/Manila,+08:00,14.47324,120.84469,11094
DEMO VESSEL 025,548000025,8500252,Philippines,Dredging,Encounter,23/08/2025 07:09,UTC,+00:00,14.32843,120.4636,35713
DEMO VESSEL 030,548000030,8500305,Philippines,Cargo,Encounter,17/08/2025 16:33,Asia/Manila,+08:00,14.24747,120.40769,6090
DEMO VESSEL 011,548000011,8500111,Philippines,Other,Port visit,04/08/2025 17:27,Asia/Manila,+08:00,14.79468,120.4857,24415
DEMO VESSEL 034,548000034,8500343,Belize,Cargo,Port visit,13/08/2025 12:31,Asia/Manila,+08:00,14.5988,120.47529,20307
DEMOVESSEL019,548000019,8500197,Philippines,Cargo,Encounter,2025-08-22 00:30:00,Asia/Manila,+08:00,14.25476,120.59889,15985
DEMO VESSEL 007,548000007,8500070,Philippines,Cargo,Loitering,2025-08-07 09:39:00,Asia/Manila,+08:00,14.35646,120.4637,19820
DEMO VESSEL 030,548000030,8500305,Philippines,Cargo,Loitering,14/08/2025 18:53,UTC,+00:00,14.85613,120.43636,34731
DEMO VESSEL 006,548000006,64,Philippines,Dredging,Port visit,2025-08-12 09:41:00,Asia/Manila,+08:00,14.6819,120.46537,31780
DEMO VESSEL 007,548000007,8500070,Philippines,Cargo,Loitering,2025-08-18 02:01:00,Asia/Manila,+08:00,14.5634,120.89045,11977
DEMO VESSEL 021,548000021,8500214,Belize,Dredging,Port visit,17/08/2025 20:42,Asia/Manila,+08:00,14.24554,120.57008,26560
DEMO VESSEL 006,548000006,64,Philippines,Dredging,Port visit,2025-08-21 14:46:00,Asia/Manila,+08:00,14.30479,120.30382,24471
DEMO VESSEL 022,548000022,8500226,Sierra Leone,Dredging,Fishing event,2025-08-22 15:33:00,Asia/Manila,+08:00,14.87187,120.4916,26557
DEMO VESSEL 007,667000007,8500070,Sierra Leone,Cargo,Fishing event,2025-08-11 17:19:00,UTC,+00:00,14.60494,120.5937,38222
AIS TEST SHIP,100900301,,,,Loitering,11/08/2025 00:03,Asia/Manila,+08:00,14.44838,120.54508,18525
AIS TEST SHIP,100900301,,,,Port visit,2025-08-20 15:14:00,Asia/Manila,+08:00,14.42339,120.46277,17341
DEMO VESSEL 017,548000017,8500173,Philippines,Other,Port visit,2025-08-24 06:24:00,Asia/Manila,+08:00,14.45703,120.6231,13594
DEMO VESSEL 011,548000011,8500111,Philippines,Other,Fishing event,2025-08-13 07:05:00,Asia/Manila,+08:00,14.89752,120.66154,11162
DEMO VESSEL 032,548000032,8500329,Philippines,Cargo,Port visit,2025-08-09 05:38:00,Asia/Manila,+08:00,14.25787,120.50658,7878
DEMO VESSEL 031,548000031,8500317,Philippines,Cargo,Port visit,2025-08-21 02:20:00,Asia/Manila,+08:00,14.78227,120.63845,19265
DEMO VESSEL 006,548000006,64,Philippines,Dredging,Fishing event,21/08/2025 22:31,Asia/Manila,+08:00,14.77613,120.65764,14305
DEMO VESSEL 040,548000040,8500408,Philippines,Other,Fishing event,2025-08-15 11:34:00,Asia/Manila,+08:00,14.84829,120.61235,18314
DEMO VESSEL 017,548000017,8500173,Philippines,Other,Port visit,2025-08-01 15:54:00,Asia/Manila,+08:00,14.34464,120.34805,31164
DEMO VESSEL 023,548000023,8500238,Belize,Cargo,Loitering,01/08/2025 08:42,Asia/Manila,+08:00,14.22906,120.68898,11071
DEMOVESSEL034,548000034,8500343,Belize,Cargo,Encounter,2025-08-24 06:52:00,UTC,+00:00,14.5761,120.89359,14039
DEMO VESSEL 032,548000032,8500329,Philippines,Cargo,Fishing event,2025-08-24 10:08:00,Asia/Manila,+08:00,14.27008,120.57624,27528
DEMO VESSEL 036,548000036,8500367,Sierra Leone,Cargo,Encounter,2025-08-21 06:55:00,UTC,+00:00,14.78908,120.62987,22111
DEMO VESSEL 002,548000002,8500020,Philippines,Cargo,Port visit,2025-08-20 00:32:00,Asia/Manila,+08:00,14.36099,120.60872,24038
DEMO VESSEL 029,548000029,8500290,Philippines,Other,Encounter,2025-08-13 05:51:00,Asia/Manila,+08:00,14.31047,120.7881,26985
DEMO VESSEL 017,548000017,8500173,Philippines,Other,Port visit,21/08/2025 18:58,Asia/Manila,+08:00,14.84787,120.59876,12030
DEMO VESSEL 004,548000004,,Philippines,Dredging,Loitering,2025-08-24 13:23:00,Asia/Manila,+08:00,14.55395,120.84878,27749
DEMO VESSEL 038,548000038,8500381,Philippines,Dredging,Loitering,2025-08-25 06:11:00,Asia/Manila,+08:00,14.31059,120.37475,7992
DEMO VESSEL 033 ,548000033,8500331,Philippines,Cargo,Fishing event,11/08/2025 03:35,Asia/Manila,+08:00,14.29276,120.61544,1214
DEMO VESSEL 030,548000030,8500305,Philippines,Cargo,Port visit,2025-08-11 19:00:00,UTC,+00:00,14.87674,120.33574,36864
DEMO VESSEL 008,548000008,8500082,Belize,Dredging,Port visit,2025-08-05 01:37:00,UTC,+00:00,14.78298,120.53025,19754
DEMO VESSEL 032,548000032,8500329,Philippines,Cargo,Encounter,2025-08-24 08:07:00,Asia/Manila,+08:00,14.20916,120.42515,34203
AIS TEST SHIP,100900301,,,,Port visit,08/08/2025 07:05,UTC,+00:00,14.6956,120.74481,26243
DEMO VESSEL 023,548000023,8500238,Belize,Cargo,Port visit,2025-08-26 16:44:00,Asia/Manila,+08:00,14.76675,120.40664,4568
DEMOVESSEL025,548000025,8500252,Philippines,Dredging,Port visit,25/08/2025 13:50,Asia/Manila,+08:00,14.80322,120.72253,39771
DEMO VESSEL 018,548000018,8500185,Philippines,Cargo,Port visit,2025-08-07 17:46:00,Asia/Manila,+08:00,14.33597,120.60147,11162
DEMOVESSEL021,548000021,8500214,Belize,Dredging,Port visit,12/08/2025 02:39,Asia/Manila,+08:00,14.34395,120.39505,19104
DEMO VESSEL 014,548000014,8500147,Philippines,Cargo,Port visit,2025-08-06 14:41:00,UTC,+00:00,14.70756,120.6291,8848
DEMO VESSEL 007,548000007,8500070,Philippines,Cargo,Encounter,19/08/2025 08:15,Asia/Manila,+08:00,14.73354,120.56214,38498
DEMO VESSEL 037,548000037,8500379,Belize,Cargo,Encounter,2025-08-12 11:04:00,UTC,+00:00,14.60394,120.72592,4999
DEMO VESSEL 004,548000004,,Philippines,Dredging,Fishing event,17/08/2025 05:16,Asia/Manila,+08:00,14.47372,120.55038,38279
DEMO VESSEL 011,548000011,8500111,Philippines,Other,Loitering,2025-08-01 07:38:00,Asia/Manila,+08:00,14.29262,120.71737,26352
DEMO VESSEL 020,548000020,8500202,Philippines,Other,Encounter,2025-08-01 05:41:00,UTC,+00:00,14.53877,120.66182,6461
DEMO VESSEL 014,548000014,8500147,Philippines,Cargo,Fishing event,2025-08-24 06:20:00,Asia/Manila,+08:00,14.63524,120.61699,23901
DEMO VESSEL 028,548000028,8500288,Philippines,Other,Encounter,12/08/2025 01:14,Asia/Manila,+08:00,14.81922,120.78305,30297
DEMO VESSEL 033,548000033,8500331,Philippines,Cargo,Encounter,2025-08-23 15:37:00,Asia/Manila,+08:00,14.24062,120.51779,11217
DEMO VESSEL 003,548000003,8500032,Philippines,Cargo,Encounter,2025-08-16 16:33:00,Asia/Manila,+08:00,14.57233,120.79523,4600
DEMO VESSEL 028,548000028,8500288,Philippines,Other,Encounter,10/08/2025 06:45,Asia/Manila,+08:00,14.6247,120.51378,15888
DEMO VESSEL 007,548000007,8500070,Philippines,Cargo,Fishing event,2025-08-06 13:56:00,Asia/Manila,+08:00,14.64172,120.42243,15433
DEMO VESSEL 016,548000016,8500161,Philippines,Dredging,Fishing event,21/08/2025 02:45,Asia/Manila,+08:00,14.60574,120.54625,26435
DEMO VESSEL 012,548000012,8500123,Philippines,Dredging,Encounter,2025-08-23 18:42:00,Asia/Manila,+08:00,14.54625,120.64101,1965
AIS TEST SHIP,100900301,,,,Loitering,2025-08-06 16:03:00,Asia/Manila,+08:00,14.39686,120.86217,4862
DEMO VESSEL 011,548000011,8500111,Philippines,Other,Loitering,2025-08-09 10:07:00,Asia/Manila,+08:00,14.39663,120.62,14535
DEMO VESSEL 020,548000020,8500202,Philippines,Other,Port visit,2025-08-10 01:45:00,Asia/Manila,+08:00,14.77921,120.8889,35058
DEMO VESSEL 024,548000024,8500240,Philippines,Cargo,Loitering,2025-08-24 16:30:00,Asia/Manila,+08:00,14.6686,120.44367,15104
DEMO VESSEL 018,548000018,8500185,Philippines,Cargo,Encounter,2025-08-17 08:40:00,Asia/Manila,+08:00,14.24231,120.73998,11440
DEMO VESSEL 019,548000019,8500197,Philippines,Cargo,Port visit,2025-08-05 20:00:00,Asia/Manila,+08:00,14.84792,120.63906,18455
DEMO VESSEL 027,548000027,8500276,Philippines,Cargo,Fishing event,2025-08-26 23:17:00,Asia/Manila,+08:00,14.6169,120.61848,31456
DEMO VESSEL 037,548000037,8500379,Belize,Cargo,Fishing event,2025-08-03 23:14:00,Asia/Manila,+08:00,14.24279,120.86261,9398
DEMO VESSEL 029,548000029,8500290,Philippines,Other,Encounter,2025-08-15 23:04:00,Asia/Manila,+08:00,14.21705,120.81537,3743
DEMO VESSEL 018,548000018,8500185,Philippines,Cargo,Loitering,12/08/2025 20:42,Asia/Manila,+08:00,14.63456,120.33146,2644
DEMO VESSEL 024,548000024,8500240,Philippines,Cargo,Loitering,2025-08-17 23:04:00,Asia/Manila,+08:00,14.38265,120.65073,4713
DEMO VESSEL 036,548000036,8500367,Sierra Leone,Cargo,Encounter,2025-08-20 12:35:00,Asia/Manila,+08:00,14.81973,120.72687,8157
DEMO VESSEL 005,548000005,1234568,Sierra Leone,Dredging,Encounter,2025-08-24 06:11:00,Asia/Manila,+08:00,14.52256,120.49981,39858
DEMO VESSEL 011,548000011,8500111,Philippines,Other,Port visit,2025-08-03 09:23:00,Asia/Manila,+08:00,14.25157,120.80134,25220
DEMO VESSEL 008,548000008,8500082,Belize,Dredging,Encounter,2025-08-03 22:13:00,Asia/Manila,+08:00,14.58394,120.85251,39866
DEMO VESSEL 017,548000017,8500173,Philippines,Other,Loitering,2025-08-07 17:41:00,Asia/Manila,+08:00,14.74019,120.85545,32762
DEMO VESSEL 038,548000038,8500381,Philippines,Dredging,Loitering,18/08/2025 14:57,UTC,+00:00,14.70692,120.41222,7963
DEMO VESSEL 030,548000030,8500305,Philippines,Cargo,Fishing event,25/08/2025 08:25,Asia/Manila,+08:00,14.34462,120.67855,10616
DEMO VESSEL 013,548000013,8500135,Philippines,Other,Port visit,2025-08-07 10:49:00,UTC,+00:00,14.45494,120.83462,16629
DEMO VESSEL 001,548000001,8500018,Philippines,Dredging,Loitering,22/08/2025 16:22,Asia/Manila,+08:00,14.74618,120.68388,33255
DEMO VESSEL 012,548000012,8500123,Philippines,Dredging,Loitering,10/08/2025 21:45,UTC,+00:00,14.42412,120.84398,8785
DEMO VESSEL 013,548000013,8500135,Philippines,Other,Encounter,2025-08-08 21:18:00,Asia/Manila,+08:00,14.46812,120.33724,17286
DEMO VESSEL 035,548000035,8500355,Philippines,Other,Loitering,2025-08-17 17:54:00,Asia/Manila,+08:00,14.63712,120.31508,24832
DEMO VESSEL 040 ,548000040,8500408,Philippines,Other,Port visit,2025-08-07 09:49:00,UTC,+00:00,14.32861,120.8833,19187
DEMO VESSEL 007,667000007,8500070,Sierra Leone,Cargo,Encounter,2025-08-21 01:56:00,Asia/Manila,+08:00,14.44357,120.8392,37681
DEMO VESSEL 010,548000010,8500109,Belize,Other,Fishing event,05/08/2025 01:40,Asia/Manila,+08:00,14.47656,120.71806,7317
demo vessel 003,548000003,8500032,Philippines,Cargo,Fishing event,2025-08-05 00:45:00,Asia/Manila,+08:00,14.42036,120.88917,10192
DEMO VESSEL 029,548000029,8500290,Philippines,Other,Fishing event,2025-08-04 21:27:00,Asia/Manila,+08:00,14.74919,120.89658,4028
demo vessel 027,548000027,8500276,Philippines,Cargo,Encounter,11/07/2025 08:58,UTC,+00:00,14.53773,120.46354,8118
DEMO VESSEL 011,548000011,8500111,Philippines,Other,Fishing event,2025-08-24 21:19:00,Asia/Manila,+08:00,14.80069,120.45254,25828
DEMO VESSEL 017,548000017,8500173,Philippines,Other,Loitering,2025-08-09 05:29:00,Asia/Manila,+08:00,14.45361,120.46362,4477
DEMO VESSEL 004,548000004,,Philippines,Dredging,Encounter,14/08/2025 19:47,Asia/Manila,+08:00,14.63604,120.66438,4511
DEMO VESSEL 010,548000010,8500109,Belize,Other,Encounter,2025-08-14 17:30:00,Asia/Manila,+08:00,14.81048,120.31352,5576
DEMO VESSEL 011,548000011,8500111,Philippines,Other,Fishing event,04/08/2025 18:50,Asia/Manila,+08:00,14.27541,120.4699,9709
DEMO VESSEL 005,548000005,1234568,Sierra Leone,Dredging,Loitering,2025-08-15 23:09:00,Asia/Manila,+08:00,14.65349,120.50389,1707
DEMO VESSEL 038,548000038,8500381,Philippines,Dredging,Fishing event,2025-08-13 19:13:00,Asia/Manila,+08:00,14.30443,120.62179,9909
DEMO VESSEL 015,548000015,8500159,Philippines,Cargo,Port visit,27/08/2025 17:44,Asia/Manila,+08:00,14.53902,120.34016,38767
DEMO VESSEL 024,548000024,8500240,Philippines,Cargo,Encounter,03/08/2025 19:55,Asia/Manila,+08:00,14.44924,120.79768,8125
demo vessel 040,548000040,8500408,Philippines,Other,Encounter,2025-08-27 21:16:00,Asia/Manila,+08:00,14.74604,120.32956,8372
DEMO VESSEL 029,548000029,8500290,Philippines,Other,Port visit,21/08/2025 06:15,Asia/Manila,+08:00,14.21717,120.3571,28790
DEMO VESSEL 001,548000001,8500018,Philippines,Dredging,Fishing event,2025-08-19 07:44:00,Asia/Manila,+08:00,14.77964,120.34837,6427
DEMO VESSEL 012,548000012,8500123,Philippines,Dredging,Port visit,2025-08-18 17:58:00,Asia/Manila,+08:00,14.54233,120.53783,16062
DEMO VESSEL 006,548000006,64,Philippines,Dredging,Encounter,2025-08-12 16:19:00,Asia/Manila,+08:00,14.77025,120.55078,21704
DEMO VESSEL 029,548000029,8500290,Philippines,Other,Port visit,2025-08-24 16:26:00,Asia/Manila,+08:00,14.61549,120.46084,8783
