vessel_name,mmsi,imo,flag,type,event,start_date_time,time_zone,offset,latitude,longitude,event_duration_s
DEMO VESSEL 020,548000020,8500202,Philippines,Other,Loitering,2025-01-27 12:24:00,Asia/Manila,+08:00,14.64916,120.89809,34246
DEMO VESSEL 027,548000027,8500276,Philippines,Cargo,Port visit,2025-01-02 17:59:00,UTC,+00:00,14.43153,120.8729,25074
DEMO VESSEL 007,667000007,8500070,Sierra Leone,Cargo,Loitering,2025-01-18 17:47:00,Asia/Manila,+08:00,14.50301,120.32751,33012
DEMO VESSEL 011,548000011,8500111,Philippines,Other,Fishing event,2025-01-07 10:32:00,UTC,+00:00,14.71413,120.7043,37323
DEMO VESSEL 002,548000002,8500020,Philippines,Cargo,Port visit,2025-01-08 19:14:00,Asia/Manila,+08:00,14.20048,120.85074,21506
DEMO VESSEL 028,548000028,8500288,Philippines,Other,Loitering,2025-01-03 00:33:00,Asia/Manila,+08:00,14.46004,120.50588,36773
DEMO VESSEL 018,548000018,8500185,Philippines,Cargo,Loitering,2025-01-06 04:03:00,Asia/Manila,+08:00,14.49287,120.84271,22612
DEMO VESSEL 035,548000035,8500355,Philippines,Other,Port visit,05/01/2025 08:41,Asia/Manila,+08:00,14.53807,120.6231,34660
DEMO VESSEL 038,548000038,8500381,Philippines,Dredging,Port visit,15/01/2025 18:28,UTC,+00:00,14.24022,120.47785,30710
DEMO VESSEL 002,548000002,8500020,Philippines,Cargo,Loitering,01/01/2025 04:37,Asia/Manila,+08:00,14.79254,120.8164,38705
DEMO VESSEL 034,548000034,8500343,Belize,Cargo,Encounter,2025-01-26 19:39:00,Asia/Manila,+08:00,14.78445,120.57507,5371
DEMO VESSEL 020,548000020,8500202,Philippines,Other,Port visit,01/01/2025 12:39,Asia/Manila,+08:00,14.45616,120.83077,9714
DEMO VESSEL 007,548000007,8500070,Philippines,Cargo,Encounter,27/01/2025 02:34,UTC,+00:00,14.41288,120.38294,34506
DEMO VESSEL 013,548000013,8500135,Philippines,Other,Loitering,25/01/2025 23:38,Asia/Manila,+08:00,14.37273,120.41046,1901
DEMO VESSEL 012,548000012,8500123,Philippines,Dredging,Fishing event,2025-01-21 20:24:00,Asia/Manila,+08:00,14.69421,120.4843,24394
DEMO VESSEL 040,548000040,8500408,Philippines,Other,Loitering,2025-01-12 18:10:00,Asia/Manila,+08:00,14.84483,120.44797,7882
DEMOVESSEL024,548000024,8500240,Philippines,Cargo,Port visit,15/01/2025 03:19,Asia/Manila,+08:00,14.8527,120.74804,32679
DEMO VESSEL 013,548000013,8500135,Philippines,Other,Loitering,2025-01-08 10:05:00,Asia/Manila,+08:00,14.56938,120.7024,24814
DEMO VESSEL 017,548000017,8500173,Philippines,Other,Encounter,2025-01-16 06:56:00,Asia/Manila,+08:00,14.20862,120.72567,34588
DEMO VESSEL 012,548000012,8500123,Philippines,Dredging,Fishing event,2025-01-10 11:01:00,Asia/Manila,+08:00,14.24557,120.75272,34304
DEMO VESSEL 015,548000015,8500159,Philippines,Cargo,Fishing event,16/01/2025 15:04,Asia/Manila,+08:00,14.22089,120.77309,31847
DEMO VESSEL 029,548000029,8500290,Philippines,Other,Port visit,20/01/2025 17:52,Asia/Manila,+08:00,14.24569,120.544,11672
AIS TEST SHIP,100900301,,,,Fishing event,13/01/2025 06:32,Asia/Manila,+08:00,14.72387,120.56751,7967
DEMO VESSEL 016,548000016,8500161,Philippines,Dredging,Loitering,2025-01-01 01:56:00,Asia/Manila,+08:00,14.40502,120.54741,25534
DEMOVESSEL007,548000007,8500070,Philippines,Cargo,Fishing event,2025-01-21 05:42:00,Asia/Manila,+08:00,14.35493,120.49862,37741
DEMOVESSEL008,548000008,8500082,Belize,Dredging,Fishing event,22/01/2025 04:17,Asia/Manila,+08:00,14.45136,120.62403,7266
DEMO VESSEL 002,548000002,8500020,Philippines,Cargo,Fishing event,2025-01-07 15:04:00,Asia/Manila,+08:00,14.56361,120.56704,27976
DEMO VESSEL 007,548000007,8500070,Philippines,Cargo,Encounter,2025-01-16 17:41:00,Asia/Manila,+08:00,14.39888,120.83626,25032
DEMO VESSEL 033,548000033,8500331,Philippines,Cargo,Port visit,2025-01-09 01:58:00,Asia/Manila,+08:00,14.45976,120.5251,32966
DEMO VESSEL 021,548000021,8500214,Belize,Dredging,Port visit,2025-01-19 04:22:00,Asia/Manila,+08:00,14.20274,120.72204,22942
DEMO VESSEL 040,548000040,8500408,Philippines,Other,Encounter,2025-01-13 16:19:00,Asia/Manila,+08:00,14.2617,120.63409,36316
DEMO VESSEL 039,548000039,8500393,Philippines,Dredging,Fishing event,19/01/2025 01:14,Asia/Manila,+08:00,14.24351,120.31666,9005
DEMO VESSEL 011,548000011,8500111,Philippines,Other,Fishing event,2025-01-26 23:16:00,Asia/Manila,+08:00,14.65658,120.60924,30581
DEMO VESSEL 015,548000015,8500159,Philippines,Cargo,Encounter,2025-01-15 19:31:00,Asia/Manila,+08:00,14.56684,120.3968,20321
DEMO VESSEL 037,548000037,8500379,Belize,Cargo,Fishing event,2025-01-21 13:30:00,Asia/Manila,+08:00,14.23368,120.62101,28745
DEMO VESSEL 005 ,548000005,1234568,Sierra Leone,Dredging,Port visit,2025-01-22 04:12:00,Asia/Manila,+08:00,14.25626,120.44171,10401
DEMO VESSEL 032,548000032,8500329,Philippines,Cargo,Loitering,02/01/2025 06:08,Asia/Manila,+08:00,14.65736,120.5258,37351
DEMO VESSEL 025,548000025,8500252,Philippines,Dredging,Fishing event,2025-01-17 22:38:00,Asia/Manila,+08:00,14.2344,120.32595,11827
DEMO VESSEL 005,548000005,1234568,Sierra Leone,Dredging,Port visit,2025-01-09 23:41:00,Asia/Manila,+08:00,14.79319,120.40642,31089
DEMO VESSEL 012,548000012,8500123,Philippines,Dredging,Fishing event,2025-01-08 08:52:00,Asia/Manila,+08:00,14.33217,120.7473,27823
DEMO VESSEL 006,548000006,64,Philippines,Dredging,Encounter,16/01/2025 13:46,UTC,+00:00,14.26262,120.45296,31660
DEMO VESSEL 030,548000030,8500305,Philippines,Cargo,Loitering,17/01/2025 04:35,Asia/Manila,+08:00,14.35091,120.85619,14625
DEMO VESSEL 009 ,548000009,8500094,Belize,Cargo,Fishing event,02/01/2025 03:46,UTC,+00:00,14.26004,120.42368,16695
DEMO VESSEL 011,548000011,8500111,Philippines,Other,Fishing event,2025-01-08 07:22:00,Asia/Manila,+08:00,14.25084,120.32892,2157
DEMO VESSEL 033,548000033,8500331,Philippines,Cargo,Fishing event,2025-01-19 01:07:00,Asia/Manila,+08:00,14.71131,120.4769,13469
DEMO VESSEL 029,548000029,8500290,Philippines,Other,Loitering,2025-01-05 10:32:00,Asia/Manila,+08:00,14.21162,120.53994,27992
DEMO VESSEL 036,548000036,8500367,Sierra Leone,Cargo,Loitering,2025-01-20 17:01:00,Asia/Manila,+08:00,14.78214,120.73333,37590
DEMO VESSEL 030,548000030,8500305,Philippines,Cargo,Fishing event,22/01/2025 09:46,Asia/Manila,+08:00,14.66792,120.36105,34888
DEMO VESSEL 005,548000005,1234568,Sierra Leone,Dredging,Loitering,2025-01-05 12:30:00,UTC,+00:00,14.737,120.65171,38631
DEMO VESSEL 039,548000039,8500393,Philippines,Dredging,Encounter,2025-01-11 01:33:00,Asia/Manila,+08:00,14.21188,120.3998,13914
DEMO VESSEL 004,548000004,,Philippines,Dredging,Loitering,2025-01-21 12:46:00,UTC,+00:00,14.33261,120.40599,7455
DEMO VESSEL 008,548000008,8500082,Belize,Dredging,Loitering,23/01/2025 01:26,Asia/Manila,+08:00,14.3005,120.59151,7567
DEMO VESSEL 018 ,548000018,8500185,Philippines,Cargo,Fishing event,2025-01-05 19:54:00,UTC,+00:00,14.65394,120.8926,17679
DEMO VESSEL 018,548000018,8500185,Philippines,Cargo,Fishing event,25/01/2025 03:25,Asia/Manila,+08:00,14.33013,120.85941,26162
DEMO VESSEL 032,548000032,8500329,Philippines,Cargo,Loitering,2025-01-01 01:49:00,Asia/Manila,+08:00,14.47266,120.6585,22406
DEMO VESSEL 007,667000007,8500070,Sierra Leone,Cargo,Encounter,2025-01-06 11:05:00,Asia/Manila,+08:00,14.75065,120.7471,37000
DEMO VESSEL 029,548000029,8500290,Philippines,Other,Fishing event,2025-01-26 06:07:00,UTC,+00:00,14.64708,120.74223,35570
DEMO VESSEL 005,548000005,1234568,Sierra Leone,Dredging,Encounter,2025-01-13 08:07:00,UTC,+00:00,14.31792,120.72586,15021
DEMO VESSEL 010,548000010,8500109,Belize,Other,Loitering,2025-01-25 17:47:00,Asia/Manila,+08:00,14.25376,120.75136,14866
DEMO VESSEL 006,548000006,64,Philippines,Dredging,Loitering,2025-01-16 10:22:00,Asia/Manila,+08:00,14.53152,120.7787,38777
DEMO VESSEL 017,548000017,8500173,Philippines,Other,Port visit,2025-01-11 06:00:00,UTC,+00:00,14.82269,120.74037,37132
DEMO VESSEL 022,548000022,8500226,Sierra Leone,Dredging,Port visit,2025-01-15 11:51:00,Asia/Manila,+08:00,14.34021,120.44896,14785
DEMO VESSEL 025,548000025,8500252,Philippines,Dredging,Port visit,2025-01-16 15:07:00,Asia/Manila,+08:00,14.77692,120.8524,36748
DEMO VESSEL 013,548000013,8500135,Philippines,Other,Fishing event,2025-01-13 18:48:00,Asia/Manila,+08:00,14.84592,120.68593,4720
DEMO VESSEL 015,548000015,8500159,Philippines,Cargo,Port visit,2025-01-04 12:16:00,Asia/Manila,+08:00,14.4862,120.8972,23183
DEMO VESSEL 017,548000017,8500173,Philippines,Other,Port visit,2025-01-20 08:25:00,UTC,+00:00,14.77754,120.64021,26130
DEMO VESSEL 008,548000008,8500082,Belize,Dredging,Port visit,2025-01-10 18:12:00,Asia/Manila,+08:00,14.78459,120.41012,7714
DEMO VESSEL 022,548000022,8500226,Sierra Leone,Dredging,Encounter,07/01/2025 10:17,Asia/Manila,+08:00,14.47115,120.38983,37556
DEMO VESSEL 003,548000003,8500032,Philippines,Cargo,Encounter,2025-01-04 18:46:00,Asia/Manila,+08:00,14.68206,120.86034,17317
DEMO VESSEL 017,548000017,8500173,Philippines,Other,Encounter,01/01/2025 21:37,Asia/Manila,+08:00,14.44875,120.8151,26474
DEMO VESSEL 011,548000011,8500111,Philippines,Other,Encounter,2025-01-26 02:55:00,Asia/Manila,+08:00,14.88448,120.39212,35134
DEMOVESSEL036,548000036,8500367,Sierra Leone,Cargo,Fishing event,2025-01-17 06:32:00,Asia/Manila,+08:00,14.24781,120.84233,26433
DEMO VESSEL 011,548000011,8500111,Philippines,Other,Fishing event,2025-01-17 11:26:00,Asia/Manila,+08:00,14.39242,120.32866,19692
DEMO VESSEL 035,548000035,8500355,Philippines,Other,Encounter,2025-01-10 06:40:00,UTC,+00:00,14.75328,120.77945,4549
DEMO VESSEL 007,548000007,8500070,Philippines,Cargo,Fishing event,2025-01-15 02:51:00,UTC,+00:00,14.67634,120.30276,33341
DEMO VESSEL 018,548000018,8500185,Philippines,Cargo,Encounter,05/01/2025 18:39,UTC,+00:00,14.36804,120.49075,4277
DEMO VESSEL 036,548000036,8500367,Sierra Leone,Cargo,Fishing event,2025-01-15 12:11:00,Asia/Manila,+08:00,14.38941,120.64469,23051
DEMO VESSEL 009,548000009,8500094,Belize,Cargo,Port visit,26/01/2025 04:27,Asia/Manila,+08:00,14.72437,120.64508,7939
DEMO VESSEL 016,548000016,8500161,Philippines,Dredging,Fishing event,2025-01-11 07:58:00,Asia/Manila,+08:00,14.86033,120.61127,8447
DEMO VESSEL 008,548000008,8500082,Belize,Dredging,Encounter,02/01/2025 09:00,Asia/Manila,+08:00,14.76081,120.73009,1504
DEMO VESSEL 034,548000034,8500343,Belize,Cargo,Fishing event,2025-01-13 08:24:00,Asia/Manila,+08:00,14.58818,120.75243,591
DEMO VESSEL 006,548000006,64,Philippines,Dredging,Loitering,2025-01-04 16:42:00,Asia/Manila,+08:00,14.2062,120.82823,14295
DEMO VESSEL 007,548000007,8500070,Philippines,Cargo,Encounter,2025-01-21 13:53:00,Asia/Manila,+08:00,14.20393,120.75858,16223
DEMO VESSEL 024,548000024,8500240,Philippines,Cargo,Port visit,2025-01-08 23:00:00,Asia/Manila,+08:00,14.4668,120.54302,24284
DEMO VESSEL 039,548000039,8500393,Philippines,Dredging,Encounter,19/01/2025 06:35,UTC,+00:00,14.485,120.69607,30740
DEMO VESSEL 036,548000036,8500367,Sierra Leone,Cargo,Encounter,2025-01-11 21:29:00,Asia/Manila,+08:00,14.68764,120.79345,26193
DEMO VESSEL 013,548000013,8500135,Philippines,Other,Fishing event,2025-01-08 07:10:00,Asia/Manila,+08:00,14.2329,120.47116,30681
DEMO VESSEL 027,548000027,8500276,Philippines,Cargo,Loitering,24/01/2025 01:05,Asia/Manila,+08:00,14.30981,120.85829,26622
DEMO VESSEL 013,548000013,8500135,Philippines,Other,Port visit,01/01/2025 21:28,UTC,+00:00,14.29747,120.81288,35608
DEMO VESSEL 021,548000021,8500214,Belize,Dredging,Loitering,15/01/2025 02:38,Asia/Manila,+08:00,14.69333,120.85264,14899
AIS TEST SHIP,100900301,,,,Port visit,2025-01-11 01:23:00,UTC,+00:00,14.25889,120.54485,5233
DEMO VESSEL 032,548000032,8500329,Philippines,Cargo,Fishing event,2025-01-17 18:59:00,Asia/Manila,+08:00,14.7237,120.81807,22106
DEMO VESSEL 004,548000004,,Philippines,Dredging,Encounter,2025-01-03 01:08:00,UTC,+00:00,14.2306,120.5098,8801
DEMO VESSEL 021,548000021,8500214,Belize,Dredging,Encounter,14/01/2025 13:11,Asia/Manila,+08:00,14.20037,120.72355,13091
DEMO VESSEL 009,548000009,8500094,Belize,Cargo,Fishing event,2025-01-06 02:41:00,Asia/Manila,+08:00,14.35541,120.50661,15199
DEMO VESSEL 018,548000018,8500185,Philippines,Cargo,Fishing event,2025-01-23 20:13:00,Asia/Manila,+08:00,14.79044,120.53868,28100
DEMO VESSEL 001,548000001,8500018,Philippines,Dredging,Encounter,2025-01-04 02:56:00,Asia/Manila,+08:00,14.78422,120.64951,24197
DEMO VESSEL 019,548000019,8500197,Philippines,Cargo,Fishing event,2025-01-17 04:36:00,Asia/Manila,+08:00,14.61128,120.79376,586
DEMO VESSEL 008,548000008,8500082,Belize,Dredging,Port visit,2025-01-15 08:19:00,Asia/Manila,+08:00,14.88828,120.38682,12336
DEMO VESSEL 031,548000031,8500317,Philippines,Cargo,Port visit,2025-01-17 21:00:00,Asia/Manila,+08:00,14.54849,120.60856,20629
DEMO VESSEL 009,548000009,8500094,Belize,Cargo,Encounter,2025-01-12 03:37:00,Asia/Manila,+08:00,14.44351,120.69804,9844
DEMO VESSEL 040,548000040,8500408,Philippines,Other,Port visit,17/01/2025 04:20,Asia/Manila,+08:00,14.33662,120.77675,28194
DEMO VESSEL 017,548000017,8500173,Philippines,Other,Encounter,2025-01-05 00:16:00,UTC,+00:00,14.22091,120.43642,32274
DEMO VESSEL 038,548000038,8500381,Philippines,Dredging,Encounter,2025-01-25 01:54:00,UTC,+00:00,14.62634,120.47123,30562
DEMO VESSEL 029,548000029,8500290,Philippines,Other,Fishing event,2025-01-09 22:11:00,Asia/Manila,+08:00,14.60719,120.45488,4819
DEMO VESSEL 007,548000007,8500070,Philippines,Cargo,Encounter,2025-01-05 11:49:00,UTC,+00:00,14.32822,120.58096,28994
DEMO VESSEL 030,548000030,8500305,Philippines,Cargo,Fishing event,2025-01-13 21:07:00,Asia/Manila,+08:00,14.26547,120.88635,16540
DEMO VESSEL 011,548000011,8500111,Philippines,Other,Loitering,2025-01-17 23:46:00,Asia/Manila,+08:00,14.6103,120.63034,30331
DEMO VESSEL 028,548000028,8500288,Philippines,Other,Port visit,2025-01-23 10:48:00,UTC,+00:00,14.84864,120.7785,25588
DEMO VESSEL 029,548000029,8500290,Philippines,Other,Fishing event,2025-01-23 19:10:00,Asia/Manila,+08:00,14.36632,120.39049,5547
DEMO VESSEL 027,548000027,8500276,Philippines,Cargo,Port visit,2025-01-26 02:25:00,Asia/Manila,+08:00,14.55872,120.86767,2328
DEMOVESSEL009,548000009,8500094,Belize,Cargo,Fishing event,2025-01-16 06:30:00,Asia/Manila,+08:00,14.53007,120.39963,18248
DEMO VESSEL 017,548000017,8500173,Philippines,Other,Encounter,2025-01-27 21:57:00,Asia/Manila,+08:00,14.29386,120.69789,10437
DEMO VESSEL 021,548000021,8500214,Belize,Dredging,Port visit,2025-01-08 11:03:00,Asia/Manila,+08:00,14.8298,120.50416,8599
DEMO VESSEL 009,548000009,8500094,Belize,Cargo,Loitering,2025-01-27 01:15:00,UTC,+00:00,14.55585,120.88927,17494
DEMO VESSEL 022,548000022,8500226,Sierra Leone,Dredging,Encounter,2025-01-03 07:13:00,UTC,+00:00,14.40006,120.83004,3534
DEMO VESSEL 007,667000007,8500070,Sierra Leone,Cargo,Loitering,2025-01-23 19:00:00,Asia/Manila,+08:00,14.54902,120.84179,35828
DEMO VESSEL 026,548000026,8500264,Philippines,Cargo,Port visit,2025-01-12 15:06:00,UTC,+00:00,14.63546,120.35211,15524
DEMOVESSEL006,548000006,64,Philippines,Dredging,Encounter,2025-01-08 07:09:00,Asia/Manila,+08:00,14.42607,120.75358,32558
DEMO VESSEL 027,548000027,8500276,Philippines,Cargo,Loitering,09/01/2025 22:00,Asia/Manila,+08:00,14.59012,120.84494,3045
DEMO VESSEL 008,548000008,8500082,Belize,Dredging,Port visit,2025-01-05 09:15:00,UTC,+00:00,14.79112,120.83484,28147
DEMO VESSEL 021,548000021,8500214,Belize,Dredging,Encounter,2025-01-25 11:44:00,UTC,+00:00,14.82733,120.39536,25472
DEMO VESSEL 009,548000009,8500094,Belize,Cargo,Encounter,2025-01-02 19:45:00,UTC,+00:00,14.80413,120.57808,21381
DEMO VESSEL 023,548000023,8500238,Belize,Cargo,Port visit,2025-01-10 09:59:00,Asia/Manila,+08:00,14.25272,120.63345,20641
DEMO VESSEL 039,548000039,8500393,Philippines,Dredging,Port visit,2025-01-22 10:35:00,Asia/Manila,+08:00,14.76883,120.87304,28350
DEMO VESSEL 035,548000035,8500355,Philippines,Other,Port visit,2025-01-19 06:48:00,Asia/Manila,+08:00,14.36104,120.52503,10394
DEMO VESSEL 030,548000030,8500305,Philippines,Cargo,Fishing event,2025-01-26 22:41:00,Asia/Manila,+08:00,14.45007,120.72645,18538
DEMO VESSEL 022,548000022,8500226,Sierra Leone,Dredging,Encounter,2025-01-14 04:38:00,Asia/Manila,+08:00,14.78677,120.69814,4429
demo vessel 011,548000011,8500111,Philippines,Other,Encounter,01/01/2025 01:42,Asia/Manila,+08:00,14.75739,120.36665,28095
DEMO VESSEL 027,548000027,8500276,Philippines,Cargo,Encounter,07/01/2025 13:28,Asia/Manila,+08:00,14.60253,120.64603,2464
DEMO VESSEL 010,548000010,8500109,Belize,Other,Encounter,2025-01-25 23:50:00,Asia/Manila,+08:00,14.2417,120.89672,26572
DEMO VESSEL 036,548000036,8500367,Sierra Leone,Cargo,Loitering,2025-01-20 15:47:00,Asia/Manila,+08:00,14.52846,120.86192,38983
DEMO VESSEL 030,548000030,8500305,Philippines,Cargo,Encounter,2025-01-14 05:17:00,Asia/Manila,+08:00,14.31222,120.57388,25504
DEMO VESSEL 037,548000037,8500379,Belize,Cargo,Encounter,2025-01-04 00:15:00,UTC,+00:00,14.84933,120.52104,38882
DEMO VESSEL 019,548000019,8500197,Philippines,Cargo,Port visit,2025-01-17 16:15:00,Asia/Manila,+08:00,14.72385,120.83545,28294
DEMO VESSEL 021,548000021,8500214,Belize,Dredging,Encounter,2025-01-07 20:05:00,Asia/Manila,+08:00,14.32843,120.34442,32660
DEMO VESSEL 036,548000036,8500367,Sierra Leone,Cargo,Encounter,2025-01-08 00:47:00,Asia/Manila,+08:00,14.35668,120.32631,24379
DEMO VESSEL 022,548000022,8500226,Sierra Leone,Dredging,Encounter,2025-01-22 18:53:00,UTC,+00:00,14.23839,120.61741,34819
DEMO VESSEL 020,548000020,8500202,Philippines,Other,Loitering,2025-01-17 14:19:00,UTC,+00:00,14.80568,120.41718,7138
DEMO VESSEL 007,667000007,8500070,Sierra Leone,Cargo,Fishing event,2025-01-21 11:59:00,Asia/Manila,+08:00,14.60523,120.68053,7293
DEMO VESSEL 012,548000012,8500123,Philippines,Dredging,Port visit,16/01/2025 02:16,UTC,+00:00,14.44146,120.79583,23768
DEMO VESSEL 011,548000011,8500111,Philippines,Other,Port visit,2025-01-24 20:35:00,Asia/Manila,+08:00,14.86055,120.47423,23349
DEMO VESSEL 025,548000025,8500252,Philippines,Dredging,Fishing event,03/01/2025 13:16,Asia/Manila,+08:00,14.52382,120.44787,38640
DEMO VESSEL 011,548000011,8500111,Philippines,Other,Port visit,2025-01-14 06:48:00,Asia/Manila,+08:00,14.88883,120.79317,2204
DEMO VESSEL 038,548000038,8500381,Philippines,Dredging,Fishing event,2025-01-23 22:53:00,Asia/Manila,+08:00,14.71725,120.8231,5519
DEMO VESSEL 036,548000036,8500367,Sierra Leone,Cargo,Loitering,04/01/2025 16:55,Asia/Manila,+08:00,14.56655,120.86036,1147
DEMO VESSEL 012,548000012,8500123,Philippines,Dredging,Fishing event,2025-01-08 08:52:00,Asia/Manila,+08:00,14.33217,120.7473,27823
DEMO VESSEL 010,548000010,8500109,Belize,Other,Encounter,23/01/2025 14:28,Asia/Manila,+08:00,14.54302,120.38513,613
DEMO VESSEL 004,548000004,,Philippines,Dredging,Port visit,2025-01-01 23:10:00,Asia/Manila,+08:00,14.27435,120.86054,7209
DEMO VESSEL 009,548000009,8500094,Belize,Cargo,Encounter,2025-01-13 05:56:00,Asia/Manila,+08:00,14.86656,120.68336,11622
DEMO VESSEL 018,548000018,8500185,Philippines,Cargo,Encounter,12/01/2025 23:00,UTC,+00:00,14.22917,120.83615,35755
DEMO VESSEL 017,548000017,8500173,Philippines,Other,Encounter,2025-01-10 16:10:00,Asia/Manila,+08:00,14.80054,120.62463,34481
DEMO VESSEL 027,548000027,8500276,Philippines,Cargo,Port visit,2025-01-15 22:38:00,Asia/Manila,+08:00,14.46914,120.55894,4547
DEMO VESSEL 019,548000019,8500197,Philippines,Cargo,Port visit,2025-01-27 20:33:00,Asia/Manila,+08:00,14.33837,120.39898,6883
DEMO VESSEL 021,548000021,8500214,Belize,Dredging,Loitering,27/01/2025 06:08,Asia/Manila,+08:00,14.58133,120.69841,28786
DEMO VESSEL 027,548000027,8500276,Philippines,Cargo,Fishing event,2025-01-25 22:06:00,UTC,+00:00,14.62344,120.36141,35736
DEMO VESSEL 008,548000008,8500082,Belize,Dredging,Loitering,2025-01-06 17:58:00,Asia/Manila,+08:00,14.48355,120.78982,29716
DEMO VESSEL 015,548000015,8500159,Philippines,Cargo,Loitering,2025-01-18 22:41:00,Asia/Manila,+08:00,14.22111,120.74541,39369
DEMO VESSEL 004,548000004,,Philippines,Dredging,Loitering,06/01/2025 03:26,Asia/Manila,+08:00,14.69797,120.58192,1868
DEMO VESSEL 012,548000012,8500123,Philippines,Dredging,Fishing event,2025-01-18 22:37:00,Asia/Manila,+08:00,14.34533,120.86136,17804
DEMO VESSEL 029,548000029,8500290,Philippines,Other,Port visit,2025-01-07 04:22:00,Asia/Manila,+08:00,14.43101,120.6622,1024
DEMO VESSEL 013,548000013,8500135,Philippines,Other,Encounter,2025-01-18 20:40:00,UTC,+00:00,14.30964,120.7519,23052
DEMO VESSEL 022,548000022,8500226,Sierra Leone,Dredging,Fishing event,2025-01-14 06:19:00,Asia/Manila,+08:00,14.83099,120.70809,4973
DEMO VESSEL 023,548000023,8500238,Belize,Cargo,Port visit,2025-01-20 21:37:00,Asia/Manila,+08:00,14.60271,120.7451,31259
DEMOVESSEL019,548000019,8500197,Philippines,Cargo,Encounter,2025-01-23 20:24:00,Asia/Manila,+08:00,14.74755,120.79723,6998
DEMO VESSEL 020,548000020,8500202,Philippines,Other,Encounter,2025-01-01 18:39:00,UTC,+00:00,14.68073,120.72,20813
DEMOVESSEL026,548000026,8500264,Philippines,Cargo,Port visit,26/01/2025 22:24,Asia/Manila,+08:00,14.39954,120.76687,23166
DEMO VESSEL 011,548000011,8500111,Philippines,Other,Fishing event,2025-01-19 11:32:00,UTC,+00:00,14.36654,120.63323,28234
DEMO VESSEL 027,548000027,8500276,Philippines,Cargo,Encounter,23/01/2025 01:25,Asia/Manila,+08:00,14.47546,120.40662,29268
demo vessel 039,548000039,8500393,Philippines,Dredging,Loitering,27/01/2025 19:48,Asia/Manila,+08:00,14.81177,120.42409,8158
DEMO VESSEL 002,548000002,8500020,Philippines,Cargo,Port visit,2025-01-14 08:35:00,Asia/Manila,+08:00,14.60879,120.45301,2917
DEMO VESSEL 007,667000007,8500070,Sierra Leone,Cargo,Port visit,25/01/2025 14:06,Asia/Manila,+08:00,14.70826,120.85392,14331
DEMO VESSEL 040,548000040,8500408,Philippines,Other,Loitering,2025-01-13 18:08:00,Asia/Manila,+08:00,14.28961,120.36234,31950
DEMO VESSEL 013,548000013,8500135,Philippines,Other,Loitering,2025-01-10 07:05:00,Asia/Manila,+08:00,14.37424,120.35219,3133
DEMO VESSEL 013,548000013,8500135,Philippines,Other,Encounter,2025-01-11 23:01:00,Asia/Manila,+08:00,14.36615,120.82974,9102
demo vessel 040,548000040,8500408,Philippines,Other,Port visit,2025-01-25 02:38:00,Asia/Manila,+08:00,14.83221,120.63527,36400
AIS TEST SHIP,100900301,,,,Port visit,02/01/2025 19:04,Asia/Manila,+08:00,14.8652,120.58721,10484
DEMO VESSEL 001,548000001,8500018,Philippines,Dredging,Encounter,2025-01-27 03:33:00,Asia/Manila,+08:00,14.31338,120.86084,5468
DEMO VESSEL 016,548000016,8500161,Philippines,Dredging,Fishing event,03/01/2025 07:56,Asia/Manila,+08:00,14.25491,120.82388,25701
DEMO VESSEL 039,548000039,8500393,Philippines,Dredging,Fishing event,08/01/2025 19:12,UTC,+00:00,14.54513,120.54937,11726
AIS TEST SHIP,100900301,,,,Fishing event,2025-01-24 08:20:00,UTC,+00:00,14.64492,120.40652,9661
DEMO VESSEL 027,548000027,8500276,Philippines,Cargo,Loitering,2025-01-25 21:42:00,Asia/Manila,+08:00,14.27921,120.64152,20185
DEMO VESSEL 019,548000019,8500197,Philippines,Cargo,Encounter,2025-01-19 22:15:00,UTC,+00:00,14.6788,120.31208,7400
DEMO VESSEL 001,548000001,8500018,Philippines,Dredging,Port visit,2025-01-12 06:43:00,Asia/Manila,+08:00,14.44758,120.63593,15814
DEMO VESSEL 033,548000033,8500331,Philippines,Cargo,Port visit,2025-01-12 20:34:00,Asia/Manila,+08:00,14.48032,120.8311,25753
DEMO VESSEL 018,548000018,8500185,Philippines,Cargo,Encounter,10/01/2025 06:05,Asia/Manila,+08:00,14.52019,120.39958,33504
DEMO VESSEL 034,548000034,8500343,Belize,Cargo,Fishing event,2025-01-01 02:51:00,Asia/Manila,+08:00,14.45035,120.4761,14962
DEMO VESSEL 027,548000027,8500276,Philippines,Cargo,Port visit,2025-01-22 23:34:00,Asia/Manila,+08:00,14.50775,120.33724,9992
DEMO VESSEL 023,548000023,8500238,Belize,Cargo,Encounter,12/01/2025 11:53,Asia/Manila,+08:00,14.76054,120.74448,12669
demo vessel 005,548000005,1234568,Sierra Leone,Dredging,Fishing event,2025-01-21 08:41:00,UTC,+00:00,14.89702,120.72256,31154
DEMO VESSEL 003,548000003,8500032,Philippines,Cargo,Encounter,01/01/2025 18:02,Asia/Manila,+08:00,14.44421,120.74523,25241
DEMO VESSEL 023,548000023,8500238,Belize,Cargo,Port visit,2025-01-20 06:48:00,Asia/Manila,+08:00,14.86197,120.71468,24144
DEMO VESSEL 018,548000018,8500185,Philippines,Cargo,Fishing event,2025-01-15 04:20:00,Asia/Manila,+08:00,14.89192,120.49253,36265
DEMO VESSEL 002,548000002,8500020,Philippines,Cargo,Loitering,2025-01-23 12:22:00,Asia/Manila,+08:00,14.22764,120.72398,12737
DEMO VESSEL 033,548000033,8500331,Philippines,Cargo,Loitering,07/01/2025 10:27,Asia/Manila,+08:00,14.67572,120.31498,36467
DEMO VESSEL 007,548000007,8500070,Philippines,Cargo,Port visit,2025-01-02 05:35:00,Asia/Manila,+08:00,14.57566,120.67516,4177
DEMO VESSEL 020,548000020,8500202,Philippines,Other,Encounter,06/01/2025 10:01,UTC,+00:00,14.46725,120.55605,1563
DEMO VESSEL 036,548000036,8500367,Sierra Leone,Cargo,Encounter,2025-01-14 22:39:00,Asia/Manila,+08:00,14.68466,120.39135,35575
DEMO VESSEL 011,548000011,8500111,Philippines,Other,Loitering,2025-01-16 07:17:00,Asia/Manila,+08:00,14.8287,120.70753,20630
DEMO VESSEL 021,548000021,8500214,Belize,Dredging,Encounter,2025-01-24 03:09:00,Asia/Manila,+08:00,14.43269,120.41334,13311
DEMO VESSEL 007,667000007,8500070,Sierra Leone,Cargo,Fishing event,2025-01-14 23:14:00,Asia/Manila,+08:00,14.3069,120.50695,37952
DEMO VESSEL 032,548000032,8500329,Philippines,Cargo,Fishing event,2025-01-26 04:30:00,Asia/Manila,+08:00,14.54783,120.45396,23759
DEMO VESSEL 017,548000017,8500173,Philippines,Other,Fishing event,20/01/2025 10:16,UTC,+00:00,14.31418,120.58515,16401
DEMO VESSEL 039,548000039,8500393,Philippines,Dredging,Loitering,2025-01-11 18:57:00,Asia/Manila,+08:00,14.31944,120.76907,36373
DEMO VESSEL 008,548000008,8500082,Belize,Dredging,Fishing event,2025-01-07 05:03:00,Asia/Manila,+08:00,14.51271,120.79684,5554
DEMO VESSEL 016,548000016,8500161,Philippines,Dredging,Loitering,2025-01-20 08:11:00,Asia/Manila,+08:00,14.36692,120.58869,4592
DEMO VESSEL 016,548000016,8500161,Philippines,Dredging,Encounter,2025-01-05 06:49:00,UTC,+00:00,14.32449,120.89234,18742
DEMO VESSEL 040,548000040,8500408,Philippines,Other,Port visit,2025-01-21 14:04:00,Asia/Manila,+08:00,14.70336,120.83351,15357
DEMO VESSEL 007,548000007,8500070,Philippines,Cargo,Encounter,26/01/2025 22:56,Asia/Manila,+08:00,14.45651,120.84975,24734
DEMO VESSEL 040,548000040,8500408,Philippines,Other,Fishing event,09/01/2025 07:31,Asia/Manila,+08:00,14.24842,120.3758,6760
DEMO VESSEL 008,548000008,8500082,Belize,Dredging,Port visit,01/01/2025 09:58,Asia/Manila,+08:00,14.62048,120.78569,3370
DEMO VESSEL 016,548000016,8500161,Philippines,Dredging,Fishing event,2025-01-10 04:16:00,Asia/Manila,+08:00,14.59441,120.60295,29482
DEMO VESSEL 007,548000007,8500070,Philippines,Cargo,Fishing event,10/01/2025 08:36,UTC,+00:00,14.46705,120.33845,2094
DEMO VESSEL 018,548000018,8500185,Philippines,Cargo,Fishing event,2025-01-08 20:09:00,Asia/Manila,+08:00,14.79295,120.45425,39443
DEMO VESSEL 011,548000011,8500111,Philippines,Other,Encounter,2025-01-20 04:22:00,Asia/Manila,+08:00,14.23235,120.80903,8579
DEMO VESSEL 004,548000004,,Philippines,Dredging,Encounter,2025-01-18 04:30:00,Asia/Manila,+08:00,14.42413,120.31879,28487
DEMO VESSEL 014,548000014,8500147,Philippines,Cargo,Fishing event,2025-01-03 12:13:00,Asia/Manila,+08:00,14.45694,120.31865,24142
AIS TEST SHIP,100900301,,,,Fishing event,2025-01-11 16:12:00,Asia/Manila,+08:00,14.31087,120.69308,31705
DEMO VESSEL 003,548000003,8500032,Philippines,Cargo,Loitering,2025-01-16 02:00:00,Asia/Manila,+08:00,14.2624,120.69105,8616
DEMO VESSEL 011,548000011,8500111,Philippines,Other,Port visit,2025-01-15 04:08:00,Asia/Manila,+08:00,14.30748,120.69252,18107
DEMO VESSEL 016,548000016,8500161,Philippines,Dredging,Encounter,16/01/2025 10:12,Asia/Manila,+08:00,14.67348,120.40687,34724
AIS TEST SHIP,100900301,,,,Port visit,15/01/2025 13:36,Asia/Manila,+08:00,14.83601,120.78372,12521
DEMO VESSEL 016,548000016,8500161,Philippines,Dredging,Encounter,16/01/2025 19:53,UTC,+00:00,14.50265,120.43436,9446
DEMO VESSEL 006,548000006,64,Philippines,Dredging,Fishing event,06/01/2025 18:44,Asia/Manila,+08:00,14.38448,120.53837,13097
DEMO VESSEL 008,548000008,8500082,Belize,Dredging,Loitering,2025-01-02 19:21:00,Asia/Manila,+08:00,14.76181,120.73287,35932
DEMO VESSEL 037,548000037,8500379,Belize,Cargo,Port visit,2025-01-04 06:06:00,Asia/Manila,+08:00,14.22036,120.67776,18799
DEMO VESSEL 022,548000022,8500226,Sierra Leone,Dredging,Loitering,12/01/2025 06:34,Asia/Manila,+08:00,14.86754,120.70451,39231
DEMO VESSEL 038,548000038,8500381,Philippines,Dredging,Port visit,22/01/2025 02:55,UTC,+00:00,14.27614,120.53534,29698
DEMO VESSEL 035,548000035,8500355,Philippines,Other,Loitering,11/01/2025 04:54,Asia/Manila,+08:00,14.41864,120.63688,7430
DEMO VESSEL 020,548000020,8500202,Philippines,Other,Encounter,14/01/2025 12:40,Asia/Manila,+08:00,14.50294,120.33318,1664
DEMO VESSEL 030,548000030,8500305,Philippines,Cargo,Encounter,19/01/2025 06:04,Asia/Manila,+08:00,14.70017,120.83736,32371
DEMO VESSEL 026,548000026,8500264,Philippines,Cargo,Encounter,22/01/2025 14:21,Asia/Manila,+08:00,14.78017,120.54411,6872
DEMO VESSEL 038,548000038,8500381,Philippines,Dredging,Loitering,2025-01-05 21:25:00,Asia/Manila,+08:00,14.63065,120.83924,9493
DEMO VESSEL 038,548000038,8500381,Philippines,Dredging,Port visit,2025-01-07 10:40:00,Asia/Manila,+08:00,14.45048,120.87135,19034
DEMO VESSEL 007,667000007,8500070,Sierra Leone,Cargo,Fishing event,2025-01-16 07:56:00,Asia/Manila,+08:00,14.62097,120.63712,16687
DEMO VESSEL 038,548000038,8500381,Philippines,Dredging,Fishing event,2025-01-25 22:17:00,Asia/Manila,+08:00,14.63715,120.57421,33404
DEMO VESSEL 022,548000022,8500226,Sierra Leone,Dredging,Loitering,2025-01-16 00:42:00,Asia/Manila,+08:00,14.6694,120.36294,10818
AIS TEST SHIP,100900301,,,,Fishing event,2025-01-20 16:45:00,Asia/Manila,+08:00,14.73659,120.53117,36199
DEMO VESSEL 029,548000029,8500290,Philippines,Other,Encounter,2025-01-24 21:10:00,UTC,+00:00,14.55744,120.77081,32135
DEMO VESSEL 007,667000007,8500070,Sierra Leone,Cargo,Loitering,2025-01-15 09:51:00,Asia/Manila,+08:00,14.6421,120.67216,15454
AIS TEST SHIP,100900301,,,,Port visit,2025-01-05 22:06:00,Asia/Manila,+08:00,14.38563,120.45002,12062
DEMO VESSEL 039,548000039,8500393,Philippines,Dredging,Encounter,2025-01-12 15:53:00,Asia/Manila,+08:00,14.84106,120.87633,12000
DEMO VESSEL 007,667000007,8500070,Sierra Leone,Cargo,Port visit,2025-01-22 16:31:00,Asia/Manila,+08:00,14.8149,120.30123,19532
DEMO VESSEL 010,548000010,8500109,Belize,Other,Fishing event,2025-01-11 22:57:00,Asia/Manila,+08:00,14.2143,120.77078,37298
DEMO VESSEL 040,548000040,8500408,Philippines,Other,Port visit,23/01/2025 08:30,Asia/Manila,+08:00,14.77062,120.81874,20066
DEMOVESSEL002,548000002,8500020,Philippines,Cargo,Port visit,2025-01-12 00:27:00,Asia/Manila,+08:00,14.66341,120.66013,19424
AIS TEST SHIP,100900301,,,,Port visit,21/01/2025 17:01,Asia/Manila,+08:00,14.81255,120.75429,24669
DEMO VESSEL 021,548000021,8500214,Belize,Dredging,Fishing event,2025-01-21 02:25:00,Asia/Manila,+08:00,14.41571,120.58661,38428
DEMO VESSEL 009,548000009,8500094,Belize,Cargo,Fishing event,2025-01-03 13:13:00,Asia/Manila,+08:00,14.53584,120.75503,23569
DEMO VESSEL 033,548000033,8500331,Philippines,Cargo,Encounter,17/01/2025 23:48,Asia/Manila,+08:00,14.50324,120.8643,39438
DEMO VESSEL 018,548000018,8500185,Philippines,Cargo,Encounter,2025-01-25 13:28:00,Asia/Manila,+08:00,14.38709,120.45893,26720
DEMO VESSEL 031,548000031,8500317,Philippines,Cargo,Loitering,17/01/2025 07:57,Asia/Manila,+08:00,14.56928,120.72525,15734
DEMO VESSEL 022,548000022,8500226,Sierra Leone,Dredging,Fishing event,2025-01-24 00:33:00,Asia/Manila,+08:00,14.61461,120.4074,31675
DEMO VESSEL 006,548000006,64,Philippines,Dredging,Fishing event,2025-01-05 09:23:00,Asia/Manila,+08:00,14.81489,120.34365,21663
DEMOVESSEL033,548000033,8500331,Philippines,Cargo,Encounter,18/01/2025 13:40,Asia/Manila,+08:00,14.4243,120.64922,14156
DEMO VESSEL 003,548000003,8500032,Philippines,Cargo,Loitering,20/01/2025 03:55,Asia/Manila,+08:00,14.72601,120.44912,34045
DEMO VESSEL 033,548000033,8500331,Philippines,Cargo,Loitering,2025-01-04 07:33:00,Asia/Manila,+08:00,14.85252,120.87376,34887
DEMO VESSEL 008,548000008,8500082,Belize,Dredging,Port visit,2025-01-13 19:11:00,Asia/Manila,+08:00,0.0,0.0,18096
DEMO VESSEL 002,548000002,8500020,Philippines,Cargo,Loitering,21/01/2025 21:37,Asia/Manila,+08:00,14.51535,120.69507,584
DEMO VESSEL 020,548000020,8500202,Philippines,Other,Fishing event,2025-01-11 04:16:00,Asia/Manila,+08:00,14.72843,120.3236,14911
AIS TEST SHIP,100900301,,,,Loitering,2025-01-03 18:01:00,Asia/Manila,+08:00,14.61569,120.89787,25758
DEMO VESSEL 009,548000009,8500094,Belize,Cargo,Fishing event,26/01/2025 18:10,Asia/Manila,+08:00,14.6536,120.58607,10515
DEMO VESSEL 016,548000016,8500161,Philippines,Dredging,Loitering,02/01/2025 23:04,Asia/Manila,+08:00,14.48881,120.47122,5245
demo vessel 014,548000014,8500147,Philippines,Cargo,Encounter,2025-01-04 03:57:00,Asia/Manila,+08:00,14.29716,120.89456,3753
DEMO VESSEL 033,548000033,8500331,Philippines,Cargo,Port visit,2025-01-17 12:25:00,Asia/Manila,+08:00,14.37321,120.63067,38930
DEMO VESSEL 022,548000022,8500226,Sierra Leone,Dredging,Port visit,15/01/2025 02:34,Asia/Manila,+08:00,14.48275,120.45195,26113
DEMO VESSEL 008,548000008,8500082,Belize,Dredging,Fishing event,2025-01-17 16:36:00,Asia/Manila,+08:00,14.28338,120.77899,25497
DEMO VESSEL 002,548000002,8500020,Philippines,Cargo,Loitering,16/01/2025 04:12,UTC,+00:00,14.55381,120.59698,32327
DEMO VESSEL 013,548000013,8500135,Philippines,Other,Loitering,2025-01-26 11:42:00,Asia/Manila,+08:00,14.33001,120.58041,22196
DEMO VESSEL 009,548000009,8500094,Belize,Cargo,Encounter,2025-01-24 02:56:00,Asia/Manila,+08:00,14.30107,120.87286,20115
DEMO VESSEL 015,548000015,8500159,Philippines,Cargo,Port visit,14/01/2025 22:12,Asia/Manila,+08:00,14.57043,120.61842,28156
DEMO VESSEL 011,548000011,8500111,Philippines,Other,Loitering,14/01/2025 11:28,Asia/Manila,+08:00,14.42839,120.35068,37911
DEMO VESSEL 016,548000016,8500161,Philippines,Dredging,Loitering,14/01/2025 20:13,Asia/Manila,+08:00,14.36754,120.49727,35681
DEMO VESSEL 024,548000024,8500240,Philippines,Cargo,Loitering,2025-01-01 19:30:00,Asia/Manila,+08:00,14.86401,120.8982,5004
DEMO VESSEL 024,548000024,8500240,Philippines,Cargo,Encounter,03/01/2025 13:21,Asia/Manila,+08:00,14.51889,120.52132,37225
DEMO VESSEL 011,548000011,8500111,Philippines,Other,Port visit,2025-01-11 02:26:00,UTC,+00:00,14.69675,120.78062,32268
DEMO VESSEL 021,548000021,8500214,Belize,Dredging,Port visit,2025-01-04 18:08:00,Asia/Manila,+08:00,14.73481,120.55107,23770
DEMO VESSEL 040,548000040,8500408,Philippines,Other,Fishing event,2025-01-18 14:10:00,Asia/Manila,+08:00,14.78416,120.6397,4543
DEMO VESSEL 009,548000009,8500094,Belize,Cargo,Fishing event,2025-01-02 12:33:00,UTC,+00:00,14.75083,120.54895,23723
DEMO VESSEL 021,548000021,8500214,Belize,Dredging,Port visit,2025-01-08 19:39:00,Asia/Manila,+08:00,14.59152,120.39654,37207
DEMO VESSEL 031,548000031,8500317,Philippines,Cargo,Port visit,2025-01-05 22:05:00,Asia/Manila,+08:00,14.43168,120.73191,26276
DEMO VESSEL 033,548000033,8500331,Philippines,Cargo,Port visit,2025-01-10 12:10:00,Asia/Manila,+08:00,14.22355,120.50457,31549
AIS TEST SHIP,100900301,,,,Fishing event,2025-01-14 04:28:00,UTC,+00:00,14.6418,120.60511,10350
DEMO VESSEL 013,548000013,8500135,Philippines,Other,Encounter,25/01/2025 01:47,Asia/Manila,+08:00,14.41178,120.4767,36446
DEMO VESSEL 024,548000024,8500240,Philippines,Cargo,Encounter,2025-01-02 09:32:00,UTC,+00:00,14.20545,120.45001,39459
DEMO VESSEL 027,548000027,8500276,Philippines,Cargo,Encounter,04/01/2025 08:40,Asia/Manila,+08:00,14.29878,120.83644,29001
DEMO VESSEL 001,548000001,8500018,Philippines,Dredging,Encounter,2025-01-13 18:36:00,Asia/Manila,+08:00,14.50003,120.82011,14171
DEMO VESSEL 004,548000004,,Philippines,Dredging,Encounter,2025-01-17 13:41:00,Asia/Manila,+08:00,14.38847,120.46833,3416
DEMO VESSEL 040,548000040,8500408,Philippines,Other,Fishing event,2025-01-21 14:12:00,Asia/Manila,+08:00,14.39175,120.88049,32338
DEMO VESSEL 015,548000015,8500159,Philippines,Cargo,Encounter,2025-01-26 21:09:00,Asia/Manila,+08:00,14.80884,120.4064,9718
DEMO VESSEL 040,548000040,8500408,Philippines,Other,Fishing event,2025-01-26 19:07:00,Asia/Manila,+08:00,14.71184,120.56335,36737
DEMO VESSEL 017,548000017,8500173,Philippines,Other,Fishing event,2025-01-16 09:05:00,Asia/Manila,+08:00,14.64224,120.55176,14868
DEMO VESSEL 013,548000013,8500135,Philippines,Other,Encounter,2025-01-03 08:42:00,UTC,+00:00,14.46999,120.37767,28270
DEMOVESSEL036,548000036,8500367,Sierra Leone,Cargo,Port visit,2025-01-18 06:05:00,Asia/Manila,+08:00,14.84968,120.69283,11749
DEMO VESSEL 008,548000008,8500082,Belize,Dredging,Fishing event,2025-01-01 17:33:00,UTC,+00:00,14.40418,120.72859,616
DEMOVESSEL007,667000007,8500070,Sierra Leone,Cargo,Loitering,2025-01-26 05:13:00,Asia/Manila,+08:00,14.89146,120.70868,39848
DEMO VESSEL 035,548000035,8500355,Philippines,Other,Loitering,02/01/2025 04:28,Asia/Manila,+08:00,14.59055,120.62166,36025
DEMO VESSEL 037,548000037,8500379,Belize,Cargo,Encounter,2025-01-10 20:40:00,Asia/Manila,+08:00,14.69001,120.33093,11231
AIS TEST SHIP,100900301,,,,Encounter,2025-01-19 03:50:00,Asia/Manila,+08:00,14.6025,120.77538,14549
DEMO VESSEL 011,548000011,8500111,Philippines,Other,Fishing event,2025-01-14 20:58:00,UTC,+00:00,14.70491,120.87371,13879
DEMO VESSEL 013,548000013,8500135,Philippines,Other,Port visit,13/01/2025 11:45,Asia/Manila,+08:00,14.80908,120.79682,24457
DEMO VESSEL 016,548000016,8500161,Philippines,Dredging,Fishing event,2025-01-24 05:29:00,Asia/Manila,+08:00,14.55437,120.55108,23691
DEMO VESSEL 025,548000025,8500252,Philippines,Dredging,Port visit,2025-01-21 12:53:00,Asia/Manila,+08:00,14.4597,120.69388,27009
DEMO VESSEL 029,548000029,8500290,Philippines,Other,Encounter,2025-01-05 05:16:00,Asia/Manila,+08:00,14.35565,120.39609,20503
DEMO VESSEL 018,548000018,8500185,Philippines,Cargo,Encounter,2025-01-17 03:16:00,Asia/Manila,+08:00,14.47391,120.32613,15054
AIS TEST SHIP,100900301,,,,Port visit,2025-01-16 21:05:00,UTC,+00:00,14.70667,120.51495,13728
DEMO VESSEL 021,548000021,8500214,Belize,Dredging,Fishing event,2025-01-21 00:32:00,UTC,+00:00,14.74063,120.57656,33655
demo vessel 031,548000031,8500317,Philippines,Cargo,Loitering,2025-01-09 03:48:00,Asia/Manila,+08:00,14.80581,120.68552,3094
DEMO VESSEL 018,548000018,8500185,Philippines,Cargo,Encounter,2025-01-17 15:02:00,Asia/Manila,+08:00,14.7563,120.88813,23742
DEMO VESSEL 025,548000025,8500252,Philippines,Dredging,Port visit,2025-01-20 06:56:00,Asia/Manila,+08:00,14.54415,120.69953,16298
DEMO VESSEL 037,548000037,8500379,Belize,Cargo,Port visit,2025-01-10 19:22:00,Asia/Manila,+08:00,14.39998,120.44096,11345
AIS TEST SHIP,100900301,,,,Port visit,2025-01-27 07:59:00,UTC,+00:00,14.23311,120.57332,2073
DEMO VESSEL 017 ,548000017,8500173,Philippines,Other,Loitering,2025-01-11 06:49:00,Asia/Manila,+08:00,14.61749,120.87056,10060
AIS TEST SHIP,100900301,,,,Encounter,2025-01-20 20:36:00,Asia/Manila,+08:00,14.42099,120.70714,27666
DEMO VESSEL 001,548000001,8500018,Philippines,Dredging,Fishing event,2025-01-10 14:23:00,Asia/Manila,+08:00,14.26111,120.55859,2021
DEMO VESSEL 033,548000033,8500331,Philippines,Cargo,Port visit,2025-01-09 14:16:00,Asia/Manila,+08:00,14.8103,120.45881,38574
DEMO VESSEL 003,548000003,8500032,Philippines,Cargo,Encounter,2025-01-26 00:09:00,Asia/Manila,+08:00,14.64839,120.68194,27638
DEMO VESSEL 031,548000031,8500317,Philippines,Cargo,Loitering,2025-01-07 17:55:00,Asia/Manila,+08:00,14.74439,120.34827,12977
DEMO VESSEL 003,548000003,8500032,Philippines,Cargo,Loitering,2025-01-14 16:06:00,Asia/Manila,+08:00,14.63875,120.6748,8217
DEMO VESSEL 019,548000019,8500197,Philippines,Cargo,Port visit,2025-01-20 14:06:00,Asia/Manila,+08:00,14.52121,120.33424,31481
DEMO VESSEL 020,548000020,8500202,Philippines,Other,Loitering,2025-01-06 15:32:00,Asia/Manila,+08:00,14.40797,120.57374,11494
DEMO VESSEL 039,548000039,8500393,Philippines,Dredging,Port visit,2025-01-26 12:20:00,UTC,+00:00,14.6758,120.79802,32155
DEMO VESSEL 030 ,548000030,8500305,Philippines,Cargo,Fishing event,2025-01-15 16:30:00,Asia/Manila,+08:00,14.66099,120.79234,7649
DEMO VESSEL 027,548000027,8500276,Philippines,Cargo,Fishing event,2025-01-13 04:00:00,Asia/Manila,+08:00,14.48902,120.37767,29507
DEMO VESSEL 034,548000034,8500343,Belize,Cargo,Port visit,2025-01-14 16:21:00,Asia/Manila,+08:00,14.87792,120.73872,16913
DEMO VESSEL 023 ,548000023,8500238,Belize,Cargo,Encounter,23/01/2025 13:37,Asia/Manila,+08:00,14.22245,120.87929,3341
DEMO VESSEL 012,548000012,8500123,Philippines,Dredging,Port visit,2025-01-09 18:19:00,Asia/Manila,+08:00,14.8447,120.47305,20837
AIS TEST SHIP,100900301,,,,Port visit,10/01/2025 20:33,Asia/Manila,+08:00,14.69297,120.71134,3294
DEMO VESSEL 030,548000030,8500305,Philippines,Cargo,Port visit,11/01/2025 18:31,Asia/Manila,+08:00,14.26002,120.71053,26294
DEMO VESSEL 019,548000019,8500197,Philippines,Cargo,Port visit,05/01/2025 07:58,Asia/Manila,+08:00,14.89806,120.70795,23622
DEMO VESSEL 040,548000040,8500408,Philippines,Other,Port visit,09/01/2025 04:35,Asia/Manila,+08:00,14.76645,120.67015,8152
DEMO VESSEL 011,548000011,8500111,Philippines,Other,Port visit,2025-01-19 07:45:00,Asia/Manila,+08:00,14.44127,120.57089,2708
DEMO VESSEL 006,548000006,64,Philippines,Dredging,Port visit,2025-01-11 04:39:00,Asia/Manila,+08:00,14.74286,120.70187,7001
DEMO VESSEL 036,548000036,8500367,Sierra Leone,Cargo,Encounter,2025-01-05 14:32:00,Asia/Manila,+08:00,14.70818,120.48485,4489
AIS TEST SHIP,100900301,,,,Fishing event,2025-01-19 17:08:00,UTC,+00:00,14.20488,120.64067,12590
DEMO VESSEL 036,548000036,8500367,Sierra Leone,Cargo,Port visit,2025-01-23 19:33:00,Asia/Manila,+08:00,14.50209,120.52408,22088
DEMO VESSEL 023,548000023,8500238,Belize,Cargo,Port visit,07/01/2025 05:12,Asia/Manila,+08:00,14.72647,120.58887,31555
DEMO VESSEL 030,548000030,8500305,Philippines,Cargo,Encounter,2025-01-05 06:10:00,Asia/Manila,+08:00,14.29902,120.30502,6449
demo vessel 018,548000018,8500185,Philippines,Cargo,Port visit,19/01/2025 11:07,Asia/Manila,+08:00,14.85193,120.58448,35681
DEMO VESSEL 029,548000029,8500290,Philippines,Other,Fishing event,2025-01-15 15:41:00,Asia/Manila,+08:00,14.7826,120.53765,32588
DEMO VESSEL 036 ,548000036,8500367,Sierra Leone,Cargo,Encounter,2025-01-10 00:30:00,Asia/Manila,+08:00,14.53,120.32821,15270
DEMO VESSEL 025,548000025,8500252,Philippines,Dredging,Fishing event,2025-01-03 16:34:00,Asia/Manila,+08:00,14.50689,120.73001,33270
DEMO VESSEL 029,548000029,8500290,Philippines,Other,Loitering,14/01/2025 19:25,Asia/Manila,+08:00,14.77922,120.56477,36133
DEMO VESSEL 018,548000018,8500185,Philippines,Cargo,Fishing event,2025-01-04 14:51:00,Asia/Manila,+08:00,14.48866,120.80326,26365
DEMO VESSEL 019,548000019,8500197,Philippines,Cargo,Loitering,2025-01-03 11:01:00,Asia/Manila,+08:00,14.64753,120.66664,36217
DEMOVESSEL012,548000012,8500123,Philippines,Dredging,Fishing event,2025-01-21 06:44:00,Asia/Manila,+08:00,14.8215,120.77591,7640
DEMO VESSEL 023,548000023,8500238,Belize,Cargo,Loitering,16/01/2025 07:56,Asia/Manila,+08:00,14.23221,120.85479,26627
DEMO VESSEL 033,548000033,8500331,Philippines,Cargo,Fishing event,2025-01-05 16:09:00,Asia/Manila,+08:00,14.85924,120.44882,5408
DEMOVESSEL029,548000029,8500290,Philippines,Other,Port visit,02/01/2025 20:03,Asia/Manila,+08:00,0.0,0.0,39374
DEMOVESSEL029,548000029,8500290,Philippines,Other,Port visit,2025-01-01 22:11:00,Asia/Manila,+08:00,14.6158,120.35028,14902
DEMO VESSEL 039,548000039,8500393,Philippines,Dredging,Encounter,2025-01-02 03:30:00,Asia/Manila,+08:00,14.77826,120.81388,5311
DEMO VESSEL 037,548000037,8500379,Belize,Cargo,Loitering,2025-01-24 15:41:00,Asia/Manila,+08:00,14.21674,120.70115,30372
DEMO VESSEL 017,548000017,8500173,Philippines,Other,Fishing event,2025-01-25 18:30:00,UTC,+00:00,14.73995,120.60757,36747
DEMO VESSEL 016,548000016,8500161,Philippines,Dredging,Loitering,2025-01-17 13:54:00,Asia/Manila,+08:00,14.46604,120.33576,11741
DEMO VESSEL 038,548000038,8500381,Philippines,Dredging,Encounter,2025-01-01 17:01:00,Asia/Manila,+08:00,14.66516,120.32664,10323
DEMO VESSEL 038,548000038,8500381,Philippines,Dredging,Encounter,2025-01-12 12:51:00,Asia/Manila,+08:00,14.40749,120.31072,10071
DEMO VESSEL 034,548000034,8500343,Belize,Cargo,Port visit,2025-01-18 04:15:00,Asia/Manila,+08:00,14.2496,120.37302,19644
DEMO VESSEL 037,548000037,8500379,Belize,Cargo,Encounter,2025-01-05 15:47:00,Asia/Manila,+08:00,14.34496,120.74891,6974
DEMO VESSEL 025,548000025,8500252,Philippines,Dredging,Fishing event,11/01/2025 12:26,Asia/Manila,+08:00,14.48809,120.40695,12111
DEMO VESSEL 007,548000007,8500070,Philippines,Cargo,Loitering,2025-01-22 02:14:00,UTC,+00:00,14.66277,120.60523,24245
DEMO VESSEL 016,548000016,8500161,Philippines,Dredging,Port visit,24/01/2025 15:47,UTC,+00:00,14.63195,120.33253,6525
DEMO VESSEL 037,548000037,8500379,Belize,Cargo,Fishing event,2025-01-20 15:41:00,Asia/Manila,+08:00,14.6908,120.54645,11723
DEMO VESSEL 008,548000008,8500082,Belize,Dredging,Port visit,2025-01-02 02:08:00,Asia/Manila,+08:00,14.5208,120.31777,13440
DEMO VESSEL 006,548000006,64,Philippines,Dredging,Fishing event,2025-01-14 20:31:00,Asia/Manila,+08:00,14.47082,120.37167,2989
DEMO VESSEL 031,548000031,8500317,Philippines,Cargo,Port visit,2025-01-15 08:32:00,Asia/Manila,+08:00,14.4518,120.5748,11501
DEMO VESSEL 035,548000035,8500355,Philippines,Other,Loitering,2025-01-27 01:04:00,Asia/Manila,+08:00,14.69555,120.46293,15600
DEMO VESSEL 001,548000001,8500018,Philippines,Dredging,Encounter,2025-01-05 22:21:00,UTC,+00:00,14.30426,120.83588,10949
DEMO VESSEL 008,548000008,8500082,Belize,Dredging,Encounter,2025-01-25 03:34:00,Asia/Manila,+08:00,14.75707,120.8603,29609
DEMO VESSEL 006,548000006,64,Philippines,Dredging,Loitering,2025-01-19 03:21:00,UTC,+00:00,14.28953,120.65832,22179
DEMO VESSEL 023,548000023,8500238,Belize,Cargo,Loitering,12/01/2025 12:37,Asia/Manila,+08:00,14.3766,120.52255,23796
DEMO VESSEL 038,548000038,8500381,Philippines,Dredging,Encounter,2025-01-20 20:34:00,Asia/Manila,+08:00,14.63636,120.35335,26871
DEMO VESSEL 009,548000009,8500094,Belize,Cargo,Port visit,2025-01-01 22:04:00,Asia/Manila,+08:00,14.50586,120.71941,39069
DEMO VESSEL 007,667000007,8500070,Sierra Leone,Cargo,Fishing event,2025-01-11 05:56:00,Asia/Manila,+08:00,14.81152,120.51488,985
AIS TEST SHIP,100900301,,,,Encounter,2025-01-18 13:32:00,UTC,+00:00,14.37611,120.66052,14393
DEMO VESSEL 001,548000001,8500018,Philippines,Dredging,Loitering,2025-01-07 16:23:00,UTC,+00:00,14.73199,120.42213,32066
DEMO VESSEL 027,548000027,8500276,Philippines,Cargo,Port visit,2025-01-15 09:51:00,UTC,+00:00,14.20669,120.45346,36746
DEMO VESSEL 020,548000020,8500202,Philippines,Other,Port visit,2025-01-26 02:44:00,Asia/Manila,+08:00,14.29281,120.66903,6501
DEMO VESSEL 004,548000004,,Philippines,Dredging,Loitering,04/01/2025 12:14,UTC,+00:00,14.74791,120.3741,6561
DEMO VESSEL 033,548000033,8500331,Philippines,Cargo,Encounter,17/01/2025 19:33,Asia/Manila,+08:00,14.63488,120.79687,33770
demo vessel 029,548000029,8500290,Philippines,Other,Port visit,2025-01-08 08:01:00,Asia/Manila,+08:00,14.56462,120.43485,30146
DEMO VESSEL 035,548000035,8500355,Philippines,Other,Loitering,2025-01-17 17:29:00,Asia/Manila,+08:00,14.36898,120.3499,14340
DEMO VESSEL 005,548000005,1234568,Sierra Leone,Dredging,Encounter,2025-01-27 18:24:00,Asia/Manila,+08:00,14.34746,120.72131,13895
DEMO VESSEL 014,548000014,8500147,Philippines,Cargo,Fishing event,2025-01-15 02:08:00,UTC,+00:00,14.39883,120.81259,33100
DEMO VESSEL 022,548000022,8500226,Sierra Leone,Dredging,Fishing event,11/01/2025 16:56,UTC,+00:00,14.69857,120.73697,10796
DEMO VESSEL 002,548000002,8500020,Philippines,Cargo,Encounter,2025-01-09 05:26:00,Asia/Manila,+08:00,14.55222,120.50398,35552
DEMO VESSEL 038,548000038,8500381,Philippines,Dredging,Fishing event,20/01/2025 23:12,UTC,+00:00,14.74667,120.38061,7793
DEMO VESSEL 001,548000001,8500018,Philippines,Dredging,Encounter,2025-01-09 17:59:00,UTC,+00:00,14.33733,120.43801,17164
DEMO VESSEL 021,548000021,8500214,Belize,Dredging,Port visit,22/01/2025 08:12,Asia/Manila,+08:00,14.25313,120.61244,39528
demo vessel 002,548000002,8500020,Philippines,Cargo,Port visit,2025-01-25 21:24:00,Asia/Manila,+08:00,14.57087,120.4429,18638
DEMO VESSEL 026,548000026,8500264,Philippines,Cargo,Loitering,26/01/2025 18:54,Asia/Manila,+08:00,14.58546,120.51363,18003
DEMO VESSEL 033,548000033,8500331,Philippines,Cargo,Encounter,2025-01-19 08:30:00,Asia/Manila,+08:00,14.43987,120.83692,9983
DEMO VESSEL 008,548000008,8500082,Belize,Dredging,Loitering,2025-01-06 18:11:00,Asia/Manila,+08:00,14.72622,120.71115,12485
DEMO VESSEL 021,548000021,8500214,Belize,Dredging,Encounter,05/01/2025 12:37,UTC,+00:00,14.82676,120.35172,34752
DEMO VESSEL 021,548000021,8500214,Belize,Dredging,Port visit,2025-01-17 01:38:00,Asia/Manila,+08:00,14.20402,120.65193,12634
DEMO VESSEL 024,548000024,8500240,Philippines,Cargo,Fishing event,12/01/2025 03:40,Asia/Manila,+08:00,14.85267,120.57988,20017
DEMO VESSEL 013,548000013,8500135,Philippines,Other,Port visit,10/01/2025 04:54,UTC,+00:00,14.6151,120.45627,7819
DEMO VESSEL 035,548000035,8500355,Philippines,Other,Port visit,2025-01-16 15:08:00,Asia/Manila,+08:00,14.27648,120.88547,12314
DEMOVESSEL016,548000016,8500161,Philippines,Dredging,Port visit,2025-01-27 14:10:00,Asia/Manila,+08:00,14.53368,120.78762,20863
DEMO VESSEL 035 ,548000035,8500355,Philippines,Other,Loitering,01/01/2025 23:59,Asia/Manila,+08:00,14.29144,120.46141,9493
DEMO VESSEL 017,548000017,8500173,Philippines,Other,Port visit,27/01/2025 08:34,Asia/Manila,+08:00,14.56384,120.66217,27538
DEMO VESSEL 037,548000037,8500379,Belize,Cargo,Fishing event,2025-01-17 11:01:00,UTC,+00:00,14.43996,120.34964,26477
demo vessel 017,548000017,8500173,Philippines,Other,Encounter,24/01/2025 13:59,UTC,+00:00,14.48561,120.88427,12992
DEMO VESSEL 009,548000009,8500094,Belize,Cargo,Loitering,04/01/2025 13:20,Asia/Manila,+08:00,14.71272,120.71063,34558
DEMO VESSEL 018 ,548000018,8500185,Philippines,Cargo,Fishing event,11/01/2025 23:59,Asia/Manila,+08:00,14.82761,120.32728,15090
DEMO VESSEL 040,548000040,8500408,Philippines,Other,Port visit,2025-01-03 08:46:00,UTC,+00:00,14.24686,120.46957,1500
DEMO VESSEL 018,548000018,8500185,Philippines,Cargo,Loitering,2025-01-15 19:47:00,Asia/Manila,+08:00,14.47182,120.6468,24566
DEMO VESSEL 018,548000018,8500185,Philippines,Cargo,Port visit,05/01/2025 07:44,Asia/Manila,+08:00,14.23901,120.31634,35989
DEMO VESSEL 039,548000039,8500393,Philippines,Dredging,Port visit,2025-01-02 12:17:00,Asia/Manila,+08:00,14.74303,120.79428,16610
DEMO VESSEL 020,548000020,8500202,Philippines,Other,Fishing event,20/01/2025 17:15,Asia/Manila,+08:00,14.459,120.39749,13884
DEMO VESSEL 013,548000013,8500135,Philippines,Other,Fishing event,2025-01-27 18:27:00,Asia/Manila,+08:00,14.58628,120.62162,2589
DEMOVESSEL008,548000008,8500082,Belize,Dredging,Loitering,2025-01-11 01:14:00,Asia/Manila,+08:00,14.84039,120.65528,29137
AIS TEST SHIP,100900301,,,,Fishing event,2025-01-18 21:04:00,Asia/Manila,+08:00,14.62988,120.78329,33543
DEMO VESSEL 035,548000035,8500355,Philippines,Other,Fishing event,2025-01-11 01:17:00,Asia/Manila,+08:00,14.59616,120.58271,1736
DEMO VESSEL 012,548000012,8500123,Philippines,Dredging,Loitering,2025-01-06 20:54:00,Asia/Manila,+08:00,14.25322,120.40281,28663
DEMO VESSEL 022,548000022,8500226,Sierra Leone,Dredging,Loitering,12/01/2025 06:34,Asia/Manila,+08:00,14.86754,120.70451,39231
DEMO VESSEL 026,548000026,8500264,Philippines,Cargo,Loitering,03/01/2025 14:14,Asia/Manila,+08:00,14.64151,120.7648,36756
DEMO VESSEL 022,548000022,8500226,Sierra Leone,Dredging,Encounter,2025-01-12 08:04:00,Asia/Manila,+08:00,14.7989,120.65149,8255
DEMO VESSEL 035,548000035,8500355,Philippines,Other,Port visit,15/01/2025 17:14,UTC,+00:00,14.44161,120.50872,21791
DEMO VESSEL 030,548000030,8500305,Philippines,Cargo,Port visit,2025-01-26 10:01:00,Asia/Manila,+08:00,14.77084,120.79875,18987
DEMO VESSEL 027 ,548000027,8500276,Philippines,Cargo,Fishing event,2025-01-18 22:39:00,Asia/Manila,+08:00,14.67178,120.54161,19430
DEMO VESSEL 036,548000036,8500367,Sierra Leone,Cargo,Loitering,2025-01-17 19:48:00,UTC,+00:00,14.33166,120.69681,29197
DEMO VESSEL 020,548000020,8500202,Philippines,Other,Loitering,2025-01-02 04:16:00,Asia/Manila,+08:00,14.79182,120.61691,38804
DEMO VESSEL 020,548000020,8500202,Philippines,Other,Encounter,10/01/2025 01:49,Asia/Manila,+08:00,14.39577,120.88624,12314
DEMO VESSEL 031,548000031,8500317,Philippines,Cargo,Loitering,16/01/2025 20:46,Asia/Manila,+08:00,14.47687,120.6949,32824
DEMO VESSEL 026,548000026,8500264,Philippines,Cargo,Loitering,2025-01-03 06:06:00,Asia/Manila,+08:00,14.87767,120.847,4723
DEMO VESSEL 025,548000025,8500252,Philippines,Dredging,Loitering,2025-01-25 07:53:00,Asia/Manila,+08:00,14.3765,120.50423,37438
DEMO VESSEL 017,548000017,8500173,Philippines,Other,Fishing event,18/01/2025 05:58,Asia/Manila,+08:00,14.72664,120.54343,16027
DEMO VESSEL 038,548000038,8500381,Philippines,Dredging,Fishing event,2025-01-23 12:21:00,Asia/Manila,+08:00,14.31279,120.48214,19497
DEMO VESSEL 010,548000010,8500109,Belize,Other,Loitering,2025-01-09 05:25:00,Asia/Manila,+08:00,14.5225,120.45852,12304
DEMO VESSEL 029,548000029,8500290,Philippines,Other,Fishing event,01/01/2025 06:33,Asia/Manila,+08:00,14.81699,120.68887,6087
DEMO VESSEL 031,548000031,8500317,Philippines,Cargo,Port visit,22/01/2025 22:39,Asia/Manila,+08:00,14.84453,120.31474,8713
DEMO VESSEL 039,548000039,8500393,Philippines,Dredging,Encounter,03/01/2025 13:35,Asia/Manila,+08:00,14.53288,120.45956,25325
DEMO VESSEL 013,548000013,8500135,Philippines,Other,Encounter,03/01/2025 03:58,Asia/Manila,+08:00,14.55582,120.70115,22787
DEMO VESSEL 007,548000007,8500070,Philippines,Cargo,Fishing event,2025-01-09 09:15:00,UTC,+00:00,14.77027,120.81311,23033
DEMO VESSEL 024,548000024,8500240,Philippines,Cargo,Loitering,2025-01-17 01:03:00,Asia/Manila,+08:00,14.47512,120.46532,17251
DEMO VESSEL 023,548000023,8500238,Belize,Cargo,Encounter,2025-01-16 11:23:00,UTC,+00:00,14.50586,120.34311,19170
DEMO VESSEL 036,548000036,8500367,Sierra Leone,Cargo,Fishing event,12/01/2025 03:50,UTC,+00:00,14.25864,120.48645,918
DEMO VESSEL 017,548000017,8500173,Philippines,Other,Port visit,13/01/2025 17:12,Asia/Manila,+08:00,14.32646,120.31284,20635
DEMO VESSEL 036,548000036,8500367,Sierra Leone,Cargo,Fishing event,2025-01-11 17:10:00,Asia/Manila,+08:00,14.80587,120.57034,34917
DEMO VESSEL 040,548000040,8500408,Philippines,Other,Loitering,2025-01-05 15:30:00,Asia/Manila,+08:00,14.38752,120.71755,10484
AIS TEST SHIP,100900301,,,,Loitering,18/01/2025 02:22,Asia/Manila,+08:00,14.29829,120.31912,5614
DEMO VESSEL 014,548000014,8500147,Philippines,Cargo,Fishing event,2025-01-12 03:05:00,Asia/Manila,+08:00,14.33529,120.31661,5083
AIS TEST SHIP,100900301,,,,Fishing event,2025-01-22 11:18:00,Asia/Manila,+08:00,14.27939,120.57476,8886
DEMO VESSEL 024,548000024,8500240,Philippines,Cargo,Encounter,03/01/2025 11:08,Asia/Manila,+08:00,14.88506,120.67502,35724
DEMO VESSEL 018,548000018,8500185,Philippines,Cargo,Port visit,2025-01-26 19:39:00,Asia/Manila,+08:00,14.70319,120.6746,12406
DEMO VESSEL 024 ,548000024,8500240,Philippines,Cargo,Fishing event,2025-01-02 02:48:00,Asia/Manila,+08:00,14.62866,120.82939,31935
demo vessel 027,548000027,8500276,Philippines,Cargo,Loitering,2025-01-24 10:44:00,Asia/Manila,+08:00,14.5842,120.61487,18217
DEMO VESSEL 004,548000004,,Philippines,Dredging,Fishing event,15/01/2025 01:13,Asia/Manila,+08:00,14.28641,120.59302,3570
DEMO VESSEL 026 ,548000026,8500264,Philippines,Cargo,Port visit,2025-01-22 22:19:00,Asia/Manila,+08:00,14.31312,120.81226,33308
DEMO VESSEL 002,548000002,8500020,Philippines,Cargo,Port visit,26/01/2025 22:07,Asia/Manila,+08:00,14.65358,120.70628,34116
DEMO VESSEL 002,548000002,8500020,Philippines,Cargo,Encounter,02/01/2025 07:08,Asia/Manila,+08:00,14.46057,120.67818,5214
DEMO VESSEL 005,548000005,1234568,Sierra Leone,Dredging,Loitering,2025-01-04 22:51:00,UTC,+00:00,14.54648,120.65465,37044
DEMO VESSEL 007,548000007,8500070,Philippines,Cargo,Port visit,10/01/2025 10:30,Asia/Manila,+08:00,14.27326,120.80385,2687
DEMO VESSEL 025,548000025,8500252,Philippines,Dredging,Port visit,21/01/2025 20:40,UTC,+00:00,14.56897,120.49909,9839
DEMO VESSEL 004,548000004,,Philippines,Dredging,Fishing event,2025-01-08 00:14:00,UTC,+00:00,14.44732,120.47211,32531
DEMO VESSEL 033,548000033,8500331,Philippines,Cargo,Loitering,2025-01-03 22:49:00,UTC,+00:00,14.55677,120.5119,17464
DEMO VESSEL 028,548000028,8500288,Philippines,Other,Loitering,2025-01-14 03:01:00,Asia/Manila,+08:00,14.21692,120.78206,31359
DEMO VESSEL 015,548000015,8500159,Philippines,Cargo,Encounter,2025-01-15 19:14:00,Asia/Manila,+08:00,14.3033,120.51342,25584
DEMO VESSEL 029,548000029,8500290,Philippines,Other,Fishing event,2025-01-15 15:41:00,Asia/Manila,+08:00,14.7826,120.53765,32588
DEMO VESSEL 009,548000009,8500094,Belize,Cargo,Port visit,2025-01-05 07:43:00,Asia/Manila,+08:00,0.0,0.0,15239
DEMO VESSEL 032 ,548000032,8500329,Philippines,Cargo,Port visit,2025-01-13 15:38:00,UTC,+00:00,14.33973,120.46887,26324
DEMO VESSEL 025,548000025,8500252,Philippines,Dredging,Encounter,2025-01-18 18:54:00,Asia/Manila,+08:00,14.22203,120.37583,707
DEMO VESSEL 004,548000004,,Philippines,Dredging,Loitering,2025-01-10 09:32:00,Asia/Manila,+08:00,14.65424,120.5736,34586
DEMO VESSEL 009,548000009,8500094,Belize,Cargo,Loitering,2025-01-22 14:30:00,Asia/Manila,+08:00,14.2032,120.60474,37056
DEMO VESSEL 029,548000029,8500290,Philippines,Other,Fishing event,05/01/2025 03:32,UTC,+00:00,14.84698,120.66491,24217
DEMO VESSEL 018,548000018,8500185,Philippines,Cargo,Loitering,2025-01-12 11:21:00,Asia/Manila,+08:00,14.78672,120.59884,21318
DEMO VESSEL 036,548000036,8500367,Sierra Leone,Cargo,Port visit,2025-01-20 17:21:00,Asia/Manila,+08:00,14.77171,120.53306,39486
DEMO VESSEL 030,548000030,8500305,Philippines,Cargo,Encounter,13/01/2025 18:48,Asia/Manila,+08:00,14.37027,120.7388,33002
demo vessel 040,548000040,8500408,Philippines,Other,Loitering,2025-01-27 19:23:00,Asia/Manila,+08:00,14.37603,120.79203,24718
DEMO VESSEL 011,548000011,8500111,Philippines,Other,Encounter,2025-01-14 03:30:00,Asia/Manila,+08:00,14.49267,120.4855,31108
DEMO VESSEL 005 ,548000005,1234568,Sierra Leone,Dredging,Loitering,2025-01-22 12:26:00,Asia/Manila,+08:00,14.77753,120.60092,3216
DEMO VESSEL 037,548000037,8500379,Belize,Cargo,Loitering,20/01/2025 00:12,Asia/Manila,+08:00,14.7466,120.50907,3794
DEMO VESSEL 006,548000006,64,Philippines,Dredging,Fishing event,2025-01-16 05:02:00,Asia/Manila,+08:00,14.79051,120.70724,2949
DEMO VESSEL 011,548000011,8500111,Philippines,Other,Encounter,09/01/2025 19:01,Asia/Manila,+08:00,14.38763,120.47623,39091
DEMO VESSEL 021,548000021,8500214,Belize,Dredging,Fishing event,2025-01-15 07:39:00,Asia/Manila,+08:00,14.85754,120.50384,22957
DEMO VESSEL 007,667000007,8500070,Sierra Leone,Cargo,Fishing event,2025-01-12 05:48:00,Asia/Manila,+08:00,14.60106,120.41755,13897
DEMO VESSEL 034,548000034,8500343,Belize,Cargo,Fishing event,2025-01-05 00:33:00,Asia/Manila,+08:00,14.7397,120.69565,8800
DEMO VESSEL 021,548000021,8500214,Belize,Dredging,Loitering,07/01/2025 09:24,Asia/Manila,+08:00,14.64379,120.58421,17127
DEMO VESSEL 011,548000011,8500111,Philippines,Other,Encounter,2025-01-10 02:25:00,Asia/Manila,+08:00,14.74499,120.42671,6389
DEMO VESSEL 029,548000029,8500290,Philippines,Other,Loitering,02/01/2025 21:46,Asia/Manila,+08:00,14.85873,120.51889,34968
DEMO VESSEL 010,548000010,8500109,Belize,Other,Fishing event,2025-01-04 14:01:00,Asia/Manila,+08:00,14.47181,120.31158,2876
DEMO VESSEL 007,548000007,8500070,Philippines,Cargo,Encounter,2025-01-01 12:31:00,UTC,+00:00,14.79365,120.39431,1024
DEMO VESSEL 005,548000005,1234568,Sierra Leone,Dredging,Fishing event,19/01/2025 00:09,Asia/Manila,+08:00,14.37556,120.40532,25945
DEMO VESSEL 016,548000016,8500161,Philippines,Dredging,Port visit,2025-01-12 17:01:00,Asia/Manila,+08:00,14.66982,120.81769,26612
DEMO VESSEL 029,548000029,8500290,Philippines,Other,Port visit,01/01/2025 23:27,Asia/Manila,+08:00,14.62183,120.44038,27949
DEMO VESSEL 018,548000018,8500185,Philippines,Cargo,Fishing event,2025-01-25 20:54:00,UTC,+00:00,14.78129,120.46428,12192
DEMO VESSEL 016,548000016,8500161,Philippines,Dredging,Loitering,2025-01-07 19:00:00,Asia/Manila,+08:00,14.23643,120.80731,2892
DEMO VESSEL 019,548000019,8500197,Philippines,Cargo,Encounter,2025-01-01 05:45:00,Asia/Manila,+08:00,14.25387,120.3825,24249
DEMO VESSEL 001,548000001,8500018,Philippines,Dredging,Fishing event,25/01/2025 05:30,UTC,+00:00,14.32704,120.6512,31102
DEMO VESSEL 005,548000005,1234568,Sierra Leone,Dredging,Loitering,2025-01-18 17:51:00,Asia/Manila,+08:00,14.78275,120.31547,29452
DEMO VESSEL 004,548000004,,Philippines,Dredging,Encounter,2025-01-19 21:18:00,Asia/Manila,+08:00,14.31711,120.38795,29962
DEMO VESSEL 029,548000029,8500290,Philippines,Other,Port visit,2025-01-09 21:43:00,Asia/Manila,+08:00,14.66263,120.43332,34293
DEMO VESSEL 001,548000001,8500018,Philippines,Dredging,Port visit,13/01/2025 10:53,UTC,+00:00,14.43068,120.50084,19989
DEMO VESSEL 018,548000018,8500185,Philippines,Cargo,Port visit,2025-01-14 19:42:00,UTC,+00:00,14.31864,120.64551,8076
DEMO VESSEL 032,548000032,8500329,Philippines,Cargo,Fishing event,27/01/2025 16:09,UTC,+00:00,14.72834,120.56507,25068
DEMO VESSEL 016,548000016,8500161,Philippines,Dredging,Fishing event,2025-01-16 06:10:00,Asia/Manila,+08:00,14.47779,120.79258,3304
DEMOVESSEL024,548000024,8500240,Philippines,Cargo,Encounter,2025-01-19 04:17:00,Asia/Manila,+08:00,14.60958,120.74822,28845
DEMO VESSEL 009,548000009,8500094,Belize,Cargo,Fishing event,26/01/2025 15:28,Asia/Manila,+08:00,14.73616,120.80392,21461
DEMO VESSEL 012,548000012,8500123,Philippines,Dredging,Encounter,2025-01-06 10:22:00,UTC,+00:00,14.84069,120.33574,22637
DEMO VESSEL 021,548000021,8500214,Belize,Dredging,Port visit,2025-01-10 12:11:00,Asia/Manila,+08:00,14.50623,120.7366,14433
DEMO VESSEL 010,548000010,8500109,Belize,Other,Loitering,2025-01-07 23:27:00,Asia/Manila,+08:00,14.676,120.42677,16330
DEMO VESSEL 002,548000002,8500020,Philippines,Cargo,Port visit,2025-01-08 01:08:00,Asia/Manila,+08:00,14.55885,120.83448,34158
DEMO VESSEL 003,548000003,8500032,Philippines,Cargo,Loitering,27/01/2025 08:57,Asia/Manila,+08:00,14.51233,120.42308,22926
DEMO VESSEL 033,548000033,8500331,Philippines,Cargo,Port visit,2025-01-27 21:29:00,Asia/Manila,+08:00,14.78409,120.38823,24874
DEMO VESSEL 033,548000033,8500331,Philippines,Cargo,Fishing event,26/01/2025 23:45,Asia/Manila,+08:00,14.28586,120.69561,3998
demo vessel 031,548000031,8500317,Philippines,Cargo,Loitering,2025-01-10 08:04:00,Asia/Manila,+08:00,14.68125,120.80741,10422
DEMO VESSEL 024,548000024,8500240,Philippines,Cargo,Port visit,14/01/2025 12:29,Asia/Manila,+08:00,14.8164,120.6885,1384
DEMO VESSEL 033,548000033,8500331,Philippines,Cargo,Port visit,2025-01-27 12:08:00,Asia/Manila,+08:00,14.81913,120.58842,35882
DEMO VESSEL 030,548000030,8500305,Philippines,Cargo,Fishing event,2025-01-02 14:25:00,Asia/Manila,+08:00,14.49266,120.70747,23124
DEMO VESSEL 033,548000033,8500331,Philippines,Cargo,Port visit,2025-01-13 15:08:00,Asia/Manila,+08:00,14.20554,120.44169,39186
DEMO VESSEL 032,548000032,8500329,Philippines,Cargo,Encounter,16/01/2025 14:10,UTC,+00:00,14.61697,120.60319,15547
DEMO VESSEL 016,548000016,8500161,Philippines,Dredging,Loitering,2025-01-04 23:20:00,Asia/Manila,+08:00,14.51004,120.43515,4070
DEMO VESSEL 037,548000037,8500379,Belize,Cargo,Encounter,2025-01-25 21:38:00,UTC,+00:00,14.5419,120.35052,15989
DEMO VESSEL 009,548000009,8500094,Belize,Cargo,Encounter,2025-01-07 16:46:00,Asia/Manila,+08:00,14.64664,120.33675,26885
DEMO VESSEL 013,548000013,8500135,Philippines,Other,Port visit,2025-01-01 17:49:00,Asia/Manila,+08:00,14.55416,120.64566,9597
DEMO VESSEL 013,548000013,8500135,Philippines,Other,Encounter,2025-01-02 11:09:00,Asia/Manila,+08:00,14.57012,120.50974,38335
DEMO VESSEL 020,548000020,8500202,Philippines,Other,Loitering,18/01/2025 08:50,Asia/Manila,+08:00,14.61341,120.33224,35869
DEMO VESSEL 033,548000033,8500331,Philippines,Cargo,Port visit,2025-01-18 00:23:00,UTC,+00:00,14.50484,120.44297,34689
DEMO VESSEL 037,548000037,8500379,Belize,Cargo,Fishing event,2025-01-10 11:19:00,Asia/Manila,+08:00,14.74464,120.80698,4560
DEMO VESSEL 014,548000014,8500147,Philippines,Cargo,Loitering,2025-01-19 05:54:00,Asia/Manila,+08:00,14.32397,120.65879,14289
demo vessel 009,548000009,8500094,Belize,Cargo,Encounter,2025-01-19 10:18:00,Asia/Manila,+08:00,14.65544,120.55496,33202
DEMO VESSEL 009,548000009,8500094,Belize,Cargo,Loitering,05/01/2025 06:12,UTC,+00:00,14.89868,120.31019,3045
DEMO VESSEL 006,548000006,64,Philippines,Dredging,Loitering,06/01/2025 04:57,Asia/Manila,+08:00,14.75887,120.87084,39505
DEMO VESSEL 016,548000016,8500161,Philippines,Dredging,Port visit,07/01/2025 14:40,Asia/Manila,+08:00,14.50637,120.74426,13988
DEMO VESSEL 030,548000030,8500305,Philippines,Cargo,Port visit,2025-01-01 12:12:00,Asia/Manila,+08:00,14.49273,120.89879,25004
DEMO VESSEL 006,548000006,64,Philippines,Dredging,Loitering,2025-01-07 13:49:00,Asia/Manila,+08:00,14.6133,120.75525,16323
DEMO VESSEL 009,548000009,8500094,Belize,Cargo,Fishing event,2025-01-07 03:53:00,Asia/Manila,+08:00,14.55008,120.48124,12420
DEMO VESSEL 034,548000034,8500343,Belize,Cargo,Encounter,05/01/2025 02:48,Asia/Manila,+08:00,14.66788,120.46136,12049
DEMO VESSEL 029,548000029,8500290,Philippines,Other,Fishing event,2025-01-17 05:49:00,Asia/Manila,+08:00,14.59338,120.68944,9288
DEMOVESSEL007,667000007,8500070,Sierra Leone,Cargo,Port visit,17/01/2025 00:59,Asia/Manila,+08:00,14.62776,120.52953,17311
DEMO VESSEL 024,548000024,8500240,Philippines,Cargo,Fishing event,07/01/2025 11:20,UTC,+00:00,14.35656,120.4193,12401
DEMO VESSEL 005,548000005,1234568,Sierra Leone,Dredging,Port visit,20/01/2025 01:59,Asia/Manila,+08:00,14.41817,120.47486,6835
DEMO VESSEL 016,548000016,8500161,Philippines,Dredging,Port visit,04/01/2025 19:14,Asia/Manila,+08:00,14.25037,120.51217,37220
DEMO VESSEL 007,667000007,8500070,Sierra Leone,Cargo,Encounter,26/01/2025 00:21,UTC,+00:00,14.69025,120.59408,8744
DEMO VESSEL 028,548000028,8500288,Philippines,Other,Encounter,2025-01-20 14:29:00,Asia/Manila,+08:00,14.55578,120.36187,2191
DEMO VESSEL 017,548000017,8500173,Philippines,Other,Fishing event,2025-01-25 01:36:00,UTC,+00:00,14.42712,120.59288,7879
DEMO VESSEL 035,548000035,8500355,Philippines,Other,Loitering,2025-01-20 09:08:00,Asia/Manila,+08:00,14.60532,120.40398,39794
DEMO VESSEL 025,548000025,8500252,Philippines,Dredging,Port visit,2025-01-25 16:09:00,UTC,+00:00,14.66472,120.60388,13664
DEMO VESSEL 023,548000023,8500238,Belize,Cargo,Fishing event,2025-01-19 18:16:00,Asia/Manila,+08:00,14.26379,120.82049,13530
DEMO VESSEL 035,548000035,8500355,Philippines,Other,Fishing event,2025-01-14 19:57:00,Asia/Manila,+08:00,14.40779,120.52121,20777
DEMO VESSEL 040,548000040,8500408,Philippines,Other,Loitering,2025-01-27 00:33:00,UTC,+00:00,14.79975,120.42795,7459
DEMO VESSEL 005,548000005,1234568,Sierra Leone,Dredging,Encounter,2025-01-20 08:35:00,Asia/Manila,+08:00,14.33301,120.79842,4288
DEMO VESSEL 021,548000021,8500214,Belize,Dredging,Encounter,2025-01-14 18:57:00,Asia/Manila,+08:00,14.44019,120.76428,35342
DEMOVESSEL011,548000011,8500111,Philippines,Other,Encounter,2025-01-11 02:44:00,Asia/Manila,+08:00,14.64533,120.56696,29819
DEMO VESSEL 038,548000038,8500381,Philippines,Dredging,Fishing event,2025-01-03 07:40:00,Asia/Manila,+08:00,14.22024,120.62471,28172
DEMO VESSEL 030,548000030,8500305,Philippines,Cargo,Loitering,02/01/2025 06:26,UTC,+00:00,14.84222,120.30545,34631
DEMO VESSEL 032,548000032,8500329,Philippines,Cargo,Fishing event,2025-01-22 14:05:00,Asia/Manila,+08:00,14.72304,120.50788,31276
DEMO VESSEL 029,548000029,8500290,Philippines,Other,Loitering,16/01/2025 07:36,UTC,+00:00,14.23932,120.34792,8799
DEMO VESSEL 031,548000031,8500317,Philippines,Cargo,Encounter,2025-01-23 20:58:00,Asia/Manila,+08:00,14.86918,120.4316,7483
demo vessel 011,548000011,8500111,Philippines,Other,Fishing event,2025-01-27 12:01:00,Asia/Manila,+08:00,14.73135,120.57055,23085
DEMO VESSEL 035,548000035,8500355,Philippines,Other,Fishing event,25/01/2025 04:33,Asia/Manila,+08:00,14.37979,120.73545,39559
DEMO VESSEL 002,548000002,8500020,Philippines,Cargo,Fishing event,2025-01-24 19:56:00,Asia/Manila,+08:00,14.50069,120.30267,38137
DEMO VESSEL 026,548000026,8500264,Philippines,Cargo,Fishing event,2025-01-04 18:03:00,UTC,+00:00,14.40018,120.89862,8560
DEMO VESSEL 007,548000007,8500070,Philippines,Cargo,Port visit,17/01/2025 19:00,Asia/Manila,+08:00,14.73215,120.55794,25067
DEMO VESSEL 003,548000003,8500032,Philippines,Cargo,Encounter,16/01/2025 04:55,Asia/Manila,+08:00,14.47829,120.42733,5087
DEMO VESSEL 035,548000035,8500355,Philippines,Other,Port visit,2025-01-11 21:55:00,Asia/Manila,+08:00,14.78999,120.53778,1945
DEMO VESSEL 017,548000017,8500173,Philippines,Other,Fishing event,2025-01-03 16:54:00,UTC,+00:00,14.31629,120.3549,8363
DEMO VESSEL 009,548000009,8500094,Belize,Cargo,Fishing event,17/01/2025 23:38,UTC,+00:00,14.22979,120.40091,35745
DEMO VESSEL 035,548000035,8500355,Philippines,Other,Encounter,2025-01-05 08:17:00,UTC,+00:00,14.735,120.61378,9751
DEMO VESSEL 028,548000028,8500288,Philippines,Other,Encounter,13/01/2025 10:27,Asia/Manila,+08:00,14.38258,120.305,10631
DEMO VESSEL 022,548000022,8500226,Sierra Leone,Dredging,Port visit,2025-01-07 15:16:00,Asia/Manila,+08:00,14.56726,120.76997,9806
AIS TEST SHIP,100900301,,,,Loitering,2025-01-18 09:57:00,UTC,+00:00,14.59201,120.44537,17058
DEMO VESSEL 014,548000014,8500147,Philippines,Cargo,Port visit,2025-01-25 08:52:00,Asia/Manila,+08:00,14.88267,120.5046,35082
DEMO VESSEL 007,667000007,8500070,Sierra Leone,Cargo,Encounter,2025-01-24 06:42:00,UTC,+00:00,14.76017,120.64484,34637
DEMO VESSEL 002,548000002,8500020,Philippines,Cargo,Loitering,03/01/2025 06:57,UTC,+00:00,14.26439,120.80837,3618
DEMO VESSEL 015,548000015,8500159,Philippines,Cargo,Loitering,24/01/2025 06:11,Asia/Manila,+08:00,14.28659,120.61715,37859
DEMO VESSEL 036,548000036,8500367,Sierra Leone,Cargo,Port visit,2025-01-20 17:21:00,Asia/Manila,+08:00,14.77171,120.53306,39486
DEMO VESSEL 011,548000011,8500111,Philippines,Other,Encounter,18/01/2025 18:57,Asia/Manila,+08:00,14.59931,120.84694,11302
DEMO VESSEL 007,548000007,8500070,Philippines,Cargo,Fishing event,2025-01-25 02:50:00,Asia/Manila,+08:00,14.61196,120.69992,17515
DEMO VESSEL 013,548000013,8500135,Philippines,Other,Loitering,2025-01-23 09:35:00,UTC,+00:00,14.25727,120.55106,8562
DEMO VESSEL 007,548000007,8500070,Philippines,Cargo,Fishing event,2025-01-23 18:01:00,Asia/Manila,+08:00,14.47951,120.8552,30404
DEMO VESSEL 038,548000038,8500381,Philippines,Dredging,Loitering,2025-01-03 21:29:00,Asia/Manila,+08:00,14.5029,120.54041,13375
DEMO VESSEL 011,548000011,8500111,Philippines,Other,Fishing event,2025-01-08 06:26:00,Asia/Manila,+08:00,14.58803,120.70927,9359
DEMO VESSEL 028,548000028,8500288,Philippines,Other,Encounter,2025-01-16 08:09:00,UTC,+00:00,14.20617,120.56842,18501
DEMO VESSEL 011,548000011,8500111,Philippines,Other,Loitering,20/01/2025 03:55,UTC,+00:00,14.35478,120.55322,36879
DEMO VESSEL 023,548000023,8500238,Belize,Cargo,Encounter,2025-01-13 01:09:00,UTC,+00:00,14.85175,120.64265,8999
DEMO VESSEL 017,548000017,8500173,Philippines,Other,Encounter,2025-01-03 18:57:00,UTC,+00:00,14.34722,120.75762,9924
DEMO VESSEL 028,548000028,8500288,Philippines,Other,Encounter,08/01/2025 03:15,Asia/Manila,+08:00,14.41862,120.84864,15166
DEMO VESSEL 027,548000027,8500276,Philippines,Cargo,Loitering,13/01/2025 22:33,Asia/Manila,+08:00,14.7698,120.65701,3864
DEMO VESSEL 031,548000031,8500317,Philippines,Cargo,Encounter,2025-01-17 20:02:00,Asia/Manila,+08:00,14.65483,120.83498,33716
DEMO VESSEL 009,548000009,8500094,Belize,Cargo,Fishing event,2025-01-20 21:25:00,Asia/Manila,+08:00,14.29021,120.75659,9657
DEMO VESSEL 033,548000033,8500331,Philippines,Cargo,Encounter,2025-01-22 06:55:00,Asia/Manila,+08:00,14.67822,120.57047,27290
DEMO VESSEL 037,548000037,8500379,Belize,Cargo,Fishing event,2025-01-25 11:07:00,Asia/Manila,+08:00,14.76944,120.42234,20710
DEMO VESSEL 002,548000002,8500020,Philippines,Cargo,Loitering,2025-01-09 06:15:00,Asia/Manila,+08:00,14.75091,120.73225,11201
DEMO VESSEL 009,548000009,8500094,Belize,Cargo,Port visit,2025-01-02 00:47:00,Asia/Manila,+08:00,14.43566,120.845,16244
DEMO VESSEL 015,548000015,8500159,Philippines,Cargo,Port visit,2025-01-09 17:54:00,Asia/Manila,+08:00,14.58915,120.72833,25533
DEMO VESSEL 016,548000016,8500161,Philippines,Dredging,Port visit,2025-01-20 11:41:00,Asia/Manila,+08:00,14.85285,120.5309,17035
DEMO VESSEL 023 ,548000023,8500238,Belize,Cargo,Port visit,2025-01-18 20:48:00,Asia/Manila,+08:00,14.55307,120.3269,13857
DEMO VESSEL 002,548000002,8500020,Philippines,Cargo,Loitering,2025-01-16 03:16:00,Asia/Manila,+08:00,14.75206,120.43223,23440
demo vessel 029,548000029,8500290,Philippines,Other,Loitering,2025-01-18 14:58:00,Asia/Manila,+08:00,14.237,120.78383,26215
DEMO VESSEL 009,548000009,8500094,Belize,Cargo,Loitering,2025-01-10 13:40:00,Asia/Manila,+08:00,14.871,120.64716,35285
DEMO VESSEL 018,548000018,8500185,Philippines,Cargo,Encounter,04/01/2025 21:00,Asia/Manila,+08:00,14.78321,120.65447,4161
DEMO VESSEL 024,548000024,8500240,Philippines,Cargo,Encounter,07/01/2025 12:30,Asia/Manila,+08:00,14.22488,120.41063,9934
DEMO VESSEL 021,548000021,8500214,Belize,Dredging,Fishing event,2025-01-06 21:59:00,Asia/Manila,+08:00,14.74946,120.64297,5859
DEMO VESSEL 013,548000013,8500135,Philippines,Other,Loitering,2025-01-10 04:12:00,Asia/Manila,+08:00,14.57219,120.71987,34193
DEMO VESSEL 020,548000020,8500202,Philippines,Other,Port visit,22/01/2025 11:08,UTC,+00:00,14.63997,120.4206,30738
DEMO VESSEL 030,548000030,8500305,Philippines,Cargo,Port visit,2025-01-04 08:45:00,UTC,+00:00,14.39367,120.85931,3554
DEMO VESSEL 004,548000004,,Philippines,Dredging,Fishing event,2025-01-04 00:48:00,Asia/Manila,+08:00,14.73908,120.46059,7269
DEMO VESSEL 003,548000003,8500032,Philippines,Cargo,Encounter,13/01/2025 19:33,Asia/Manila,+08:00,14.53126,120.50222,20958
DEMO VESSEL 036,548000036,8500367,Sierra Leone,Cargo,Loitering,2025-01-12 21:01:00,Asia/Manila,+08:00,14.73445,120.79568,3026
DEMO VESSEL 027,548000027,8500276,Philippines,Cargo,Fishing event,2025-01-19 18:31:00,Asia/Manila,+08:00,14.80579,120.67205,16066
AIS TEST SHIP,100900301,,,,Encounter,2025-01-09 08:56:00,Asia/Manila,+08:00,14.89964,120.42374,35138
AIS TEST SHIP,100900301,,,,Loitering,05/01/2025 09:59,Asia/Manila,+08:00,14.79406,120.34782,30980
DEMO VESSEL 035,548000035,8500355,Philippines,Other,Fishing event,2025-01-15 17:43:00,Asia/Manila,+08:00,14.72287,120.47994,17084
DEMO VESSEL 025,548000025,8500252,Philippines,Dredging,Encounter,2025-01-02 21:18:00,Asia/Manila,+08:00,14.60667,120.82341,1132
DEMO VESSEL 023,548000023,8500238,Belize,Cargo,Port visit,2025-01-24 07:27:00,Asia/Manila,+08:00,14.46183,120.41208,31723
DEMO VESSEL 021,548000021,8500214,Belize,Dredging,Port visit,2025-01-06 12:39:00,Asia/Manila,+08:00,14.77673,120.69697,398
DEMO VESSEL 001,548000001,8500018,Philippines,Dredging,Loitering,2025-01-18 17:26:00,Asia/Manila,+08:00,14.70553,120.62144,12048
DEMO VESSEL 001,548000001,8500018,Philippines,Dredging,Port visit,2025-01-11 01:18:00,Asia/Manila,+08:00,14.3019,120.6187,11773
DEMO VESSEL 009,548000009,8500094,Belize,Cargo,Fishing event,2025-01-27 20:56:00,Asia/Manila,+08:00,14.82925,120.47506,35747
DEMO VESSEL 031,548000031,8500317,Philippines,Cargo,Port visit,2025-01-09 00:43:00,Asia/Manila,+08:00,14.49961,120.75597,35117
DEMO VESSEL 033,548000033,8500331,Philippines,Cargo,Fishing event,07/01/2025 03:41,Asia/Manila,+08:00,14.69783,120.87979,29372
DEMO VESSEL 008,548000008,8500082,Belize,Dredging,Port visit,2025-01-10 23:59:00,Asia/Manila,+08:00,14.28275,120.42248,35923
DEMO VESSEL 026,548000026,8500264,Philippines,Cargo,Fishing event,25/01/2025 14:30,Asia/Manila,+08:00,14.58795,120.32919,27474
DEMO VESSEL 015,548000015,8500159,Philippines,Cargo,Encounter,10/01/2025 18:39,Asia/Manila,+08:00,14.41224,120.85627,6881
DEMO VESSEL 017,548000017,8500173,Philippines,Other,Encounter,2025-01-20 13:18:00,UTC,+00:00,14.62189,120.42062,34542
DEMO VESSEL 006,548000006,64,Philippines,Dredging,Fishing event,2025-01-01 00:18:00,Asia/Manila,+08:00,14.77936,120.70829,27950
DEMO VESSEL 001,548000001,8500018,Philippines,Dredging,Loitering,2025-01-02 17:18:00,Asia/Manila,+08:00,14.72695,120.36155,29166
DEMO VESSEL 021,548000021,8500214,Belize,Dredging,Loitering,2025-01-23 20:03:00,Asia/Manila,+08:00,14.44605,120.35177,10961
DEMO VESSEL 001,548000001,8500018,Philippines,Dredging,Loitering,10/01/2025 13:11,Asia/Manila,+08:00,14.88483,120.68753,29695
DEMO VESSEL 036,548000036,8500367,Sierra Leone,Cargo,Loitering,04/01/2025 16:55,Asia/Manila,+08:00,14.56655,120.86036,1147
DEMO VESSEL 036,548000036,8500367,Sierra Leone,Cargo,Encounter,2025-01-27 22:16:00,UTC,+00:00,14.29183,120.35855,13719
DEMO VESSEL 017,548000017,8500173,Philippines,Other,Port visit,18/01/2025 20:02,Asia/Manila,+08:00,14.80483,120.66945,35206
DEMO VESSEL 033,548000033,8500331,Philippines,Cargo,Loitering,2025-01-09 13:05:00,UTC,+00:00,14.25388,120.4097,7376
demo vessel 007,667000007,8500070,Sierra Leone,Cargo,Encounter,2025-01-25 07:48:00,Asia/Manila,+08:00,14.20686,120.33681,28187
DEMO VESSEL 002,548000002,8500020,Philippines,Cargo,Port visit,22/01/2025 11:55,Asia/Manila,+08:00,14.52704,120.82254,35642
DEMO VESSEL 004,548000004,,Philippines,Dredging,Port visit,2025-01-04 05:51:00,Asia/Manila,+08:00,14.33014,120.44719,20907
DEMO VESSEL 010,548000010,8500109,Belize,Other,Port visit,2025-01-04 17:19:00,Asia/Manila,+08:00,14.26898,120.62125,11690
AIS TEST SHIP ,100900301,,,,Port visit,15/01/2025 20:55,UTC,+00:00,14.71246,120.75628,24840
DEMO VESSEL 023,548000023,8500238,Belize,Cargo,Port visit,2025-01-04 18:57:00,UTC,+00:00,14.80786,120.48287,7226
DEMO VESSEL 033,548000033,8500331,Philippines,Cargo,Fishing event,2025-01-21 00:19:00,Asia/Manila,+08:00,14.61045,120.8491,27447
DEMO VESSEL 011,548000011,8500111,Philippines,Other,Encounter,2025-01-16 21:45:00,Asia/Manila,+08:00,14.64567,120.43772,36001
DEMO VESSEL 001,548000001,8500018,Philippines,Dredging,Encounter,22/01/2025 17:19,Asia/Manila,+08:00,14.294,120.36926,18765
DEMO VESSEL 025,548000025,8500252,Philippines,Dredging,Fishing event,07/01/2025 23:47,Asia/Manila,+08:00,14.23071,120.38748,18293
DEMO VESSEL 012,548000012,8500123,Philippines,Dredging,Loitering,2025-01-04 07:32:00,Asia/Manila,+08:00,14.20023,120.81756,12949
DEMO VESSEL 016,548000016,8500161,Philippines,Dredging,Encounter,23/01/2025 17:38,UTC,+00:00,14.46867,120.63914,648
DEMO VESSEL 023,548000023,8500238,Belize,Cargo,Encounter,2025-01-21 04:30:00,UTC,+00:00,14.71087,120.47756,25991
DEMO VESSEL 016,548000016,8500161,Philippines,Dredging,Loitering,23/01/2025 10:01,Asia/Manila,+08:00,14.74624,120.7115,8868
DEMO VESSEL 022,548000022,8500226,Sierra Leone,Dredging,Encounter,12/01/2025 20:56,Asia/Manila,+08:00,14.48265,120.76095,17710
DEMO VESSEL 007,667000007,8500070,Sierra Leone,Cargo,Encounter,2025-01-15 10:59:00,Asia/Manila,+08:00,14.66708,120.76099,39774
DEMO VESSEL 027,548000027,8500276,Philippines,Cargo,Loitering,2025-01-25 23:25:00,UTC,+00:00,14.39316,120.3845,9556
DEMO VESSEL 024,548000024,8500240,Philippines,Cargo,Encounter,19/01/2025 12:55,Asia/Manila,+08:00,14.49575,120.8426,13606
DEMO VESSEL 006,548000006,64,Philippines,Dredging,Loitering,27/01/2025 09:52,Asia/Manila,+08:00,14.87201,120.83237,22670
DEMO VESSEL 038,548000038,8500381,Philippines,Dredging,Loitering,20/01/2025 05:04,Asia/Manila,+08:00,14.6526,120.73297,12620
DEMO VESSEL 023,548000023,8500238,Belize,Cargo,Fishing event,03/01/2025 05:39,Asia/Manila,+08:00,14.73743,120.74893,25325
DEMO VESSEL 032,548000032,8500329,Philippines,Cargo,Loitering,2025-01-01 07:51:00,UTC,+00:00,14.75628,120.86953,15354
DEMO VESSEL 038,548000038,8500381,Philippines,Dredging,Loitering,2025-01-26 10:13:00,Asia/Manila,+08:00,14.49551,120.30679,24602
DEMO VESSEL 021,548000021,8500214,Belize,Dredging,Fishing event,2025-01-12 01:50:00,UTC,+00:00,14.43658,120.49326,35917
DEMO VESSEL 022,548000022,8500226,Sierra Leone,Dredging,Loitering,2025-01-13 05:27:00,Asia/Manila,+08:00,14.24637,120.6289,35689
DEMO VESSEL 002,548000002,8500020,Philippines,Cargo,Encounter,2025-01-17 03:01:00,UTC,+00:00,14.66918,120.41994,16720
DEMO VESSEL 013,548000013,8500135,Philippines,Other,Fishing event,2025-01-13 18:48:00,Asia/Manila,+08:00,14.84592,120.68593,4720
DEMO VESSEL 029,548000029,8500290,Philippines,Other,Loitering,2025-01-17 21:15:00,Asia/Manila,+08:00,14.43087,120.46748,16962
DEMO VESSEL 007,667000007,8500070,Sierra Leone,Cargo,Encounter,24/01/2025 22:26,Asia/Manila,+08:00,14.81614,120.73417,15773
DEMO VESSEL 018,548000018,8500185,Philippines,Cargo,Fishing event,2025-01-22 19:03:00,Asia/Manila,+08:00,14.63801,120.41209,23334
DEMO VESSEL 005,548000005,1234568,Sierra Leone,Dredging,Port visit,02/01/2025 19:51,Asia/Manila,+08:00,14.66267,120.52302,11745
DEMO VESSEL 022 ,548000022,8500226,Sierra Leone,Dredging,Fishing event,01/01/2025 14:52,UTC,+00:00,14.7611,120.69122,37105
DEMO VESSEL 031,548000031,8500317,Philippines,Cargo,Encounter,06/01/2025 14:07,Asia/Manila,+08:00,14.75485,120.30665,9900
DEMO VESSEL 030,548000030,8500305,Philippines,Cargo,Port visit,17/01/2025 07:38,UTC,+00:00,14.29571,120.79329,12975
DEMO VESSEL 020,548000020,8500202,Philippines,Other,Loitering,18/01/2025 20:54,Asia/Manila,+08:00,14.73335,120.70237,35820
DEMO VESSEL 016,548000016,8500161,Philippines,Dredging,Loitering,26/01/2025 03:25,Asia/Manila,+08:00,14.21433,120.69532,30314
DEMO VESSEL 039 ,548000039,8500393,Philippines,Dredging,Encounter,2025-01-22 19:51:00,Asia/Manila,+08:00,14.47572,120.3236,16782
DEMO VESSEL 004,548000004,,Philippines,Dredging,Encounter,2025-01-18 00:49:00,UTC,+00:00,14.29841,120.84411,8641
DEMO VESSEL 032,548000032,8500329,Philippines,Cargo,Port visit,2025-01-17 03:01:00,Asia/Manila,+08:00,14.29473,120.36218,38078
AIS TEST SHIP,100900301,,,,Loitering,2025-01-03 08:05:00,Asia/Manila,+08:00,14.80212,120.6068,21917
DEMO VESSEL 011,548000011,8500111,Philippines,Other,Fishing event,2025-01-08 08:05:00,Asia/Manila,+08:00,14.72893,120.6094,20750
DEMO VESSEL 036,548000036,8500367,Sierra Leone,Cargo,Port visit,2025-01-14 07:57:00,Asia/Manila,+08:00,14.34226,120.43374,17668
DEMO VESSEL 008,548000008,8500082,Belize,Dredging,Port visit,2025-01-19 10:14:00,UTC,+00:00,14.38996,120.35408,7595
DEMO VESSEL 013 ,548000013,8500135,Philippines,Other,Fishing event,2025-01-08 17:06:00,Asia/Manila,+08:00,14.49224,120.62828,3218
DEMO VESSEL 020,548000020,8500202,Philippines,Other,Fishing event,06/01/2025 19:41,Asia/Manila,+08:00,14.56499,120.81546,6751
DEMO VESSEL 012,548000012,8500123,Philippines,Dredging,Port visit,2025-01-23 10:38:00,UTC,+00:00,14.51757,120.69809,16760
DEMO VESSEL 017,548000017,8500173,Philippines,Other,Port visit,2025-01-22 06:01:00,Asia/Manila,+08:00,14.25869,120.61319,27000
DEMO VESSEL 040,548000040,8500408,Philippines,Other,Encounter,2025-01-20 17:38:00,Asia/Manila,+08:00,14.75711,120.84812,8613
DEMO VESSEL 024,548000024,8500240,Philippines,Cargo,Port visit,2025-01-10 01:11:00,UTC,+00:00,14.52221,120.84862,16011
DEMO VESSEL 037,548000037,8500379,Belize,Cargo,Port visit,2025-01-22 05:42:00,Asia/Manila,+08:00,14.31468,120.42678,30217
DEMO VESSEL 018,548000018,8500185,Philippines,Cargo,Encounter,2025-01-16 18:23:00,UTC,+00:00,14.2356,120.32968,1186
DEMO VESSEL 006,548000006,64,Philippines,Dredging,Encounter,2025-01-25 19:49:00,Asia/Manila,+08:00,14.2425,120.7812,34940
DEMO VESSEL 017,548000017,8500173,Philippines,Other,Loitering,2025-01-26 17:19:00,Asia/Manila,+08:00,14.67717,120.59289,34346
DEMO VESSEL 011,548000011,8500111,Philippines,Other,Fishing event,11/01/2025 16:53,Asia/Manila,+08:00,14.65355,120.68158,20358
demo vessel 001,548000001,8500018,Philippines,Dredging,Port visit,2025-01-19 15:32:00,Asia/Manila,+08:00,14.55548,120.81081,26761
DEMO VESSEL 007,667000007,8500070,Sierra Leone,Cargo,Fishing event,19/01/2025 19:05,Asia/Manila,+08:00,14.25562,120.64554,38693
DEMO VESSEL 030,548000030,8500305,Philippines,Cargo,Fishing event,2025-01-23 04:20:00,UTC,+00:00,14.88929,120.40754,11055
DEMO VESSEL 035,548000035,8500355,Philippines,Other,Loitering,18/01/2025 22:35,Asia/Manila,+08:00,14.72679,120.38522,39417
DEMO VESSEL 029,548000029,8500290,Philippines,Other,Port visit,2025-01-21 15:50:00,UTC,+00:00,14.73084,120.46186,20817
DEMO VESSEL 034,548000034,8500343,Belize,Cargo,Encounter,17/01/2025 23:53,Asia/Manila,+08:00,14.77013,120.8183,7412
DEMO VESSEL 010,548000010,8500109,Belize,Other,Encounter,2025-01-08 15:43:00,Asia/Manila,+08:00,14.72481,120.52294,27897
DEMO VESSEL 011,548000011,8500111,Philippines,Other,Encounter,2025-01-15 14:00:00,Asia/Manila,+08:00,14.86478,120.75913,39327
DEMO VESSEL 002,548000002,8500020,Philippines,Cargo,Encounter,2025-01-23 15:48:00,UTC,+00:00,14.73611,120.77878,12658
DEMO VESSEL 006,548000006,64,Philippines,Dredging,Fishing event,2025-01-22 22:44:00,UTC,+00:00,14.22809,120.6538,23197
DEMO VESSEL 001,548000001,8500018,Philippines,Dredging,Loitering,2025-01-26 11:44:00,Asia/Manila,+08:00,14.37376,120.69882,22031
DEMO VESSEL 011,548000011,8500111,Philippines,Other,Port visit,15/01/2025 20:42,Asia/Manila,+08:00,14.78814,120.57942,21029
DEMO VESSEL 002,548000002,8500020,Philippines,Cargo,Encounter,2025-01-11 22:51:00,Asia/Manila,+08:00,14.52983,120.49913,36266
DEMO VESSEL 005,548000005,1234568,Sierra Leone,Dredging,Loitering,2025-01-06 09:19:00,Asia/Manila,+08:00,14.74069,120.44839,26563
DEMO VESSEL 011,548000011,8500111,Philippines,Other,Loitering,2025-01-06 21:11:00,Asia/Manila,+08:00,14.51089,120.86934,39981
DEMO VESSEL 019,548000019,8500197,Philippines,Cargo,Fishing event,2025-01-06 09:09:00,Asia/Manila,+08:00,14.29682,120.42916,30639
DEMO VESSEL 005,548000005,1234568,Sierra Leone,Dredging,Fishing event,2025-01-24 21:05:00,Asia/Manila,+08:00,14.84143,120.51689,37603
DEMO VESSEL 025,548000025,8500252,Philippines,Dredging,Encounter,2025-01-11 17:51:00,Asia/Manila,+08:00,14.71396,120.78856,16270
DEMOVESSEL017,548000017,8500173,Philippines,Other,Fishing event,2025-01-27 22:24:00,UTC,+00:00,14.24516,120.6456,18450
DEMO VESSEL 036,548000036,8500367,Sierra Leone,Cargo,Loitering,15/01/2025 04:48,Asia/Manila,+08:00,14.7951,120.74103,26340
DEMO VESSEL 027,548000027,8500276,Philippines,Cargo,Encounter,23/01/2025 22:31,UTC,+00:00,14.42954,120.85536,25579
DEMO VESSEL 036,548000036,8500367,Sierra Leone,Cargo,Loitering,2025-01-26 18:26:00,Asia/Manila,+08:00,14.39045,120.60715,26967
DEMO VESSEL 033,548000033,8500331,Philippines,Cargo,Port visit,2025-01-23 14:12:00,Asia/Manila,+08:00,14.31885,120.59595,29333
DEMO VESSEL 004,548000004,,Philippines,Dredging,Fishing event,2025-01-21 21:06:00,Asia/Manila,+08:00,14.29839,120.30314,22628
DEMO VESSEL 026,548000026,8500264,Philippines,Cargo,Port visit,2025-01-03 23:23:00,Asia/Manila,+08:00,14.81488,120.59694,38719
DEMO VESSEL 007,548000007,8500070,Philippines,Cargo,Encounter,2025-01-13 11:40:00,Asia/Manila,+08:00,14.84435,120.39245,33447
DEMO VESSEL 005,548000005,1234568,Sierra Leone,Dredging,Fishing event,2025-01-06 10:08:00,UTC,+00:00,14.20811,120.69229,20154
DEMO VESSEL 009,548000009,8500094,Belize,Cargo,Fishing event,2025-01-09 02:02:00,Asia/Manila,+08:00,14.76177,120.4369,16439
DEMO VESSEL 031,548000031,8500317,Philippines,Cargo,Fishing event,19/01/2025 20:19,Asia/Manila,+08:00,14.2806,120.84842,7241
DEMO VESSEL 029,548000029,8500290,Philippines,Other,Fishing event,2025-01-20 18:52:00,Asia/Manila,+08:00,14.30437,120.48652,27705
DEMO VESSEL 004,548000004,,Philippines,Dredging,Fishing event,2025-01-11 13:16:00,Asia/Manila,+08:00,14.73532,120.38357,15741
DEMO VESSEL 024,548000024,8500240,Philippines,Cargo,Encounter,19/01/2025 10:03,Asia/Manila,+08:00,14.39067,120.8774,2748
DEMO VESSEL 013,548000013,8500135,Philippines,Other,Loitering,17/01/2025 03:36,UTC,+00:00,14.79667,120.67235,25707
demo vessel 020,548000020,8500202,Philippines,Other,Fishing event,22/01/2025 08:37,Asia/Manila,+08:00,14.53395,120.7205,4398
demo vessel 007,548000007,8500070,Philippines,Cargo,Loitering,20/01/2025 20:41,Asia/Manila,+08:00,14.4091,120.88276,24878
DEMO VESSEL 014,548000014,8500147,Philippines,Cargo,Loitering,2025-01-24 21:14:00,Asia/Manila,+08:00,14.57957,120.56859,2677
DEMO VESSEL 023,548000023,8500238,Belize,Cargo,Fishing event,2025-01-21 21:03:00,Asia/Manila,+08:00,14.60171,120.59641,35233
DEMO VESSEL 007,548000007,8500070,Philippines,Cargo,Encounter,2025-01-05 03:05:00,UTC,+00:00,14.35396,120.38165,30219
DEMO VESSEL 038,548000038,8500381,Philippines,Dredging,Port visit,2025-01-24 09:33:00,UTC,+00:00,14.51351,120.69956,23249
DEMO VESSEL 018,548000018,8500185,Philippines,Cargo,Loitering,2025-01-11 08:49:00,Asia/Manila,+08:00,14.4671,120.7474,23611
DEMO VESSEL 027,548000027,8500276,Philippines,Cargo,Loitering,03/01/2025 13:34,Asia/Manila,+08:00,14.52503,120.87765,24338
DEMO VESSEL 017,548000017,8500173,Philippines,Other,Encounter,2025-01-06 07:35:00,UTC,+00:00,14.32489,120.54843,38285
DEMO VESSEL 012,548000012,8500123,Philippines,Dredging,Encounter,16/01/2025 09:43,Asia/Manila,+08:00,14.47648,120.56499,6185
DEMO VESSEL 030,548000030,8500305,Philippines,Cargo,Encounter,2025-01-26 09:10:00,Asia/Manila,+08:00,14.48617,120.68275,26574
DEMO VESSEL 030,548000030,8500305,Philippines,Cargo,Encounter,2025-01-04 10:29:00,UTC,+00:00,14.25968,120.55312,21638
DEMO VESSEL 002,548000002,8500020,Philippines,Cargo,Loitering,2025-01-21 18:37:00,Asia/Manila,+08:00,14.33618,120.37189,3843
DEMO VESSEL 040,548000040,8500408,Philippines,Other,Port visit,11/01/2025 11:37,Asia/Manila,+08:00,14.62935,120.89077,7085
DEMO VESSEL 013,548000013,8500135,Philippines,Other,Encounter,2025-01-05 22:55:00,Asia/Manila,+08:00,14.62217,120.32272,38813
DEMO VESSEL 007,667000007,8500070,Sierra Leone,Cargo,Fishing event,2025-01-08 19:41:00,Asia/Manila,+08:00,14.81085,120.48972,34443
DEMO VESSEL 018 ,548000018,8500185,Philippines,Cargo,Loitering,14/01/2025 14:30,UTC,+00:00,14.62401,120.79602,19812
DEMO VESSEL 023,548000023,8500238,Belize,Cargo,Fishing event,2025-01-26 16:20:00,Asia/Manila,+08:00,14.56236,120.50154,25661
DEMO VESSEL 024,548000024,8500240,Philippines,Cargo,Encounter,2025-01-04 02:08:00,Asia/Manila,+08:00,14.54167,120.7335,6704
DEMO VESSEL 008,548000008,8500082,Belize,Dredging,Loitering,14/01/2025 18:43,Asia/Manila,+08:00,14.81919,120.53093,25984
DEMO VESSEL 001,548000001,8500018,Philippines,Dredging,Fishing event,2025-01-10 14:43:00,UTC,+00:00,14.77635,120.44851,2411
DEMO VESSEL 008,548000008,8500082,Belize,Dredging,Port visit,2025-01-25 05:56:00,UTC,+00:00,14.25103,120.48103,25421
DEMO VESSEL 007,548000007,8500070,Philippines,Cargo,Port visit,2025-01-15 13:09:00,UTC,+00:00,14.44316,120.7883,18518
DEMO VESSEL 026,548000026,8500264,Philippines,Cargo,Encounter,12/01/2025 16:33,Asia/Manila,+08:00,14.60864,120.68865,27657
DEMO VESSEL 037,548000037,8500379,Belize,Cargo,Encounter,2025-01-15 09:46:00,Asia/Manila,+08:00,14.68394,120.72574,28440
DEMO VESSEL 038,548000038,8500381,Philippines,Dredging,Loitering,2025-01-24 23:59:00,Asia/Manila,+08:00,14.83567,120.41832,34544
ais test ship,100900301,,,,Port visit,02/01/2025 16:14,Asia/Manila,+08:00,14.8779,120.62489,27112
DEMO VESSEL 015,548000015,8500159,Philippines,Cargo,Fishing event,2025-01-19 15:42:00,UTC,+00:00,14.42813,120.50099,19458
DEMO VESSEL 040,548000040,8500408,Philippines,Other,Fishing event,2025-01-17 17:44:00,Asia/Manila,+08:00,14.64001,120.31922,26870
DEMO VESSEL 006,548000006,64,Philippines,Dredging,Loitering,2025-01-18 04:25:00,Asia/Manila,+08:00,14.30263,120.69655,22891
DEMO VESSEL 021,548000021,8500214,Belize,Dredging,Fishing event,2025-01-22 22:45:00,UTC,+00:00,14.63847,120.87239,2868
DEMO VESSEL 033,548000033,8500331,Philippines,Cargo,Loitering,2025-01-04 14:46:00,Asia/Manila,+08:00,14.57649,120.6186,20547
DEMO VESSEL 004,548000004,,Philippines,Dredging,Loitering,2025-01-10 02:16:00,Asia/Manila,+08:00,14.75414,120.52773,8157
DEMO VESSEL 021,548000021,8500214,Belize,Dredging,Fishing event,2025-01-08 05:53:00,Asia/Manila,+08:00,14.58566,120.81341,15568
demo vessel 032,548000032,8500329,Philippines,Cargo,Encounter,2025-01-04 00:29:00,UTC,+00:00,14.44543,120.30796,38559
DEMO VESSEL 006,548000006,64,Philippines,Dredging,Fishing event,10/01/2025 10:11,Asia/Manila,+08:00,14.85199,120.66174,17614
DEMO VESSEL 029,548000029,8500290,Philippines,Other,Loitering,2025-01-09 14:52:00,Asia/Manila,+08:00,14.84771,120.32599,19771
DEMO VESSEL 037,548000037,8500379,Belize,Cargo,Port visit,2025-01-22 14:05:00,UTC,+00:00,14.25589,120.54477,30155
DEMO VESSEL 009,548000009,8500094,Belize,Cargo,Port visit,12/01/2025 22:14,Asia/Manila,+08:00,14.80421,120.35297,16324
demo vessel 025,548000025,8500252,Philippines,Dredging,Port visit,2025-01-20 20:08:00,UTC,+00:00,14.55356,120.69108,3573
DEMO VESSEL 002,548000002,8500020,Philippines,Cargo,Fishing event,2025-01-15 20:00:00,Asia/Manila,+08:00,14.38992,120.81125,19468
AIS TEST SHIP,100900301,,,,Fishing event,2025-01-18 19:49:00,UTC,+00:00,14.27972,120.67046,27018
DEMO VESSEL 005,548000005,1234568,Sierra Leone,Dredging,Port visit,10/01/2025 03:27,Asia/Manila,+08:00,14.81616,120.46266,9574
DEMO VESSEL 035 ,548000035,8500355,Philippines,Other,Fishing event,2025-01-18 12:11:00,Asia/Manila,+08:00,14.50347,120.7742,1050
DEMO VESSEL 037,548000037,8500379,Belize,Cargo,Encounter,2025-01-07 13:40:00,Asia/Manila,+08:00,14.78457,120.53975,12492
DEMO VESSEL 020,548000020,8500202,Philippines,Other,Loitering,2025-01-27 20:42:00,UTC,+00:00,14.83709,120.48257,23207
DEMO VESSEL 005,548000005,1234568,Sierra Leone,Dredging,Encounter,14/01/2025 11:41,Asia/Manila,+08:00,14.73693,120.31169,19619
DEMO VESSEL 022,548000022,8500226,Sierra Leone,Dredging,Fishing event,2025-01-04 10:16:00,Asia/Manila,+08:00,14.88032,120.49376,33336
DEMO VESSEL 001,548000001,8500018,Philippines,Dredging,Encounter,2025-01-18 13:26:00,Asia/Manila,+08:00,14.3785,120.49816,6359
DEMO VESSEL 016,548000016,8500161,Philippines,Dredging,Port visit,2025-01-16 16:39:00,Asia/Manila,+08:00,14.84723,120.59925,38895
DEMOVESSEL013,548000013,8500135,Philippines,Other,Port visit,2025-01-13 00:31:00,Asia/Manila,+08:00,14.48141,120.64983,11869
DEMO VESSEL 005,548000005,1234568,Sierra Leone,Dredging,Loitering,2025-01-10 12:12:00,UTC,+00:00,14.22519,120.70314,26985
DEMO VESSEL 002,548000002,8500020,Philippines,Cargo,Encounter,11/01/2025 09:19,Asia/Manila,+08:00,14.80076,120.71091,29339
DEMO VESSEL 006,548000006,64,Philippines,Dredging,Fishing event,2025-01-04 09:09:00,Asia/Manila,+08:00,14.85257,120.88997,31528
DEMOVESSEL007,667000007,8500070,Sierra Leone,Cargo,Loitering,2025-01-22 10:36:00,Asia/Manila,+08:00,14.86601,120.6057,11759
DEMO VESSEL 013,548000013,8500135,Philippines,Other,Fishing event,2025-01-04 16:51:00,Asia/Manila,+08:00,14.8141,120.66897,14333
DEMO VESSEL 032,548000032,8500329,Philippines,Cargo,Loitering,14/01/2025 06:22,Asia/Manila,+08:00,14.5068,120.81559,21970
DEMO VESSEL 006,548000006,64,Philippines,Dredging,Loitering,2025-01-08 04:57:00,Asia/Manila,+08:00,14.23718,120.57905,5419
DEMO VESSEL 032,548000032,8500329,Philippines,Cargo,Loitering,2025-01-02 07:33:00,Asia/Manila,+08:00,14.89404,120.37712,2206
DEMO VESSEL 032,548000032,8500329,Philippines,Cargo,Port visit,04/01/2025 05:06,Asia/Manila,+08:00,14.6425,120.47393,37792
DEMO VESSEL 006,548000006,64,Philippines,Dredging,Encounter,10/01/2025 21:40,Asia/Manila,+08:00,14.40396,120.42278,13035
DEMO VESSEL 023,548000023,8500238,Belize,Cargo,Loitering,23/01/2025 12:46,UTC,+00:00,14.32108,120.85464,27678
DEMO VESSEL 026,548000026,8500264,Philippines,Cargo,Loitering,2025-01-21 20:42:00,Asia/Manila,+08:00,14.43141,120.63158,31439
DEMO VESSEL 026,548000026,8500264,Philippines,Cargo,Loitering,11/01/2025 07:51,Asia/Manila,+08:00,14.28113,120.65456,18795
DEMO VESSEL 028,548000028,8500288,Philippines,Other,Encounter,02/01/2025 23:20,UTC,+00:00,14.55617,120.54471,5907
DEMO VESSEL 014,548000014,8500147,Philippines,Cargo,Fishing event,19/01/2025 23:21,Asia/Manila,+08:00,14.82599,120.69228,23485
DEMO VESSEL 019,548000019,8500197,Philippines,Cargo,Loitering,2025-01-07 11:16:00,UTC,+00:00,14.85374,120.77993,37677
DEMO VESSEL 030,548000030,8500305,Philippines,Cargo,Port visit,2025-01-23 21:02:00,Asia/Manila,+08:00,14.41195,120.68638,33335
DEMOVESSEL037,548000037,8500379,Belize,Cargo,Loitering,2025-01-03 17:00:00,UTC,+00:00,14.85682,120.60582,23269
DEMO VESSEL 023,548000023,8500238,Belize,Cargo,Loitering,19/01/2025 03:56,UTC,+00:00,14.80636,120.55998,10953
DEMO VESSEL 017,548000017,8500173,Philippines,Other,Port visit,2025-01-11 18:30:00,Asia/Manila,+08:00,14.35036,120.76629,33149
DEMO VESSEL 013,548000013,8500135,Philippines,Other,Port visit,2025-01-24 15:51:00,Asia/Manila,+08:00,14.21743,120.46341,16521
DEMO VESSEL 012,548000012,8500123,Philippines,Dredging,Encounter,2025-01-01 15:06:00,Asia/Manila,+08:00,14.20623,120.31586,3482
DEMO VESSEL 004,548000004,,Philippines,Dredging,Port visit,2025-01-01 06:34:00,UTC,+00:00,14.71655,120.6315,28462
DEMO VESSEL 018,548000018,8500185,Philippines,Cargo,Encounter,23/01/2025 04:40,Asia/Manila,+08:00,14.40856,120.38739,16019
DEMO VESSEL 007,548000007,8500070,Philippines,Cargo,Fishing event,2025-01-03 15:33:00,Asia/Manila,+08:00,14.38327,120.57157,25825
DEMO VESSEL 039,548000039,8500393,Philippines,Dredging,Encounter,2025-01-02 21:28:00,UTC,+00:00,14.66166,120.77872,20350
DEMO VESSEL 001,548000001,8500018,Philippines,Dredging,Loitering,2025-01-11 02:32:00,Asia/Manila,+08:00,14.53979,120.62354,16225
DEMO VESSEL 013 ,548000013,8500135,Philippines,Other,Encounter,02/01/2025 09:09,Asia/Manila,+08:00,14.55707,120.56585,9297
DEMO VESSEL 036,548000036,8500367,Sierra Leone,Cargo,Encounter,09/01/2025 15:05,Asia/Manila,+08:00,14.59529,120.31967,30174
DEMO VESSEL 002,548000002,8500020,Philippines,Cargo,Encounter,2025-01-01 23:16:00,Asia/Manila,+08:00,14.74665,120.82207,38860
DEMO VESSEL 008,548000008,8500082,Belize,Dredging,Loitering,2025-01-11 19:45:00,Asia/Manila,+08:00,14.32786,120.5021,28259
DEMO VESSEL 003,548000003,8500032,Philippines,Cargo,Encounter,05/01/2025 15:55,Asia/Manila,+08:00,14.84837,120.46976,34180
DEMO VESSEL 019,548000019,8500197,Philippines,Cargo,Fishing event,2025-01-16 05:52:00,Asia/Manila,+08:00,14.76332,120.36153,33004
DEMO VESSEL 027,548000027,8500276,Philippines,Cargo,Loitering,2025-01-14 03:08:00,UTC,+00:00,14.53334,120.44937,32022
DEMO VESSEL 022 ,548000022,8500226,Sierra Leone,Dredging,Encounter,2025-01-20 11:11:00,Asia/Manila,+08:00,14.27162,120.46477,12203
DEMO VESSEL 011,548000011,8500111,Philippines,Other,Loitering,2025-01-17 05:44:00,Asia/Manila,+08:00,14.46392,120.69641,37184
DEMO VESSEL 010,548000010,8500109,Belize,Other,Fishing event,14/01/2025 22:06,UTC,+00:00,14.7986,120.31335,5870
DEMO VESSEL 025,548000025,8500252,Philippines,Dredging,Encounter,11/01/2025 22:56,Asia/Manila,+08:00,14.40284,120.51288,1741
DEMO VESSEL 040 ,548000040,8500408,Philippines,Other,Port visit,2025-01-07 16:00:00,Asia/Manila,+08:00,14.76096,120.68448,13112
DEMO VESSEL 013,548000013,8500135,Philippines,Other,Loitering,2025-01-25 11:15:00,UTC,+00:00,14.62036,120.30334,20932
DEMO VESSEL 018,548000018,8500185,Philippines,Cargo,Port visit,2025-01-08 03:44:00,UTC,+00:00,14.50002,120.69477,2994
DEMO VESSEL 015,548000015,8500159,Philippines,Cargo,Encounter,2025-01-07 19:48:00,Asia/Manila,+08:00,14.45669,120.7443,12634
AIS TEST SHIP,100900301,,,,Port visit,2025-01-25 12:53:00,Asia/Manila,+08:00,14.40697,120.6602,7456
DEMO VESSEL 013,548000013,8500135,Philippines,Other,Loitering,2025-01-23 09:35:00,UTC,+00:00,14.25727,120.55106,8562
DEMO VESSEL 021,548000021,8500214,Belize,Dredging,Port visit,2025-01-07 17:53:00,Asia/Manila,+08:00,14.67995,120.40895,37897
DEMO VESSEL 026,548000026,8500264,Philippines,Cargo,Fishing event,2025-01-26 05:46:00,Asia/Manila,+08:00,14.86436,120.46645,31231
DEMO VESSEL 005,548000005,1234568,Sierra Leone,Dredging,Fishing event,2025-01-09 23:48:00,UTC,+00:00,14.43304,120.31882,37894
DEMO VESSEL 036,548000036,8500367,Sierra Leone,Cargo,Encounter,2025-01-07 10:17:00,Asia/Manila,+08:00,14.68467,120.48837,34371
DEMO VESSEL 023,548000023,8500238,Belize,Cargo,Encounter,2025-01-21 04:30:00,UTC,+00:00,14.71087,120.47756,25991
DEMO VESSEL 008,548000008,8500082,Belize,Dredging,Loitering,2025-01-10 19:47:00,UTC,+00:00,14.86218,120.598,3764
DEMO VESSEL 039,548000039,8500393,Philippines,Dredging,Fishing event,2025-01-07 20:18:00,Asia/Manila,+08:00,14.75314,120.49737,34754
demo vessel 015,548000015,8500159,Philippines,Cargo,Encounter,27/01/2025 10:07,Asia/Manila,+08:00,14.52664,120.40224,19235
DEMO VESSEL 022,548000022,8500226,Sierra Leone,Dredging,Loitering,25/01/2025 07:34,Asia/Manila,+08:00,14.60516,120.84799,2860
DEMO VESSEL 009,548000009,8500094,Belize,Cargo,Port visit,2025-01-03 22:59:00,Asia/Manila,+08:00,14.50857,120.83516,37764
DEMO VESSEL 003 ,548000003,8500032,Philippines,Cargo,Port visit,14/01/2025 00:00,Asia/Manila,+08:00,14.67597,120.3379,11247
DEMO VESSEL 014,548000014,8500147,Philippines,Cargo,Loitering,2025-01-24 16:05:00,Asia/Manila,+08:00,14.88578,120.84245,11309
DEMO VESSEL 018,548000018,8500185,Philippines,Cargo,Loitering,2025-01-26 11:23:00,Asia/Manila,+08:00,14.4551,120.61332,27514
DEMO VESSEL 009,548000009,8500094,Belize,Cargo,Fishing event,2025-01-20 13:31:00,Asia/Manila,+08:00,14.63311,120.47413,20512
DEMO VESSEL 040,548000040,8500408,Philippines,Other,Encounter,2025-01-27 08:31:00,Asia/Manila,+08:00,14.28612,120.64233,18136
DEMO VESSEL 030,548000030,8500305,Philippines,Cargo,Loitering,2025-01-25 06:00:00,Asia/Manila,+08:00,14.66178,120.81452,11623
DEMO VESSEL 032,548000032,8500329,Philippines,Cargo,Fishing event,2025-01-22 15:52:00,Asia/Manila,+08:00,14.33372,120.62962,20655
DEMO VESSEL 025,548000025,8500252,Philippines,Dredging,Fishing event,2025-01-16 17:27:00,UTC,+00:00,14.67843,120.52062,13728
DEMO VESSEL 017,548000017,8500173,Philippines,Other,Fishing event,2025-01-05 16:31:00,Asia/Manila,+08:00,14.21006,120.39592,549
DEMOVESSEL017,548000017,8500173,Philippines,Other,Port visit,03/01/2025 23:21,Asia/Manila,+08:00,14.36421,120.89688,26003
DEMO VESSEL 006,548000006,64,Philippines,Dredging,Encounter,2025-01-03 12:33:00,Asia/Manila,+08:00,14.39547,120.47582,3860
DEMO VESSEL 025,548000025,8500252,Philippines,Dredging,Fishing event,2025-01-17 20:57:00,Asia/Manila,+08:00,14.3334,120.34474,23392
DEMO VESSEL 013,548000013,8500135,Philippines,Other,Loitering,08/01/2025 06:44,Asia/Manila,+08:00,14.45926,120.34383,9779
DEMO VESSEL 022,548000022,8500226,Sierra Leone,Dredging,Encounter,2025-01-21 02:36:00,UTC,+00:00,14.79561,120.50989,23999
DEMO VESSEL 034,548000034,8500343,Belize,Cargo,Fishing event,2025-01-11 19:28:00,Asia/Manila,+08:00,14.66836,120.71823,3466
DEMO VESSEL 027,548000027,8500276,Philippines,Cargo,Port visit,2025-01-06 23:06:00,Asia/Manila,+08:00,14.23492,120.60532,30380
DEMO VESSEL 039,548000039,8500393,Philippines,Dredging,Loitering,2025-01-01 12:43:00,Asia/Manila,+08:00,14.33593,120.73905,38355
DEMO VESSEL 038,548000038,8500381,Philippines,Dredging,Port visit,2025-01-13 01:20:00,UTC,+00:00,14.35646,120.79039,4489
DEMO VESSEL 011,548000011,8500111,Philippines,Other,Port visit,27/01/2025 13:24,Asia/Manila,+08:00,14.8677,120.7307,27154
DEMO VESSEL 018,548000018,8500185,Philippines,Cargo,Loitering,2025-01-18 08:00:00,Asia/Manila,+08:00,14.7196,120.40832,25929
DEMO VESSEL 015,548000015,8500159,Philippines,Cargo,Fishing event,2025-01-13 05:20:00,Asia/Manila,+08:00,14.42635,120.50412,37331
DEMO VESSEL 039,548000039,8500393,Philippines,Dredging,Port visit,27/01/2025 19:52,Asia/Manila,+08:00,14.48893,120.77284,31931
DEMO VESSEL 004,548000004,,Philippines,Dredging,Port visit,2025-01-22 11:34:00,Asia/Manila,+08:00,14.44481,120.34649,13672
AIS TEST SHIP,100900301,,,,Loitering,2025-01-07 14:18:00,Asia/Manila,+08:00,14.24267,120.67458,39028
DEMO VESSEL 020,548000020,8500202,Philippines,Other,Port visit,2025-01-19 20:19:00,Asia/Manila,+08:00,14.81012,120.51643,22223
DEMO VESSEL 038,548000038,8500381,Philippines,Dredging,Encounter,2025-01-02 12:51:00,Asia/Manila,+08:00,14.49955,120.76387,6088
DEMOVESSEL007,667000007,8500070,Sierra Leone,Cargo,Fishing event,2025-01-01 02:36:00,Asia/Manila,+08:00,14.81493,120.56272,22460
DEMO VESSEL 006,548000006,64,Philippines,Dredging,Loitering,2025-01-02 08:48:00,UTC,+00:00,14.85781,120.8309,23192
DEMO VESSEL 011,548000011,8500111,Philippines,Other,Port visit,2025-01-12 01:09:00,Asia/Manila,+08:00,14.59574,120.39808,2447
DEMOVESSEL035,548000035,8500355,Philippines,Other,Fishing event,24/01/2025 18:12,Asia/Manila,+08:00,14.34366,120.81135,33602
DEMO VESSEL 011,548000011,8500111,Philippines,Other,Fishing event,2025-01-17 14:00:00,Asia/Manila,+08:00,14.6845,120.76767,24352
DEMO VESSEL 006,548000006,64,Philippines,Dredging,Loitering,2025-01-13 20:11:00,Asia/Manila,+08:00,14.68685,120.82981,25265
