Vessel Name,MMSI,IMO,Flag,Type,Event,Start Date Time,Time Zone,Offset,Latitude,Longitude,Event Duration (s)
DEMO VESSEL 007,548000007,8500070,Philippines,Cargo,Port visit,02/06/2025 00:10,UTC,+00:00,14.68975,120.33046,23042
DEMO VESSEL 036,548000036,8500367,Sierra Leone,Cargo,Port visit,27/06/2025 17:03,Asia/Manila,+08:00,14.73926,120.45731,2343
DEMO VESSEL 011,548000011,8500111,Philippines,Other,Encounter,22/06/2025 21:17,Asia/Manila,+08:00,14.75426,120.35084,36748
DEMO VESSEL 005,548000005,1234568,Sierra Leone,Dredging,Encounter,2025-05-20 06:44:00,UTC,+00:00,0.0,0.0,8014
DEMO VESSEL 033,548000033,8500331,Philippines,Cargo,Loitering,24/06/2025 12:17,Asia/Manila,+08:00,14.69539,120.69371,930
DEMO VESSEL 018,548000018,8500185,Philippines,Cargo,Fishing event,2025-06-17 13:22:00,Asia/Manila,+08:00,14.38943,120.77795,32757
DEMO VESSEL 016,548000016,8500161,Philippines,Dredging,Encounter,2025-06-15 22:56:00,Asia/Manila,+08:00,14.47984,120.38808,7158
DEMO VESSEL 016,548000016,8500161,Philippines,Dredging,Port visit,2025-06-07 22:53:00,UTC,+00:00,14.61965,120.84016,4188
demo vessel 020,548000020,8500202,Philippines,Other,Encounter,22/06/2025 19:13,Asia/Manila,+08:00,14.66833,120.70851,18558
DEMO VESSEL 021,548000021,8500214,Belize,Dredging,Port visit,2025-06-16 18:37:00,UTC,+00:00,14.84475,120.5083,18483
demo vessel 037,548000037,8500379,Belize,Cargo,Port visit,19/06/2025 19:07,Asia/Manila,+08:00,14.21992,120.33397,35605
DEMO VESSEL 013,548000013,8500135,Philippines,Other,Port visit,2025-06-15 06:27:00,Asia/Manila,+08:00,14.68307,120.30434,31705
DEMO VESSEL 007,548000007,8500070,Philippines,Cargo,Fishing event,2025-06-19 04:01:00,UTC,+00:00,14.47956,120.62564,24475
DEMO VESSEL 015,548000015,8500159,Philippines,Cargo,Fishing event,2025-06-18 15:20:00,Asia/Manila,+08:00,14.24872,120.47973,17127
DEMO VESSEL 001,548000001,8500018,Philippines,Dredging,Encounter,2025-06-22 23:43:00,Asia/Manila,+08:00,14.33458,120.44791,19240
DEMO VESSEL 021,548000021,8500214,Belize,Dredging,Port visit,2025-06-22 23:28:00,Asia/Manila,+08:00,14.40951,120.35266,29689
DEMO VESSEL 035,548000035,8500355,Philippines,Other,Loitering,2025-06-22 11:48:00,Asia/Manila,+08:00,14.59413,120.65457,12283
DEMOVESSEL036,548000036,8500367,Sierra Leone,Cargo,Fishing event,2025-06-16 22:06:00,Asia/Manila,+08:00,14.30885,120.39622,37693
demo vessel 020,548000020,8500202,Philippines,Other,Loitering,2025-06-08 07:02:00,Asia/Manila,+08:00,14.20778,120.57613,27790
DEMO VESSEL 011 ,548000011,8500111,Philippines,Other,Loitering,25/06/2025 06:15,UTC,+00:00,14.53748,120.44517,36817
DEMO VESSEL 017,548000017,8500173,Philippines,Other,Encounter,2025-06-13 20:32:00,Asia/Manila,+08:00,14.78366,120.3027,18087
DEMO VESSEL 032,548000032,8500329,Philippines,Cargo,Fishing event,2025-06-25 15:03:00,Asia/Manila,+08:00,14.71587,120.80585,9875
DEMO VESSEL 004,548000004,,Philippines,Dredging,Port visit,2025-06-25 23:30:00,Asia/Manila,+08:00,14.73634,120.72683,13793
DEMO VESSEL 002,548000002,8500020,Philippines,Cargo,Fishing event,2025-06-10 10:29:00,Asia/Manila,+08:00,14.44381,120.35857,19978
DEMO VESSEL 030,548000030,8500305,Philippines,Cargo,Loitering,2025-06-04 11:29:00,Asia/Manila,+08:00,14.81314,120.33765,10221
DEMO VESSEL 027,548000027,8500276,Philippines,Cargo,Fishing event,2025-06-08 16:23:00,Asia/Manila,+08:00,14.55012,120.89097,14700
DEMO VESSEL 012,548000012,8500123,Philippines,Dredging,Encounter,2025-06-11 20:15:00,UTC,+00:00,14.69705,120.34979,5169
DEMO VESSEL 039,548000039,8500393,Philippines,Dredging,Loitering,2025-06-05 15:25:00,Asia/Manila,+08:00,14.63857,120.83294,26725
DEMO VESSEL 037,548000037,8500379,Belize,Cargo,Loitering,2025-06-21 22:53:00,UTC,+00:00,14.42811,120.61077,25171
DEMO VESSEL 014,548000014,8500147,Philippines,Cargo,Loitering,2025-06-20 09:55:00,Asia/Manila,+08:00,14.31624,120.64645,38941
DEMO VESSEL 014,548000014,8500147,Philippines,Cargo,Fishing event,08/06/2025 21:37,Asia/Manila,+08:00,14.26636,120.60108,35634
DEMOVESSEL002,548000002,8500020,Philippines,Cargo,Fishing event,2025-05-27 04:57:00,Asia/Manila,+08:00,14.82044,120.34588,38434
DEMO VESSEL 034,548000034,8500343,Belize,Cargo,Port visit,2025-06-13 14:47:00,UTC,+00:00,14.44204,120.47074,20665
DEMO VESSEL 015,548000015,8500159,Philippines,Cargo,Encounter,2025-06-02 05:58:00,Asia/Manila,+08:00,14.34802,120.6149,1216
DEMO VESSEL 029,548000029,8500290,Philippines,Other,Encounter,2025-06-11 16:59:00,UTC,+00:00,14.2571,120.88521,36508
DEMO VESSEL 022,548000022,8500226,Sierra Leone,Dredging,Encounter,08/06/2025 16:21,Asia/Manila,+08:00,14.38366,120.52393,38439
DEMO VESSEL 030,548000030,8500305,Philippines,Cargo,Fishing event,06/06/2025 06:48,Asia/Manila,+08:00,14.78472,120.71536,11980
DEMO VESSEL 015,548000015,8500159,Philippines,Cargo,Fishing event,23/06/2025 21:08,Asia/Manila,+08:00,14.33886,120.32692,38725
DEMO VESSEL 036,548000036,8500367,Sierra Leone,Cargo,Loitering,2025-06-27 16:18:00,Asia/Manila,+08:00,14.46522,120.59019,19402
DEMO VESSEL 018,548000018,8500185,Philippines,Cargo,Port visit,18/06/2025 12:55,UTC,+00:00,14.72411,120.72754,3061
DEMO VESSEL 026,548000026,8500264,Philippines,Cargo,Encounter,2025-06-01 20:45:00,Asia/Manila,+08:00,14.48889,120.75082,39934
DEMO VESSEL 027,548000027,8500276,Philippines,Cargo,Fishing event,2025-06-18 16:29:00,Asia/Manila,+08:00,14.62932,120.87672,36147
DEMO VESSEL 021,548000021,8500214,Belize,Dredging,Loitering,2025-06-25 01:50:00,UTC,+00:00,14.36365,120.43424,33826
DEMO VESSEL 027,548000027,8500276,Philippines,Cargo,Fishing event,2025-06-15 09:56:00,Asia/Manila,+08:00,14.38261,120.50688,28733
DEMO VESSEL 008,548000008,8500082,Belize,Dredging,Port visit,2025-06-23 23:56:00,Asia/Manila,+08:00,14.23844,120.36926,25753
DEMO VESSEL 031,548000031,8500317,Philippines,Cargo,Port visit,2025-06-09 19:18:00,Asia/Manila,+08:00,14.5231,120.46288,9516
DEMO VESSEL 037,548000037,8500379,Belize,Cargo,Fishing event,2025-06-02 05:58:00,UTC,+00:00,14.66166,120.61267,15924
DEMO VESSEL 032,548000032,8500329,Philippines,Cargo,Loitering,20/06/2025 22:42,Asia/Manila,+08:00,14.44996,120.35598,37456
DEMO VESSEL 007,548000007,8500070,Philippines,Cargo,Encounter,2025-06-09 05:52:00,Asia/Manila,+08:00,14.69723,120.47127,26877
AIS TEST SHIP,100900301,,,,Fishing event,2025-06-17 19:57:00,Asia/Manila,+08:00,14.71899,120.77448,12395
DEMO VESSEL 035,548000035,8500355,Philippines,Other,Fishing event,2025-06-19 11:09:00,Asia/Manila,+08:00,14.47419,120.78929,29423
DEMO VESSEL 024,548000024,8500240,Philippines,Cargo,Port visit,2025-06-03 09:25:00,Asia/Manila,+08:00,14.66628,120.62216,30268
DEMO VESSEL 033,548000033,8500331,Philippines,Cargo,Loitering,2025-06-02 12:31:00,UTC,+00:00,14.41501,120.54326,30583
DEMO VESSEL 036,548000036,8500367,Sierra Leone,Cargo,Port visit,2025-06-16 16:18:00,UTC,+00:00,14.7303,120.41923,653
DEMO VESSEL 022,548000022,8500226,Sierra Leone,Dredging,Encounter,03/06/2025 06:54,Asia/Manila,+08:00,14.72012,120.53772,39239
DEMO VESSEL 018,548000018,8500185,Philippines,Cargo,Fishing event,08/06/2025 05:50,Asia/Manila,+08:00,14.72151,120.85624,19989
DEMO VESSEL 011,548000011,8500111,Philippines,Other,Encounter,2025-06-22 19:37:00,UTC,+00:00,14.35916,120.57322,32338
DEMO VESSEL 017,548000017,8500173,Philippines,Other,Port visit,2025-06-15 07:42:00,UTC,+00:00,14.20388,120.56682,23209
DEMO VESSEL 039,548000039,8500393,Philippines,Dredging,Encounter,2025-06-12 01:29:00,UTC,+00:00,14.70197,120.70749,1642
demo vessel 040,548000040,8500408,Philippines,Other,Fishing event,2025-06-21 12:11:00,Asia/Manila,+08:00,14.34099,120.67028,17597
DEMO VESSEL 039,548000039,8500393,Philippines,Dredging,Loitering,2025-06-15 13:32:00,Asia/Manila,+08:00,14.2654,120.53811,26032
DEMO VESSEL 025,548000025,8500252,Philippines,Dredging,Fishing event,2025-06-27 03:11:00,Asia/Manila,+08:00,14.296,120.79464,21924
DEMOVESSEL002,548000002,8500020,Philippines,Cargo,Loitering,27/06/2025 13:26,Asia/Manila,+08:00,14.3587,120.69167,3847
DEMO VESSEL 027,548000027,8500276,Philippines,Cargo,Fishing event,12/06/2025 21:57,UTC,+00:00,14.6259,120.89112,12811
DEMO VESSEL 002,548000002,8500020,Philippines,Cargo,Port visit,05/06/2025 21:46,Asia/Manila,+08:00,14.52399,120.51524,5672
DEMO VESSEL 015,548000015,8500159,Philippines,Cargo,Encounter,2025-06-03 06:54:00,Asia/Manila,+08:00,14.49079,120.409,25736
DEMO VESSEL 001,548000001,8500018,Philippines,Dredging,Port visit,2025-06-23 13:26:00,Asia/Manila,+08:00,14.32872,120.62276,30644
DEMO VESSEL 007,667000007,8500070,Sierra Leone,Cargo,Encounter,27/06/2025 14:56,Asia/Manila,+08:00,14.46673,120.55293,24053
DEMO VESSEL 016,548000016,8500161,Philippines,Dredging,Encounter,04/06/2025 12:28,UTC,+00:00,14.50492,120.54801,35800
DEMO VESSEL 031,548000031,8500317,Philippines,Cargo,Port visit,2025-06-09 04:25:00,Asia/Manila,+08:00,14.39495,120.37557,33275
DEMO VESSEL 036,548000036,8500367,Sierra Leone,Cargo,Fishing event,2025-06-25 01:11:00,Asia/Manila,+08:00,14.61996,120.36916,22425
DEMO VESSEL 032,548000032,8500329,Philippines,Cargo,Fishing event,2025-06-18 08:38:00,Asia/Manila,+08:00,14.5848,120.53033,17923
DEMO VESSEL 003,548000003,8500032,Philippines,Cargo,Loitering,2025-06-14 14:10:00,Asia/Manila,+08:00,14.23124,120.31603,25279
DEMO VESSEL 004,548000004,,Philippines,Dredging,Encounter,2025-06-16 00:15:00,UTC,+00:00,14.72106,120.41631,36011
DEMOVESSEL022,548000022,8500226,Sierra Leone,Dredging,Loitering,2025-06-05 02:00:00,Asia/Manila,+08:00,14.73284,120.60263,5073
DEMO VESSEL 029,548000029,8500290,Philippines,Other,Loitering,2025-06-20 04:48:00,Asia/Manila,+08:00,14.24525,120.62617,10237
DEMO VESSEL 038,548000038,8500381,Philippines,Dredging,Fishing event,2025-06-08 23:15:00,UTC,+00:00,14.59252,120.75251,28828
DEMO VESSEL 038,548000038,8500381,Philippines,Dredging,Loitering,2025-06-03 21:19:00,Asia/Manila,+08:00,14.55085,120.86391,25142
AIS TEST SHIP,100900301,,,,Loitering,2025-06-20 06:08:00,Asia/Manila,+08:00,14.83992,120.798,3729
DEMO VESSEL 034,548000034,8500343,Belize,Cargo,Encounter,2025-06-07 13:06:00,Asia/Manila,+08:00,14.78907,120.70155,12210
DEMO VESSEL 035,548000035,8500355,Philippines,Other,Loitering,2025-06-12 16:35:00,Asia/Manila,+08:00,14.35288,120.39747,20727
DEMO VESSEL 024,548000024,8500240,Philippines,Cargo,Fishing event,2025-06-24 22:03:00,UTC,+00:00,14.37376,120.59813,6913
DEMO VESSEL 019,548000019,8500197,Philippines,Cargo,Fishing event,2025-06-03 03:23:00,Asia/Manila,+08:00,14.29614,120.89864,20642
DEMO VESSEL 009,548000009,8500094,Belize,Cargo,Fishing event,2025-06-26 00:34:00,Asia/Manila,+08:00,14.36827,120.3845,2391
DEMO VESSEL 003,548000003,8500032,Philippines,Cargo,Encounter,2025-06-18 00:30:00,UTC,+00:00,14.52846,120.74029,19253
DEMO VESSEL 020,548000020,8500202,Philippines,Other,Loitering,2025-06-07 06:10:00,UTC,+00:00,14.55329,120.78896,33174
DEMO VESSEL 021,548000021,8500214,Belize,Dredging,Fishing event,2025-06-01 10:36:00,Asia/Manila,+08:00,14.50144,120.31235,4060
DEMO VESSEL 024,548000024,8500240,Philippines,Cargo,Port visit,2025-06-13 17:15:00,Asia/Manila,+08:00,14.26844,120.61551,30301
AIS TEST SHIP,100900301,,,,Loitering,2025-06-19 04:39:00,UTC,+00:00,14.27475,120.89065,28789
DEMO VESSEL 040,548000040,8500408,Philippines,Other,Encounter,18/06/2025 04:16,Asia/Manila,+08:00,14.61463,120.6056,37490
DEMO VESSEL 034,548000034,8500343,Belize,Cargo,Port visit,2025-06-17 23:10:00,Asia/Manila,+08:00,14.69276,120.67296,23703
DEMO VESSEL 005,548000005,1234568,Sierra Leone,Dredging,Encounter,2025-06-07 20:55:00,UTC,+00:00,14.35039,120.67279,34017
DEMOVESSEL001,548000001,8500018,Philippines,Dredging,Fishing event,2025-06-01 13:03:00,UTC,+00:00,14.36504,120.89672,22273
DEMO VESSEL 032,548000032,8500329,Philippines,Cargo,Fishing event,2025-06-21 07:02:00,UTC,+00:00,14.89474,120.3108,36205
DEMO VESSEL 032,548000032,8500329,Philippines,Cargo,Port visit,2025-06-05 17:20:00,Asia/Manila,+08:00,14.42016,120.60812,1982
DEMO VESSEL 004,548000004,,Philippines,Dredging,Encounter,2025-06-23 17:41:00,Asia/Manila,+08:00,14.76631,120.56164,11635
DEMO VESSEL 007,667000007,8500070,Sierra Leone,Cargo,Port visit,2025-06-04 23:58:00,Asia/Manila,+08:00,14.22526,120.66039,14345
DEMO VESSEL 007,548000007,8500070,Philippines,Cargo,Encounter,2025-06-04 14:37:00,UTC,+00:00,14.648,120.83086,24962
DEMO VESSEL 010,548000010,8500109,Belize,Other,Port visit,11/06/2025 21:06,UTC,+00:00,14.30927,120.74956,36323
DEMO VESSEL 030,548000030,8500305,Philippines,Cargo,Port visit,04/06/2025 05:30,Asia/Manila,+08:00,14.54233,120.72693,34341
DEMO VESSEL 037,548000037,8500379,Belize,Cargo,Port visit,2025-06-16 15:09:00,Asia/Manila,+08:00,14.524,120.67174,27118
DEMO VESSEL 011,548000011,8500111,Philippines,Other,Fishing event,2025-06-11 00:30:00,UTC,+00:00,14.64628,120.56798,15287
DEMO VESSEL 040,548000040,8500408,Philippines,Other,Fishing event,14/06/2025 07:23,Asia/Manila,+08:00,14.68174,120.56504,5341
DEMO VESSEL 005,548000005,1234568,Sierra Leone,Dredging,Port visit,25/06/2025 05:54,UTC,+00:00,14.43363,120.66984,21044
demo vessel 018,548000018,8500185,Philippines,Cargo,Encounter,25/06/2025 02:53,UTC,+00:00,14.30488,120.48959,33612
DEMO VESSEL 033,548000033,8500331,Philippines,Cargo,Fishing event,2025-06-12 20:46:00,Asia/Manila,+08:00,14.45661,120.33247,5677
DEMO VESSEL 002,548000002,8500020,Philippines,Cargo,Encounter,2025-06-10 14:51:00,Asia/Manila,+08:00,14.62177,120.83186,36579
DEMO VESSEL 018,548000018,8500185,Philippines,Cargo,Port visit,2025-06-11 02:35:00,Asia/Manila,+08:00,14.70273,120.77403,21103
demo vessel 020,548000020,8500202,Philippines,Other,Encounter,2025-06-04 21:20:00,Asia/Manila,+08:00,14.4391,120.42793,13656
DEMO VESSEL 028 ,548000028,8500288,Philippines,Other,Fishing event,01/06/2025 19:05,UTC,+00:00,14.63134,120.82294,21658
DEMO VESSEL 036,548000036,8500367,Sierra Leone,Cargo,Loitering,2025-06-15 17:34:00,Asia/Manila,+08:00,14.52026,120.63593,4490
DEMO VESSEL 011,548000011,8500111,Philippines,Other,Loitering,08/06/2025 12:02,UTC,+00:00,14.21492,120.46854,39585
DEMO VESSEL 007,548000007,8500070,Philippines,Cargo,Encounter,24/06/2025 12:53,Asia/Manila,+08:00,14.71519,120.30074,8701
DEMOVESSEL038,548000038,8500381,Philippines,Dredging,Encounter,2025-06-06 00:49:00,Asia/Manila,+08:00,14.38486,120.73766,19121
DEMO VESSEL 010,548000010,8500109,Belize,Other,Fishing event,08/06/2025 10:11,Asia/Manila,+08:00,14.29109,120.54697,2712
DEMO VESSEL 033,548000033,8500331,Philippines,Cargo,Port visit,2025-06-26 12:20:00,Asia/Manila,+08:00,14.74049,120.4172,30985
DEMO VESSEL 021 ,548000021,8500214,Belize,Dredging,Encounter,2025-06-20 04:07:00,UTC,+00:00,14.38599,120.8746,35235
DEMOVESSEL010,548000010,8500109,Belize,Other,Port visit,2025-06-06 22:51:00,Asia/Manila,+08:00,14.89709,120.83075,34117
DEMO VESSEL 027,548000027,8500276,Philippines,Cargo,Port visit,2025-06-14 09:33:00,UTC,+00:00,14.30681,120.728,7301
DEMOVESSEL019,548000019,8500197,Philippines,Cargo,Encounter,2025-06-21 21:44:00,UTC,+00:00,14.80658,120.62651,16269
DEMO VESSEL 019,548000019,8500197,Philippines,Cargo,Encounter,2025-06-21 08:41:00,Asia/Manila,+08:00,14.71068,120.73205,15614
DEMO VESSEL 002,548000002,8500020,Philippines,Cargo,Port visit,2025-06-25 16:12:00,Asia/Manila,+08:00,14.63868,120.44929,7031
demo vessel 011,548000011,8500111,Philippines,Other,Encounter,2025-06-16 04:48:00,Asia/Manila,+08:00,14.66297,120.58344,2090
DEMO VESSEL 006,548000006,64,Philippines,Dredging,Port visit,2025-06-02 13:25:00,UTC,+00:00,14.53122,120.31836,32184
DEMO VESSEL 022,548000022,8500226,Sierra Leone,Dredging,Loitering,2025-06-18 11:32:00,Asia/Manila,+08:00,14.7627,120.89476,38755
DEMO VESSEL 030,548000030,8500305,Philippines,Cargo,Port visit,2025-06-07 16:10:00,Asia/Manila,+08:00,14.26341,120.73113,36284
DEMO VESSEL 014,548000014,8500147,Philippines,Cargo,Port visit,22/06/2025 07:26,Asia/Manila,+08:00,14.54491,120.32495,2204
DEMO VESSEL 011,548000011,8500111,Philippines,Other,Loitering,2025-06-23 23:14:00,Asia/Manila,+08:00,14.37775,120.75726,7513
AIS TEST SHIP,100900301,,,,Fishing event,2025-06-17 10:31:00,Asia/Manila,+08:00,14.23697,120.56696,29235
DEMO VESSEL 030,548000030,8500305,Philippines,Cargo,Fishing event,2025-06-11 13:12:00,UTC,+00:00,14.227,120.61218,15176
DEMO VESSEL 036,548000036,8500367,Sierra Leone,Cargo,Fishing event,10/06/2025 05:44,UTC,+00:00,14.20268,120.61041,33459
DEMO VESSEL 004,548000004,,Philippines,Dredging,Encounter,2025-06-10 03:06:00,Asia/Manila,+08:00,14.73932,120.37818,15914
DEMO VESSEL 009,548000009,8500094,Belize,Cargo,Port visit,12/05/2025 05:59,Asia/Manila,+08:00,14.42551,120.62269,3320
DEMO VESSEL 007,667000007,8500070,Sierra Leone,Cargo,Port visit,2025-06-24 09:11:00,Asia/Manila,+08:00,14.48038,120.62892,23524
DEMO VESSEL 013,548000013,8500135,Philippines,Other,Encounter,20/06/2025 12:51,Asia/Manila,+08:00,14.56277,120.69349,29307
DEMO VESSEL 034,548000034,8500343,Belize,Cargo,Loitering,2025-06-25 22:56:00,Asia/Manila,+08:00,14.89243,120.49982,1273
DEMO VESSEL 008,548000008,8500082,Belize,Dredging,Fishing event,2025-06-12 00:40:00,Asia/Manila,+08:00,14.87074,120.50444,1783
DEMO VESSEL 013,548000013,8500135,Philippines,Other,Port visit,2025-06-12 11:38:00,Asia/Manila,+08:00,14.43285,120.60647,10297
DEMO VESSEL 005,548000005,1234568,Sierra Leone,Dredging,Encounter,04/06/2025 05:27,UTC,+00:00,14.25601,120.30417,13250
DEMO VESSEL 013,548000013,8500135,Philippines,Other,Loitering,2025-06-19 18:09:00,UTC,+00:00,14.35215,120.56226,19204
DEMO VESSEL 016,548000016,8500161,Philippines,Dredging,Encounter,21/06/2025 01:09,Asia/Manila,+08:00,14.76124,120.77154,37200
DEMO VESSEL 016,548000016,8500161,Philippines,Dredging,Fishing event,2025-06-10 07:41:00,Asia/Manila,+08:00,14.48127,120.48677,4063
DEMO VESSEL 014,548000014,8500147,Philippines,Cargo,Port visit,2025-06-27 05:31:00,Asia/Manila,+08:00,14.32543,120.6017,37101
DEMO VESSEL 030,548000030,8500305,Philippines,Cargo,Fishing event,25/06/2025 16:04,Asia/Manila,+08:00,14.25933,120.30551,22864
DEMO VESSEL 007,548000007,8500070,Philippines,Cargo,Loitering,2025-06-23 16:31:00,Asia/Manila,+08:00,14.48144,120.84901,37547
DEMO VESSEL 040,548000040,8500408,Philippines,Other,Fishing event,07/06/2025 15:31,UTC,+00:00,14.69394,120.41046,34047
DEMO VESSEL 039,548000039,8500393,Philippines,Dredging,Port visit,2025-06-19 11:55:00,Asia/Manila,+08:00,14.63175,120.39364,16419
DEMO VESSEL 023,548000023,8500238,Belize,Cargo,Encounter,2025-06-07 21:34:00,UTC,+00:00,14.70325,120.60424,12129
DEMO VESSEL 013,548000013,8500135,Philippines,Other,Fishing event,23/06/2025 14:19,Asia/Manila,+08:00,14.34947,120.6571,24051
DEMO VESSEL 010,548000010,8500109,Belize,Other,Encounter,24/06/2025 16:09,Asia/Manila,+08:00,14.70565,120.50604,27999
DEMO VESSEL 017,548000017,8500173,Philippines,Other,Loitering,2025-06-16 05:46:00,Asia/Manila,+08:00,14.5629,120.30727,23982
DEMO VESSEL 029,548000029,8500290,Philippines,Other,Loitering,2025-06-05 11:05:00,Asia/Manila,+08:00,14.53327,120.87764,7994
DEMO VESSEL 012,548000012,8500123,Philippines,Dredging,Loitering,2025-06-10 13:39:00,Asia/Manila,+08:00,14.20048,120.47979,17310
DEMO VESSEL 018,548000018,8500185,Philippines,Cargo,Fishing event,2025-06-01 21:49:00,Asia/Manila,+08:00,14.85816,120.59404,25744
DEMO VESSEL 004,548000004,,Philippines,Dredging,Port visit,2025-06-14 22:39:00,UTC,+00:00,14.34249,120.38228,8344
DEMO VESSEL 040,548000040,8500408,Philippines,Other,Loitering,2025-06-01 15:33:00,Asia/Manila,+08:00,14.47637,120.40128,27142
DEMO VESSEL 019,548000019,8500197,Philippines,Cargo,Loitering,2025-06-24 09:59:00,Asia/Manila,+08:00,14.65358,120.3347,35046
DEMO VESSEL 029,548000029,8500290,Philippines,Other,Port visit,07/06/2025 14:52,UTC,+00:00,14.89489,120.4454,31821
AIS TEST SHIP,100900301,,,,Loitering,25/06/2025 17:39,UTC,+00:00,14.51892,120.78548,34488
DEMO VESSEL 010,548000010,8500109,Belize,Other,Loitering,14/06/2025 18:11,Asia/Manila,+08:00,14.78105,120.45938,26836
DEMO VESSEL 027,548000027,8500276,Philippines,Cargo,Fishing event,2025-06-14 06:32:00,Asia/Manila,+08:00,14.21999,120.419,19954
DEMO VESSEL 013,548000013,8500135,Philippines,Other,Loitering,2025-06-20 09:34:00,Asia/Manila,+08:00,14.30281,120.41197,30254
DEMO VESSEL 031,548000031,8500317,Philippines,Cargo,Fishing event,2025-06-22 23:29:00,Asia/Manila,+08:00,14.68766,120.40898,21056
DEMO VESSEL 040,548000040,8500408,Philippines,Other,Port visit,2025-06-24 05:44:00,Asia/Manila,+08:00,14.25095,120.34578,33205
DEMO VESSEL 039,548000039,8500393,Philippines,Dredging,Port visit,2025-06-18 04:16:00,Asia/Manila,+08:00,14.38459,120.51322,25897
DEMO VESSEL 007 ,548000007,8500070,Philippines,Cargo,Encounter,2025-06-04 05:33:00,Asia/Manila,+08:00,14.67209,120.55594,19304
DEMO VESSEL 022,548000022,8500226,Sierra Leone,Dredging,Fishing event,03/06/2025 06:31,UTC,+00:00,14.67755,120.86743,39324
DEMO VESSEL 014,548000014,8500147,Philippines,Cargo,Encounter,05/06/2025 16:57,Asia/Manila,+08:00,14.6922,120.78297,17922
DEMO VESSEL 037,548000037,8500379,Belize,Cargo,Port visit,2025-06-11 03:16:00,UTC,+00:00,14.85245,120.739,32608
DEMO VESSEL 037,548000037,8500379,Belize,Cargo,Port visit,2025-06-07 12:20:00,Asia/Manila,+08:00,14.48342,120.73704,35904
DEMO VESSEL 014,548000014,8500147,Philippines,Cargo,Loitering,2025-06-21 22:12:00,Asia/Manila,+08:00,14.30871,120.45056,21928
DEMO VESSEL 031,548000031,8500317,Philippines,Cargo,Fishing event,17/06/2025 12:36,Asia/Manila,+08:00,14.62907,120.80008,34939
DEMOVESSEL019,548000019,8500197,Philippines,Cargo,Port visit,2025-06-03 01:41:00,Asia/Manila,+08:00,14.65112,120.81298,30409
DEMO VESSEL 025,548000025,8500252,Philippines,Dredging,Fishing event,24/06/2025 16:54,Asia/Manila,+08:00,14.30652,120.42454,29459
DEMO VESSEL 036,548000036,8500367,Sierra Leone,Cargo,Loitering,2025-06-06 18:55:00,Asia/Manila,+08:00,14.64658,120.41931,29513
DEMO VESSEL 030,548000030,8500305,Philippines,Cargo,Loitering,01/06/2025 07:20,Asia/Manila,+08:00,14.81313,120.75393,4787
DEMO VESSEL 009,548000009,8500094,Belize,Cargo,Port visit,2025-06-21 17:04:00,Asia/Manila,+08:00,14.50781,120.38997,16517
DEMO VESSEL 007,667000007,8500070,Sierra Leone,Cargo,Encounter,13/06/2025 06:28,UTC,+00:00,14.89448,120.44148,11308
DEMO VESSEL 036,548000036,8500367,Sierra Leone,Cargo,Port visit,2025-06-06 09:39:00,Asia/Manila,+08:00,14.80267,120.73179,29770
DEMO VESSEL 016,548000016,8500161,Philippines,Dredging,Encounter,2025-06-27 03:14:00,UTC,+00:00,14.66055,120.88767,29414
DEMO VESSEL 015,548000015,8500159,Philippines,Cargo,Encounter,26/06/2025 00:21,Asia/Manila,+08:00,14.39067,120.70264,38609
DEMO VESSEL 026,548000026,8500264,Philippines,Cargo,Port visit,2025-06-24 02:26:00,Asia/Manila,+08:00,14.37078,120.6846,25580
DEMO VESSEL 010,548000010,8500109,Belize,Other,Loitering,2025-06-24 07:08:00,UTC,+00:00,14.76548,120.45351,22040
DEMO VESSEL 003,548000003,8500032,Philippines,Cargo,Encounter,2025-06-27 12:52:00,Asia/Manila,+08:00,14.7874,120.78712,12947
DEMO VESSEL 001,548000001,8500018,Philippines,Dredging,Encounter,2025-06-01 03:56:00,Asia/Manila,+08:00,14.87377,120.45928,28899
DEMO VESSEL 004,548000004,,Philippines,Dredging,Port visit,2025-06-26 23:43:00,UTC,+00:00,14.2893,120.3057,9650
DEMO VESSEL 029,548000029,8500290,Philippines,Other,Port visit,2025-06-16 11:14:00,Asia/Manila,+08:00,14.62616,120.41328,15709
DEMO VESSEL 033,548000033,8500331,Philippines,Cargo,Loitering,2025-06-04 12:19:00,UTC,+00:00,14.54566,120.85617,10578
DEMO VESSEL 039,548000039,8500393,Philippines,Dredging,Encounter,23/06/2025 17:48,Asia/Manila,+08:00,14.67529,120.45577,38413
DEMO VESSEL 007,548000007,8500070,Philippines,Cargo,Loitering,2025-06-21 01:55:00,Asia/Manila,+08:00,14.39152,120.77262,32035
DEMO VESSEL 007,548000007,8500070,Philippines,Cargo,Fishing event,2025-06-23 06:02:00,Asia/Manila,+08:00,14.49255,120.8318,4064
DEMO VESSEL 036,548000036,8500367,Sierra Leone,Cargo,Encounter,24/06/2025 14:58,Asia/Manila,+08:00,14.45898,120.62368,11539
DEMO VESSEL 024,548000024,8500240,Philippines,Cargo,Encounter,25/06/2025 07:28,Asia/Manila,+08:00,14.48706,120.53094,12849
DEMO VESSEL 009,548000009,8500094,Belize,Cargo,Fishing event,2025-06-03 03:16:00,UTC,+00:00,14.52659,120.79434,19273
DEMO VESSEL 002,548000002,8500020,Philippines,Cargo,Loitering,2025-06-08 19:45:00,Asia/Manila,+08:00,14.84472,120.69345,4278
DEMO VESSEL 001,548000001,8500018,Philippines,Dredging,Loitering,2025-06-20 22:12:00,UTC,+00:00,14.8752,120.88124,38040
DEMO VESSEL 024,548000024,8500240,Philippines,Cargo,Port visit,2025-06-17 04:39:00,Asia/Manila,+08:00,14.78765,120.87966,946
DEMO VESSEL 007,548000007,8500070,Philippines,Cargo,Encounter,2025-06-16 09:42:00,Asia/Manila,+08:00,14.71583,120.45715,27562
DEMO VESSEL 033,548000033,8500331,Philippines,Cargo,Loitering,11/06/2025 10:24,Asia/Manila,+08:00,14.30149,120.30083,24613
DEMO VESSEL 025,548000025,8500252,Philippines,Dredging,Loitering,18/06/2025 22:14,Asia/Manila,+08:00,14.32215,120.44392,33107
DEMO VESSEL 034,548000034,8500343,Belize,Cargo,Loitering,2025-06-07 17:50:00,Asia/Manila,+08:00,14.77508,120.73449,39130
DEMO VESSEL 013,548000013,8500135,Philippines,Other,Fishing event,12/06/2025 20:29,UTC,+00:00,14.74841,120.69683,16269
DEMO VESSEL 036,548000036,8500367,Sierra Leone,Cargo,Port visit,2025-06-23 08:47:00,Asia/Manila,+08:00,14.26959,120.68367,29218
DEMO VESSEL 014,548000014,8500147,Philippines,Cargo,Fishing event,2025-06-15 13:18:00,UTC,+00:00,14.22595,120.52096,35990
DEMO VESSEL 006,548000006,64,Philippines,Dredging,Fishing event,2025-06-22 12:00:00,Asia/Manila,+08:00,14.46244,120.48227,32500
DEMO VESSEL 009,548000009,8500094,Belize,Cargo,Loitering,2025-06-20 23:01:00,Asia/Manila,+08:00,14.51664,120.3433,8183
DEMO VESSEL 025,548000025,8500252,Philippines,Dredging,Loitering,2025-06-25 23:43:00,UTC,+00:00,14.49018,120.80845,25930
DEMO VESSEL 014,548000014,8500147,Philippines,Cargo,Loitering,2025-06-06 21:02:00,Asia/Manila,+08:00,14.75832,120.87467,7617
demo vessel 012,548000012,8500123,Philippines,Dredging,Fishing event,2025-06-14 21:41:00,Asia/Manila,+08:00,14.52895,120.60813,1328
DEMO VESSEL 029,548000029,8500290,Philippines,Other,Fishing event,04/06/2025 11:40,Asia/Manila,+08:00,14.24881,120.81793,27316
DEMO VESSEL 030,548000030,8500305,Philippines,Cargo,Loitering,2025-06-11 12:31:00,Asia/Manila,+08:00,14.87984,120.78635,33899
DEMO VESSEL 019,548000019,8500197,Philippines,Cargo,Encounter,2025-06-25 10:10:00,Asia/Manila,+08:00,14.72977,120.71525,9954
DEMO VESSEL 020,548000020,8500202,Philippines,Other,Loitering,2025-06-22 07:59:00,UTC,+00:00,14.43619,120.67545,33272
DEMO VESSEL 014,548000014,8500147,Philippines,Cargo,Encounter,05/06/2025 20:55,Asia/Manila,+08:00,14.26178,120.36702,11154
DEMO VESSEL 004,548000004,,Philippines,Dredging,Fishing event,2025-06-09 04:46:00,UTC,+00:00,14.37848,120.52907,16957
DEMOVESSEL013,548000013,8500135,Philippines,Other,Loitering,24/06/2025 12:10,Asia/Manila,+08:00,14.70619,120.55024,22358
DEMO VESSEL 039,548000039,8500393,Philippines,Dredging,Loitering,16/06/2025 00:40,UTC,+00:00,14.3842,120.54722,36654
demo vessel 019,548000019,8500197,Philippines,Cargo,Encounter,2025-06-04 09:19:00,Asia/Manila,+08:00,14.68564,120.51786,21153
DEMO VESSEL 037,548000037,8500379,Belize,Cargo,Port visit,2025-06-21 13:08:00,Asia/Manila,+08:00,14.46322,120.32469,27116
DEMO VESSEL 007,548000007,8500070,Philippines,Cargo,Fishing event,23/05/2025 22:09,Asia/Manila,+08:00,14.29141,120.56334,16271
DEMO VESSEL 036,548000036,8500367,Sierra Leone,Cargo,Loitering,2025-06-21 03:14:00,UTC,+00:00,14.61916,120.67649,18800
DEMO VESSEL 020,548000020,8500202,Philippines,Other,Encounter,2025-06-01 03:25:00,Asia/Manila,+08:00,14.64408,120.87518,6998
DEMO VESSEL 011,548000011,8500111,Philippines,Other,Port visit,2025-06-23 15:54:00,Asia/Manila,+08:00,14.86458,120.83648,34046
demo vessel 025,548000025,8500252,Philippines,Dredging,Encounter,03/06/2025 13:57,UTC,+00:00,14.60918,120.87548,9590
DEMO VESSEL 015,548000015,8500159,Philippines,Cargo,Fishing event,13/06/2025 22:14,Asia/Manila,+08:00,14.56275,120.79416,12383
DEMO VESSEL 030,548000030,8500305,Philippines,Cargo,Port visit,14/06/2025 19:42,Asia/Manila,+08:00,14.72571,120.67327,11652
DEMO VESSEL 037,548000037,8500379,Belize,Cargo,Fishing event,2025-06-24 08:29:00,Asia/Manila,+08:00,14.78384,120.66897,8441
DEMO VESSEL 036,548000036,8500367,Sierra Leone,Cargo,Loitering,2025-06-05 00:54:00,Asia/Manila,+08:00,14.89688,120.43238,31290
DEMO VESSEL 007,548000007,8500070,Philippines,Cargo,Loitering,08/06/2025 13:23,UTC,+00:00,14.3896,120.532,4466
DEMO VESSEL 023,548000023,8500238,Belize,Cargo,Loitering,2025-06-11 09:09:00,Asia/Manila,+08:00,14.56384,120.54846,11913
DEMO VESSEL 013,548000013,8500135,Philippines,Other,Loitering,27/06/2025 21:17,Asia/Manila,+08:00,14.52526,120.71744,36217
DEMO VESSEL 002,548000002,8500020,Philippines,Cargo,Loitering,2025-06-27 10:11:00,Asia/Manila,+08:00,14.87362,120.4631,11230
DEMO VESSEL 005,548000005,1234568,Sierra Leone,Dredging,Encounter,2025-06-01 10:27:00,UTC,+00:00,14.59198,120.41967,7301
DEMO VESSEL 003,548000003,8500032,Philippines,Cargo,Loitering,2025-06-24 12:54:00,Asia/Manila,+08:00,14.20752,120.36881,32069
DEMO VESSEL 040,548000040,8500408,Philippines,Other,Encounter,2025-06-17 00:32:00,UTC,+00:00,14.27693,120.67543,10725
DEMO VESSEL 021,548000021,8500214,Belize,Dredging,Port visit,05/06/2025 19:10,UTC,+00:00,14.2061,120.77612,3940
DEMO VESSEL 038,548000038,8500381,Philippines,Dredging,Fishing event,2025-06-24 12:17:00,Asia/Manila,+08:00,14.252,120.47537,30659
DEMO VESSEL 029,548000029,8500290,Philippines,Other,Encounter,11/06/2025 13:06,Asia/Manila,+08:00,14.49993,120.71885,7931
DEMO VESSEL 031,548000031,8500317,Philippines,Cargo,Loitering,03/06/2025 10:42,Asia/Manila,+08:00,14.46604,120.70334,27175
DEMO VESSEL 019,548000019,8500197,Philippines,Cargo,Fishing event,2025-06-21 21:27:00,Asia/Manila,+08:00,14.45097,120.81995,16208
DEMO VESSEL 017,548000017,8500173,Philippines,Other,Encounter,19/06/2025 09:11,Asia/Manila,+08:00,14.24617,120.86428,31415
DEMO VESSEL 028,548000028,8500288,Philippines,Other,Encounter,2025-06-24 22:38:00,UTC,+00:00,14.30013,120.86237,34752
DEMO VESSEL 029,548000029,8500290,Philippines,Other,Encounter,2025-06-11 04:31:00,Asia/Manila,+08:00,14.79692,120.53965,32084
DEMO VESSEL 007,667000007,8500070,Sierra Leone,Cargo,Encounter,2025-06-07 13:57:00,Asia/Manila,+08:00,14.2331,120.50571,3318
DEMO VESSEL 028,548000028,8500288,Philippines,Other,Fishing event,08/06/2025 11:08,Asia/Manila,+08:00,14.29442,120.57753,21636
DEMO VESSEL 030,548000030,8500305,Philippines,Cargo,Encounter,2025-06-07 17:34:00,Asia/Manila,+08:00,14.65318,120.4629,32102
DEMO VESSEL 009,548000009,8500094,Belize,Cargo,Port visit,04/06/2025 04:52,Asia/Manila,+08:00,14.73614,120.75042,39443
DEMO VESSEL 027,548000027,8500276,Philippines,Cargo,Port visit,02/06/2025 04:50,UTC,+00:00,14.80301,120.50117,30689
DEMO VESSEL 009,548000009,8500094,Belize,Cargo,Loitering,2025-06-05 16:09:00,Asia/Manila,+08:00,14.43315,120.81499,8723
DEMO VESSEL 030,548000030,8500305,Philippines,Cargo,Port visit,21/06/2025 20:15,Asia/Manila,+08:00,14.65148,120.70762,21757
DEMOVESSEL001,548000001,8500018,Philippines,Dredging,Port visit,2025-06-01 05:55:00,Asia/Manila,+08:00,14.48055,120.38512,24954
DEMO VESSEL 011,548000011,8500111,Philippines,Other,Loitering,2025-06-17 22:06:00,UTC,+00:00,14.45549,120.73342,8966
DEMO VESSEL 014,548000014,8500147,Philippines,Cargo,Port visit,19/06/2025 09:03,Asia/Manila,+08:00,14.62458,120.44048,18415
DEMO VESSEL 023,548000023,8500238,Belize,Cargo,Encounter,2025-06-07 01:02:00,Asia/Manila,+08:00,14.52861,120.69215,12250
DEMO VESSEL 006,548000006,64,Philippines,Dredging,Encounter,2025-06-09 12:17:00,UTC,+00:00,14.89068,120.50489,31096
DEMO VESSEL 019,548000019,8500197,Philippines,Cargo,Loitering,06/06/2025 09:23,UTC,+00:00,14.28611,120.89989,23306
DEMO VESSEL 031,548000031,8500317,Philippines,Cargo,Fishing event,08/06/2025 15:38,Asia/Manila,+08:00,14.481,120.79639,26691
DEMO VESSEL 027,548000027,8500276,Philippines,Cargo,Encounter,27/06/2025 11:08,Asia/Manila,+08:00,14.3611,120.87922,21372
DEMO VESSEL 030,548000030,8500305,Philippines,Cargo,Fishing event,2025-06-04 03:21:00,Asia/Manila,+08:00,14.77101,120.88298,2828
DEMO VESSEL 037,548000037,8500379,Belize,Cargo,Encounter,12/06/2025 05:15,Asia/Manila,+08:00,14.59662,120.44627,5682
DEMO VESSEL 025,548000025,8500252,Philippines,Dredging,Fishing event,2025-06-18 22:49:00,Asia/Manila,+08:00,14.7177,120.69793,26040
DEMO VESSEL 006,548000006,64,Philippines,Dredging,Port visit,2025-06-03 06:00:00,Asia/Manila,+08:00,14.22365,120.42245,6877
DEMO VESSEL 024,548000024,8500240,Philippines,Cargo,Fishing event,2025-06-12 08:40:00,UTC,+00:00,14.28714,120.46556,16047
DEMO VESSEL 037,548000037,8500379,Belize,Cargo,Loitering,2025-06-05 20:31:00,UTC,+00:00,14.44478,120.44763,28914
DEMOVESSEL003,548000003,8500032,Philippines,Cargo,Port visit,2025-06-07 13:25:00,Asia/Manila,+08:00,14.51726,120.75807,38104
DEMO VESSEL 004,548000004,,Philippines,Dredging,Loitering,2025-06-04 05:29:00,UTC,+00:00,14.58693,120.39759,18862
DEMO VESSEL 040,548000040,8500408,Philippines,Other,Loitering,2025-06-08 19:56:00,UTC,+00:00,14.66503,120.46878,21877
AIS TEST SHIP,100900301,,,,Fishing event,2025-06-12 17:41:00,Asia/Manila,+08:00,14.67305,120.43429,15460
AIS TEST SHIP,100900301,,,,Encounter,2025-06-01 14:52:00,Asia/Manila,+08:00,14.45304,120.57657,19420
DEMO VESSEL 016,548000016,8500161,Philippines,Dredging,Fishing event,18/06/2025 12:58,UTC,+00:00,14.64408,120.53213,27979
DEMO VESSEL 004,548000004,,Philippines,Dredging,Loitering,2025-06-25 09:10:00,Asia/Manila,+08:00,14.49337,120.5853,23545
DEMO VESSEL 027,548000027,8500276,Philippines,Cargo,Loitering,2025-06-15 11:57:00,Asia/Manila,+08:00,14.82327,120.86019,20604
DEMO VESSEL 035,548000035,8500355,Philippines,Other,Fishing event,2025-06-10 16:58:00,Asia/Manila,+08:00,14.84639,120.33253,31321
DEMO VESSEL 035,548000035,8500355,Philippines,Other,Fishing event,2025-06-24 20:03:00,Asia/Manila,+08:00,14.29968,120.4965,3663
DEMO VESSEL 013,548000013,8500135,Philippines,Other,Encounter,07/06/2025 10:07,Asia/Manila,+08:00,14.879,120.70774,3318
DEMO VESSEL 033,548000033,8500331,Philippines,Cargo,Fishing event,2025-06-14 08:08:00,Asia/Manila,+08:00,14.78448,120.82422,28871
DEMO VESSEL 017,548000017,8500173,Philippines,Other,Port visit,2025-06-15 14:59:00,UTC,+00:00,14.78422,120.68405,37822
DEMO VESSEL 006,548000006,64,Philippines,Dredging,Encounter,25/06/2025 11:48,Asia/Manila,+08:00,14.22962,120.54197,35916
DEMO VESSEL 030,548000030,8500305,Philippines,Cargo,Port visit,02/06/2025 06:54,UTC,+00:00,14.46113,120.66486,22777
DEMO VESSEL 004,548000004,,Philippines,Dredging,Loitering,2025-06-15 22:54:00,Asia/Manila,+08:00,14.73383,120.48176,24975
DEMO VESSEL 039,548000039,8500393,Philippines,Dredging,Encounter,2025-06-11 14:41:00,Asia/Manila,+08:00,14.43474,120.55115,16716
DEMO VESSEL 009,548000009,8500094,Belize,Cargo,Port visit,2025-06-14 14:15:00,Asia/Manila,+08:00,14.39136,120.56643,29408
DEMO VESSEL 027,548000027,8500276,Philippines,Cargo,Fishing event,2025-06-14 07:58:00,Asia/Manila,+08:00,14.6069,120.68044,6287
DEMO VESSEL 004,548000004,,Philippines,Dredging,Loitering,19/06/2025 19:39,Asia/Manila,+08:00,14.23167,120.74325,29775
DEMO VESSEL 037,548000037,8500379,Belize,Cargo,Fishing event,2025-06-15 15:56:00,UTC,+00:00,14.37216,120.43509,39095
DEMO VESSEL 013,548000013,8500135,Philippines,Other,Encounter,2025-05-07 23:53:00,Asia/Manila,+08:00,14.46693,120.70958,14061
DEMO VESSEL 018,548000018,8500185,Philippines,Cargo,Encounter,2025-06-08 17:12:00,Asia/Manila,+08:00,14.40719,120.50927,16344
DEMO VESSEL 008,548000008,8500082,Belize,Dredging,Fishing event,2025-06-03 00:44:00,UTC,+00:00,14.25335,120.75423,36827
DEMOVESSEL027,548000027,8500276,Philippines,Cargo,Port visit,2025-06-27 03:07:00,Asia/Manila,+08:00,14.49871,120.72009,19706
DEMO VESSEL 021,548000021,8500214,Belize,Dredging,Port visit,2025-06-07 04:52:00,Asia/Manila,+08:00,14.20234,120.72718,929
DEMO VESSEL 020,548000020,8500202,Philippines,Other,Fishing event,2025-06-12 08:26:00,Asia/Manila,+08:00,14.70209,120.79347,22662
DEMO VESSEL 039,548000039,8500393,Philippines,Dredging,Loitering,2025-06-19 01:29:00,Asia/Manila,+08:00,14.49618,120.68732,4902
DEMO VESSEL 014,548000014,8500147,Philippines,Cargo,Loitering,2025-06-03 12:43:00,Asia/Manila,+08:00,14.24705,120.72412,19515
DEMO VESSEL 003,548000003,8500032,Philippines,Cargo,Port visit,2025-06-26 23:02:00,UTC,+00:00,14.76497,120.70039,38268
DEMO VESSEL 026,548000026,8500264,Philippines,Cargo,Loitering,14/06/2025 15:04,Asia/Manila,+08:00,14.69194,120.47964,20014
DEMO VESSEL 004,548000004,,Philippines,Dredging,Port visit,2025-06-04 02:26:00,UTC,+00:00,14.30388,120.59652,30057
DEMO VESSEL 037,548000037,8500379,Belize,Cargo,Fishing event,14/06/2025 22:48,Asia/Manila,+08:00,14.65851,120.87461,16470
DEMO VESSEL 039,548000039,8500393,Philippines,Dredging,Port visit,2025-06-15 08:44:00,UTC,+00:00,14.63281,120.82008,15134
DEMO VESSEL 032,548000032,8500329,Philippines,Cargo,Loitering,2025-06-16 22:03:00,UTC,+00:00,14.21327,120.60171,35104
DEMO VESSEL 018,548000018,8500185,Philippines,Cargo,Fishing event,2025-06-07 22:03:00,UTC,+00:00,14.52113,120.63073,39131
DEMO VESSEL 026,548000026,8500264,Philippines,Cargo,Encounter,2025-06-11 01:47:00,UTC,+00:00,14.56743,120.45511,18696
DEMO VESSEL 011,548000011,8500111,Philippines,Other,Port visit,15/06/2025 21:57,Asia/Manila,+08:00,14.41679,120.36619,28221
DEMO VESSEL 005,548000005,1234568,Sierra Leone,Dredging,Port visit,2025-06-11 16:52:00,Asia/Manila,+08:00,14.72618,120.84875,3199
DEMO VESSEL 011,548000011,8500111,Philippines,Other,Encounter,2025-06-13 09:18:00,UTC,+00:00,14.44689,120.70272,22589
DEMO VESSEL 009,548000009,8500094,Belize,Cargo,Port visit,2025-06-03 08:20:00,Asia/Manila,+08:00,14.88817,120.54108,8736
DEMO VESSEL 013,548000013,8500135,Philippines,Other,Encounter,2025-06-11 08:28:00,UTC,+00:00,14.28909,120.51418,36830
DEMO VESSEL 037,548000037,8500379,Belize,Cargo,Encounter,27/06/2025 11:12,Asia/Manila,+08:00,14.44834,120.67451,15246
DEMO VESSEL 035,548000035,8500355,Philippines,Other,Fishing event,2025-06-07 07:13:00,Asia/Manila,+08:00,14.51584,120.80342,10123
DEMO VESSEL 032,548000032,8500329,Philippines,Cargo,Encounter,06/06/2025 15:44,Asia/Manila,+08:00,14.41743,120.31874,5105
DEMO VESSEL 022,548000022,8500226,Sierra Leone,Dredging,Encounter,2025-06-27 08:14:00,Asia/Manila,+08:00,14.27861,120.75142,22973
DEMO VESSEL 029,548000029,8500290,Philippines,Other,Port visit,2025-06-03 01:12:00,Asia/Manila,+08:00,14.25241,120.65532,35912
DEMO VESSEL 040,548000040,8500408,Philippines,Other,Encounter,16/06/2025 06:43,UTC,+00:00,14.23312,120.75654,17316
DEMO VESSEL 016,548000016,8500161,Philippines,Dredging,Loitering,2025-06-10 23:15:00,Asia/Manila,+08:00,14.5322,120.61136,19837
DEMO VESSEL 003,548000003,8500032,Philippines,Cargo,Loitering,2025-06-12 05:41:00,Asia/Manila,+08:00,14.7415,120.38304,38318
DEMO VESSEL 033,548000033,8500331,Philippines,Cargo,Port visit,2025-06-08 18:16:00,UTC,+00:00,14.64599,120.80373,24906
DEMO VESSEL 020,548000020,8500202,Philippines,Other,Port visit,2025-06-06 23:09:00,Asia/Manila,+08:00,14.54381,120.79676,31752
DEMO VESSEL 038,548000038,8500381,Philippines,Dredging,Encounter,2025-06-18 08:59:00,Asia/Manila,+08:00,14.67692,120.68659,27435
DEMO VESSEL 024,548000024,8500240,Philippines,Cargo,Fishing event,12/06/2025 00:33,Asia/Manila,+08:00,14.34146,120.50385,21312
DEMO VESSEL 020 ,548000020,8500202,Philippines,Other,Encounter,2025-06-16 07:12:00,UTC,+00:00,14.88023,120.46208,4999
DEMO VESSEL 004,548000004,,Philippines,Dredging,Encounter,2025-06-26 14:26:00,UTC,+00:00,14.46225,120.43436,20445
DEMO VESSEL 040,548000040,8500408,Philippines,Other,Encounter,23/06/2025 10:05,Asia/Manila,+08:00,14.69776,120.39237,26202
DEMO VESSEL 038,548000038,8500381,Philippines,Dredging,Fishing event,05/06/2025 22:46,Asia/Manila,+08:00,14.68508,120.42827,26408
AIS TEST SHIP,100900301,,,,Fishing event,2025-06-16 21:02:00,Asia/Manila,+08:00,14.89879,120.67046,28618
DEMO VESSEL 033,548000033,8500331,Philippines,Cargo,Encounter,2025-06-13 14:46:00,Asia/Manila,+08:00,14.55947,120.83858,27288
DEMO VESSEL 040,548000040,8500408,Philippines,Other,Port visit,2025-06-03 18:11:00,Asia/Manila,+08:00,14.38815,120.44323,32382
DEMO VESSEL 020,548000020,8500202,Philippines,Other,Encounter,2025-06-19 13:02:00,Asia/Manila,+08:00,14.62688,120.66474,13656
DEMO VESSEL 027,548000027,8500276,Philippines,Cargo,Encounter,2025-06-07 19:52:00,UTC,+00:00,14.39292,120.4509,36431
DEMO VESSEL 026,548000026,8500264,Philippines,Cargo,Fishing event,2025-06-13 05:49:00,Asia/Manila,+08:00,14.28568,120.50114,16210
DEMO VESSEL 040,548000040,8500408,Philippines,Other,Encounter,2025-06-04 17:51:00,Asia/Manila,+08:00,14.46534,120.70722,21749
demo vessel 020,548000020,8500202,Philippines,Other,Loitering,2025-06-06 04:38:00,Asia/Manila,+08:00,14.44787,120.35596,16058
DEMO VESSEL 017,548000017,8500173,Philippines,Other,Encounter,2025-05-16 07:22:00,Asia/Manila,+08:00,14.59849,120.41486,11598
DEMO VESSEL 040,548000040,8500408,Philippines,Other,Fishing event,14/06/2025 10:34,Asia/Manila,+08:00,14.67388,120.56364,5209
DEMO VESSEL 024,548000024,8500240,Philippines,Cargo,Encounter,2025-06-01 06:50:00,Asia/Manila,+08:00,14.7301,120.80182,37962
DEMO VESSEL 011,548000011,8500111,Philippines,Other,Loitering,11/06/2025 22:22,Asia/Manila,+08:00,14.83689,120.71916,3716
DEMO VESSEL 001,548000001,8500018,Philippines,Dredging,Fishing event,2025-06-08 00:16:00,UTC,+00:00,14.72763,120.87242,17441
demo vessel 011,548000011,8500111,Philippines,Other,Fishing event,2025-06-17 21:27:00,Asia/Manila,+08:00,14.69289,120.6313,29472
demo vessel 017,548000017,8500173,Philippines,Other,Port visit,2025-06-07 02:55:00,Asia/Manila,+08:00,14.45774,120.3092,1510
DEMO VESSEL 026,548000026,8500264,Philippines,Cargo,Port visit,2025-06-07 14:09:00,Asia/Manila,+08:00,14.59859,120.58578,25050
DEMO VESSEL 037,548000037,8500379,Belize,Cargo,Port visit,2025-06-18 09:38:00,UTC,+00:00,14.32282,120.73404,20776
DEMO VESSEL 017,548000017,8500173,Philippines,Other,Loitering,2025-06-01 23:27:00,UTC,+00:00,14.87742,120.58617,7611
demo vessel 025,548000025,8500252,Philippines,Dredging,Encounter,2025-06-08 21:08:00,Asia/Manila,+08:00,14.29371,120.88394,5271
DEMO VESSEL 036,548000036,8500367,Sierra Leone,Cargo,Loitering,2025-06-20 14:39:00,Asia/Manila,+08:00,14.46743,120.36567,545
DEMOVESSEL001,548000001,8500018,Philippines,Dredging,Loitering,2025-06-11 21:07:00,UTC,+00:00,14.75773,120.73519,17701
demo vessel 038,548000038,8500381,Philippines,Dredging,Fishing event,2025-06-05 01:00:00,Asia/Manila,+08:00,14.62189,120.45884,20911
DEMO VESSEL 003,548000003,8500032,Philippines,Cargo,Fishing event,2025-06-26 02:20:00,Asia/Manila,+08:00,14.85935,120.55061,24856
DEMO VESSEL 007,548000007,8500070,Philippines,Cargo,Loitering,17/06/2025 08:34,UTC,+00:00,14.20428,120.84266,31835
DEMO VESSEL 040,548000040,8500408,Philippines,Other,Loitering,2025-06-02 15:47:00,Asia/Manila,+08:00,14.7604,120.65676,24077
DEMO VESSEL 037,548000037,8500379,Belize,Cargo,Fishing event,2025-06-20 04:27:00,UTC,+00:00,14.78268,120.8651,4010
DEMO VESSEL 007,548000007,8500070,Philippines,Cargo,Port visit,2025-06-26 03:06:00,UTC,+00:00,14.47502,120.70731,31202
DEMO VESSEL 031,548000031,8500317,Philippines,Cargo,Port visit,2025-06-25 22:58:00,UTC,+00:00,14.40896,120.83653,17997
DEMO VESSEL 016,548000016,8500161,Philippines,Dredging,Loitering,27/06/2025 07:04,UTC,+00:00,14.42384,120.45247,1515
DEMO VESSEL 012,548000012,8500123,Philippines,Dredging,Loitering,2025-06-22 13:50:00,UTC,+00:00,14.36161,120.30417,9322
DEMO VESSEL 008,548000008,8500082,Belize,Dredging,Fishing event,2025-06-17 04:48:00,Asia/Manila,+08:00,14.21272,120.68155,24090
DEMO VESSEL 029,548000029,8500290,Philippines,Other,Encounter,18/06/2025 01:59,Asia/Manila,+08:00,14.38953,120.85404,20701
DEMO VESSEL 020,548000020,8500202,Philippines,Other,Fishing event,26/06/2025 17:36,Asia/Manila,+08:00,14.55952,120.45011,20270
DEMO VESSEL 013,548000013,8500135,Philippines,Other,Loitering,23/06/2025 08:13,Asia/Manila,+08:00,14.89635,120.57408,34380
AIS TEST SHIP,100900301,,,,Fishing event,2025-06-13 16:50:00,Asia/Manila,+08:00,14.64769,120.75189,22047
DEMO VESSEL 036,548000036,8500367,Sierra Leone,Cargo,Loitering,2025-06-09 03:33:00,Asia/Manila,+08:00,14.67457,120.4635,14261
DEMO VESSEL 021,548000021,8500214,Belize,Dredging,Loitering,2025-06-26 02:20:00,UTC,+00:00,14.78106,120.38028,38462
DEMO VESSEL 013,548000013,8500135,Philippines,Other,Fishing event,13/06/2025 07:54,UTC,+00:00,14.71142,120.76946,32805
DEMO VESSEL 037,548000037,8500379,Belize,Cargo,Loitering,2025-06-02 18:18:00,Asia/Manila,+08:00,14.25345,120.58675,20330
AIS TEST SHIP,100900301,,,,Loitering,27/06/2025 17:43,UTC,+00:00,14.44916,120.63174,12820
DEMO VESSEL 005,548000005,1234568,Sierra Leone,Dredging,Port visit,10/06/2025 14:27,Asia/Manila,+08:00,14.88018,120.40957,9587
DEMO VESSEL 006,548000006,64,Philippines,Dredging,Port visit,2025-06-17 20:09:00,Asia/Manila,+08:00,14.78241,120.39566,26275
DEMO VESSEL 021,548000021,8500214,Belize,Dredging,Encounter,2025-06-06 20:59:00,Asia/Manila,+08:00,14.43829,120.53224,6129
DEMO VESSEL 030,548000030,8500305,Philippines,Cargo,Loitering,22/06/2025 16:24,Asia/Manila,+08:00,14.59886,120.69594,10162
DEMOVESSEL007,667000007,8500070,Sierra Leone,Cargo,Fishing event,2025-06-06 20:59:00,Asia/Manila,+08:00,14.55813,120.47639,7508
DEMO VESSEL 040,548000040,8500408,Philippines,Other,Port visit,09/06/2025 05:37,Asia/Manila,+08:00,14.85202,120.44276,26095
DEMO VESSEL 009,548000009,8500094,Belize,Cargo,Fishing event,2025-06-20 15:24:00,Asia/Manila,+08:00,14.78702,120.84728,21080
DEMO VESSEL 025,548000025,8500252,Philippines,Dredging,Fishing event,09/06/2025 06:46,Asia/Manila,+08:00,14.6836,120.89969,20068
DEMO VESSEL 038,548000038,8500381,Philippines,Dredging,Port visit,2025-06-14 12:25:00,Asia/Manila,+08:00,14.68329,120.63164,31001
DEMO VESSEL 027,548000027,8500276,Philippines,Cargo,Encounter,2025-06-17 05:00:00,Asia/Manila,+08:00,14.3783,120.33859,8454
DEMO VESSEL 008 ,548000008,8500082,Belize,Dredging,Encounter,2025-06-08 16:55:00,Asia/Manila,+08:00,14.41907,120.74515,15665
DEMO VESSEL 030,548000030,8500305,Philippines,Cargo,Loitering,2025-06-22 15:21:00,Asia/Manila,+08:00,14.36432,120.78641,8747
DEMO VESSEL 005,548000005,1234568,Sierra Leone,Dredging,Fishing event,2025-06-18 15:39:00,UTC,+00:00,14.8946,120.76244,12625
DEMO VESSEL 013,548000013,8500135,Philippines,Other,Loitering,2025-06-21 06:08:00,Asia/Manila,+08:00,14.85535,120.46018,29213
DEMO VESSEL 014,548000014,8500147,Philippines,Cargo,Loitering,2025-06-27 18:46:00,Asia/Manila,+08:00,14.2932,120.30259,38730
DEMO VESSEL 004,548000004,,Philippines,Dredging,Fishing event,2025-06-24 04:02:00,Asia/Manila,+08:00,14.65494,120.57226,18014
DEMO VESSEL 039,548000039,8500393,Philippines,Dredging,Fishing event,2025-06-15 11:04:00,UTC,+00:00,14.39908,120.40241,3953
DEMO VESSEL 038,548000038,8500381,Philippines,Dredging,Port visit,2025-06-11 13:24:00,Asia/Manila,+08:00,14.22556,120.57028,3327
DEMO VESSEL 033,548000033,8500331,Philippines,Cargo,Fishing event,2025-06-17 22:43:00,Asia/Manila,+08:00,14.55724,120.83538,9689
DEMO VESSEL 007,667000007,8500070,Sierra Leone,Cargo,Fishing event,2025-06-08 20:39:00,UTC,+00:00,14.24188,120.69207,25520
DEMO VESSEL 023,548000023,8500238,Belize,Cargo,Encounter,2025-06-08 08:02:00,UTC,+00:00,14.64352,120.84293,7736
DEMO VESSEL 016,548000016,8500161,Philippines,Dredging,Encounter,2025-06-21 11:30:00,Asia/Manila,+08:00,14.79403,120.61727,25131
DEMO VESSEL 036,548000036,8500367,Sierra Leone,Cargo,Port visit,2025-06-21 23:44:00,Asia/Manila,+08:00,14.55947,120.75876,34527
DEMO VESSEL 030,548000030,8500305,Philippines,Cargo,Encounter,09/06/2025 04:12,Asia/Manila,+08:00,14.65835,120.52627,33912
DEMO VESSEL 027,548000027,8500276,Philippines,Cargo,Fishing event,2025-06-05 07:35:00,UTC,+00:00,14.76102,120.61716,37491
DEMO VESSEL 007,667000007,8500070,Sierra Leone,Cargo,Encounter,2025-06-20 11:43:00,Asia/Manila,+08:00,14.69557,120.71748,28638
DEMO VESSEL 007,667000007,8500070,Sierra Leone,Cargo,Port visit,2025-06-25 02:32:00,Asia/Manila,+08:00,14.4949,120.87224,8516
DEMO VESSEL 036 ,548000036,8500367,Sierra Leone,Cargo,Fishing event,2025-06-15 12:02:00,UTC,+00:00,14.66194,120.31058,1730
demo vessel 030,548000030,8500305,Philippines,Cargo,Encounter,2025-06-03 08:27:00,Asia/Manila,+08:00,14.55389,120.33911,15295
DEMOVESSEL021,548000021,8500214,Belize,Dredging,Port visit,19/06/2025 02:26,Asia/Manila,+08:00,14.26099,120.69353,25324
DEMO VESSEL 038,548000038,8500381,Philippines,Dredging,Port visit,2025-06-19 15:09:00,Asia/Manila,+08:00,14.77867,120.8491,31953
DEMO VESSEL 006,548000006,64,Philippines,Dredging,Fishing event,26/06/2025 22:27,Asia/Manila,+08:00,14.82838,120.52097,18578
DEMO VESSEL 022,548000022,8500226,Sierra Leone,Dredging,Loitering,2025-06-05 22:26:00,UTC,+00:00,14.39552,120.81486,25556
DEMO VESSEL 031,548000031,8500317,Philippines,Cargo,Encounter,14/06/2025 18:03,Asia/Manila,+08:00,14.48911,120.83574,25253
DEMO VESSEL 010,548000010,8500109,Belize,Other,Encounter,2025-06-25 20:27:00,Asia/Manila,+08:00,14.30736,120.79462,12193
DEMO VESSEL 008,548000008,8500082,Belize,Dredging,Port visit,25/06/2025 19:25,Asia/Manila,+08:00,14.62821,120.66887,32832
DEMO VESSEL 007,548000007,8500070,Philippines,Cargo,Fishing event,2025-06-20 07:38:00,UTC,+00:00,14.26747,120.79445,32353
DEMO VESSEL 034,548000034,8500343,Belize,Cargo,Fishing event,2025-06-21 05:32:00,Asia/Manila,+08:00,14.73363,120.88857,6124
DEMO VESSEL 020,548000020,8500202,Philippines,Other,Encounter,2025-06-19 01:16:00,UTC,+00:00,14.34759,120.80601,17350
DEMO VESSEL 016,548000016,8500161,Philippines,Dredging,Loitering,2025-06-06 08:07:00,Asia/Manila,+08:00,14.21969,120.72272,31687
DEMO VESSEL 040,548000040,8500408,Philippines,Other,Fishing event,13/06/2025 23:48,Asia/Manila,+08:00,14.33926,120.61792,1538
demo vessel 031,548000031,8500317,Philippines,Cargo,Encounter,2025-06-10 18:29:00,Asia/Manila,+08:00,14.42998,120.59358,33687
DEMO VESSEL 037,548000037,8500379,Belize,Cargo,Fishing event,2025-06-13 01:12:00,Asia/Manila,+08:00,14.5934,120.58328,33185
DEMO VESSEL 009,548000009,8500094,Belize,Cargo,Loitering,2025-06-08 00:08:00,UTC,+00:00,14.57423,120.30987,689
DEMO VESSEL 029,548000029,8500290,Philippines,Other,Encounter,2025-06-02 03:45:00,Asia/Manila,+08:00,14.24172,120.88772,6645
DEMO VESSEL 021,548000021,8500214,Belize,Dredging,Port visit,2025-06-15 18:19:00,Asia/Manila,+08:00,14.42522,120.7534,17869
DEMO VESSEL 005,548000005,1234568,Sierra Leone,Dredging,Loitering,2025-06-23 05:18:00,Asia/Manila,+08:00,14.59332,120.84049,10673
DEMO VESSEL 021,548000021,8500214,Belize,Dredging,Loitering,2025-06-03 00:00:00,Asia/Manila,+08:00,14.61838,120.8547,37798
DEMO VESSEL 033,548000033,8500331,Philippines,Cargo,Fishing event,2025-06-05 08:33:00,Asia/Manila,+08:00,14.33446,120.6939,26559
DEMO VESSEL 020,548000020,8500202,Philippines,Other,Encounter,23/06/2025 04:25,Asia/Manila,+08:00,14.5608,120.41035,26774
DEMO VESSEL 021,548000021,8500214,Belize,Dredging,Loitering,2025-06-21 00:04:00,Asia/Manila,+08:00,14.3617,120.45579,28284
DEMO VESSEL 040,548000040,8500408,Philippines,Other,Loitering,2025-06-20 17:35:00,UTC,+00:00,14.7435,120.40308,17438
DEMO VESSEL 033,548000033,8500331,Philippines,Cargo,Fishing event,25/06/2025 18:23,Asia/Manila,+08:00,14.66611,120.61654,39120
demo vessel 030,548000030,8500305,Philippines,Cargo,Fishing event,2025-06-26 20:00:00,Asia/Manila,+08:00,14.21338,120.52972,21320
DEMO VESSEL 005,548000005,1234568,Sierra Leone,Dredging,Port visit,10/06/2025 16:20,Asia/Manila,+08:00,14.78953,120.87322,28955
DEMO VESSEL 029,548000029,8500290,Philippines,Other,Loitering,2025-06-10 23:55:00,UTC,+00:00,14.78194,120.66536,28319
DEMOVESSEL005,548000005,1234568,Sierra Leone,Dredging,Fishing event,2025-06-23 16:35:00,Asia/Manila,+08:00,14.74139,120.45493,34184
DEMO VESSEL 009,548000009,8500094,Belize,Cargo,Fishing event,2025-06-02 04:46:00,Asia/Manila,+08:00,14.50025,120.80245,14479
DEMO VESSEL 037,548000037,8500379,Belize,Cargo,Fishing event,2025-06-17 12:14:00,Asia/Manila,+08:00,14.78498,120.32955,26952
DEMO VESSEL 034,548000034,8500343,Belize,Cargo,Port visit,2025-06-07 07:52:00,Asia/Manila,+08:00,14.75194,120.77671,6744
DEMO VESSEL 007,548000007,8500070,Philippines,Cargo,Encounter,2025-06-19 23:29:00,UTC,+00:00,14.68351,120.52903,15788
DEMO VESSEL 025,548000025,8500252,Philippines,Dredging,Fishing event,2025-06-18 02:59:00,UTC,+00:00,14.3157,120.46928,2116
DEMO VESSEL 007,667000007,8500070,Sierra Leone,Cargo,Encounter,2025-06-20 21:54:00,Asia/Manila,+08:00,14.55406,120.44789,37161
DEMO VESSEL 032,548000032,8500329,Philippines,Cargo,Fishing event,2025-06-18 11:39:00,Asia/Manila,+08:00,14.36709,120.74205,39349
DEMO VESSEL 039,548000039,8500393,Philippines,Dredging,Fishing event,15/06/2025 09:51,Asia/Manila,+08:00,14.55877,120.38773,9280
DEMO VESSEL 031,548000031,8500317,Philippines,Cargo,Fishing event,17/06/2025 17:14,Asia/Manila,+08:00,14.63072,120.66897,20131
DEMO VESSEL 033,548000033,8500331,Philippines,Cargo,Fishing event,21/06/2025 13:19,UTC,+00:00,14.69375,120.51293,33503
DEMO VESSEL 038,548000038,8500381,Philippines,Dredging,Fishing event,01/06/2025 13:59,Asia/Manila,+08:00,14.55054,120.58601,28898
DEMO VESSEL 001,548000001,8500018,Philippines,Dredging,Loitering,2025-06-10 12:26:00,Asia/Manila,+08:00,14.23666,120.67853,18921
DEMO VESSEL 005,548000005,1234568,Sierra Leone,Dredging,Fishing event,2025-06-05 23:19:00,Asia/Manila,+08:00,14.69584,120.70087,4181
DEMO VESSEL 036,548000036,8500367,Sierra Leone,Cargo,Port visit,2025-06-05 04:12:00,Asia/Manila,+08:00,14.65594,120.75784,30425
DEMO VESSEL 008,548000008,8500082,Belize,Dredging,Fishing event,2025-06-24 13:08:00,Asia/Manila,+08:00,14.33291,120.89127,28611
DEMO VESSEL 035,548000035,8500355,Philippines,Other,Fishing event,2025-06-21 07:58:00,Asia/Manila,+08:00,14.88959,120.8575,9904
DEMO VESSEL 030,548000030,8500305,Philippines,Cargo,Fishing event,24/06/2025 17:14,Asia/Manila,+08:00,14.73271,120.30113,29563
DEMO VESSEL 007,667000007,8500070,Sierra Leone,Cargo,Loitering,13/06/2025 03:10,UTC,+00:00,14.6085,120.35353,28582
DEMO VESSEL 034,548000034,8500343,Belize,Cargo,Encounter,2025-06-17 17:24:00,Asia/Manila,+08:00,14.84142,120.43697,7779
DEMO VESSEL 036,548000036,8500367,Sierra Leone,Cargo,Fishing event,2025-06-23 17:03:00,Asia/Manila,+08:00,14.73646,120.34302,12252
demo vessel 012,548000012,8500123,Philippines,Dredging,Fishing event,2025-06-06 03:11:00,Asia/Manila,+08:00,14.47221,120.79353,14034
DEMO VESSEL 029,548000029,8500290,Philippines,Other,Fishing event,2025-06-27 18:50:00,Asia/Manila,+08:00,14.5976,120.30916,28793
AIS TEST SHIP,100900301,,,,Port visit,2025-06-22 19:54:00,Asia/Manila,+08:00,14.68769,120.53925,35440
DEMO VESSEL 001,548000001,8500018,Philippines,Dredging,Fishing event,14/06/2025 10:20,Asia/Manila,+08:00,14.43086,120.7162,30107
DEMO VESSEL 039,548000039,8500393,Philippines,Dredging,Fishing event,19/06/2025 07:29,Asia/Manila,+08:00,14.24421,120.83144,4238
DEMO VESSEL 008,548000008,8500082,Belize,Dredging,Port visit,2025-06-05 02:41:00,UTC,+00:00,14.43962,120.4288,1415
DEMO VESSEL 034,548000034,8500343,Belize,Cargo,Loitering,2025-06-21 22:56:00,Asia/Manila,+08:00,14.28767,120.79954,17456
DEMO VESSEL 028,548000028,8500288,Philippines,Other,Encounter,2025-06-20 15:31:00,UTC,+00:00,14.70503,120.88174,2297
DEMO VESSEL 037,548000037,8500379,Belize,Cargo,Fishing event,2025-05-25 19:12:00,Asia/Manila,+08:00,14.7468,120.50355,21917
DEMO VESSEL 016,548000016,8500161,Philippines,Dredging,Encounter,2025-06-06 14:11:00,Asia/Manila,+08:00,14.57432,120.41777,3864
DEMOVESSEL032,548000032,8500329,Philippines,Cargo,Port visit,2025-06-23 22:29:00,Asia/Manila,+08:00,14.28817,120.86311,31406
DEMO VESSEL 005,548000005,1234568,Sierra Leone,Dredging,Encounter,03/05/2025 11:27,Asia/Manila,+08:00,14.28836,120.43628,8577
DEMO VESSEL 036,548000036,8500367,Sierra Leone,Cargo,Fishing event,2025-06-19 07:12:00,Asia/Manila,+08:00,14.68583,120.3995,22564
DEMO VESSEL 040,548000040,8500408,Philippines,Other,Port visit,02/06/2025 12:17,Asia/Manila,+08:00,14.67187,120.66329,24697
DEMO VESSEL 003,548000003,8500032,Philippines,Cargo,Encounter,2025-06-12 17:51:00,Asia/Manila,+08:00,14.34083,120.46898,701
DEMO VESSEL 020,548000020,8500202,Philippines,Other,Fishing event,2025-06-26 17:13:00,Asia/Manila,+08:00,14.50215,120.48889,27259
DEMO VESSEL 002,548000002,8500020,Philippines,Cargo,Loitering,2025-06-21 04:44:00,Asia/Manila,+08:00,14.36287,120.88901,12946
DEMO VESSEL 035,548000035,8500355,Philippines,Other,Encounter,25/06/2025 22:39,Asia/Manila,+08:00,14.61246,120.57499,29942
DEMO VESSEL 026,548000026,8500264,Philippines,Cargo,Port visit,2025-06-08 16:26:00,UTC,+00:00,14.25333,120.88166,20398
DEMO VESSEL 018,548000018,8500185,Philippines,Cargo,Fishing event,2025-06-12 00:44:00,Asia/Manila,+08:00,14.77801,120.50339,22084
DEMO VESSEL 013,548000013,8500135,Philippines,Other,Fishing event,04/06/2025 13:29,Asia/Manila,+08:00,14.70574,120.54964,36410
DEMOVESSEL028,548000028,8500288,Philippines,Other,Port visit,05/06/2025 01:00,Asia/Manila,+08:00,14.60258,120.71477,27461
DEMO VESSEL 035,548000035,8500355,Philippines,Other,Port visit,2025-06-22 16:39:00,Asia/Manila,+08:00,14.35443,120.86601,17933
DEMO VESSEL 035,548000035,8500355,Philippines,Other,Encounter,2025-06-19 10:05:00,UTC,+00:00,14.85588,120.36589,18139
DEMO VESSEL 001,548000001,8500018,Philippines,Dredging,Fishing event,2025-06-20 07:41:00,Asia/Manila,+08:00,14.52499,120.72065,2738
DEMO VESSEL 035,548000035,8500355,Philippines,Other,Encounter,2025-06-04 16:31:00,Asia/Manila,+08:00,14.27508,120.52407,15929
DEMO VESSEL 040,548000040,8500408,Philippines,Other,Loitering,2025-06-15 16:51:00,Asia/Manila,+08:00,14.72185,120.52339,409
DEMO VESSEL 010,548000010,8500109,Belize,Other,Port visit,10/06/2025 01:08,Asia/Manila,+08:00,14.75678,120.56078,22001
DEMO VESSEL 015,548000015,8500159,Philippines,Cargo,Loitering,2025-06-17 20:01:00,Asia/Manila,+08:00,14.54476,120.71263,6144
DEMO VESSEL 013,548000013,8500135,Philippines,Other,Port visit,2025-06-06 16:45:00,Asia/Manila,+08:00,14.85188,120.552,14075
DEMO VESSEL 007,548000007,8500070,Philippines,Cargo,Loitering,2025-06-25 18:35:00,UTC,+00:00,14.59592,120.41164,20726
DEMO VESSEL 008,548000008,8500082,Belize,Dredging,Loitering,03/06/2025 15:44,Asia/Manila,+08:00,14.31652,120.62293,12921
demo vessel 034,548000034,8500343,Belize,Cargo,Loitering,2025-06-15 23:35:00,Asia/Manila,+08:00,14.77604,120.68598,17803
DEMO VESSEL 003,548000003,8500032,Philippines,Cargo,Fishing event,2025-06-09 11:43:00,Asia/Manila,+08:00,14.80162,120.60209,15156
DEMO VESSEL 033,548000033,8500331,Philippines,Cargo,Encounter,2025-06-14 13:10:00,Asia/Manila,+08:00,14.34853,120.74281,18762
demo vessel 034,548000034,8500343,Belize,Cargo,Port visit,09/06/2025 07:04,UTC,+00:00,14.65527,120.71465,11193
DEMO VESSEL 002,548000002,8500020,Philippines,Cargo,Port visit,14/06/2025 03:34,Asia/Manila,+08:00,14.34535,120.48498,20237
DEMO VESSEL 011,548000011,8500111,Philippines,Other,Fishing event,2025-06-24 20:06:00,UTC,+00:00,14.29989,120.86722,38726
DEMO VESSEL 036,548000036,8500367,Sierra Leone,Cargo,Encounter,2025-06-18 14:37:00,UTC,+00:00,14.85596,120.60914,27278
DEMO VESSEL 030,548000030,8500305,Philippines,Cargo,Fishing event,2025-06-15 03:30:00,Asia/Manila,+08:00,14.68454,120.31691,21377
DEMO VESSEL 033,548000033,8500331,Philippines,Cargo,Encounter,2025-06-23 08:25:00,Asia/Manila,+08:00,14.70495,120.7952,36679
DEMO VESSEL 021,548000021,8500214,Belize,Dredging,Encounter,2025-06-10 09:46:00,Asia/Manila,+08:00,14.32228,120.42679,6565
DEMO VESSEL 019,548000019,8500197,Philippines,Cargo,Loitering,2025-06-10 19:28:00,Asia/Manila,+08:00,14.36059,120.34986,2921
DEMO VESSEL 018,548000018,8500185,Philippines,Cargo,Loitering,2025-06-13 21:37:00,UTC,+00:00,14.414,120.33818,19302
DEMO VESSEL 002,548000002,8500020,Philippines,Cargo,Loitering,2025-06-07 06:26:00,Asia/Manila,+08:00,14.40818,120.35755,10365
DEMO VESSEL 038,548000038,8500381,Philippines,Dredging,Encounter,2025-06-20 01:19:00,UTC,+00:00,14.71372,120.79457,433
DEMO VESSEL 040,548000040,8500408,Philippines,Other,Fishing event,24/06/2025 00:48,Asia/Manila,+08:00,14.3632,120.56122,16362
DEMO VESSEL 010,548000010,8500109,Belize,Other,Fishing event,2025-06-12 15:13:00,UTC,+00:00,14.58113,120.81124,11170
DEMO VESSEL 005,548000005,1234568,Sierra Leone,Dredging,Encounter,2025-06-01 13:50:00,Asia/Manila,+08:00,14.86223,120.4302,22406
DEMO VESSEL 038,548000038,8500381,Philippines,Dredging,Loitering,2025-06-12 22:03:00,UTC,+00:00,14.65502,120.40025,2849
DEMO VESSEL 040,548000040,8500408,Philippines,Other,Loitering,2025-06-11 10:19:00,Asia/Manila,+08:00,14.2088,120.35046,24858
DEMO VESSEL 037,548000037,8500379,Belize,Cargo,Loitering,13/06/2025 19:50,Asia/Manila,+08:00,14.68284,120.69459,21357
DEMO VESSEL 002,548000002,8500020,Philippines,Cargo,Fishing event,2025-06-15 22:50:00,Asia/Manila,+08:00,14.79048,120.87099,35898
DEMO VESSEL 006,548000006,64,Philippines,Dredging,Fishing event,2025-06-20 10:18:00,Asia/Manila,+08:00,14.5619,120.37398,36213
DEMO VESSEL 030,548000030,8500305,Philippines,Cargo,Loitering,18/06/2025 21:12,Asia/Manila,+08:00,14.35875,120.33758,21885
DEMO VESSEL 006,548000006,64,Philippines,Dredging,Port visit,24/06/2025 06:06,Asia/Manila,+08:00,14.37782,120.50432,28889
DEMO VESSEL 005,548000005,1234568,Sierra Leone,Dredging,Encounter,11/06/2025 05:16,Asia/Manila,+08:00,14.54115,120.62934,34317
DEMO VESSEL 002,548000002,8500020,Philippines,Cargo,Loitering,2025-06-09 01:32:00,Asia/Manila,+08:00,14.46505,120.79026,6068
demo vessel 009,548000009,8500094,Belize,Cargo,Loitering,2025-06-27 10:55:00,Asia/Manila,+08:00,14.38811,120.50526,21507
DEMO VESSEL 005,548000005,1234568,Sierra Leone,Dredging,Port visit,2025-06-20 01:41:00,Asia/Manila,+08:00,14.72954,120.32363,32850
DEMO VESSEL 012,548000012,8500123,Philippines,Dredging,Loitering,2025-06-20 06:32:00,Asia/Manila,+08:00,14.72283,120.33465,18677
DEMO VESSEL 004,548000004,,Philippines,Dredging,Encounter,2025-06-13 18:47:00,Asia/Manila,+08:00,14.61304,120.41391,8577
DEMO VESSEL 010,548000010,8500109,Belize,Other,Encounter,2025-06-27 03:48:00,Asia/Manila,+08:00,14.25209,120.41374,11111
DEMO VESSEL 018,548000018,8500185,Philippines,Cargo,Loitering,2025-06-14 09:19:00,Asia/Manila,+08:00,14.72417,120.7649,4614
DEMO VESSEL 039 ,548000039,8500393,Philippines,Dredging,Encounter,03/06/2025 13:07,Asia/Manila,+08:00,14.78679,120.49223,24016
DEMO VESSEL 033,548000033,8500331,Philippines,Cargo,Fishing event,26/06/2025 09:09,Asia/Manila,+08:00,14.57435,120.52667,29099
DEMO VESSEL 012,548000012,8500123,Philippines,Dredging,Encounter,10/06/2025 13:33,Asia/Manila,+08:00,14.75703,120.83542,7132
DEMO VESSEL 004,548000004,,Philippines,Dredging,Fishing event,13/06/2025 14:55,Asia/Manila,+08:00,14.33157,120.4667,9952
DEMO VESSEL 020,548000020,8500202,Philippines,Other,Loitering,2025-06-17 17:21:00,Asia/Manila,+08:00,14.28408,120.68075,20249
DEMOVESSEL011,548000011,8500111,Philippines,Other,Port visit,2025-06-03 22:02:00,Asia/Manila,+08:00,14.41855,120.71086,537
DEMO VESSEL 025,548000025,8500252,Philippines,Dredging,Fishing event,2025-06-15 03:19:00,UTC,+00:00,14.38489,120.70454,39626
DEMO VESSEL 004,548000004,,Philippines,Dredging,Port visit,2025-06-04 06:01:00,Asia/Manila,+08:00,14.25841,120.71496,6327
DEMO VESSEL 028,548000028,8500288,Philippines,Other,Port visit,2025-06-04 23:51:00,Asia/Manila,+08:00,14.31994,120.58937,35382
DEMO VESSEL 022,548000022,8500226,Sierra Leone,Dredging,Fishing event,07/06/2025 22:59,Asia/Manila,+08:00,14.84298,120.49882,25268
DEMO VESSEL 034,548000034,8500343,Belize,Cargo,Port visit,2025-06-26 07:45:00,UTC,+00:00,14.58305,120.8476,12914
DEMO VESSEL 018,548000018,8500185,Philippines,Cargo,Loitering,2025-06-23 20:07:00,Asia/Manila,+08:00,14.24011,120.34314,5212
DEMO VESSEL 017,548000017,8500173,Philippines,Other,Port visit,2025-06-23 00:15:00,Asia/Manila,+08:00,14.57592,120.40418,39735
DEMO VESSEL 005,548000005,1234568,Sierra Leone,Dredging,Loitering,2025-06-05 14:48:00,Asia/Manila,+08:00,14.63844,120.54254,7136
DEMO VESSEL 038,548000038,8500381,Philippines,Dredging,Loitering,11/06/2025 12:36,Asia/Manila,+08:00,14.45975,120.73356,6408
DEMO VESSEL 035,548000035,8500355,Philippines,Other,Port visit,15/06/2025 21:34,UTC,+00:00,14.44276,120.31071,21221
DEMO VESSEL 005,548000005,1234568,Sierra Leone,Dredging,Encounter,26/06/2025 14:57,Asia/Manila,+08:00,14.87152,120.49366,36994
DEMO VESSEL 001,548000001,8500018,Philippines,Dredging,Encounter,2025-06-19 19:49:00,Asia/Manila,+08:00,14.81338,120.89142,4294
DEMO VESSEL 010,548000010,8500109,Belize,Other,Loitering,2025-06-05 22:31:00,UTC,+00:00,14.46323,120.58491,9912
DEMO VESSEL 022,548000022,8500226,Sierra Leone,Dredging,Fishing event,23/06/2025 10:50,Asia/Manila,+08:00,14.33718,120.67523,12776
DEMO VESSEL 018,548000018,8500185,Philippines,Cargo,Fishing event,20/06/2025 19:48,Asia/Manila,+08:00,14.61786,120.89891,12344
DEMO VESSEL 007,548000007,8500070,Philippines,Cargo,Loitering,2025-06-09 11:51:00,Asia/Manila,+08:00,14.67307,120.55754,22486
DEMO VESSEL 032,548000032,8500329,Philippines,Cargo,Port visit,2025-06-23 20:31:00,UTC,+00:00,14.40144,120.42252,12627
DEMO VESSEL 038,548000038,8500381,Philippines,Dredging,Encounter,18/06/2025 18:59,Asia/Manila,+08:00,14.39758,120.60169,4314
DEMO VESSEL 030,548000030,8500305,Philippines,Cargo,Loitering,17/06/2025 23:29,Asia/Manila,+08:00,14.81891,120.86343,20062
DEMO VESSEL 030,548000030,8500305,Philippines,Cargo,Fishing event,2025-06-19 10:12:00,Asia/Manila,+08:00,14.51838,120.7508,33190
DEMO VESSEL 002,548000002,8500020,Philippines,Cargo,Loitering,2025-06-12 06:20:00,Asia/Manila,+08:00,14.21694,120.48289,9856
DEMO VESSEL 026,548000026,8500264,Philippines,Cargo,Fishing event,08/06/2025 16:56,Asia/Manila,+08:00,14.74266,120.57187,7038
DEMO VESSEL 032,548000032,8500329,Philippines,Cargo,Encounter,06/06/2025 15:44,Asia/Manila,+08:00,14.41743,120.31874,5105
DEMO VESSEL 004,548000004,,Philippines,Dredging,Loitering,2025-06-25 11:25:00,Asia/Manila,+08:00,14.41922,120.66739,32631
DEMO VESSEL 005,548000005,1234568,Sierra Leone,Dredging,Loitering,2025-06-18 15:23:00,Asia/Manila,+08:00,14.70435,120.63008,11965
DEMO VESSEL 016,548000016,8500161,Philippines,Dredging,Loitering,14/06/2025 10:45,UTC,+00:00,14.72088,120.73157,17571
DEMO VESSEL 037,548000037,8500379,Belize,Cargo,Fishing event,2025-06-21 13:17:00,UTC,+00:00,14.78237,120.55981,17793
DEMO VESSEL 036,548000036,8500367,Sierra Leone,Cargo,Encounter,2025-06-03 05:00:00,Asia/Manila,+08:00,14.69971,120.72689,14811
DEMO VESSEL 040,548000040,8500408,Philippines,Other,Port visit,2025-06-25 09:29:00,Asia/Manila,+08:00,14.566,120.54447,16130
DEMO VESSEL 018,548000018,8500185,Philippines,Cargo,Fishing event,11/06/2025 16:11,Asia/Manila,+08:00,14.59016,120.79599,29853
DEMOVESSEL036,548000036,8500367,Sierra Leone,Cargo,Fishing event,18/06/2025 12:16,Asia/Manila,+08:00,14.78678,120.322,31950
DEMO VESSEL 039,548000039,8500393,Philippines,Dredging,Port visit,2025-06-01 14:47:00,Asia/Manila,+08:00,14.519,120.76771,37755
DEMO VESSEL 019,548000019,8500197,Philippines,Cargo,Port visit,05/06/2025 16:37,UTC,+00:00,14.31335,120.48311,12564
AIS TEST SHIP,100900301,,,,Port visit,20/06/2025 21:38,UTC,+00:00,14.36487,120.7953,18496
DEMO VESSEL 013,548000013,8500135,Philippines,Other,Loitering,2025-06-11 10:09:00,UTC,+00:00,14.29719,120.33248,4064
DEMO VESSEL 022,548000022,8500226,Sierra Leone,Dredging,Fishing event,2025-06-09 06:06:00,Asia/Manila,+08:00,14.35403,120.3906,18031
DEMO VESSEL 002,548000002,8500020,Philippines,Cargo,Loitering,2025-06-04 04:27:00,Asia/Manila,+08:00,14.57527,120.6388,13649
DEMO VESSEL 036,548000036,8500367,Sierra Leone,Cargo,Loitering,08/06/2025 15:52,Asia/Manila,+08:00,14.6119,120.8021,18468
DEMO VESSEL 033,548000033,8500331,Philippines,Cargo,Port visit,16/06/2025 20:07,Asia/Manila,+08:00,14.86978,120.79305,15633
DEMO VESSEL 004,548000004,,Philippines,Dredging,Encounter,2025-06-19 11:53:00,UTC,+00:00,14.49853,120.46985,22253
DEMO VESSEL 030,548000030,8500305,Philippines,Cargo,Fishing event,22/06/2025 12:31,Asia/Manila,+08:00,14.43723,120.70979,18276
DEMO VESSEL 025,548000025,8500252,Philippines,Dredging,Port visit,2025-06-21 12:36:00,Asia/Manila,+08:00,14.37203,120.74849,801
DEMO VESSEL 003,548000003,8500032,Philippines,Cargo,Loitering,2025-06-03 14:48:00,Asia/Manila,+08:00,14.32363,120.3236,7297
demo vessel 007,667000007,8500070,Sierra Leone,Cargo,Loitering,2025-06-03 13:06:00,UTC,+00:00,14.26163,120.68437,15727
DEMO VESSEL 033,548000033,8500331,Philippines,Cargo,Loitering,2025-06-11 08:41:00,Asia/Manila,+08:00,14.48812,120.75343,20334
DEMO VESSEL 003,548000003,8500032,Philippines,Cargo,Fishing event,2025-06-22 21:56:00,Asia/Manila,+08:00,14.78787,120.80565,34507
DEMO VESSEL 034,548000034,8500343,Belize,Cargo,Port visit,2025-06-18 14:33:00,Asia/Manila,+08:00,14.53549,120.34681,20179
DEMO VESSEL 007,667000007,8500070,Sierra Leone,Cargo,Port visit,2025-06-07 12:56:00,Asia/Manila,+08:00,14.78917,120.35232,21614
DEMO VESSEL 024,548000024,8500240,Philippines,Cargo,Loitering,2025-06-18 04:21:00,Asia/Manila,+08:00,14.71656,120.60376,6081
DEMO VESSEL 029,548000029,8500290,Philippines,Other,Fishing event,2025-06-05 14:42:00,Asia/Manila,+08:00,14.83278,120.59147,15472
DEMO VESSEL 010,548000010,8500109,Belize,Other,Loitering,2025-06-03 16:43:00,Asia/Manila,+08:00,14.44874,120.52433,21158
DEMO VESSEL 031,548000031,8500317,Philippines,Cargo,Loitering,11/06/2025 06:01,UTC,+00:00,14.71118,120.56807,35414
DEMO VESSEL 029,548000029,8500290,Philippines,Other,Fishing event,19/06/2025 12:16,UTC,+00:00,14.33181,120.80141,15960
DEMO VESSEL 029,548000029,8500290,Philippines,Other,Encounter,2025-06-26 10:04:00,Asia/Manila,+08:00,14.59469,120.67769,12100
DEMO VESSEL 019,548000019,8500197,Philippines,Cargo,Port visit,2025-06-04 04:27:00,Asia/Manila,+08:00,14.65052,120.59632,13921
DEMO VESSEL 040,548000040,8500408,Philippines,Other,Loitering,09/06/2025 12:54,Asia/Manila,+08:00,14.35339,120.66805,2089
DEMO VESSEL 035,548000035,8500355,Philippines,Other,Encounter,2025-06-18 23:34:00,UTC,+00:00,14.29557,120.78175,16695
DEMO VESSEL 016,548000016,8500161,Philippines,Dredging,Fishing event,2025-06-27 16:42:00,UTC,+00:00,14.2035,120.37237,27943
DEMO VESSEL 029,548000029,8500290,Philippines,Other,Encounter,2025-06-19 12:58:00,Asia/Manila,+08:00,14.87188,120.84735,14572
DEMOVESSEL021,548000021,8500214,Belize,Dredging,Port visit,2025-05-09 12:47:00,Asia/Manila,+08:00,14.38313,120.4946,9624
DEMO VESSEL 040,548000040,8500408,Philippines,Other,Encounter,2025-06-25 21:24:00,Asia/Manila,+08:00,14.84766,120.82082,12074
AIS TEST SHIP,100900301,,,,Port visit,2025-06-26 15:20:00,Asia/Manila,+08:00,14.52522,120.39944,3447
DEMO VESSEL 007,548000007,8500070,Philippines,Cargo,Port visit,2025-06-21 09:28:00,Asia/Manila,+08:00,14.43402,120.5315,23700
DEMO VESSEL 036,548000036,8500367,Sierra Leone,Cargo,Loitering,2025-06-27 08:44:00,UTC,+00:00,14.42638,120.53333,7226
DEMO VESSEL 025,548000025,8500252,Philippines,Dredging,Loitering,20/06/2025 04:44,Asia/Manila,+08:00,14.78382,120.52986,17473
DEMO VESSEL 031,548000031,8500317,Philippines,Cargo,Loitering,2025-06-07 19:41:00,Asia/Manila,+08:00,14.21039,120.4955,18991
demo vessel 009,548000009,8500094,Belize,Cargo,Loitering,2025-06-05 22:46:00,UTC,+00:00,14.84508,120.41905,5735
DEMO VESSEL 039,548000039,8500393,Philippines,Dredging,Encounter,2025-06-06 16:11:00,Asia/Manila,+08:00,14.46701,120.74784,15006
DEMO VESSEL 005,548000005,1234568,Sierra Leone,Dredging,Fishing event,2025-06-27 22:15:00,Asia/Manila,+08:00,14.84224,120.8913,39889
DEMO VESSEL 024,548000024,8500240,Philippines,Cargo,Loitering,2025-06-25 01:25:00,Asia/Manila,+08:00,14.61435,120.65432,2037
DEMO VESSEL 032,548000032,8500329,Philippines,Cargo,Encounter,2025-06-01 04:32:00,UTC,+00:00,14.58756,120.56666,27390
DEMO VESSEL 037,548000037,8500379,Belize,Cargo,Encounter,2025-06-21 09:44:00,Asia/Manila,+08:00,14.30975,120.8943,26098
DEMO VESSEL 010,548000010,8500109,Belize,Other,Loitering,2025-06-08 18:09:00,UTC,+00:00,14.82337,120.59073,9329
DEMO VESSEL 033,548000033,8500331,Philippines,Cargo,Loitering,2025-06-05 09:31:00,Asia/Manila,+08:00,14.78985,120.51029,29774
DEMO VESSEL 026,548000026,8500264,Philippines,Cargo,Loitering,25/06/2025 03:00,UTC,+00:00,14.79594,120.6597,2013
DEMO VESSEL 021,548000021,8500214,Belize,Dredging,Loitering,2025-06-10 03:45:00,UTC,+00:00,14.31562,120.43796,32947
DEMO VESSEL 029,548000029,8500290,Philippines,Other,Fishing event,2025-06-07 10:30:00,Asia/Manila,+08:00,14.34541,120.60516,12501
DEMO VESSEL 001,548000001,8500018,Philippines,Dredging,Fishing event,16/06/2025 00:07,Asia/Manila,+08:00,14.78217,120.48451,5913
DEMO VESSEL 016,548000016,8500161,Philippines,Dredging,Encounter,2025-06-12 20:41:00,Asia/Manila,+08:00,14.3961,120.85087,2835
demo vessel 020,548000020,8500202,Philippines,Other,Port visit,23/06/2025 02:00,UTC,+00:00,14.34607,120.84207,34306
DEMO VESSEL 003,548000003,8500032,Philippines,Cargo,Port visit,22/06/2025 10:40,Asia/Manila,+08:00,14.69543,120.46381,30433
DEMO VESSEL 001,548000001,8500018,Philippines,Dredging,Loitering,2025-06-07 22:15:00,UTC,+00:00,14.74288,120.32619,25602
DEMO VESSEL 025,548000025,8500252,Philippines,Dredging,Port visit,05/06/2025 22:58,Asia/Manila,+08:00,14.42661,120.87511,11380
DEMO VESSEL 024,548000024,8500240,Philippines,Cargo,Port visit,11/06/2025 19:59,Asia/Manila,+08:00,14.84839,120.82023,7456
DEMO VESSEL 031,548000031,8500317,Philippines,Cargo,Encounter,2025-06-02 14:01:00,Asia/Manila,+08:00,14.69026,120.38343,1838
DEMO VESSEL 002,548000002,8500020,Philippines,Cargo,Encounter,2025-06-03 17:29:00,Asia/Manila,+08:00,14.40412,120.7707,39077
DEMO VESSEL 002,548000002,8500020,Philippines,Cargo,Fishing event,2025-06-14 20:20:00,Asia/Manila,+08:00,14.66122,120.32627,13543
DEMO VESSEL 039,548000039,8500393,Philippines,Dredging,Fishing event,2025-06-27 16:16:00,Asia/Manila,+08:00,14.77279,120.71206,33327
DEMO VESSEL 009,548000009,8500094,Belize,Cargo,Loitering,2025-06-23 13:24:00,Asia/Manila,+08:00,14.76813,120.36153,2297
DEMO VESSEL 008,548000008,8500082,Belize,Dredging,Port visit,2025-06-09 01:10:00,Asia/Manila,+08:00,14.62892,120.89198,39930
DEMO VESSEL 033,548000033,8500331,Philippines,Cargo,Port visit,2025-06-23 08:41:00,Asia/Manila,+08:00,14.20533,120.59598,7702
DEMO VESSEL 029,548000029,8500290,Philippines,Other,Fishing event,2025-06-19 07:15:00,Asia/Manila,+08:00,14.55269,120.64068,8520
DEMO VESSEL 007,667000007,8500070,Sierra Leone,Cargo,Encounter,08/06/2025 16:58,Asia/Manila,+08:00,14.3116,120.76862,31497
DEMO VESSEL 020 ,548000020,8500202,Philippines,Other,Port visit,2025-06-14 07:51:00,Asia/Manila,+08:00,14.77186,120.53713,30653
DEMO VESSEL 030,548000030,8500305,Philippines,Cargo,Loitering,2025-06-03 16:54:00,UTC,+00:00,14.72173,120.69992,6932
DEMO VESSEL 019 ,548000019,8500197,Philippines,Cargo,Fishing event,2025-06-08 11:59:00,Asia/Manila,+08:00,14.58509,120.58409,37743
DEMO VESSEL 010,548000010,8500109,Belize,Other,Loitering,2025-06-13 15:53:00,Asia/Manila,+08:00,14.70953,120.30003,1610
DEMO VESSEL 003,548000003,8500032,Philippines,Cargo,Port visit,2025-06-10 01:09:00,Asia/Manila,+08:00,14.86935,120.67118,11792
DEMO VESSEL 005,548000005,1234568,Sierra Leone,Dredging,Port visit,16/06/2025 14:36,Asia/Manila,+08:00,14.79202,120.76985,24126
DEMO VESSEL 007 ,548000007,8500070,Philippines,Cargo,Port visit,18/06/2025 11:24,Asia/Manila,+08:00,14.29123,120.80781,1980
DEMO VESSEL 020,548000020,8500202,Philippines,Other,Loitering,2025-06-12 23:50:00,UTC,+00:00,14.75029,120.47217,21553
DEMO VESSEL 013,548000013,8500135,Philippines,Other,Port visit,2025-06-24 06:38:00,UTC,+00:00,14.72897,120.33627,9562
DEMO VESSEL 017,548000017,8500173,Philippines,Other,Fishing event,13/06/2025 19:21,UTC,+00:00,14.42118,120.32074,9486
DEMO VESSEL 029,548000029,8500290,Philippines,Other,Encounter,2025-06-06 22:46:00,Asia/Manila,+08:00,14.7686,120.45782,29586
DEMO VESSEL 030,548000030,8500305,Philippines,Cargo,Loitering,26/06/2025 13:41,Asia/Manila,+08:00,14.47637,120.404,35222
DEMO VESSEL 002,548000002,8500020,Philippines,Cargo,Fishing event,2025-06-06 14:02:00,Asia/Manila,+08:00,14.38438,120.80225,5916
DEMO VESSEL 040,548000040,8500408,Philippines,Other,Port visit,2025-06-04 05:41:00,Asia/Manila,+08:00,14.23251,120.35344,36507
DEMO VESSEL 036,548000036,8500367,Sierra Leone,Cargo,Encounter,2025-06-22 03:09:00,UTC,+00:00,14.57097,120.33592,17639
DEMO VESSEL 007,667000007,8500070,Sierra Leone,Cargo,Port visit,2025-06-26 19:34:00,Asia/Manila,+08:00,14.79947,120.43269,11115
DEMO VESSEL 029,548000029,8500290,Philippines,Other,Fishing event,2025-06-03 10:53:00,UTC,+00:00,14.35746,120.86234,36176
DEMO VESSEL 014,548000014,8500147,Philippines,Cargo,Encounter,2025-05-13 13:25:00,UTC,+00:00,14.68148,120.43319,14086
DEMO VESSEL 030,548000030,8500305,Philippines,Cargo,Port visit,2025-06-07 08:53:00,Asia/Manila,+08:00,14.65801,120.88974,10332
DEMO VESSEL 035,548000035,8500355,Philippines,Other,Fishing event,2025-06-11 02:19:00,Asia/Manila,+08:00,14.89032,120.71138,21567
DEMO VESSEL 007,667000007,8500070,Sierra Leone,Cargo,Port visit,18/06/2025 18:43,Asia/Manila,+08:00,14.7211,120.53014,11374
DEMO VESSEL 001,548000001,8500018,Philippines,Dredging,Fishing event,2025-06-22 23:43:00,Asia/Manila,+08:00,14.77569,120.86418,37092
DEMO VESSEL 024,548000024,8500240,Philippines,Cargo,Encounter,2025-06-16 03:40:00,Asia/Manila,+08:00,14.24809,120.56678,13988
DEMO VESSEL 030,548000030,8500305,Philippines,Cargo,Fishing event,2025-06-11 21:01:00,Asia/Manila,+08:00,14.43471,120.57315,32094
DEMO VESSEL 037,548000037,8500379,Belize,Cargo,Encounter,2025-06-04 23:57:00,UTC,+00:00,14.65095,120.58748,12214
AIS TEST SHIP,100900301,,,,Port visit,2025-06-16 14:00:00,Asia/Manila,+08:00,14.36883,120.40135,16667
DEMO VESSEL 010,548000010,8500109,Belize,Other,Fishing event,2025-06-26 02:58:00,UTC,+00:00,14.31321,120.36693,3811
DEMO VESSEL 038,548000038,8500381,Philippines,Dredging,Loitering,2025-06-11 01:41:00,Asia/Manila,+08:00,14.8555,120.54061,33959
DEMO VESSEL 024,548000024,8500240,Philippines,Cargo,Port visit,2025-06-09 03:18:00,Asia/Manila,+08:00,14.23783,120.44394,449
DEMO VESSEL 021,548000021,8500214,Belize,Dredging,Loitering,2025-06-07 13:28:00,Asia/Manila,+08:00,14.28599,120.3818,17889
DEMOVESSEL007,667000007,8500070,Sierra Leone,Cargo,Loitering,23/06/2025 14:32,Asia/Manila,+08:00,14.67192,120.85561,20135
DEMO VESSEL 036,548000036,8500367,Sierra Leone,Cargo,Fishing event,2025-06-24 21:09:00,Asia/Manila,+08:00,14.83959,120.30857,24392
DEMO VESSEL 039,548000039,8500393,Philippines,Dredging,Port visit,2025-06-02 05:36:00,Asia/Manila,+08:00,14.63692,120.69147,38220
AIS TEST SHIP,100900301,,,,Loitering,2025-06-08 11:59:00,UTC,+00:00,14.42606,120.77895,24215
DEMOVESSEL029,548000029,8500290,Philippines,Other,Encounter,2025-06-20 01:04:00,Asia/Manila,+08:00,14.77247,120.51131,19111
DEMO VESSEL 033,548000033,8500331,Philippines,Cargo,Encounter,2025-06-19 05:26:00,Asia/Manila,+08:00,14.35185,120.67896,37010
DEMO VESSEL 033,548000033,8500331,Philippines,Cargo,Fishing event,2025-06-16 01:46:00,Asia/Manila,+08:00,14.49327,120.32816,26767
DEMO VESSEL 008 ,548000008,8500082,Belize,Dredging,Loitering,25/06/2025 18:38,Asia/Manila,+08:00,14.22275,120.76861,3570
DEMOVESSEL022,548000022,8500226,Sierra Leone,Dredging,Port visit,2025-06-23 13:53:00,Asia/Manila,+08:00,14.29908,120.40524,9896
DEMO VESSEL 024,548000024,8500240,Philippines,Cargo,Port visit,2025-06-15 21:06:00,UTC,+00:00,14.4033,120.38436,19123
DEMO VESSEL 017,548000017,8500173,Philippines,Other,Fishing event,2025-06-02 10:42:00,UTC,+00:00,14.33708,120.32422,4603
DEMO VESSEL 020,548000020,8500202,Philippines,Other,Loitering,2025-06-20 07:31:00,UTC,+00:00,14.24383,120.81682,22422
DEMO VESSEL 009,548000009,8500094,Belize,Cargo,Port visit,2025-06-11 20:02:00,Asia/Manila,+08:00,14.83355,120.51449,34154
DEMO VESSEL 017,548000017,8500173,Philippines,Other,Fishing event,2025-06-03 12:40:00,UTC,+00:00,14.7076,120.8845,6843
DEMO VESSEL 015,548000015,8500159,Philippines,Cargo,Fishing event,2025-06-12 09:33:00,Asia/Manila,+08:00,14.88998,120.71604,21642
DEMO VESSEL 010,548000010,8500109,Belize,Other,Encounter,2025-06-01 21:11:00,Asia/Manila,+08:00,14.44039,120.83083,15539
DEMO VESSEL 039 ,548000039,8500393,Philippines,Dredging,Port visit,2025-06-12 01:48:00,Asia/Manila,+08:00,14.50337,120.60179,5272
DEMO VESSEL 011,548000011,8500111,Philippines,Other,Port visit,2025-06-18 09:46:00,Asia/Manila,+08:00,14.22144,120.30865,2401
DEMO VESSEL 002,548000002,8500020,Philippines,Cargo,Loitering,2025-06-27 20:51:00,Asia/Manila,+08:00,14.46172,120.36379,7309
DEMO VESSEL 007,667000007,8500070,Sierra Leone,Cargo,Loitering,2025-06-19 19:28:00,Asia/Manila,+08:00,14.44957,120.67674,38446
DEMO VESSEL 012,548000012,8500123,Philippines,Dredging,Encounter,2025-06-27 15:08:00,Asia/Manila,+08:00,14.85647,120.49337,10220
DEMO VESSEL 012,548000012,8500123,Philippines,Dredging,Loitering,2025-06-11 03:36:00,Asia/Manila,+08:00,14.71779,120.65587,5640
DEMO VESSEL 014,548000014,8500147,Philippines,Cargo,Port visit,2025-06-25 17:40:00,UTC,+00:00,14.87468,120.55532,23711
DEMO VESSEL 036,548000036,8500367,Sierra Leone,Cargo,Port visit,20/06/2025 16:37,Asia/Manila,+08:00,14.56771,120.57192,10102
DEMOVESSEL038,548000038,8500381,Philippines,Dredging,Fishing event,2025-06-25 07:01:00,Asia/Manila,+08:00,14.53234,120.36129,24769
DEMO VESSEL 040,548000040,8500408,Philippines,Other,Fishing event,2025-06-14 03:19:00,Asia/Manila,+08:00,14.55696,120.62741,10632
DEMO VESSEL 002,548000002,8500020,Philippines,Cargo,Fishing event,18/06/2025 23:56,UTC,+00:00,14.75597,120.33498,20216
DEMO VESSEL 008,548000008,8500082,Belize,Dredging,Port visit,2025-06-21 16:37:00,Asia/Manila,+08:00,14.65534,120.45156,33789
DEMO VESSEL 006,548000006,64,Philippines,Dredging,Port visit,19/06/2025 03:18,Asia/Manila,+08:00,14.82114,120.64169,12776
DEMO VESSEL 037,548000037,8500379,Belize,Cargo,Fishing event,2025-06-05 10:58:00,Asia/Manila,+08:00,14.42197,120.62888,3738
DEMO VESSEL 016,548000016,8500161,Philippines,Dredging,Fishing event,2025-06-04 20:09:00,Asia/Manila,+08:00,14.84339,120.46514,33992
AIS TEST SHIP,100900301,,,,Port visit,2025-06-26 13:22:00,Asia/Manila,+08:00,14.72458,120.4576,1025
DEMO VESSEL 018,548000018,8500185,Philippines,Cargo,Loitering,2025-06-25 19:04:00,Asia/Manila,+08:00,14.66797,120.5149,31182
DEMO VESSEL 022,548000022,8500226,Sierra Leone,Dredging,Port visit,01/06/2025 21:53,Asia/Manila,+08:00,14.39654,120.48045,8608
DEMO VESSEL 003 ,548000003,8500032,Philippines,Cargo,Encounter,2025-06-20 18:08:00,Asia/Manila,+08:00,14.69999,120.36419,35214
AIS TEST SHIP,100900301,,,,Fishing event,13/06/2025 11:28,Asia/Manila,+08:00,14.63443,120.66414,5660
DEMO VESSEL 007,548000007,8500070,Philippines,Cargo,Loitering,25/06/2025 11:07,Asia/Manila,+08:00,14.73684,120.62258,8379
DEMO VESSEL 034,548000034,8500343,Belize,Cargo,Port visit,2025-06-03 08:08:00,Asia/Manila,+08:00,14.62363,120.87619,34601
DEMO VESSEL 010,548000010,8500109,Belize,Other,Fishing event,2025-06-15 05:47:00,UTC,+00:00,14.61768,120.66528,6111
DEMOVESSEL030,548000030,8500305,Philippines,Cargo,Encounter,21/06/2025 23:01,Asia/Manila,+08:00,14.85396,120.88573,30234
DEMO VESSEL 032,548000032,8500329,Philippines,Cargo,Encounter,2025-06-12 07:52:00,UTC,+00:00,14.70286,120.81458,38769
DEMO VESSEL 022,548000022,8500226,Sierra Leone,Dredging,Fishing event,2025-06-17 12:46:00,Asia/Manila,+08:00,14.62403,120.58778,14708
DEMO VESSEL 029,548000029,8500290,Philippines,Other,Port visit,03/06/2025 15:09,UTC,+00:00,14.84054,120.48804,13615
DEMO VESSEL 029,548000029,8500290,Philippines,Other,Encounter,2025-06-07 02:22:00,Asia/Manila,+08:00,14.45228,120.61972,36655
demo vessel 025,548000025,8500252,Philippines,Dredging,Encounter,2025-06-13 13:30:00,Asia/Manila,+08:00,14.7773,120.68842,5979
DEMO VESSEL 015,548000015,8500159,Philippines,Cargo,Loitering,2025-06-17 00:06:00,Asia/Manila,+08:00,14.64923,120.83379,17339
DEMO VESSEL 016,548000016,8500161,Philippines,Dredging,Loitering,2025-06-20 23:36:00,Asia/Manila,+08:00,14.84996,120.5678,6778
DEMO VESSEL 023,548000023,8500238,Belize,Cargo,Encounter,2025-06-16 01:19:00,Asia/Manila,+08:00,14.57095,120.41828,1957
DEMO VESSEL 005,548000005,1234568,Sierra Leone,Dredging,Fishing event,2025-06-16 21:25:00,Asia/Manila,+08:00,14.85029,120.44058,27889
DEMOVESSEL033,548000033,8500331,Philippines,Cargo,Encounter,2025-06-24 23:42:00,Asia/Manila,+08:00,14.57985,120.76588,24028
DEMO VESSEL 005,548000005,1234568,Sierra Leone,Dredging,Port visit,2025-06-03 06:47:00,Asia/Manila,+08:00,14.7256,120.5709,23344
AIS TEST SHIP,100900301,,,,Encounter,2025-06-20 02:12:00,Asia/Manila,+08:00,14.58631,120.84259,8692
DEMO VESSEL 014,548000014,8500147,Philippines,Cargo,Encounter,2025-06-15 07:31:00,Asia/Manila,+08:00,14.72464,120.73605,5283
DEMO VESSEL 038,548000038,8500381,Philippines,Dredging,Fishing event,27/06/2025 03:25,UTC,+00:00,14.56483,120.74697,29291
DEMO VESSEL 013,548000013,8500135,Philippines,Other,Loitering,2025-06-06 13:44:00,Asia/Manila,+08:00,14.61876,120.46606,33341
DEMO VESSEL 020,548000020,8500202,Philippines,Other,Encounter,2025-06-13 11:20:00,Asia/Manila,+08:00,14.7922,120.78617,28850
DEMO VESSEL 030,548000030,8500305,Philippines,Cargo,Port visit,2025-06-06 13:52:00,Asia/Manila,+08:00,14.57341,120.63965,37684
DEMO VESSEL 007,548000007,8500070,Philippines,Cargo,Port visit,2025-06-23 19:14:00,UTC,+00:00,14.4491,120.84186,4955
DEMO VESSEL 022,548000022,8500226,Sierra Leone,Dredging,Fishing event,2025-06-14 19:46:00,Asia/Manila,+08:00,14.52095,120.75724,10352
DEMO VESSEL 031,548000031,8500317,Philippines,Cargo,Port visit,09/06/2025 01:55,Asia/Manila,+08:00,14.34787,120.7013,18471
DEMO VESSEL 020,548000020,8500202,Philippines,Other,Fishing event,2025-06-04 19:25:00,UTC,+00:00,14.50841,120.63027,8469
DEMO VESSEL 037,548000037,8500379,Belize,Cargo,Port visit,2025-06-13 14:31:00,Asia/Manila,+08:00,14.57303,120.46727,4370
DEMO VESSEL 006,548000006,64,Philippines,Dredging,Fishing event,26/06/2025 19:36,UTC,+00:00,14.56643,120.54461,13858
DEMO VESSEL 011,548000011,8500111,Philippines,Other,Loitering,2025-06-05 05:00:00,UTC,+00:00,14.24484,120.56951,16905
DEMO VESSEL 023,548000023,8500238,Belize,Cargo,Loitering,13/06/2025 16:17,Asia/Manila,+08:00,14.30923,120.42619,21908
DEMO VESSEL 002,548000002,8500020,Philippines,Cargo,Fishing event,2025-06-08 23:55:00,Asia/Manila,+08:00,14.82079,120.52301,31137
DEMO VESSEL 018,548000018,8500185,Philippines,Cargo,Encounter,2025-06-27 22:49:00,Asia/Manila,+08:00,14.58265,120.40409,7262
DEMO VESSEL 036,548000036,8500367,Sierra Leone,Cargo,Port visit,21/06/2025 10:27,Asia/Manila,+08:00,14.27127,120.36761,28349
DEMO VESSEL 032,548000032,8500329,Philippines,Cargo,Fishing event,19/06/2025 06:38,Asia/Manila,+08:00,14.23818,120.4871,11114
DEMO VESSEL 026,548000026,8500264,Philippines,Cargo,Encounter,2025-06-01 00:27:00,UTC,+00:00,14.43991,120.77303,38929
DEMO VESSEL 017,548000017,8500173,Philippines,Other,Encounter,2025-06-09 21:02:00,Asia/Manila,+08:00,14.88423,120.56948,36637
DEMO VESSEL 033,548000033,8500331,Philippines,Cargo,Fishing event,2025-06-26 11:54:00,Asia/Manila,+08:00,14.54756,120.57987,14072
DEMO VESSEL 029,548000029,8500290,Philippines,Other,Port visit,2025-06-07 22:55:00,Asia/Manila,+08:00,14.66251,120.51724,10450
DEMO VESSEL 034,548000034,8500343,Belize,Cargo,Loitering,2025-06-09 07:32:00,Asia/Manila,+08:00,14.87083,120.37742,12216
DEMO VESSEL 019,548000019,8500197,Philippines,Cargo,Port visit,2025-06-08 03:28:00,Asia/Manila,+08:00,14.20085,120.53466,35787
DEMO VESSEL 016,548000016,8500161,Philippines,Dredging,Port visit,2025-06-21 09:06:00,Asia/Manila,+08:00,14.34924,120.88824,19344
DEMO VESSEL 037,548000037,8500379,Belize,Cargo,Loitering,18/06/2025 21:56,Asia/Manila,+08:00,14.51018,120.82742,5523
DEMO VESSEL 040,548000040,8500408,Philippines,Other,Fishing event,2025-06-20 01:55:00,Asia/Manila,+08:00,14.33964,120.59478,28860
DEMO VESSEL 037,548000037,8500379,Belize,Cargo,Fishing event,2025-06-11 03:54:00,UTC,+00:00,14.54295,120.5577,18318
DEMO VESSEL 007,667000007,8500070,Sierra Leone,Cargo,Fishing event,01/06/2025 15:38,Asia/Manila,+08:00,14.65674,120.6181,21677
DEMO VESSEL 040,548000040,8500408,Philippines,Other,Port visit,2025-06-22 11:49:00,Asia/Manila,+08:00,14.82732,120.36712,15274
DEMO VESSEL 002,548000002,8500020,Philippines,Cargo,Encounter,2025-06-09 23:26:00,Asia/Manila,+08:00,14.34797,120.79438,3983
DEMO VESSEL 036,548000036,8500367,Sierra Leone,Cargo,Loitering,2025-06-04 18:23:00,Asia/Manila,+08:00,14.75044,120.7453,22128
DEMO VESSEL 038,548000038,8500381,Philippines,Dredging,Encounter,26/06/2025 01:44,Asia/Manila,+08:00,14.24214,120.32293,13253
DEMO VESSEL 029,548000029,8500290,Philippines,Other,Fishing event,2025-06-01 09:29:00,Asia/Manila,+08:00,14.89485,120.41007,5279
DEMO VESSEL 003,548000003,8500032,Philippines,Cargo,Encounter,18/06/2025 13:30,Asia/Manila,+08:00,14.8156,120.86218,1681
demo vessel 034,548000034,8500343,Belize,Cargo,Fishing event,17/06/2025 01:03,Asia/Manila,+08:00,14.80398,120.55977,37837
DEMO VESSEL 022,548000022,8500226,Sierra Leone,Dredging,Encounter,19/06/2025 21:10,Asia/Manila,+08:00,14.85858,120.78409,33067
DEMO VESSEL 004,548000004,,Philippines,Dredging,Encounter,05/06/2025 12:28,UTC,+00:00,14.27921,120.55647,8658
DEMO VESSEL 037,548000037,8500379,Belize,Cargo,Fishing event,22/06/2025 12:32,Asia/Manila,+08:00,14.66195,120.57188,32277
DEMO VESSEL 035,548000035,8500355,Philippines,Other,Port visit,2025-06-24 06:54:00,Asia/Manila,+08:00,14.40088,120.3381,24161
DEMO VESSEL 018,548000018,8500185,Philippines,Cargo,Loitering,2025-06-03 10:15:00,Asia/Manila,+08:00,14.88669,120.59628,368
DEMO VESSEL 007,548000007,8500070,Philippines,Cargo,Port visit,2025-06-08 15:32:00,Asia/Manila,+08:00,14.28737,120.43066,16005
AIS TEST SHIP ,100900301,,,,Encounter,2025-06-20 13:13:00,Asia/Manila,+08:00,14.28098,120.53838,34307
AIS TEST SHIP,100900301,,,,Port visit,2025-06-24 11:56:00,Asia/Manila,+08:00,14.36536,120.34467,13391
DEMO VESSEL 025,548000025,8500252,Philippines,Dredging,Encounter,21/06/2025 16:26,Asia/Manila,+08:00,14.3737,120.86557,35869
DEMO VESSEL 005 ,548000005,1234568,Sierra Leone,Dredging,Loitering,2025-06-05 20:05:00,Asia/Manila,+08:00,14.34538,120.86526,31332
DEMO VESSEL 027,548000027,8500276,Philippines,Cargo,Encounter,2025-06-27 14:35:00,Asia/Manila,+08:00,14.67072,120.85941,35019
DEMO VESSEL 005,548000005,1234568,Sierra Leone,Dredging,Port visit,20/06/2025 17:12,Asia/Manila,+08:00,14.61831,120.37222,34608
DEMO VESSEL 015,548000015,8500159,Philippines,Cargo,Encounter,16/06/2025 15:05,Asia/Manila,+08:00,14.89358,120.61578,4436
DEMO VESSEL 007,548000007,8500070,Philippines,Cargo,Fishing event,2025-06-25 22:01:00,Asia/Manila,+08:00,14.8693,120.75029,28409
DEMO VESSEL 020,548000020,8500202,Philippines,Other,Fishing event,2025-06-19 08:18:00,Asia/Manila,+08:00,14.77513,120.44194,21261
DEMO VESSEL 004,548000004,,Philippines,Dredging,Fishing event,2025-06-01 03:27:00,UTC,+00:00,14.57037,120.83911,10499
DEMO VESSEL 007,667000007,8500070,Sierra Leone,Cargo,Fishing event,2025-06-25 19:01:00,Asia/Manila,+08:00,14.53324,120.68148,27122
DEMO VESSEL 007,548000007,8500070,Philippines,Cargo,Fishing event,2025-06-06 03:53:00,Asia/Manila,+08:00,14.29768,120.57521,1484
DEMO VESSEL 036,548000036,8500367,Sierra Leone,Cargo,Fishing event,2025-06-13 13:30:00,Asia/Manila,+08:00,14.4589,120.78373,18274
DEMO VESSEL 033,548000033,8500331,Philippines,Cargo,Encounter,2025-06-21 16:34:00,UTC,+00:00,14.25366,120.64275,32539
DEMO VESSEL 003,548000003,8500032,Philippines,Cargo,Port visit,2025-06-21 01:33:00,UTC,+00:00,14.40192,120.31422,13788
DEMO VESSEL 016,548000016,8500161,Philippines,Dredging,Fishing event,17/06/2025 11:38,UTC,+00:00,14.23522,120.85187,415
demo vessel 037,548000037,8500379,Belize,Cargo,Encounter,2025-06-11 20:19:00,Asia/Manila,+08:00,14.4686,120.68101,28804
DEMO VESSEL 020,548000020,8500202,Philippines,Other,Port visit,2025-06-21 18:25:00,Asia/Manila,+08:00,14.21032,120.77075,16181
DEMO VESSEL 037,548000037,8500379,Belize,Cargo,Fishing event,2025-06-05 18:21:00,Asia/Manila,+08:00,14.45946,120.33098,30723
DEMO VESSEL 007,667000007,8500070,Sierra Leone,Cargo,Port visit,14/06/2025 10:43,UTC,+00:00,14.37411,120.83509,16813
DEMOVESSEL012,548000012,8500123,Philippines,Dredging,Fishing event,2025-06-12 05:36:00,UTC,+00:00,14.22612,120.45609,7568
DEMO VESSEL 029,548000029,8500290,Philippines,Other,Port visit,2025-06-23 21:48:00,Asia/Manila,+08:00,14.45628,120.45662,28320
DEMO VESSEL 019,548000019,8500197,Philippines,Cargo,Fishing event,2025-06-22 05:55:00,Asia/Manila,+08:00,14.3443,120.8056,11815
DEMO VESSEL 038 ,548000038,8500381,Philippines,Dredging,Loitering,13/06/2025 04:52,Asia/Manila,+08:00,14.48144,120.73525,27017
DEMO VESSEL 027,548000027,8500276,Philippines,Cargo,Loitering,2025-06-07 23:30:00,UTC,+00:00,14.74293,120.3946,19166
DEMO VESSEL 038,548000038,8500381,Philippines,Dredging,Loitering,04/06/2025 20:45,Asia/Manila,+08:00,14.35956,120.6121,3600
DEMO VESSEL 024,548000024,8500240,Philippines,Cargo,Port visit,2025-06-16 16:59:00,Asia/Manila,+08:00,14.61222,120.39316,15490
DEMO VESSEL 017,548000017,8500173,Philippines,Other,Fishing event,2025-06-27 04:13:00,Asia/Manila,+08:00,14.49962,120.72068,8654
DEMO VESSEL 035,548000035,8500355,Philippines,Other,Port visit,2025-06-06 05:26:00,Asia/Manila,+08:00,14.40683,120.43384,9453
DEMO VESSEL 007,667000007,8500070,Sierra Leone,Cargo,Port visit,2025-06-09 01:49:00,Asia/Manila,+08:00,14.34338,120.44779,12989
DEMO VESSEL 023,548000023,8500238,Belize,Cargo,Fishing event,2025-06-01 08:00:00,Asia/Manila,+08:00,14.33702,120.60622,4647
DEMO VESSEL 014,548000014,8500147,Philippines,Cargo,Encounter,2025-06-24 14:07:00,Asia/Manila,+08:00,14.49112,120.54984,3127
DEMO VESSEL 006,548000006,64,Philippines,Dredging,Fishing event,2025-06-26 02:22:00,Asia/Manila,+08:00,14.33251,120.86696,4457
DEMO VESSEL 030,548000030,8500305,Philippines,Cargo,Encounter,21/06/2025 13:51,UTC,+00:00,14.68277,120.5261,21010
DEMO VESSEL 002,548000002,8500020,Philippines,Cargo,Loitering,15/06/2025 08:14,Asia/Manila,+08:00,14.29528,120.76209,30843
DEMO VESSEL 011,548000011,8500111,Philippines,Other,Port visit,2025-06-01 14:47:00,UTC,+00:00,14.30767,120.82158,2031
DEMO VESSEL 009,548000009,8500094,Belize,Cargo,Port visit,2025-06-03 20:23:00,Asia/Manila,+08:00,14.28805,120.61072,589
DEMO VESSEL 021,548000021,8500214,Belize,Dredging,Fishing event,01/06/2025 04:24,Asia/Manila,+08:00,14.20962,120.8802,30615
DEMO VESSEL 009,548000009,8500094,Belize,Cargo,Encounter,2025-06-27 08:55:00,UTC,+00:00,14.822,120.46834,17305
DEMO VESSEL 032,548000032,8500329,Philippines,Cargo,Fishing event,2025-06-07 01:12:00,UTC,+00:00,14.67562,120.59216,27052
DEMO VESSEL 035,548000035,8500355,Philippines,Other,Loitering,07/06/2025 20:25,UTC,+00:00,14.88134,120.54004,8772
DEMO VESSEL 005,548000005,1234568,Sierra Leone,Dredging,Port visit,2025-06-15 18:53:00,Asia/Manila,+08:00,14.5241,120.36976,21107
DEMO VESSEL 007,548000007,8500070,Philippines,Cargo,Encounter,2025-06-27 08:44:00,Asia/Manila,+08:00,14.89875,120.83578,37386
DEMO VESSEL 033,548000033,8500331,Philippines,Cargo,Loitering,2025-06-08 22:53:00,UTC,+00:00,14.74106,120.3233,22900
DEMO VESSEL 015,548000015,8500159,Philippines,Cargo,Loitering,2025-06-14 00:02:00,UTC,+00:00,14.43431,120.5075,24104
DEMO VESSEL 016,548000016,8500161,Philippines,Dredging,Encounter,2025-06-05 11:24:00,Asia/Manila,+08:00,14.86484,120.46027,22374
DEMO VESSEL 009,548000009,8500094,Belize,Cargo,Port visit,2025-06-22 00:52:00,Asia/Manila,+08:00,14.87703,120.86621,801
DEMO VESSEL 037 ,548000037,8500379,Belize,Cargo,Loitering,19/06/2025 01:18,Asia/Manila,+08:00,14.67756,120.7963,13213
DEMO VESSEL 029,548000029,8500290,Philippines,Other,Loitering,2025-06-10 05:40:00,UTC,+00:00,14.3905,120.81948,38483
DEMOVESSEL007,548000007,8500070,Philippines,Cargo,Loitering,2025-06-17 05:04:00,Asia/Manila,+08:00,14.52436,120.3148,7806
DEMO VESSEL 010,548000010,8500109,Belize,Other,Encounter,03/06/2025 08:40,UTC,+00:00,14.75873,120.79428,6445
DEMO VESSEL 017,548000017,8500173,Philippines,Other,Encounter,2025-06-09 17:05:00,Asia/Manila,+08:00,14.63118,120.37259,34122
DEMO VESSEL 040,548000040,8500408,Philippines,Other,Port visit,16/06/2025 11:11,UTC,+00:00,14.82308,120.76538,14125
DEMO VESSEL 037,548000037,8500379,Belize,Cargo,Encounter,2025-06-24 00:41:00,UTC,+00:00,14.2795,120.7851,484
DEMO VESSEL 007,548000007,8500070,Philippines,Cargo,Fishing event,10/06/2025 13:55,Asia/Manila,+08:00,14.75307,120.32092,30252
DEMO VESSEL 029,548000029,8500290,Philippines,Other,Encounter,2025-06-06 07:11:00,Asia/Manila,+08:00,14.63633,120.75514,6891
DEMO VESSEL 015,548000015,8500159,Philippines,Cargo,Fishing event,12/06/2025 18:22,UTC,+00:00,14.71451,120.75204,21170
DEMO VESSEL 027,548000027,8500276,Philippines,Cargo,Fishing event,2025-06-15 09:36:00,Asia/Manila,+08:00,14.50788,120.89192,21256
DEMO VESSEL 027,548000027,8500276,Philippines,Cargo,Loitering,2025-06-17 15:32:00,UTC,+00:00,14.23718,120.51074,29084
DEMO VESSEL 026,548000026,8500264,Philippines,Cargo,Port visit,02/06/2025 23:44,Asia/Manila,+08:00,14.43341,120.46392,21933
DEMO VESSEL 029,548000029,8500290,Philippines,Other,Loitering,2025-06-04 18:09:00,UTC,+00:00,14.68323,120.69925,39637
DEMO VESSEL 027,548000027,8500276,Philippines,Cargo,Fishing event,2025-06-17 12:31:00,Asia/Manila,+08:00,14.40084,120.31356,21013
DEMO VESSEL 034,548000034,8500343,Belize,Cargo,Encounter,2025-06-12 10:58:00,Asia/Manila,+08:00,14.50594,120.5377,30291
DEMO VESSEL 003,548000003,8500032,Philippines,Cargo,Fishing event,14/06/2025 05:20,UTC,+00:00,14.30589,120.81182,12681
DEMO VESSEL 015,548000015,8500159,Philippines,Cargo,Loitering,2025-06-21 00:16:00,UTC,+00:00,14.4917,120.67459,11037
DEMO VESSEL 030,548000030,8500305,Philippines,Cargo,Fishing event,2025-05-20 16:53:00,Asia/Manila,+08:00,14.79436,120.58464,9805
DEMO VESSEL 030,548000030,8500305,Philippines,Cargo,Encounter,10/06/2025 01:51,Asia/Manila,+08:00,14.83363,120.40571,24324
DEMO VESSEL 026,548000026,8500264,Philippines,Cargo,Fishing event,10/06/2025 02:49,Asia/Manila,+08:00,14.53059,120.52347,22284
DEMOVESSEL003,548000003,8500032,Philippines,Cargo,Port visit,2025-06-07 13:25:00,Asia/Manila,+08:00,14.51726,120.75807,38104
DEMO VESSEL 020,548000020,8500202,Philippines,Other,Port visit,2025-06-06 03:42:00,UTC,+00:00,14.67836,120.47652,13163
DEMO VESSEL 016,548000016,8500161,Philippines,Dredging,Encounter,2025-06-07 09:31:00,UTC,+00:00,14.38437,120.34902,37853
DEMO VESSEL 025,548000025,8500252,Philippines,Dredging,Encounter,27/06/2025 18:24,UTC,+00:00,14.86663,120.47483,38658
DEMO VESSEL 029,548000029,8500290,Philippines,Other,Fishing event,2025-06-04 04:48:00,Asia/Manila,+08:00,14.60105,120.37884,2495
DEMO VESSEL 040,548000040,8500408,Philippines,Other,Loitering,2025-06-20 02:55:00,Asia/Manila,+08:00,14.76437,120.60499,5123
demo vessel 024,548000024,8500240,Philippines,Cargo,Port visit,13/06/2025 23:44,UTC,+00:00,14.45239,120.55705,19418
DEMO VESSEL 005,548000005,1234568,Sierra Leone,Dredging,Port visit,2025-06-22 17:23:00,Asia/Manila,+08:00,14.7241,120.81118,9645
DEMOVESSEL015,548000015,8500159,Philippines,Cargo,Fishing event,2025-06-16 18:55:00,Asia/Manila,+08:00,14.33118,120.65679,21513
DEMO VESSEL 006,548000006,64,Philippines,Dredging,Encounter,2025-06-06 23:51:00,Asia/Manila,+08:00,14.3333,120.87185,4051
DEMO VESSEL 030,548000030,8500305,Philippines,Cargo,Port visit,2025-06-08 16:30:00,Asia/Manila,+08:00,14.86576,120.35355,3660
DEMO VESSEL 007,667000007,8500070,Sierra Leone,Cargo,Fishing event,2025-06-17 18:07:00,Asia/Manila,+08:00,14.63344,120.73451,5214
DEMO VESSEL 014 ,548000014,8500147,Philippines,Cargo,Fishing event,2025-06-06 23:38:00,Asia/Manila,+08:00,14.82962,120.84559,18423
DEMO VESSEL 012,548000012,8500123,Philippines,Dredging,Fishing event,2025-06-09 08:36:00,Asia/Manila,+08:00,14.48276,120.65437,27429
DEMO VESSEL 039,548000039,8500393,Philippines,Dredging,Loitering,2025-06-02 01:14:00,Asia/Manila,+08:00,14.58256,120.41908,6880
DEMO VESSEL 013,548000013,8500135,Philippines,Other,Encounter,16/06/2025 16:15,Asia/Manila,+08:00,14.75106,120.49671,29748
DEMO VESSEL 023,548000023,8500238,Belize,Cargo,Encounter,2025-06-24 21:07:00,Asia/Manila,+08:00,14.6799,120.7875,27295
DEMO VESSEL 037,548000037,8500379,Belize,Cargo,Port visit,2025-06-18 21:17:00,UTC,+00:00,14.84258,120.54219,27314
DEMO VESSEL 035,548000035,8500355,Philippines,Other,Encounter,2025-06-12 06:47:00,Asia/Manila,+08:00,14.75495,120.50886,18022
DEMO VESSEL 030,548000030,8500305,Philippines,Cargo,Fishing event,02/06/2025 20:03,Asia/Manila,+08:00,14.87,120.33759,26475
AIS TEST SHIP,100900301,,,,Loitering,09/06/2025 17:13,UTC,+00:00,14.80689,120.54007,20035
DEMO VESSEL 015,548000015,8500159,Philippines,Cargo,Fishing event,2025-06-26 15:44:00,Asia/Manila,+08:00,14.24667,120.88128,11195
DEMO VESSEL 036,548000036,8500367,Sierra Leone,Cargo,Encounter,2025-06-11 06:31:00,Asia/Manila,+08:00,14.56847,120.64096,343
DEMO VESSEL 016,548000016,8500161,Philippines,Dredging,Port visit,2025-06-21 10:47:00,Asia/Manila,+08:00,14.34335,120.88561,4968
DEMOVESSEL030,548000030,8500305,Philippines,Cargo,Encounter,2025-06-10 18:58:00,Asia/Manila,+08:00,14.78109,120.52425,28027
DEMO VESSEL 014,548000014,8500147,Philippines,Cargo,Encounter,2025-06-07 01:00:00,Asia/Manila,+08:00,14.82966,120.69936,34016
DEMO VESSEL 012,548000012,8500123,Philippines,Dredging,Loitering,2025-06-27 23:24:00,Asia/Manila,+08:00,14.42472,120.80215,4397
DEMO VESSEL 039,548000039,8500393,Philippines,Dredging,Loitering,2025-06-22 23:27:00,Asia/Manila,+08:00,14.59373,120.34303,18789
DEMO VESSEL 039,548000039,8500393,Philippines,Dredging,Encounter,23/06/2025 14:06,UTC,+00:00,14.59757,120.66336,25823
DEMO VESSEL 010,548000010,8500109,Belize,Other,Fishing event,2025-06-04 14:51:00,Asia/Manila,+08:00,14.62014,120.74386,16950
DEMO VESSEL 021,548000021,8500214,Belize,Dredging,Fishing event,2025-06-20 00:17:00,Asia/Manila,+08:00,14.68762,120.56567,529
DEMO VESSEL 001,548000001,8500018,Philippines,Dredging,Port visit,2025-06-06 01:16:00,UTC,+00:00,14.24574,120.59505,10077
DEMO VESSEL 038,548000038,8500381,Philippines,Dredging,Encounter,2025-06-09 20:37:00,Asia/Manila,+08:00,14.36069,120.38421,3845
DEMO VESSEL 002,548000002,8500020,Philippines,Cargo,Port visit,2025-06-12 06:57:00,Asia/Manila,+08:00,14.72231,120.85815,16163
demo vessel 014,548000014,8500147,Philippines,Cargo,Loitering,2025-06-03 10:18:00,UTC,+00:00,14.63316,120.36814,1007
DEMO VESSEL 035,548000035,8500355,Philippines,Other,Encounter,2025-06-23 18:07:00,Asia/Manila,+08:00,14.5479,120.83905,28970
DEMO VESSEL 021,548000021,8500214,Belize,Dredging,Port visit,2025-06-15 00:42:00,UTC,+00:00,14.24095,120.59893,19969
DEMO VESSEL 025,548000025,8500252,Philippines,Dredging,Fishing event,14/06/2025 18:59,Asia/Manila,+08:00,14.70709,120.69999,29066
DEMO VESSEL 019,548000019,8500197,Philippines,Cargo,Fishing event,2025-06-03 03:23:00,Asia/Manila,+08:00,14.29614,120.89864,20642
DEMO VESSEL 032,548000032,8500329,Philippines,Cargo,Loitering,2025-06-01 13:28:00,Asia/Manila,+08:00,14.46288,120.54269,34206
DEMO VESSEL 007,667000007,8500070,Sierra Leone,Cargo,Loitering,2025-06-06 02:23:00,Asia/Manila,+08:00,14.65658,120.40198,31695
demo vessel 030,548000030,8500305,Philippines,Cargo,Fishing event,2025-06-26 10:09:00,Asia/Manila,+08:00,14.3326,120.62297,11707
DEMO VESSEL 037,548000037,8500379,Belize,Cargo,Fishing event,11/06/2025 23:58,UTC,+00:00,14.51007,120.48279,24992
DEMO VESSEL 005,548000005,1234568,Sierra Leone,Dredging,Port visit,10/06/2025 22:28,Asia/Manila,+08:00,14.68969,120.64094,34495
DEMO VESSEL 006,548000006,64,Philippines,Dredging,Fishing event,2025-06-11 03:11:00,Asia/Manila,+08:00,14.25519,120.32945,36275
DEMO VESSEL 017,548000017,8500173,Philippines,Other,Loitering,2025-06-27 20:16:00,Asia/Manila,+08:00,14.70056,120.7911,452
DEMO VESSEL 016,548000016,8500161,Philippines,Dredging,Port visit,2025-06-10 12:06:00,UTC,+00:00,14.84444,120.46684,16768
