Vessel_Name,MMSI,IMO,FLAG,Type,Event,Start_Date_Time,Time_Zone,Offset,Lat,Lon,Event_Duration
DEMO VESSEL 027,548000027,8500276,Philippines,Cargo,Port visit,2025-02-15 06:34:00,Asia/Manila,+08:00,14.66109,120.79202,12277
DEMOVESSEL021,548000021,8500214,Belize,Dredging,Encounter,2025-02-07 20:05:00,Asia/Manila,+08:00,14.25758,120.46681,29322
DEMO VESSEL 011,548000011,8500111,Philippines,Other,Loitering,2025-02-21 15:48:00,Asia/Manila,+08:00,14.35806,120.45852,22145
DEMO VESSEL 001,548000001,8500018,Philippines,Dredging,Port visit,2025-02-19 07:37:00,Asia/Manila,+08:00,14.49346,120.6502,20890
DEMO VESSEL 017,548000017,8500173,Philippines,Other,Encounter,2025-02-18 21:56:00,UTC,+00:00,14.71022,120.64218,22573
DEMO VESSEL 007,667000007,8500070,Sierra Leone,Cargo,Fishing event,2025-02-24 19:55:00,Asia/Manila,+08:00,14.54663,120.60334,10726
DEMO VESSEL 032 ,548000032,8500329,Philippines,Cargo,Loitering,22/02/2025 11:05,Asia/Manila,+08:00,14.83599,120.38747,12787
DEMO VESSEL 023,548000023,8500238,Belize,Cargo,Loitering,04/02/2025 16:29,Asia/Manila,+08:00,14.29938,120.68563,14709
DEMO VESSEL 039,548000039,8500393,Philippines,Dredging,Port visit,2025-02-13 01:16:00,UTC,+00:00,14.27934,120.66758,35770
DEMO VESSEL 028,548000028,8500288,Philippines,Other,Fishing event,2025-02-06 16:04:00,Asia/Manila,+08:00,14.57329,120.43319,16479
DEMO VESSEL 003,548000003,8500032,Philippines,Cargo,Encounter,05/02/2025 17:26,UTC,+00:00,14.4723,120.84215,28624
DEMO VESSEL 036,548000036,8500367,Sierra Leone,Cargo,Fishing event,2025-02-19 08:24:00,UTC,+00:00,14.52414,120.36787,16259
demo vessel 029,548000029,8500290,Philippines,Other,Loitering,2025-02-16 15:39:00,Asia/Manila,+08:00,14.7323,120.62058,14437
DEMO VESSEL 012,548000012,8500123,Philippines,Dredging,Encounter,23/02/2025 19:09,Asia/Manila,+08:00,14.76306,120.58229,29585
DEMO VESSEL 002,548000002,8500020,Philippines,Cargo,Loitering,2025-02-06 10:14:00,Asia/Manila,+08:00,14.40395,120.46048,24100
DEMO VESSEL 030,548000030,8500305,Philippines,Cargo,Fishing event,13/02/2025 01:10,Asia/Manila,+08:00,14.36506,120.47484,375
DEMO VESSEL 020,548000020,8500202,Philippines,Other,Loitering,01/02/2025 13:23,UTC,+00:00,14.29474,120.7382,27928
DEMO VESSEL 027,548000027,8500276,Philippines,Cargo,Encounter,2025-02-25 07:44:00,Asia/Manila,+08:00,14.49681,120.57969,8689
DEMO VESSEL 025,548000025,8500252,Philippines,Dredging,Loitering,18/02/2025 15:35,Asia/Manila,+08:00,14.87249,120.7887,5202
DEMO VESSEL 022,548000022,8500226,Sierra Leone,Dredging,Port visit,01/02/2025 21:47,Asia/Manila,+08:00,14.41057,120.50892,7272
DEMO VESSEL 029,548000029,8500290,Philippines,Other,Fishing event,2025-02-16 13:48:00,Asia/Manila,+08:00,14.26187,120.6925,14914
demo vessel 030,548000030,8500305,Philippines,Cargo,Port visit,2025-02-02 02:27:00,Asia/Manila,+08:00,14.70914,120.74246,1021
DEMO VESSEL 028,548000028,8500288,Philippines,Other,Encounter,2025-02-08 10:47:00,Asia/Manila,+08:00,14.78778,120.57044,4947
DEMO VESSEL 013,548000013,8500135,Philippines,Other,Port visit,10/02/2025 14:06,Asia/Manila,+08:00,14.4844,120.36345,38120
DEMO VESSEL 027,548000027,8500276,Philippines,Cargo,Fishing event,01/02/2025 17:19,Asia/Manila,+08:00,14.57558,120.60718,16613
DEMO VESSEL 020,548000020,8500202,Philippines,Other,Port visit,2025-02-26 09:47:00,Asia/Manila,+08:00,14.45079,120.33575,17748
DEMO VESSEL 027,548000027,8500276,Philippines,Cargo,Fishing event,2025-02-03 11:55:00,Asia/Manila,+08:00,14.82415,120.71493,17181
DEMO VESSEL 030,548000030,8500305,Philippines,Cargo,Port visit,05/02/2025 15:49,Asia/Manila,+08:00,14.27221,120.72942,32858
DEMO VESSEL 012,548000012,8500123,Philippines,Dredging,Port visit,2025-02-07 06:38:00,UTC,+00:00,14.82475,120.55651,19328
DEMO VESSEL 035,548000035,8500355,Philippines,Other,Encounter,24/02/2025 12:31,Asia/Manila,+08:00,14.6006,120.47212,37058
DEMO VESSEL 030,548000030,8500305,Philippines,Cargo,Loitering,02/02/2025 20:46,UTC,+00:00,14.83641,120.51392,12777
DEMO VESSEL 006,548000006,64,Philippines,Dredging,Port visit,19/02/2025 23:39,Asia/Manila,+08:00,14.28719,120.44772,11673
DEMO VESSEL 022,548000022,8500226,Sierra Leone,Dredging,Encounter,2025-02-12 21:40:00,UTC,+00:00,14.21997,120.44691,34871
DEMO VESSEL 006,548000006,64,Philippines,Dredging,Fishing event,2025-02-24 23:13:00,Asia/Manila,+08:00,14.81612,120.47976,10724
DEMO VESSEL 024,548000024,8500240,Philippines,Cargo,Encounter,2025-02-16 23:11:00,UTC,+00:00,14.8302,120.67878,3902
DEMO VESSEL 030,548000030,8500305,Philippines,Cargo,Encounter,2025-02-10 18:25:00,Asia/Manila,+08:00,14.48819,120.54468,4619
DEMO VESSEL 003,548000003,8500032,Philippines,Cargo,Port visit,17/02/2025 17:19,Asia/Manila,+08:00,14.31202,120.31673,20219
DEMO VESSEL 007,667000007,8500070,Sierra Leone,Cargo,Port visit,2025-02-01 15:14:00,Asia/Manila,+08:00,14.33154,120.43702,20123
DEMOVESSEL014,548000014,8500147,Philippines,Cargo,Port visit,10/02/2025 04:46,UTC,+00:00,14.21524,120.33573,13701
DEMO VESSEL 028,548000028,8500288,Philippines,Other,Loitering,09/02/2025 13:43,Asia/Manila,+08:00,14.23229,120.30762,37892
DEMO VESSEL 036,548000036,8500367,Sierra Leone,Cargo,Port visit,21/02/2025 02:48,Asia/Manila,+08:00,14.53776,120.43942,5356
DEMO VESSEL 021,548000021,8500214,Belize,Dredging,Loitering,2025-02-08 23:13:00,Asia/Manila,+08:00,14.83403,120.44834,9297
DEMO VESSEL 040,548000040,8500408,Philippines,Other,Port visit,15/02/2025 18:47,Asia/Manila,+08:00,14.3074,120.78699,27124
DEMO VESSEL 040,548000040,8500408,Philippines,Other,Loitering,2025-02-18 03:24:00,Asia/Manila,+08:00,14.84734,120.39913,35128
DEMO VESSEL 032,548000032,8500329,Philippines,Cargo,Loitering,2025-02-10 13:55:00,Asia/Manila,+08:00,14.70034,120.3348,37548
DEMO VESSEL 019,548000019,8500197,Philippines,Cargo,Port visit,2025-02-06 07:35:00,Asia/Manila,+08:00,14.77191,120.73283,32583
DEMO VESSEL 039,548000039,8500393,Philippines,Dredging,Loitering,02/02/2025 22:12,Asia/Manila,+08:00,14.52359,120.62948,27860
DEMO VESSEL 003,548000003,8500032,Philippines,Cargo,Port visit,18/02/2025 07:31,Asia/Manila,+08:00,14.74942,120.76162,34076
DEMO VESSEL 023,548000023,8500238,Belize,Cargo,Loitering,2025-02-08 00:45:00,Asia/Manila,+08:00,14.59961,120.52857,36386
DEMO VESSEL 022,548000022,8500226,Sierra Leone,Dredging,Encounter,25/02/2025 08:22,Asia/Manila,+08:00,14.38015,120.37874,34111
DEMO VESSEL 028,548000028,8500288,Philippines,Other,Loitering,2025-02-20 07:40:00,UTC,+00:00,14.81323,120.63075,26787
DEMO VESSEL 038,548000038,8500381,Philippines,Dredging,Fishing event,2025-02-15 09:00:00,Asia/Manila,+08:00,14.84974,120.87652,16523
DEMO VESSEL 030,548000030,8500305,Philippines,Cargo,Port visit,22/02/2025 11:06,Asia/Manila,+08:00,14.81391,120.44704,3502
DEMO VESSEL 030 ,548000030,8500305,Philippines,Cargo,Fishing event,2025-02-25 16:33:00,Asia/Manila,+08:00,14.43054,120.3215,24553
DEMO VESSEL 032 ,548000032,8500329,Philippines,Cargo,Loitering,25/02/2025 08:09,Asia/Manila,+08:00,14.60397,120.70191,33178
DEMO VESSEL 022,548000022,8500226,Sierra Leone,Dredging,Port visit,2025-02-09 13:07:00,Asia/Manila,+08:00,14.71112,120.32438,18292
DEMO VESSEL 036 ,548000036,8500367,Sierra Leone,Cargo,Fishing event,2025-02-16 21:26:00,Asia/Manila,+08:00,14.35222,120.36691,19610
DEMO VESSEL 018,548000018,8500185,Philippines,Cargo,Fishing event,2025-02-26 08:29:00,UTC,+00:00,14.21806,120.70203,4723
DEMO VESSEL 021,548000021,8500214,Belize,Dredging,Encounter,12/02/2025 19:01,Asia/Manila,+08:00,14.31946,120.79454,3186
DEMO VESSEL 030,548000030,8500305,Philippines,Cargo,Encounter,2025-02-19 14:49:00,Asia/Manila,+08:00,14.45437,120.40857,33998
DEMO VESSEL 039,548000039,8500393,Philippines,Dredging,Port visit,2025-02-18 20:48:00,Asia/Manila,+08:00,14.77117,120.60872,6039
AIS TEST SHIP,100900301,,,,Fishing event,22/02/2025 04:37,Asia/Manila,+08:00,14.46285,120.37423,20567
DEMO VESSEL 023,548000023,8500238,Belize,Cargo,Encounter,19/02/2025 00:32,Asia/Manila,+08:00,14.51346,120.49026,38409
DEMO VESSEL 015,548000015,8500159,Philippines,Cargo,Fishing event,2025-02-25 05:18:00,Asia/Manila,+08:00,14.49624,120.69386,14588
DEMO VESSEL 003,548000003,8500032,Philippines,Cargo,Encounter,2025-02-03 11:02:00,Asia/Manila,+08:00,14.67258,120.45001,12793
DEMO VESSEL 031,548000031,8500317,Philippines,Cargo,Encounter,2025-02-22 15:29:00,Asia/Manila,+08:00,14.76915,120.62034,4748
DEMO VESSEL 040,548000040,8500408,Philippines,Other,Port visit,2025-02-05 22:05:00,Asia/Manila,+08:00,14.80988,120.62673,6838
DEMO VESSEL 038,548000038,8500381,Philippines,Dredging,Loitering,2025-02-24 15:22:00,UTC,+00:00,14.40076,120.89805,1193
DEMO VESSEL 020,548000020,8500202,Philippines,Other,Port visit,2025-02-19 03:32:00,Asia/Manila,+08:00,14.7992,120.87215,6612
DEMO VESSEL 005,548000005,1234568,Sierra Leone,Dredging,Loitering,2025-02-11 07:23:00,Asia/Manila,+08:00,14.77231,120.413,39040
DEMO VESSEL 029,548000029,8500290,Philippines,Other,Encounter,2025-02-27 09:01:00,Asia/Manila,+08:00,14.56966,120.583,16091
DEMO VESSEL 037,548000037,8500379,Belize,Cargo,Fishing event,2025-02-03 20:23:00,Asia/Manila,+08:00,14.30292,120.60265,11296
DEMO VESSEL 025,548000025,8500252,Philippines,Dredging,Port visit,2025-02-14 12:50:00,Asia/Manila,+08:00,14.24251,120.49156,22743
DEMO VESSEL 036,548000036,8500367,Sierra Leone,Cargo,Port visit,2025-02-05 16:00:00,Asia/Manila,+08:00,14.78527,120.64516,10576
DEMO VESSEL 016,548000016,8500161,Philippines,Dredging,Loitering,02/02/2025 12:26,Asia/Manila,+08:00,14.21519,120.47691,29155
DEMO VESSEL 036,548000036,8500367,Sierra Leone,Cargo,Loitering,03/02/2025 21:22,Asia/Manila,+08:00,14.72272,120.54157,6481
DEMO VESSEL 037,548000037,8500379,Belize,Cargo,Loitering,10/02/2025 22:08,Asia/Manila,+08:00,14.45667,120.35777,20834
DEMO VESSEL 004,548000004,,Philippines,Dredging,Port visit,12/02/2025 04:32,Asia/Manila,+08:00,14.49591,120.52746,35631
DEMO VESSEL 023,548000023,8500238,Belize,Cargo,Loitering,09/02/2025 19:32,UTC,+00:00,14.82201,120.81616,36471
DEMO VESSEL 029,548000029,8500290,Philippines,Other,Encounter,2025-02-05 12:34:00,Asia/Manila,+08:00,14.56219,120.31433,34855
DEMO VESSEL 007,667000007,8500070,Sierra Leone,Cargo,Fishing event,2025-02-20 06:27:00,Asia/Manila,+08:00,14.35968,120.75237,8807
DEMO VESSEL 036,548000036,8500367,Sierra Leone,Cargo,Fishing event,2025-02-11 14:12:00,Asia/Manila,+08:00,14.77198,120.31849,24081
DEMO VESSEL 023,548000023,8500238,Belize,Cargo,Encounter,10/02/2025 07:11,Asia/Manila,+08:00,14.69585,120.40228,5350
DEMO VESSEL 002,548000002,8500020,Philippines,Cargo,Encounter,11/02/2025 09:20,Asia/Manila,+08:00,14.71265,120.56212,11716
DEMO VESSEL 012,548000012,8500123,Philippines,Dredging,Loitering,13/02/2025 08:49,Asia/Manila,+08:00,14.82297,120.76121,3085
DEMO VESSEL 018,548000018,8500185,Philippines,Cargo,Loitering,2025-02-18 16:04:00,UTC,+00:00,14.31816,120.59387,30685
demo vessel 014,548000014,8500147,Philippines,Cargo,Loitering,2025-02-20 10:51:00,Asia/Manila,+08:00,14.74006,120.73315,13690
DEMO VESSEL 030,548000030,8500305,Philippines,Cargo,Encounter,05/02/2025 08:01,Asia/Manila,+08:00,14.54377,120.53168,28561
DEMO VESSEL 038,548000038,8500381,Philippines,Dredging,Encounter,2025-02-14 23:43:00,UTC,+00:00,0.0,0.0,4033
DEMO VESSEL 017,548000017,8500173,Philippines,Other,Fishing event,2025-02-11 20:54:00,Asia/Manila,+08:00,14.62141,120.76721,14109
DEMO VESSEL 016,548000016,8500161,Philippines,Dredging,Port visit,2025-02-05 21:52:00,Asia/Manila,+08:00,14.6078,120.66161,14040
DEMO VESSEL 037,548000037,8500379,Belize,Cargo,Fishing event,2025-02-14 06:35:00,Asia/Manila,+08:00,14.29161,120.881,12653
DEMO VESSEL 010,548000010,8500109,Belize,Other,Port visit,2025-02-09 12:51:00,UTC,+00:00,14.26721,120.73772,19360
DEMO VESSEL 040,548000040,8500408,Philippines,Other,Port visit,21/02/2025 20:23,Asia/Manila,+08:00,14.33907,120.66976,35044
DEMOVESSEL030,548000030,8500305,Philippines,Cargo,Port visit,2025-02-23 08:01:00,UTC,+00:00,14.21421,120.48072,26217
DEMO VESSEL 037,548000037,8500379,Belize,Cargo,Fishing event,2025-02-20 18:21:00,Asia/Manila,+08:00,14.68779,120.5644,2536
DEMOVESSEL017,548000017,8500173,Philippines,Other,Encounter,2025-02-19 13:30:00,Asia/Manila,+08:00,14.51609,120.88908,22220
DEMO VESSEL 036,548000036,8500367,Sierra Leone,Cargo,Encounter,2025-02-10 13:56:00,Asia/Manila,+08:00,14.23181,120.58564,33214
DEMO VESSEL 009,548000009,8500094,Belize,Cargo,Fishing event,2025-02-12 07:43:00,Asia/Manila,+08:00,14.82786,120.60916,16346
DEMO VESSEL 037,548000037,8500379,Belize,Cargo,Encounter,2025-02-27 17:54:00,Asia/Manila,+08:00,14.52702,120.55523,16532
demo vessel 003,548000003,8500032,Philippines,Cargo,Fishing event,2025-02-09 15:31:00,Asia/Manila,+08:00,14.29423,120.35976,12037
DEMOVESSEL023,548000023,8500238,Belize,Cargo,Loitering,26/02/2025 00:52,Asia/Manila,+08:00,14.86017,120.78844,24172
DEMO VESSEL 020,548000020,8500202,Philippines,Other,Encounter,23/02/2025 18:46,UTC,+00:00,14.2128,120.37485,32877
DEMO VESSEL 005 ,548000005,1234568,Sierra Leone,Dredging,Loitering,2025-02-18 05:51:00,Asia/Manila,+08:00,14.52791,120.6901,18444
DEMO VESSEL 010,548000010,8500109,Belize,Other,Port visit,14/02/2025 15:22,Asia/Manila,+08:00,14.68693,120.36895,27929
DEMO VESSEL 029,548000029,8500290,Philippines,Other,Port visit,2025-02-04 07:19:00,UTC,+00:00,14.51554,120.55128,12514
DEMO VESSEL 022,548000022,8500226,Sierra Leone,Dredging,Loitering,2025-02-19 23:00:00,Asia/Manila,+08:00,14.32118,120.72376,16449
DEMO VESSEL 020,548000020,8500202,Philippines,Other,Loitering,12/02/2025 10:07,UTC,+00:00,14.42881,120.75632,14111
DEMO VESSEL 013,548000013,8500135,Philippines,Other,Encounter,2025-02-26 15:37:00,Asia/Manila,+08:00,14.70814,120.50167,23502
DEMO VESSEL 008,548000008,8500082,Belize,Dredging,Loitering,2025-02-26 08:02:00,Asia/Manila,+08:00,14.84329,120.58491,6781
DEMO VESSEL 007,548000007,8500070,Philippines,Cargo,Port visit,2025-02-19 19:22:00,Asia/Manila,+08:00,14.87777,120.51446,29022
DEMO VESSEL 003,548000003,8500032,Philippines,Cargo,Fishing event,2025-02-14 11:22:00,UTC,+00:00,14.66287,120.44857,20282
DEMO VESSEL 018,548000018,8500185,Philippines,Cargo,Fishing event,05/02/2025 03:24,UTC,+00:00,14.5945,120.60976,420
DEMO VESSEL 024,548000024,8500240,Philippines,Cargo,Port visit,2025-02-10 06:54:00,Asia/Manila,+08:00,14.759,120.41448,29459
DEMO VESSEL 010,548000010,8500109,Belize,Other,Loitering,2025-02-18 02:47:00,Asia/Manila,+08:00,14.26989,120.53826,1006
DEMO VESSEL 019,548000019,8500197,Philippines,Cargo,Loitering,2025-02-23 06:39:00,Asia/Manila,+08:00,14.27411,120.61441,18654
DEMO VESSEL 020,548000020,8500202,Philippines,Other,Port visit,10/02/2025 08:43,Asia/Manila,+08:00,14.46376,120.57571,1821
DEMO VESSEL 038,548000038,8500381,Philippines,Dredging,Loitering,06/02/2025 03:45,UTC,+00:00,14.60949,120.65214,37190
DEMO VESSEL 032 ,548000032,8500329,Philippines,Cargo,Loitering,2025-02-03 20:56:00,UTC,+00:00,14.75216,120.83081,20845
DEMO VESSEL 002,548000002,8500020,Philippines,Cargo,Fishing event,16/02/2025 04:47,Asia/Manila,+08:00,14.59132,120.84757,14865
DEMO VESSEL 038 ,548000038,8500381,Philippines,Dredging,Fishing event,20/02/2025 10:43,Asia/Manila,+08:00,14.52203,120.80721,29729
DEMOVESSEL010,548000010,8500109,Belize,Other,Fishing event,2025-02-03 17:28:00,Asia/Manila,+08:00,14.30981,120.58789,29551
DEMO VESSEL 003,548000003,8500032,Philippines,Cargo,Encounter,2025-02-05 09:28:00,Asia/Manila,+08:00,14.8389,120.51595,11712
DEMO VESSEL 027,548000027,8500276,Philippines,Cargo,Port visit,04/02/2025 10:08,Asia/Manila,+08:00,14.7547,120.64816,27813
DEMO VESSEL 021,548000021,8500214,Belize,Dredging,Encounter,22/02/2025 21:56,Asia/Manila,+08:00,14.52046,120.33314,15664
DEMO VESSEL 023,548000023,8500238,Belize,Cargo,Encounter,2025-02-14 05:31:00,Asia/Manila,+08:00,14.26803,120.70304,20031
DEMO VESSEL 023,548000023,8500238,Belize,Cargo,Fishing event,2025-02-10 14:41:00,Asia/Manila,+08:00,14.42039,120.83862,16704
DEMO VESSEL 007,667000007,8500070,Sierra Leone,Cargo,Port visit,16/02/2025 15:50,Asia/Manila,+08:00,14.88697,120.50806,17106
DEMO VESSEL 028,548000028,8500288,Philippines,Other,Encounter,2025-02-15 22:30:00,Asia/Manila,+08:00,14.59626,120.37807,27308
DEMO VESSEL 013,548000013,8500135,Philippines,Other,Encounter,2025-02-22 09:16:00,Asia/Manila,+08:00,14.49668,120.85647,13418
DEMO VESSEL 022,548000022,8500226,Sierra Leone,Dredging,Port visit,2025-02-11 21:46:00,UTC,+00:00,14.33879,120.52655,26979
DEMO VESSEL 004,548000004,,Philippines,Dredging,Fishing event,01/02/2025 10:44,Asia/Manila,+08:00,14.34964,120.64048,25570
DEMO VESSEL 014,548000014,8500147,Philippines,Cargo,Port visit,2025-02-03 07:13:00,Asia/Manila,+08:00,14.33152,120.37902,24757
DEMO VESSEL 017,548000017,8500173,Philippines,Other,Fishing event,2025-02-10 17:42:00,Asia/Manila,+08:00,14.71506,120.83405,34318
DEMO VESSEL 012,548000012,8500123,Philippines,Dredging,Fishing event,2025-02-10 18:54:00,Asia/Manila,+08:00,14.31393,120.61539,38205
DEMO VESSEL 035,548000035,8500355,Philippines,Other,Fishing event,2025-02-24 11:52:00,Asia/Manila,+08:00,14.59043,120.75552,31460
DEMO VESSEL 031,548000031,8500317,Philippines,Cargo,Port visit,2025-02-11 12:11:00,Asia/Manila,+08:00,14.36386,120.59367,2562
DEMO VESSEL 037,548000037,8500379,Belize,Cargo,Fishing event,2025-02-17 03:04:00,Asia/Manila,+08:00,14.83525,120.59057,38953
DEMO VESSEL 028,548000028,8500288,Philippines,Other,Port visit,2025-02-06 15:50:00,Asia/Manila,+08:00,14.78269,120.62154,4042
DEMO VESSEL 019,548000019,8500197,Philippines,Cargo,Loitering,2025-02-10 07:05:00,Asia/Manila,+08:00,14.36008,120.65804,5437
DEMO VESSEL 011,548000011,8500111,Philippines,Other,Port visit,01/02/2025 08:29,Asia/Manila,+08:00,14.5975,120.74661,20965
DEMO VESSEL 016,548000016,8500161,Philippines,Dredging,Port visit,2025-02-18 00:05:00,UTC,+00:00,14.6471,120.84458,37810
DEMO VESSEL 040,548000040,8500408,Philippines,Other,Port visit,2025-02-08 13:52:00,UTC,+00:00,14.66085,120.51736,32732
DEMO VESSEL 006,548000006,64,Philippines,Dredging,Encounter,2025-02-11 19:46:00,Asia/Manila,+08:00,14.36848,120.43226,15790
DEMO VESSEL 027,548000027,8500276,Philippines,Cargo,Loitering,25/02/2025 23:57,UTC,+00:00,14.32292,120.68876,39864
DEMO VESSEL 038,548000038,8500381,Philippines,Dredging,Fishing event,2025-02-14 22:18:00,Asia/Manila,+08:00,14.35926,120.43861,16432
DEMOVESSEL004,548000004,,Philippines,Dredging,Port visit,09/02/2025 15:42,Asia/Manila,+08:00,14.7675,120.72678,9906
DEMO VESSEL 002,548000002,8500020,Philippines,Cargo,Encounter,2025-02-16 03:19:00,UTC,+00:00,14.82641,120.459,25298
DEMO VESSEL 040,548000040,8500408,Philippines,Other,Port visit,2025-02-03 17:49:00,Asia/Manila,+08:00,14.5174,120.59269,21943
DEMO VESSEL 001,548000001,8500018,Philippines,Dredging,Fishing event,01/02/2025 20:38,Asia/Manila,+08:00,14.41753,120.3082,30541
DEMO VESSEL 006,548000006,64,Philippines,Dredging,Fishing event,2025-02-15 17:59:00,Asia/Manila,+08:00,14.34344,120.89767,39813
DEMO VESSEL 018,548000018,8500185,Philippines,Cargo,Fishing event,2025-02-04 19:55:00,Asia/Manila,+08:00,14.23341,120.86929,6535
DEMO VESSEL 003,548000003,8500032,Philippines,Cargo,Port visit,14/02/2025 11:11,UTC,+00:00,14.86133,120.8306,6131
DEMOVESSEL023,548000023,8500238,Belize,Cargo,Port visit,13/02/2025 22:30,Asia/Manila,+08:00,14.23744,120.38697,27682
DEMO VESSEL 025 ,548000025,8500252,Philippines,Dredging,Loitering,2025-02-10 15:02:00,Asia/Manila,+08:00,14.50416,120.66754,9840
DEMO VESSEL 008,548000008,8500082,Belize,Dredging,Loitering,04/02/2025 21:45,UTC,+00:00,14.58269,120.34818,15602
demo vessel 037,548000037,8500379,Belize,Cargo,Fishing event,16/02/2025 08:23,UTC,+00:00,14.30143,120.5485,26580
DEMO VESSEL 006,548000006,64,Philippines,Dredging,Loitering,2025-02-20 02:46:00,UTC,+00:00,14.57254,120.53068,33448
DEMO VESSEL 031,548000031,8500317,Philippines,Cargo,Fishing event,2025-02-03 12:44:00,Asia/Manila,+08:00,14.7805,120.71801,34655
DEMO VESSEL 008,548000008,8500082,Belize,Dredging,Loitering,2025-02-27 15:39:00,Asia/Manila,+08:00,14.68813,120.32471,20462
DEMO VESSEL 010,548000010,8500109,Belize,Other,Encounter,2025-02-08 17:42:00,Asia/Manila,+08:00,14.25017,120.82281,24895
DEMO VESSEL 001,548000001,8500018,Philippines,Dredging,Port visit,17/02/2025 20:07,Asia/Manila,+08:00,14.44456,120.73643,7037
DEMO VESSEL 017 ,548000017,8500173,Philippines,Other,Port visit,2025-02-17 12:11:00,UTC,+00:00,14.50775,120.75914,15141
DEMOVESSEL037,548000037,8500379,Belize,Cargo,Fishing event,2025-02-26 04:51:00,UTC,+00:00,14.82679,120.56315,19467
DEMO VESSEL 007,548000007,8500070,Philippines,Cargo,Loitering,2025-02-17 22:07:00,Asia/Manila,+08:00,14.2427,120.38138,4866
DEMO VESSEL 007,548000007,8500070,Philippines,Cargo,Encounter,2025-02-01 17:05:00,Asia/Manila,+08:00,14.4686,120.35576,21227
DEMO VESSEL 030,548000030,8500305,Philippines,Cargo,Fishing event,2025-02-05 14:16:00,Asia/Manila,+08:00,14.49431,120.76925,22565
DEMO VESSEL 034,548000034,8500343,Belize,Cargo,Loitering,2025-02-25 15:53:00,UTC,+00:00,14.53396,120.70533,15031
DEMO VESSEL 028,548000028,8500288,Philippines,Other,Port visit,15/02/2025 16:01,UTC,+00:00,14.42659,120.32249,13517
DEMO VESSEL 003,548000003,8500032,Philippines,Cargo,Port visit,2025-02-05 04:00:00,Asia/Manila,+08:00,14.21112,120.88231,16145
DEMO VESSEL 004,548000004,,Philippines,Dredging,Fishing event,2025-02-04 14:10:00,Asia/Manila,+08:00,14.3655,120.31276,30562
DEMO VESSEL 013,548000013,8500135,Philippines,Other,Loitering,2025-02-15 09:56:00,Asia/Manila,+08:00,14.6335,120.60365,26727
DEMO VESSEL 036,548000036,8500367,Sierra Leone,Cargo,Fishing event,2025-02-06 14:53:00,UTC,+00:00,14.8558,120.45401,779
DEMO VESSEL 022,548000022,8500226,Sierra Leone,Dredging,Loitering,2025-02-20 18:36:00,Asia/Manila,+08:00,14.71207,120.44874,7616
DEMO VESSEL 020,548000020,8500202,Philippines,Other,Port visit,2025-02-10 02:48:00,Asia/Manila,+08:00,14.46625,120.34196,10656
DEMO VESSEL 009,548000009,8500094,Belize,Cargo,Encounter,2025-02-15 17:32:00,Asia/Manila,+08:00,14.30268,120.52889,27452
DEMO VESSEL 018,548000018,8500185,Philippines,Cargo,Loitering,2025-02-04 06:04:00,Asia/Manila,+08:00,14.78299,120.41095,33210
DEMO VESSEL 004,548000004,,Philippines,Dredging,Encounter,2025-02-23 17:16:00,Asia/Manila,+08:00,14.62804,120.49478,14670
DEMO VESSEL 039,548000039,8500393,Philippines,Dredging,Loitering,12/02/2025 15:50,Asia/Manila,+08:00,14.38757,120.54272,8179
demo vessel 013,548000013,8500135,Philippines,Other,Loitering,2025-02-14 20:35:00,UTC,+00:00,14.64907,120.6794,1004
DEMO VESSEL 013,548000013,8500135,Philippines,Other,Encounter,2025-02-12 00:02:00,Asia/Manila,+08:00,14.35676,120.36376,18850
DEMO VESSEL 014,548000014,8500147,Philippines,Cargo,Encounter,15/02/2025 15:50,Asia/Manila,+08:00,14.34637,120.53478,31767
DEMO VESSEL 035,548000035,8500355,Philippines,Other,Port visit,2025-02-11 12:15:00,Asia/Manila,+08:00,14.52322,120.311,1245
DEMO VESSEL 011,548000011,8500111,Philippines,Other,Encounter,2025-02-23 03:48:00,UTC,+00:00,14.3276,120.48644,27897
demo vessel 013,548000013,8500135,Philippines,Other,Encounter,02/02/2025 13:23,Asia/Manila,+08:00,14.76335,120.47654,7543
DEMO VESSEL 033 ,548000033,8500331,Philippines,Cargo,Fishing event,2025-02-03 16:24:00,Asia/Manila,+08:00,14.34626,120.31296,13074
DEMO VESSEL 002,548000002,8500020,Philippines,Cargo,Loitering,05/02/2025 22:46,Asia/Manila,+08:00,14.79104,120.36223,12179
DEMO VESSEL 003,548000003,8500032,Philippines,Cargo,Encounter,2025-02-20 10:40:00,UTC,+00:00,14.88066,120.71623,31896
demo vessel 033,548000033,8500331,Philippines,Cargo,Fishing event,21/02/2025 11:18,Asia/Manila,+08:00,14.73079,120.41305,32353
DEMO VESSEL 029,548000029,8500290,Philippines,Other,Fishing event,2025-02-06 16:56:00,Asia/Manila,+08:00,14.24768,120.852,5550
DEMO VESSEL 040,548000040,8500408,Philippines,Other,Loitering,2025-02-08 18:41:00,UTC,+00:00,14.25364,120.80451,29467
DEMO VESSEL 028,548000028,8500288,Philippines,Other,Port visit,25/02/2025 04:15,UTC,+00:00,14.20577,120.43784,34725
DEMO VESSEL 033,548000033,8500331,Philippines,Cargo,Loitering,2025-02-22 05:06:00,UTC,+00:00,14.84073,120.5179,35287
DEMO VESSEL 030,548000030,8500305,Philippines,Cargo,Port visit,18/02/2025 20:15,Asia/Manila,+08:00,14.29082,120.80943,717
DEMO VESSEL 013,548000013,8500135,Philippines,Other,Port visit,2025-02-03 03:23:00,Asia/Manila,+08:00,14.31323,120.47102,14530
DEMO VESSEL 008,548000008,8500082,Belize,Dredging,Encounter,2025-02-01 15:59:00,Asia/Manila,+08:00,14.45479,120.88754,10559
DEMO VESSEL 030,548000030,8500305,Philippines,Cargo,Port visit,12/02/2025 04:30,Asia/Manila,+08:00,14.30769,120.35099,4176
DEMO VESSEL 038,548000038,8500381,Philippines,Dredging,Fishing event,24/02/2025 04:46,Asia/Manila,+08:00,14.39783,120.46688,38999
DEMO VESSEL 033,548000033,8500331,Philippines,Cargo,Fishing event,2025-02-25 03:54:00,UTC,+00:00,14.72007,120.38783,23119
DEMO VESSEL 036,548000036,8500367,Sierra Leone,Cargo,Port visit,2025-02-05 13:31:00,UTC,+00:00,14.62114,120.33756,17266
DEMO VESSEL 020,548000020,8500202,Philippines,Other,Fishing event,2025-02-27 18:10:00,Asia/Manila,+08:00,14.56406,120.88588,27127
DEMO VESSEL 011,548000011,8500111,Philippines,Other,Fishing event,2025-02-24 15:23:00,Asia/Manila,+08:00,14.39011,120.53901,3940
DEMO VESSEL 007,548000007,8500070,Philippines,Cargo,Loitering,2025-02-23 11:54:00,UTC,+00:00,14.4617,120.73126,37243
DEMO VESSEL 028,548000028,8500288,Philippines,Other,Encounter,2025-02-01 00:06:00,Asia/Manila,+08:00,14.63707,120.77794,27724
AIS TEST SHIP,100900301,,,,Fishing event,2025-02-19 08:59:00,Asia/Manila,+08:00,14.58421,120.84502,7033
DEMO VESSEL 013,548000013,8500135,Philippines,Other,Loitering,2025-02-22 22:35:00,UTC,+00:00,14.79832,120.46358,6087
DEMO VESSEL 008,548000008,8500082,Belize,Dredging,Encounter,17/02/2025 13:36,Asia/Manila,+08:00,14.30705,120.75869,740
DEMO VESSEL 005,548000005,1234568,Sierra Leone,Dredging,Loitering,01/02/2025 23:00,Asia/Manila,+08:00,14.63222,120.39375,21985
DEMO VESSEL 025,548000025,8500252,Philippines,Dredging,Encounter,2025-02-24 10:45:00,Asia/Manila,+08:00,14.46012,120.63327,25785
DEMO VESSEL 008,548000008,8500082,Belize,Dredging,Loitering,2025-02-27 13:37:00,Asia/Manila,+08:00,14.79953,120.4075,37566
DEMO VESSEL 008,548000008,8500082,Belize,Dredging,Fishing event,04/02/2025 02:53,UTC,+00:00,14.65587,120.59406,28017
DEMO VESSEL 033,548000033,8500331,Philippines,Cargo,Fishing event,2025-02-08 06:06:00,Asia/Manila,+08:00,14.43479,120.87551,38802
DEMO VESSEL 007,667000007,8500070,Sierra Leone,Cargo,Port visit,2025-02-01 08:04:00,Asia/Manila,+08:00,14.89584,120.48552,11073
DEMO VESSEL 033,548000033,8500331,Philippines,Cargo,Loitering,2025-02-08 05:34:00,Asia/Manila,+08:00,14.46236,120.63855,27245
DEMOVESSEL008,548000008,8500082,Belize,Dredging,Fishing event,11/02/2025 06:38,Asia/Manila,+08:00,14.61964,120.39285,4658
DEMO VESSEL 004,548000004,,Philippines,Dredging,Fishing event,2025-02-10 09:30:00,Asia/Manila,+08:00,14.20156,120.67871,30646
DEMO VESSEL 021,548000021,8500214,Belize,Dredging,Fishing event,2025-01-12 01:50:00,UTC,+00:00,14.43658,120.49326,35917
DEMO VESSEL 007,548000007,8500070,Philippines,Cargo,Port visit,2025-02-08 03:05:00,Asia/Manila,+08:00,14.55526,120.53274,21830
DEMO VESSEL 016,548000016,8500161,Philippines,Dredging,Loitering,2025-02-22 14:38:00,Asia/Manila,+08:00,14.39984,120.6995,849
DEMO VESSEL 020,548000020,8500202,Philippines,Other,Fishing event,2025-02-25 09:11:00,Asia/Manila,+08:00,14.35951,120.3484,8870
DEMO VESSEL 017,548000017,8500173,Philippines,Other,Loitering,21/02/2025 03:50,Asia/Manila,+08:00,14.26275,120.61875,23573
DEMO VESSEL 014,548000014,8500147,Philippines,Cargo,Encounter,06/02/2025 19:22,Asia/Manila,+08:00,14.86401,120.35861,26439
DEMO VESSEL 024,548000024,8500240,Philippines,Cargo,Fishing event,2025-02-14 21:02:00,Asia/Manila,+08:00,14.64577,120.72231,6934
DEMO VESSEL 013,548000013,8500135,Philippines,Other,Encounter,20/02/2025 07:31,Asia/Manila,+08:00,14.346,120.8119,38061
AIS TEST SHIP ,100900301,,,,Port visit,17/02/2025 07:21,Asia/Manila,+08:00,14.60506,120.52792,26275
DEMO VESSEL 021,548000021,8500214,Belize,Dredging,Port visit,2025-02-09 13:53:00,Asia/Manila,+08:00,14.42936,120.78394,22599
DEMO VESSEL 032,548000032,8500329,Philippines,Cargo,Fishing event,2025-02-12 18:58:00,UTC,+00:00,14.76007,120.67624,30345
DEMO VESSEL 037,548000037,8500379,Belize,Cargo,Loitering,2025-02-01 04:31:00,UTC,+00:00,14.59175,120.6047,6244
DEMO VESSEL 019,548000019,8500197,Philippines,Cargo,Port visit,2025-02-16 07:42:00,Asia/Manila,+08:00,14.33728,120.38524,8448
DEMO VESSEL 029,548000029,8500290,Philippines,Other,Loitering,2025-02-01 10:38:00,Asia/Manila,+08:00,14.74747,120.37465,33464
DEMO VESSEL 002,548000002,8500020,Philippines,Cargo,Fishing event,2025-02-17 06:51:00,Asia/Manila,+08:00,14.47351,120.68058,20627
DEMO VESSEL 025,548000025,8500252,Philippines,Dredging,Encounter,04/02/2025 00:50,Asia/Manila,+08:00,14.42332,120.78639,38345
DEMO VESSEL 039,548000039,8500393,Philippines,Dredging,Port visit,01/02/2025 07:23,Asia/Manila,+08:00,14.38344,120.45479,39652
DEMO VESSEL 023,548000023,8500238,Belize,Cargo,Loitering,11/02/2025 13:04,UTC,+00:00,14.80518,120.40652,37814
DEMO VESSEL 010,548000010,8500109,Belize,Other,Encounter,2025-02-26 07:04:00,UTC,+00:00,14.56882,120.46066,39756
DEMO VESSEL 006,548000006,64,Philippines,Dredging,Encounter,2025-02-05 13:06:00,UTC,+00:00,14.76882,120.45968,29991
DEMO VESSEL 040,548000040,8500408,Philippines,Other,Loitering,2025-02-02 15:08:00,Asia/Manila,+08:00,14.52576,120.74966,36328
DEMO VESSEL 011,548000011,8500111,Philippines,Other,Encounter,2025-02-01 21:11:00,UTC,+00:00,14.63706,120.66183,15377
DEMO VESSEL 040,548000040,8500408,Philippines,Other,Loitering,2025-02-15 22:06:00,Asia/Manila,+08:00,14.67911,120.74883,17434
DEMO VESSEL 033,548000033,8500331,Philippines,Cargo,Fishing event,2025-02-20 19:52:00,UTC,+00:00,14.87864,120.71002,9336
DEMO VESSEL 007,548000007,8500070,Philippines,Cargo,Encounter,2025-02-05 01:10:00,Asia/Manila,+08:00,14.44638,120.31411,18832
DEMO VESSEL 037,548000037,8500379,Belize,Cargo,Fishing event,17/02/2025 20:54,UTC,+00:00,14.38096,120.72839,8101
DEMO VESSEL 037,548000037,8500379,Belize,Cargo,Fishing event,2025-02-22 02:24:00,Asia/Manila,+08:00,14.7896,120.73108,37765
DEMO VESSEL 037,548000037,8500379,Belize,Cargo,Loitering,2025-02-07 09:34:00,Asia/Manila,+08:00,14.71311,120.35067,36572
DEMO VESSEL 036,548000036,8500367,Sierra Leone,Cargo,Loitering,2025-02-22 23:32:00,Asia/Manila,+08:00,14.52091,120.34227,3656
DEMO VESSEL 017,548000017,8500173,Philippines,Other,Loitering,2025-02-02 12:42:00,Asia/Manila,+08:00,14.30637,120.38453,1264
DEMO VESSEL 020,548000020,8500202,Philippines,Other,Encounter,2025-02-21 19:03:00,UTC,+00:00,14.83553,120.40615,6619
DEMO VESSEL 032 ,548000032,8500329,Philippines,Cargo,Encounter,2025-02-08 06:02:00,Asia/Manila,+08:00,14.24721,120.68914,36467
demo vessel 010,548000010,8500109,Belize,Other,Port visit,07/02/2025 07:05,Asia/Manila,+08:00,14.44945,120.41747,2855
DEMO VESSEL 020,548000020,8500202,Philippines,Other,Port visit,2025-02-10 02:48:00,Asia/Manila,+08:00,14.46625,120.34196,10656
DEMO VESSEL 013,548000013,8500135,Philippines,Other,Loitering,2025-02-15 11:28:00,Asia/Manila,+08:00,14.33763,120.79143,498
DEMO VESSEL 001,548000001,8500018,Philippines,Dredging,Encounter,18/02/2025 07:41,Asia/Manila,+08:00,14.77864,120.34285,29080
DEMO VESSEL 023,548000023,8500238,Belize,Cargo,Fishing event,2025-02-22 18:30:00,UTC,+00:00,14.73482,120.38077,36752
DEMOVESSEL022,548000022,8500226,Sierra Leone,Dredging,Port visit,2025-02-23 12:31:00,UTC,+00:00,14.79039,120.727,19067
DEMO VESSEL 017,548000017,8500173,Philippines,Other,Fishing event,15/02/2025 12:25,Asia/Manila,+08:00,14.31517,120.47512,33740
DEMO VESSEL 029,548000029,8500290,Philippines,Other,Fishing event,2025-02-17 10:45:00,Asia/Manila,+08:00,14.52398,120.56345,39459
DEMO VESSEL 004,548000004,,Philippines,Dredging,Loitering,2025-02-05 16:28:00,Asia/Manila,+08:00,14.67961,120.51454,30530
demo vessel 032,548000032,8500329,Philippines,Cargo,Port visit,27/02/2025 03:49,Asia/Manila,+08:00,14.75371,120.66348,32544
DEMO VESSEL 022,548000022,8500226,Sierra Leone,Dredging,Fishing event,2025-02-18 10:44:00,Asia/Manila,+08:00,14.60938,120.36307,18404
DEMO VESSEL 030,548000030,8500305,Philippines,Cargo,Loitering,09/02/2025 09:54,Asia/Manila,+08:00,14.39981,120.62199,29275
DEMO VESSEL 034,548000034,8500343,Belize,Cargo,Fishing event,2025-02-08 15:36:00,UTC,+00:00,14.64953,120.3898,29706
DEMO VESSEL 029,548000029,8500290,Philippines,Other,Fishing event,2025-02-21 07:58:00,Asia/Manila,+08:00,14.61995,120.73973,19014
DEMO VESSEL 023,548000023,8500238,Belize,Cargo,Port visit,2025-02-21 21:53:00,UTC,+00:00,14.65556,120.64063,2645
DEMO VESSEL 029,548000029,8500290,Philippines,Other,Encounter,2025-02-23 23:19:00,Asia/Manila,+08:00,14.22906,120.55883,3929
DEMOVESSEL013,548000013,8500135,Philippines,Other,Encounter,2025-02-25 01:47:00,Asia/Manila,+08:00,14.29789,120.69965,32706
DEMO VESSEL 024,548000024,8500240,Philippines,Cargo,Encounter,11/02/2025 07:37,Asia/Manila,+08:00,0.0,0.0,27765
DEMO VESSEL 020,548000020,8500202,Philippines,Other,Fishing event,26/02/2025 07:49,UTC,+00:00,14.65509,120.54225,27049
DEMO VESSEL 002 ,548000002,8500020,Philippines,Cargo,Encounter,2025-02-16 04:21:00,Asia/Manila,+08:00,14.88767,120.40073,29570
DEMO VESSEL 012,548000012,8500123,Philippines,Dredging,Fishing event,2025-02-15 00:29:00,Asia/Manila,+08:00,14.69847,120.47032,15989
DEMO VESSEL 040,548000040,8500408,Philippines,Other,Encounter,2025-02-04 03:33:00,Asia/Manila,+08:00,14.62072,120.67764,2604
DEMO VESSEL 021 ,548000021,8500214,Belize,Dredging,Encounter,2025-02-24 04:02:00,Asia/Manila,+08:00,14.76857,120.58045,31434
DEMO VESSEL 021,548000021,8500214,Belize,Dredging,Fishing event,2025-02-23 07:09:00,Asia/Manila,+08:00,14.79713,120.55431,33776
DEMO VESSEL 039,548000039,8500393,Philippines,Dredging,Loitering,2025-02-21 19:20:00,UTC,+00:00,14.73365,120.79807,22682
DEMO VESSEL 038 ,548000038,8500381,Philippines,Dredging,Port visit,2025-02-24 00:18:00,UTC,+00:00,14.27524,120.51013,703
DEMO VESSEL 011,548000011,8500111,Philippines,Other,Encounter,2025-02-18 02:22:00,UTC,+00:00,14.43863,120.47371,38292
DEMO VESSEL 018,548000018,8500185,Philippines,Cargo,Loitering,2025-02-27 01:39:00,Asia/Manila,+08:00,14.28481,120.38739,7482
DEMO VESSEL 005,548000005,1234568,Sierra Leone,Dredging,Port visit,2025-02-11 07:28:00,Asia/Manila,+08:00,14.30851,120.89561,16379
DEMO VESSEL 028,548000028,8500288,Philippines,Other,Encounter,2025-02-22 02:28:00,Asia/Manila,+08:00,14.86316,120.68618,12909
DEMO VESSEL 033,548000033,8500331,Philippines,Cargo,Loitering,26/02/2025 22:09,Asia/Manila,+08:00,14.34163,120.85648,34846
DEMO VESSEL 025 ,548000025,8500252,Philippines,Dredging,Encounter,2025-02-01 03:57:00,Asia/Manila,+08:00,14.29121,120.30328,10123
DEMO VESSEL 038,548000038,8500381,Philippines,Dredging,Encounter,2025-02-21 14:35:00,Asia/Manila,+08:00,14.57448,120.80079,4910
DEMO VESSEL 026,548000026,8500264,Philippines,Cargo,Fishing event,02/02/2025 02:02,UTC,+00:00,14.39093,120.40708,2556
DEMO VESSEL 002,548000002,8500020,Philippines,Cargo,Encounter,2025-02-16 06:06:00,Asia/Manila,+08:00,14.78541,120.69475,3516
DEMO VESSEL 016,548000016,8500161,Philippines,Dredging,Encounter,2025-02-07 10:10:00,Asia/Manila,+08:00,14.26431,120.56263,1182
DEMO VESSEL 029,548000029,8500290,Philippines,Other,Encounter,2025-02-18 13:29:00,UTC,+00:00,14.71987,120.82861,27823
DEMO VESSEL 025,548000025,8500252,Philippines,Dredging,Encounter,2025-02-20 02:42:00,Asia/Manila,+08:00,14.22209,120.46675,14076
DEMO VESSEL 017,548000017,8500173,Philippines,Other,Loitering,2025-02-06 11:32:00,Asia/Manila,+08:00,14.69146,120.439,32000
DEMO VESSEL 007,667000007,8500070,Sierra Leone,Cargo,Encounter,10/02/2025 02:43,Asia/Manila,+08:00,14.75422,120.56882,34729
DEMO VESSEL 035,548000035,8500355,Philippines,Other,Port visit,2025-02-04 02:34:00,Asia/Manila,+08:00,14.79157,120.5172,3163
DEMO VESSEL 020,548000020,8500202,Philippines,Other,Encounter,02/02/2025 07:30,UTC,+00:00,14.32265,120.81182,8729
DEMO VESSEL 018,548000018,8500185,Philippines,Cargo,Loitering,2025-02-12 04:56:00,Asia/Manila,+08:00,14.28383,120.66522,35263
DEMO VESSEL 030,548000030,8500305,Philippines,Cargo,Loitering,2025-02-07 12:53:00,UTC,+00:00,14.56557,120.65918,9828
DEMO VESSEL 030,548000030,8500305,Philippines,Cargo,Loitering,2025-02-04 05:13:00,UTC,+00:00,14.48458,120.40863,37876
DEMO VESSEL 013,548000013,8500135,Philippines,Other,Loitering,2025-02-19 13:37:00,Asia/Manila,+08:00,14.36728,120.32254,36791
DEMO VESSEL 027,548000027,8500276,Philippines,Cargo,Encounter,11/02/2025 05:10,UTC,+00:00,14.63533,120.36612,22647
DEMO VESSEL 021,548000021,8500214,Belize,Dredging,Loitering,14/02/2025 04:40,UTC,+00:00,14.32495,120.3065,4022
DEMO VESSEL 039,548000039,8500393,Philippines,Dredging,Loitering,16/02/2025 05:52,UTC,+00:00,14.25352,120.811,1097
DEMO VESSEL 007,548000007,8500070,Philippines,Cargo,Fishing event,2025-02-14 23:17:00,Asia/Manila,+08:00,14.7365,120.70394,38063
DEMO VESSEL 018,548000018,8500185,Philippines,Cargo,Port visit,2025-02-04 09:32:00,Asia/Manila,+08:00,14.72509,120.32267,27256
DEMO VESSEL 039,548000039,8500393,Philippines,Dredging,Loitering,2025-02-11 06:50:00,Asia/Manila,+08:00,14.25944,120.35236,21866
DEMO VESSEL 033,548000033,8500331,Philippines,Cargo,Loitering,2025-02-20 08:30:00,Asia/Manila,+08:00,14.79478,120.59692,14894
DEMO VESSEL 039,548000039,8500393,Philippines,Dredging,Port visit,12/02/2025 05:45,Asia/Manila,+08:00,14.46869,120.62856,3331
DEMO VESSEL 013,548000013,8500135,Philippines,Other,Port visit,2025-02-03 03:23:00,Asia/Manila,+08:00,14.31323,120.47102,14530
DEMO VESSEL 008 ,548000008,8500082,Belize,Dredging,Fishing event,18/02/2025 04:26,Asia/Manila,+08:00,14.73863,120.76357,35289
DEMO VESSEL 019,548000019,8500197,Philippines,Cargo,Loitering,06/02/2025 03:29,Asia/Manila,+08:00,14.66413,120.53272,29549
DEMO VESSEL 040,548000040,8500408,Philippines,Other,Port visit,01/02/2025 17:20,UTC,+00:00,14.58785,120.60218,18319
DEMO VESSEL 030,548000030,8500305,Philippines,Cargo,Fishing event,02/02/2025 05:24,Asia/Manila,+08:00,14.60795,120.32369,29673
DEMO VESSEL 007,548000007,8500070,Philippines,Cargo,Encounter,06/02/2025 04:20,Asia/Manila,+08:00,14.60945,120.71286,16993
DEMO VESSEL 022,548000022,8500226,Sierra Leone,Dredging,Fishing event,2025-02-12 17:33:00,Asia/Manila,+08:00,14.25034,120.60168,5489
DEMOVESSEL033,548000033,8500331,Philippines,Cargo,Fishing event,2025-02-05 03:36:00,UTC,+00:00,14.52635,120.7464,1185
DEMO VESSEL 035,548000035,8500355,Philippines,Other,Loitering,2025-02-06 13:41:00,Asia/Manila,+08:00,14.63294,120.33191,9616
DEMO VESSEL 009,548000009,8500094,Belize,Cargo,Fishing event,2025-02-04 10:34:00,Asia/Manila,+08:00,14.59261,120.50575,7603
DEMO VESSEL 033,548000033,8500331,Philippines,Cargo,Encounter,2025-02-10 07:42:00,Asia/Manila,+08:00,14.79494,120.55037,590
DEMO VESSEL 033,548000033,8500331,Philippines,Cargo,Fishing event,2025-02-04 08:45:00,Asia/Manila,+08:00,14.70771,120.82975,607
DEMO VESSEL 038,548000038,8500381,Philippines,Dredging,Loitering,2025-02-05 02:17:00,Asia/Manila,+08:00,14.49178,120.46594,10102
DEMO VESSEL 002 ,548000002,8500020,Philippines,Cargo,Port visit,02/02/2025 07:57,UTC,+00:00,14.46074,120.88473,26144
DEMO VESSEL 020,548000020,8500202,Philippines,Other,Port visit,07/02/2025 12:19,UTC,+00:00,14.69409,120.49722,12342
DEMO VESSEL 020,548000020,8500202,Philippines,Other,Port visit,2025-02-22 17:26:00,Asia/Manila,+08:00,14.55784,120.71817,805
DEMO VESSEL 019,548000019,8500197,Philippines,Cargo,Port visit,2025-02-04 19:39:00,Asia/Manila,+08:00,14.28407,120.79074,435
DEMO VESSEL 040,548000040,8500408,Philippines,Other,Encounter,26/02/2025 18:38,Asia/Manila,+08:00,14.48495,120.33859,22612
DEMO VESSEL 015,548000015,8500159,Philippines,Cargo,Fishing event,07/02/2025 21:55,Asia/Manila,+08:00,14.85271,120.51782,33329
demo vessel 006,548000006,64,Philippines,Dredging,Fishing event,06/02/2025 07:18,Asia/Manila,+08:00,14.50091,120.63835,36863
DEMO VESSEL 001,548000001,8500018,Philippines,Dredging,Fishing event,2025-02-10 12:45:00,UTC,+00:00,14.73842,120.794,29789
DEMO VESSEL 028,548000028,8500288,Philippines,Other,Encounter,2025-02-09 00:44:00,UTC,+00:00,14.24015,120.49891,14349
DEMO VESSEL 009,548000009,8500094,Belize,Cargo,Port visit,2025-02-13 22:53:00,Asia/Manila,+08:00,14.22151,120.31962,17447
DEMO VESSEL 010,548000010,8500109,Belize,Other,Loitering,2025-02-23 08:33:00,Asia/Manila,+08:00,14.73735,120.88404,15263
DEMO VESSEL 019,548000019,8500197,Philippines,Cargo,Port visit,25/02/2025 09:31,Asia/Manila,+08:00,14.7327,120.55656,23162
DEMO VESSEL 040,548000040,8500408,Philippines,Other,Port visit,2025-02-15 13:37:00,Asia/Manila,+08:00,14.27861,120.58699,24613
DEMO VESSEL 033,548000033,8500331,Philippines,Cargo,Loitering,2025-02-09 22:43:00,Asia/Manila,+08:00,14.56363,120.53095,5194
DEMO VESSEL 007,667000007,8500070,Sierra Leone,Cargo,Fishing event,2025-02-26 00:54:00,Asia/Manila,+08:00,14.53088,120.36818,7911
DEMO VESSEL 010,548000010,8500109,Belize,Other,Port visit,2025-02-15 15:23:00,Asia/Manila,+08:00,14.60081,120.7128,22520
DEMOVESSEL030,548000030,8500305,Philippines,Cargo,Fishing event,2025-02-10 12:40:00,Asia/Manila,+08:00,14.87521,120.4005,14038
DEMO VESSEL 022,548000022,8500226,Sierra Leone,Dredging,Port visit,2025-02-20 02:00:00,Asia/Manila,+08:00,14.71726,120.56678,20633
DEMO VESSEL 011,548000011,8500111,Philippines,Other,Fishing event,2025-02-14 02:54:00,UTC,+00:00,14.38055,120.45143,9430
DEMO VESSEL 027,548000027,8500276,Philippines,Cargo,Loitering,2025-02-16 04:04:00,Asia/Manila,+08:00,14.5732,120.45854,18848
DEMO VESSEL 016,548000016,8500161,Philippines,Dredging,Encounter,2025-02-24 15:57:00,Asia/Manila,+08:00,14.82395,120.30033,21106
DEMO VESSEL 026,548000026,8500264,Philippines,Cargo,Encounter,2025-02-02 01:38:00,Asia/Manila,+08:00,14.25371,120.73637,9449
DEMO VESSEL 017,548000017,8500173,Philippines,Other,Port visit,2025-02-01 06:04:00,Asia/Manila,+08:00,14.65542,120.8269,27034
DEMO VESSEL 018,548000018,8500185,Philippines,Cargo,Fishing event,2025-02-21 18:13:00,Asia/Manila,+08:00,14.2687,120.30088,26281
DEMOVESSEL036,548000036,8500367,Sierra Leone,Cargo,Loitering,2025-02-27 04:13:00,UTC,+00:00,14.85984,120.57718,320
DEMO VESSEL 007,548000007,8500070,Philippines,Cargo,Port visit,2025-02-16 06:24:00,Asia/Manila,+08:00,14.82919,120.41019,38449
DEMO VESSEL 008,548000008,8500082,Belize,Dredging,Encounter,2025-02-20 02:21:00,Asia/Manila,+08:00,14.54945,120.74611,32531
DEMO VESSEL 033,548000033,8500331,Philippines,Cargo,Encounter,2025-02-17 10:51:00,Asia/Manila,+08:00,14.83663,120.72284,35652
DEMO VESSEL 007,548000007,8500070,Philippines,Cargo,Fishing event,2025-02-26 14:23:00,Asia/Manila,+08:00,14.88006,120.37067,9341
DEMO VESSEL 019,548000019,8500197,Philippines,Cargo,Loitering,2025-02-01 22:19:00,Asia/Manila,+08:00,14.55625,120.47664,21306
DEMO VESSEL 032,548000032,8500329,Philippines,Cargo,Fishing event,07/02/2025 15:12,Asia/Manila,+08:00,14.7775,120.52944,35030
DEMO VESSEL 015,548000015,8500159,Philippines,Cargo,Loitering,20/02/2025 17:05,UTC,+00:00,14.53928,120.73242,34950
DEMO VESSEL 036,548000036,8500367,Sierra Leone,Cargo,Encounter,04/02/2025 21:53,Asia/Manila,+08:00,14.3692,120.46237,19539
DEMO VESSEL 036,548000036,8500367,Sierra Leone,Cargo,Encounter,2025-02-24 09:56:00,UTC,+00:00,14.22545,120.66833,4431
DEMO VESSEL 023,548000023,8500238,Belize,Cargo,Port visit,25/02/2025 11:16,Asia/Manila,+08:00,14.76222,120.74422,14885
DEMO VESSEL 003,548000003,8500032,Philippines,Cargo,Loitering,22/02/2025 17:11,Asia/Manila,+08:00,14.62235,120.3161,18900
DEMO VESSEL 018,548000018,8500185,Philippines,Cargo,Loitering,2025-02-22 16:01:00,Asia/Manila,+08:00,14.59292,120.33744,11899
DEMO VESSEL 039,548000039,8500393,Philippines,Dredging,Encounter,2025-02-17 14:35:00,Asia/Manila,+08:00,14.32171,120.30063,21578
DEMO VESSEL 027 ,548000027,8500276,Philippines,Cargo,Port visit,23/02/2025 22:23,Asia/Manila,+08:00,14.83717,120.87339,23725
DEMO VESSEL 022,548000022,8500226,Sierra Leone,Dredging,Loitering,2025-02-09 21:49:00,Asia/Manila,+08:00,14.28882,120.64002,27156
demo vessel 017,548000017,8500173,Philippines,Other,Port visit,2025-02-26 06:17:00,Asia/Manila,+08:00,14.50767,120.6665,22755
DEMO VESSEL 001,548000001,8500018,Philippines,Dredging,Port visit,12/02/2025 17:05,Asia/Manila,+08:00,14.20864,120.54829,37783
DEMO VESSEL 031,548000031,8500317,Philippines,Cargo,Encounter,14/02/2025 22:06,Asia/Manila,+08:00,14.43726,120.30118,21109
AIS TEST SHIP,100900301,,,,Fishing event,2025-02-10 15:59:00,UTC,+00:00,14.84427,120.69554,10412
DEMO VESSEL 039,548000039,8500393,Philippines,Dredging,Loitering,05/02/2025 18:06,Asia/Manila,+08:00,14.64744,120.32791,12366
DEMOVESSEL017,548000017,8500173,Philippines,Other,Port visit,2025-02-12 11:57:00,Asia/Manila,+08:00,14.32978,120.71303,6091
DEMO VESSEL 030,548000030,8500305,Philippines,Cargo,Encounter,07/02/2025 02:05,Asia/Manila,+08:00,14.76932,120.49665,12356
DEMO VESSEL 021,548000021,8500214,Belize,Dredging,Port visit,2025-02-22 02:16:00,UTC,+00:00,14.87843,120.5002,4979
DEMO VESSEL 002,548000002,8500020,Philippines,Cargo,Encounter,10/02/2025 08:08,UTC,+00:00,14.36297,120.39041,32962
DEMO VESSEL 038,548000038,8500381,Philippines,Dredging,Fishing event,2025-02-25 20:24:00,Asia/Manila,+08:00,14.36005,120.51277,33936
AIS TEST SHIP,100900301,,,,Encounter,2025-02-22 00:20:00,UTC,+00:00,14.21331,120.86613,36235
DEMO VESSEL 008,548000008,8500082,Belize,Dredging,Port visit,2025-02-01 01:31:00,UTC,+00:00,14.64965,120.34396,27762
DEMO VESSEL 037,548000037,8500379,Belize,Cargo,Port visit,13/02/2025 10:33,UTC,+00:00,14.30594,120.51226,9194
DEMO VESSEL 024,548000024,8500240,Philippines,Cargo,Loitering,2025-02-27 20:11:00,UTC,+00:00,14.87973,120.47077,32771
DEMO VESSEL 030,548000030,8500305,Philippines,Cargo,Fishing event,2025-02-27 10:39:00,Asia/Manila,+08:00,14.40973,120.40106,30170
DEMO VESSEL 016,548000016,8500161,Philippines,Dredging,Loitering,2025-02-14 05:44:00,UTC,+00:00,14.87058,120.45672,32711
DEMO VESSEL 005 ,548000005,1234568,Sierra Leone,Dredging,Loitering,2025-02-12 11:19:00,Asia/Manila,+08:00,14.79347,120.48042,31191
DEMO VESSEL 032,548000032,8500329,Philippines,Cargo,Port visit,2025-02-12 14:39:00,UTC,+00:00,14.38269,120.3911,36160
DEMO VESSEL 033,548000033,8500331,Philippines,Cargo,Port visit,2025-02-18 01:51:00,Asia/Manila,+08:00,14.84829,120.60728,1323
DEMO VESSEL 013,548000013,8500135,Philippines,Other,Port visit,2025-02-09 08:13:00,Asia/Manila,+08:00,14.65871,120.46175,22673
DEMO VESSEL 036,548000036,8500367,Sierra Leone,Cargo,Encounter,2025-02-21 23:02:00,Asia/Manila,+08:00,14.73498,120.68622,2963
DEMO VESSEL 026,548000026,8500264,Philippines,Cargo,Port visit,09/02/2025 12:45,Asia/Manila,+08:00,14.42264,120.54572,19688
DEMO VESSEL 011,548000011,8500111,Philippines,Other,Fishing event,2025-02-08 00:03:00,Asia/Manila,+08:00,14.33525,120.81222,37044
DEMO VESSEL 012,548000012,8500123,Philippines,Dredging,Loitering,2025-02-21 00:02:00,UTC,+00:00,14.41751,120.88405,14524
DEMOVESSEL029,548000029,8500290,Philippines,Other,Encounter,22/02/2025 13:49,UTC,+00:00,14.88389,120.34744,32706
DEMO VESSEL 035,548000035,8500355,Philippines,Other,Loitering,07/02/2025 03:53,Asia/Manila,+08:00,14.87324,120.88039,25244
DEMO VESSEL 018,548000018,8500185,Philippines,Cargo,Encounter,2025-02-19 00:31:00,UTC,+00:00,14.3861,120.65953,26427
demo vessel 016,548000016,8500161,Philippines,Dredging,Fishing event,17/02/2025 03:10,Asia/Manila,+08:00,14.46884,120.40613,24426
DEMO VESSEL 022,548000022,8500226,Sierra Leone,Dredging,Encounter,2025-02-20 00:29:00,Asia/Manila,+08:00,14.47708,120.35949,24142
DEMO VESSEL 027,548000027,8500276,Philippines,Cargo,Encounter,08/02/2025 18:42,Asia/Manila,+08:00,14.87493,120.4011,16621
DEMO VESSEL 024 ,548000024,8500240,Philippines,Cargo,Encounter,2025-02-21 04:24:00,Asia/Manila,+08:00,14.46147,120.35889,19781
DEMO VESSEL 021,548000021,8500214,Belize,Dredging,Loitering,2025-02-26 04:49:00,UTC,+00:00,14.55978,120.37453,15916
DEMO VESSEL 005,548000005,1234568,Sierra Leone,Dredging,Port visit,2025-02-22 04:38:00,Asia/Manila,+08:00,14.82401,120.72382,29470
DEMO VESSEL 003,548000003,8500032,Philippines,Cargo,Port visit,12/02/2025 01:49,Asia/Manila,+08:00,14.51064,120.31496,22589
DEMOVESSEL027,548000027,8500276,Philippines,Cargo,Encounter,2025-02-26 15:32:00,Asia/Manila,+08:00,14.45124,120.47885,30030
DEMO VESSEL 039,548000039,8500393,Philippines,Dredging,Port visit,2025-02-13 18:21:00,Asia/Manila,+08:00,14.45561,120.72471,11462
DEMO VESSEL 003,548000003,8500032,Philippines,Cargo,Encounter,2025-02-17 21:47:00,Asia/Manila,+08:00,14.73095,120.68331,18430
DEMO VESSEL 002,548000002,8500020,Philippines,Cargo,Loitering,2025-02-18 17:46:00,Asia/Manila,+08:00,14.78767,120.38731,27251
DEMO VESSEL 004,548000004,,Philippines,Dredging,Loitering,2025-02-16 00:26:00,Asia/Manila,+08:00,14.63798,120.42618,10858
DEMO VESSEL 018,548000018,8500185,Philippines,Cargo,Encounter,2025-02-03 05:45:00,Asia/Manila,+08:00,14.6872,120.37354,24461
DEMO VESSEL 036,548000036,8500367,Sierra Leone,Cargo,Fishing event,05/02/2025 16:01,Asia/Manila,+08:00,14.33767,120.50389,2266
DEMOVESSEL006,548000006,64,Philippines,Dredging,Encounter,2025-02-14 22:28:00,UTC,+00:00,14.82168,120.81035,13743
DEMO VESSEL 007,548000007,8500070,Philippines,Cargo,Encounter,27/02/2025 20:05,Asia/Manila,+08:00,14.26605,120.7973,33812
DEMO VESSEL 007,667000007,8500070,Sierra Leone,Cargo,Encounter,09/02/2025 19:04,UTC,+00:00,14.74186,120.76285,38661
DEMO VESSEL 009,548000009,8500094,Belize,Cargo,Fishing event,2025-02-21 14:26:00,UTC,+00:00,14.34177,120.6149,29950
DEMO VESSEL 002,548000002,8500020,Philippines,Cargo,Port visit,26/02/2025 09:55,Asia/Manila,+08:00,14.3849,120.69287,18349
DEMO VESSEL 033,548000033,8500331,Philippines,Cargo,Port visit,2025-02-11 23:16:00,Asia/Manila,+08:00,14.87598,120.78256,14116
DEMO VESSEL 037,548000037,8500379,Belize,Cargo,Port visit,2025-02-04 17:20:00,Asia/Manila,+08:00,14.53438,120.36066,17280
DEMO VESSEL 013,548000013,8500135,Philippines,Other,Port visit,2025-01-24 15:51:00,Asia/Manila,+08:00,14.21743,120.46341,16521
DEMO VESSEL 033,548000033,8500331,Philippines,Cargo,Encounter,2025-02-13 16:53:00,UTC,+00:00,14.32694,120.80562,1074
DEMO VESSEL 038,548000038,8500381,Philippines,Dredging,Port visit,2025-02-19 22:55:00,Asia/Manila,+08:00,14.77753,120.37212,5868
DEMO VESSEL 015,548000015,8500159,Philippines,Cargo,Fishing event,2025-02-25 07:04:00,Asia/Manila,+08:00,14.49039,120.48208,10835
DEMO VESSEL 038,548000038,8500381,Philippines,Dredging,Fishing event,2025-02-03 22:06:00,Asia/Manila,+08:00,14.37715,120.71954,27324
DEMO VESSEL 018,548000018,8500185,Philippines,Cargo,Loitering,2025-02-27 11:07:00,UTC,+00:00,14.62161,120.58367,2099
DEMO VESSEL 027,548000027,8500276,Philippines,Cargo,Encounter,2025-02-01 12:41:00,Asia/Manila,+08:00,14.38447,120.34156,21377
DEMO VESSEL 026,548000026,8500264,Philippines,Cargo,Port visit,2025-02-23 14:29:00,Asia/Manila,+08:00,14.65174,120.41072,27523
DEMO VESSEL 039,548000039,8500393,Philippines,Dredging,Encounter,2025-02-10 11:21:00,Asia/Manila,+08:00,0.0,0.0,23147
DEMO VESSEL 027,548000027,8500276,Philippines,Cargo,Port visit,2025-02-24 11:59:00,UTC,+00:00,14.49396,120.41139,2546
DEMO VESSEL 035,548000035,8500355,Philippines,Other,Encounter,2025-02-27 02:12:00,Asia/Manila,+08:00,14.80744,120.75444,32631
DEMO VESSEL 027,548000027,8500276,Philippines,Cargo,Loitering,02/02/2025 13:40,Asia/Manila,+08:00,0.0,0.0,14549
DEMO VESSEL 018,548000018,8500185,Philippines,Cargo,Encounter,25/02/2025 20:32,Asia/Manila,+08:00,14.83008,120.66678,1240
DEMO VESSEL 007,548000007,8500070,Philippines,Cargo,Port visit,24/02/2025 19:34,UTC,+00:00,14.32252,120.37932,39123
DEMO VESSEL 030,548000030,8500305,Philippines,Cargo,Loitering,18/02/2025 05:22,UTC,+00:00,14.25274,120.51596,21847
DEMO VESSEL 023,548000023,8500238,Belize,Cargo,Port visit,26/02/2025 15:20,UTC,+00:00,14.77523,120.46989,8026
DEMO VESSEL 002,548000002,8500020,Philippines,Cargo,Port visit,2025-02-01 22:08:00,Asia/Manila,+08:00,14.86711,120.6138,24670
DEMO VESSEL 036,548000036,8500367,Sierra Leone,Cargo,Port visit,06/02/2025 21:48,Asia/Manila,+08:00,14.89983,120.76745,26955
DEMO VESSEL 007,667000007,8500070,Sierra Leone,Cargo,Encounter,2025-02-27 13:00:00,Asia/Manila,+08:00,14.499,120.54897,26386
DEMO VESSEL 032,548000032,8500329,Philippines,Cargo,Fishing event,20/02/2025 10:38,Asia/Manila,+08:00,14.56534,120.71468,14578
DEMO VESSEL 022,548000022,8500226,Sierra Leone,Dredging,Fishing event,2025-02-16 09:10:00,UTC,+00:00,14.29172,120.8364,11298
DEMO VESSEL 007,548000007,8500070,Philippines,Cargo,Port visit,2025-02-08 17:35:00,Asia/Manila,+08:00,14.34329,120.83415,2494
DEMO VESSEL 031,548000031,8500317,Philippines,Cargo,Loitering,2025-02-04 19:34:00,Asia/Manila,+08:00,14.47631,120.5939,2934
DEMO VESSEL 022,548000022,8500226,Sierra Leone,Dredging,Loitering,02/02/2025 15:59,Asia/Manila,+08:00,14.63791,120.37357,7142
DEMO VESSEL 027,548000027,8500276,Philippines,Cargo,Encounter,2025-02-27 20:26:00,Asia/Manila,+08:00,14.62454,120.7676,32311
DEMO VESSEL 023,548000023,8500238,Belize,Cargo,Encounter,2025-02-20 07:00:00,Asia/Manila,+08:00,14.8896,120.35252,10790
DEMO VESSEL 026 ,548000026,8500264,Philippines,Cargo,Loitering,2025-02-22 17:24:00,UTC,+00:00,14.67782,120.36651,19530
DEMO VESSEL 029,548000029,8500290,Philippines,Other,Fishing event,2025-02-14 10:57:00,Asia/Manila,+08:00,14.82626,120.88616,35962
DEMO VESSEL 023,548000023,8500238,Belize,Cargo,Fishing event,07/02/2025 08:04,Asia/Manila,+08:00,14.78051,120.66455,862
DEMO VESSEL 032,548000032,8500329,Philippines,Cargo,Loitering,08/02/2025 23:58,Asia/Manila,+08:00,14.71534,120.53857,21416
DEMO VESSEL 029,548000029,8500290,Philippines,Other,Loitering,2025-02-12 20:50:00,Asia/Manila,+08:00,14.76125,120.34115,24821
DEMO VESSEL 008,548000008,8500082,Belize,Dredging,Loitering,2025-02-10 18:36:00,Asia/Manila,+08:00,14.75164,120.66329,2905
DEMO VESSEL 003,548000003,8500032,Philippines,Cargo,Port visit,2025-02-09 01:04:00,Asia/Manila,+08:00,14.72819,120.76942,12409
DEMO VESSEL 006,548000006,64,Philippines,Dredging,Loitering,2025-02-18 16:47:00,Asia/Manila,+08:00,14.7133,120.87729,32966
DEMO VESSEL 031,548000031,8500317,Philippines,Cargo,Fishing event,04/02/2025 00:43,Asia/Manila,+08:00,14.71027,120.59151,19047
DEMO VESSEL 003,548000003,8500032,Philippines,Cargo,Port visit,2025-02-11 00:38:00,UTC,+00:00,14.64841,120.43946,1690
DEMO VESSEL 007,667000007,8500070,Sierra Leone,Cargo,Encounter,2025-02-05 12:31:00,Asia/Manila,+08:00,14.36615,120.38277,33592
DEMO VESSEL 024,548000024,8500240,Philippines,Cargo,Loitering,26/02/2025 18:42,Asia/Manila,+08:00,14.45066,120.80943,2481
DEMO VESSEL 037,548000037,8500379,Belize,Cargo,Fishing event,04/02/2025 14:10,Asia/Manila,+08:00,14.67602,120.77186,17064
DEMO VESSEL 020,548000020,8500202,Philippines,Other,Loitering,2025-02-10 18:22:00,Asia/Manila,+08:00,14.80001,120.6909,14238
demo vessel 027,548000027,8500276,Philippines,Cargo,Port visit,11/02/2025 02:05,Asia/Manila,+08:00,14.47359,120.89674,34867
DEMO VESSEL 020,548000020,8500202,Philippines,Other,Encounter,2025-02-16 10:01:00,UTC,+00:00,14.49528,120.34811,38755
DEMO VESSEL 012,548000012,8500123,Philippines,Dredging,Fishing event,2025-02-14 17:24:00,Asia/Manila,+08:00,14.4707,120.31863,34142
DEMOVESSEL010,548000010,8500109,Belize,Other,Encounter,2025-02-25 04:28:00,UTC,+00:00,14.25884,120.78391,33311
DEMO VESSEL 029,548000029,8500290,Philippines,Other,Loitering,26/02/2025 22:23,Asia/Manila,+08:00,14.37226,120.44837,37611
DEMO VESSEL 030,548000030,8500305,Philippines,Cargo,Loitering,16/02/2025 15:28,Asia/Manila,+08:00,14.50015,120.88643,11963
DEMO VESSEL 020,548000020,8500202,Philippines,Other,Port visit,2025-02-12 02:38:00,UTC,+00:00,14.62713,120.89215,9541
DEMO VESSEL 010,548000010,8500109,Belize,Other,Loitering,23/02/2025 19:33,Asia/Manila,+08:00,14.24293,120.70423,20791
demo vessel 037,548000037,8500379,Belize,Cargo,Port visit,2025-02-06 10:46:00,UTC,+00:00,14.27898,120.67823,22807
DEMO VESSEL 035,548000035,8500355,Philippines,Other,Fishing event,2025-02-10 19:22:00,UTC,+00:00,14.72779,120.50035,11630
DEMO VESSEL 011,548000011,8500111,Philippines,Other,Fishing event,2025-02-02 18:59:00,Asia/Manila,+08:00,14.52829,120.78915,11874
DEMO VESSEL 015,548000015,8500159,Philippines,Cargo,Fishing event,19/02/2025 07:17,Asia/Manila,+08:00,14.40331,120.37541,9129
DEMO VESSEL 002,548000002,8500020,Philippines,Cargo,Encounter,2025-02-13 21:38:00,Asia/Manila,+08:00,14.46926,120.8877,26374
DEMO VESSEL 012,548000012,8500123,Philippines,Dredging,Loitering,11/02/2025 16:35,Asia/Manila,+08:00,14.71026,120.33885,2758
DEMO VESSEL 034,548000034,8500343,Belize,Cargo,Loitering,2025-02-10 19:46:00,Asia/Manila,+08:00,14.23112,120.76226,37802
DEMO VESSEL 040,548000040,8500408,Philippines,Other,Encounter,18/02/2025 02:59,Asia/Manila,+08:00,14.40984,120.31648,14187
DEMO VESSEL 040,548000040,8500408,Philippines,Other,Loitering,01/02/2025 08:13,Asia/Manila,+08:00,14.65028,120.61959,1651
DEMO VESSEL 038,548000038,8500381,Philippines,Dredging,Encounter,2025-02-24 14:41:00,Asia/Manila,+08:00,14.54174,120.63637,22165
demo vessel 027,548000027,8500276,Philippines,Cargo,Port visit,2025-02-19 21:15:00,Asia/Manila,+08:00,14.31629,120.66921,15031
DEMO VESSEL 015,548000015,8500159,Philippines,Cargo,Fishing event,2025-02-09 00:12:00,Asia/Manila,+08:00,14.78755,120.50395,3460
DEMO VESSEL 027 ,548000027,8500276,Philippines,Cargo,Port visit,25/02/2025 02:14,Asia/Manila,+08:00,14.77418,120.38693,7160
DEMO VESSEL 008,548000008,8500082,Belize,Dredging,Port visit,2025-02-11 11:16:00,Asia/Manila,+08:00,14.85722,120.32737,15182
DEMO VESSEL 027,548000027,8500276,Philippines,Cargo,Encounter,2025-02-23 03:34:00,UTC,+00:00,14.61152,120.44564,17369
DEMO VESSEL 010,548000010,8500109,Belize,Other,Encounter,2025-02-18 11:45:00,Asia/Manila,+08:00,14.89629,120.61092,26673
AISTESTSHIP,100900301,,,,Loitering,2025-02-12 10:54:00,Asia/Manila,+08:00,14.25433,120.61258,25167
DEMO VESSEL 035,548000035,8500355,Philippines,Other,Port visit,2025-02-27 01:48:00,Asia/Manila,+08:00,14.78759,120.34764,23508
DEMO VESSEL 018,548000018,8500185,Philippines,Cargo,Fishing event,2025-02-04 23:32:00,UTC,+00:00,14.61049,120.31185,4345
DEMO VESSEL 033,548000033,8500331,Philippines,Cargo,Fishing event,2025-02-10 04:23:00,Asia/Manila,+08:00,14.49396,120.84643,36738
DEMO VESSEL 006,548000006,64,Philippines,Dredging,Port visit,27/02/2025 13:56,Asia/Manila,+08:00,14.5808,120.61174,15162
DEMO VESSEL 005,548000005,1234568,Sierra Leone,Dredging,Loitering,2025-02-06 14:20:00,Asia/Manila,+08:00,14.47866,120.37683,39690
DEMO VESSEL 037 ,548000037,8500379,Belize,Cargo,Fishing event,2025-02-16 15:41:00,Asia/Manila,+08:00,14.39633,120.37357,30473
DEMO VESSEL 030,548000030,8500305,Philippines,Cargo,Loitering,2025-02-19 13:22:00,Asia/Manila,+08:00,14.65725,120.81134,27881
DEMO VESSEL 013,548000013,8500135,Philippines,Other,Loitering,26/02/2025 09:13,Asia/Manila,+08:00,14.55266,120.41624,31700
DEMO VESSEL 036,548000036,8500367,Sierra Leone,Cargo,Port visit,2025-02-14 22:13:00,Asia/Manila,+08:00,14.24114,120.55867,39537
DEMO VESSEL 039,548000039,8500393,Philippines,Dredging,Loitering,2025-02-18 03:50:00,UTC,+00:00,14.59507,120.50607,2370
DEMO VESSEL 011,548000011,8500111,Philippines,Other,Loitering,21/02/2025 10:44,UTC,+00:00,14.83866,120.81378,35755
DEMO VESSEL 038,548000038,8500381,Philippines,Dredging,Encounter,2025-02-19 10:56:00,UTC,+00:00,14.7343,120.82796,650
DEMO VESSEL 003,548000003,8500032,Philippines,Cargo,Loitering,2025-02-19 16:30:00,UTC,+00:00,14.75696,120.69092,35686
ais test ship,100900301,,,,Loitering,2025-02-05 13:47:00,Asia/Manila,+08:00,14.66793,120.57612,19864
DEMO VESSEL 038,548000038,8500381,Philippines,Dredging,Fishing event,2025-02-25 18:30:00,UTC,+00:00,14.79626,120.61547,11347
DEMO VESSEL 013,548000013,8500135,Philippines,Other,Fishing event,2025-02-12 00:46:00,UTC,+00:00,14.76756,120.72391,9550
DEMO VESSEL 025,548000025,8500252,Philippines,Dredging,Encounter,2025-02-11 21:02:00,Asia/Manila,+08:00,14.28363,120.80923,26849
DEMO VESSEL 029,548000029,8500290,Philippines,Other,Fishing event,2025-02-14 10:32:00,Asia/Manila,+08:00,14.85732,120.84358,9398
DEMO VESSEL 003,548000003,8500032,Philippines,Cargo,Loitering,2025-02-24 01:59:00,Asia/Manila,+08:00,14.22035,120.60894,39143
DEMO VESSEL 012,548000012,8500123,Philippines,Dredging,Encounter,2025-02-07 23:07:00,Asia/Manila,+08:00,14.4896,120.49763,10091
DEMO VESSEL 020,548000020,8500202,Philippines,Other,Loitering,10/02/2025 09:47,Asia/Manila,+08:00,14.43506,120.70554,19209
DEMO VESSEL 022,548000022,8500226,Sierra Leone,Dredging,Encounter,2025-02-03 23:52:00,Asia/Manila,+08:00,14.30524,120.57237,25388
DEMO VESSEL 035,548000035,8500355,Philippines,Other,Port visit,01/02/2025 16:13,UTC,+00:00,14.86441,120.61987,32778
DEMO VESSEL 025,548000025,8500252,Philippines,Dredging,Port visit,01/02/2025 18:17,Asia/Manila,+08:00,14.67542,120.37911,4943
DEMO VESSEL 010,548000010,8500109,Belize,Other,Port visit,2025-02-15 23:02:00,UTC,+00:00,14.7534,120.46183,34968
DEMO VESSEL 006,548000006,64,Philippines,Dredging,Fishing event,24/02/2025 06:12,Asia/Manila,+08:00,14.67194,120.83199,15360
DEMO VESSEL 018,548000018,8500185,Philippines,Cargo,Port visit,05/02/2025 15:52,Asia/Manila,+08:00,14.29967,120.87373,15731
DEMO VESSEL 030,548000030,8500305,Philippines,Cargo,Port visit,2025-02-24 03:10:00,Asia/Manila,+08:00,14.80308,120.73889,38784
DEMO VESSEL 017,548000017,8500173,Philippines,Other,Encounter,15/02/2025 10:57,Asia/Manila,+08:00,14.30476,120.88839,9786
DEMO VESSEL 009,548000009,8500094,Belize,Cargo,Fishing event,15/02/2025 00:21,Asia/Manila,+08:00,14.82829,120.34615,19087
DEMO VESSEL 032,548000032,8500329,Philippines,Cargo,Encounter,2025-02-25 23:35:00,Asia/Manila,+08:00,14.55724,120.77951,12968
DEMO VESSEL 023,548000023,8500238,Belize,Cargo,Encounter,2025-02-02 22:52:00,Asia/Manila,+08:00,14.4784,120.36595,29373
DEMO VESSEL 007,548000007,8500070,Philippines,Cargo,Port visit,2025-02-07 12:39:00,Asia/Manila,+08:00,14.30792,120.76534,38023
DEMO VESSEL 039,548000039,8500393,Philippines,Dredging,Port visit,2025-02-22 13:35:00,Asia/Manila,+08:00,14.50837,120.52111,2747
DEMO VESSEL 037,548000037,8500379,Belize,Cargo,Port visit,23/02/2025 22:34,UTC,+00:00,14.54432,120.8983,1852
DEMO VESSEL 007,667000007,8500070,Sierra Leone,Cargo,Loitering,15/02/2025 18:36,Asia/Manila,+08:00,14.40682,120.55421,26829
DEMO VESSEL 039,548000039,8500393,Philippines,Dredging,Fishing event,2025-02-27 17:41:00,Asia/Manila,+08:00,14.66463,120.37449,11418
DEMO VESSEL 037,548000037,8500379,Belize,Cargo,Fishing event,2025-02-24 04:03:00,Asia/Manila,+08:00,14.60984,120.51031,30468
DEMO VESSEL 035,548000035,8500355,Philippines,Other,Encounter,2025-02-09 10:18:00,UTC,+00:00,14.49804,120.61695,9950
DEMOVESSEL016,548000016,8500161,Philippines,Dredging,Encounter,2025-02-24 03:33:00,Asia/Manila,+08:00,14.58991,120.71792,11385
DEMO VESSEL 022 ,548000022,8500226,Sierra Leone,Dredging,Loitering,24/02/2025 01:41,Asia/Manila,+08:00,14.47657,120.76252,30111
DEMO VESSEL 002,548000002,8500020,Philippines,Cargo,Loitering,2025-02-18 09:46:00,Asia/Manila,+08:00,14.77086,120.43578,37977
DEMO VESSEL 028,548000028,8500288,Philippines,Other,Port visit,2025-02-03 02:49:00,Asia/Manila,+08:00,14.71248,120.82277,4706
demo vessel 021,548000021,8500214,Belize,Dredging,Fishing event,2025-02-21 11:29:00,Asia/Manila,+08:00,14.6105,120.45403,14679
DEMO VESSEL 037,548000037,8500379,Belize,Cargo,Loitering,02/02/2025 21:26,Asia/Manila,+08:00,14.89424,120.37125,32786
DEMO VESSEL 020,548000020,8500202,Philippines,Other,Loitering,2025-02-13 06:38:00,Asia/Manila,+08:00,14.52816,120.76036,11582
DEMO VESSEL 039,548000039,8500393,Philippines,Dredging,Encounter,2025-02-23 15:15:00,Asia/Manila,+08:00,14.26015,120.54237,31261
DEMO VESSEL 037,548000037,8500379,Belize,Cargo,Loitering,03/02/2025 00:28,Asia/Manila,+08:00,14.3797,120.61543,31638
DEMO VESSEL 022,548000022,8500226,Sierra Leone,Dredging,Port visit,2025-02-03 00:01:00,Asia/Manila,+08:00,14.69204,120.62426,27079
DEMO VESSEL 032,548000032,8500329,Philippines,Cargo,Fishing event,2025-02-12 04:12:00,Asia/Manila,+08:00,14.56822,120.82567,37408
DEMO VESSEL 003,548000003,8500032,Philippines,Cargo,Encounter,22/02/2025 10:21,UTC,+00:00,14.6312,120.31747,31698
DEMO VESSEL 001,548000001,8500018,Philippines,Dredging,Encounter,2025-02-14 03:15:00,UTC,+00:00,14.56677,120.53746,11318
DEMO VESSEL 003,548000003,8500032,Philippines,Cargo,Encounter,2025-02-05 22:27:00,UTC,+00:00,14.24354,120.83311,34788
DEMO VESSEL 031,548000031,8500317,Philippines,Cargo,Encounter,2025-02-18 07:00:00,UTC,+00:00,14.62871,120.31212,25008
DEMO VESSEL 002,548000002,8500020,Philippines,Cargo,Fishing event,11/02/2025 19:39,UTC,+00:00,14.50193,120.69218,6936
DEMO VESSEL 037,548000037,8500379,Belize,Cargo,Encounter,2025-02-22 11:19:00,Asia/Manila,+08:00,14.87184,120.53895,6948
DEMO VESSEL 014,548000014,8500147,Philippines,Cargo,Port visit,2025-02-02 22:44:00,Asia/Manila,+08:00,14.36441,120.52521,34651
DEMO VESSEL 027,548000027,8500276,Philippines,Cargo,Port visit,2025-02-07 15:09:00,Asia/Manila,+08:00,14.31723,120.34661,27518
DEMO VESSEL 010,548000010,8500109,Belize,Other,Fishing event,2025-02-11 20:16:00,UTC,+00:00,14.3601,120.47264,17497
DEMO VESSEL 013,548000013,8500135,Philippines,Other,Port visit,2025-02-07 16:30:00,UTC,+00:00,14.29015,120.42785,30215
DEMO VESSEL 021,548000021,8500214,Belize,Dredging,Fishing event,2025-02-21 14:21:00,UTC,+00:00,14.80391,120.6712,3400
DEMO VESSEL 033,548000033,8500331,Philippines,Cargo,Port visit,2025-02-05 12:26:00,Asia/Manila,+08:00,14.61305,120.60349,34671
DEMO VESSEL 016,548000016,8500161,Philippines,Dredging,Encounter,2025-02-07 16:24:00,Asia/Manila,+08:00,14.68472,120.55581,5871
demo vessel 007,548000007,8500070,Philippines,Cargo,Loitering,05/02/2025 18:01,Asia/Manila,+08:00,14.69301,120.57807,6962
DEMO VESSEL 034,548000034,8500343,Belize,Cargo,Loitering,2025-02-18 06:27:00,Asia/Manila,+08:00,14.5632,120.70492,14376
DEMO VESSEL 010,548000010,8500109,Belize,Other,Port visit,03/02/2025 19:44,UTC,+00:00,14.89553,120.35206,29648
DEMO VESSEL 026,548000026,8500264,Philippines,Cargo,Fishing event,2025-02-01 01:53:00,Asia/Manila,+08:00,14.54102,120.77072,28756
DEMO VESSEL 008,548000008,8500082,Belize,Dredging,Fishing event,2025-02-06 11:19:00,Asia/Manila,+08:00,14.39528,120.78129,26609
demo vessel 014,548000014,8500147,Philippines,Cargo,Fishing event,25/02/2025 09:24,Asia/Manila,+08:00,14.62588,120.58011,38304
DEMO VESSEL 012,548000012,8500123,Philippines,Dredging,Loitering,14/02/2025 21:25,Asia/Manila,+08:00,14.60618,120.32003,26273
DEMO VESSEL 005,548000005,1234568,Sierra Leone,Dredging,Fishing event,09/02/2025 14:17,Asia/Manila,+08:00,14.51733,120.39774,3735
DEMO VESSEL 017,548000017,8500173,Philippines,Other,Loitering,16/02/2025 11:02,UTC,+00:00,14.28399,120.88987,31309
DEMO VESSEL 028,548000028,8500288,Philippines,Other,Loitering,2025-02-14 09:28:00,Asia/Manila,+08:00,14.82814,120.45812,22475
DEMO VESSEL 021,548000021,8500214,Belize,Dredging,Fishing event,14/02/2025 11:15,UTC,+00:00,14.86561,120.74423,30281
DEMO VESSEL 009 ,548000009,8500094,Belize,Cargo,Fishing event,27/02/2025 04:37,Asia/Manila,+08:00,14.44564,120.35569,20509
DEMO VESSEL 001,548000001,8500018,Philippines,Dredging,Fishing event,2025-02-13 11:50:00,Asia/Manila,+08:00,14.45592,120.38656,3269
DEMO VESSEL 038,548000038,8500381,Philippines,Dredging,Port visit,2025-02-22 20:28:00,Asia/Manila,+08:00,14.32239,120.32069,38920
DEMO VESSEL 005,548000005,1234568,Sierra Leone,Dredging,Loitering,2025-02-05 23:09:00,UTC,+00:00,14.39229,120.88311,2963
DEMO VESSEL 001,548000001,8500018,Philippines,Dredging,Loitering,26/02/2025 11:27,UTC,+00:00,14.82625,120.53199,24374
DEMO VESSEL 005,548000005,1234568,Sierra Leone,Dredging,Loitering,2025-02-01 06:36:00,UTC,+00:00,14.67857,120.56619,33082
DEMO VESSEL 002,548000002,8500020,Philippines,Cargo,Encounter,2025-02-27 18:42:00,UTC,+00:00,14.26306,120.60702,15449
DEMO VESSEL 001,548000001,8500018,Philippines,Dredging,Encounter,2025-02-03 02:05:00,UTC,+00:00,14.71716,120.78706,8310
DEMO VESSEL 035,548000035,8500355,Philippines,Other,Port visit,21/02/2025 17:23,Asia/Manila,+08:00,14.75276,120.62155,21292
DEMO VESSEL 035,548000035,8500355,Philippines,Other,Loitering,26/02/2025 07:15,UTC,+00:00,14.51437,120.3944,9333
DEMO VESSEL 035,548000035,8500355,Philippines,Other,Loitering,2025-02-22 06:26:00,Asia/Manila,+08:00,14.65983,120.83693,25175
DEMO VESSEL 007,667000007,8500070,Sierra Leone,Cargo,Loitering,2025-02-23 01:40:00,UTC,+00:00,14.89095,120.50498,5186
DEMO VESSEL 033,548000033,8500331,Philippines,Cargo,Loitering,2025-02-23 18:53:00,Asia/Manila,+08:00,14.72371,120.82512,32825
DEMO VESSEL 006,548000006,64,Philippines,Dredging,Encounter,2025-02-18 22:25:00,Asia/Manila,+08:00,14.86614,120.59378,1324
DEMO VESSEL 021,548000021,8500214,Belize,Dredging,Port visit,2025-02-05 01:59:00,UTC,+00:00,14.56562,120.69428,24366
DEMO VESSEL 029,548000029,8500290,Philippines,Other,Fishing event,2025-02-23 16:17:00,Asia/Manila,+08:00,14.69229,120.3862,9068
DEMOVESSEL006,548000006,64,Philippines,Dredging,Fishing event,2025-02-09 03:35:00,Asia/Manila,+08:00,14.26712,120.74581,945
DEMO VESSEL 005,548000005,1234568,Sierra Leone,Dredging,Port visit,2025-02-10 18:47:00,Asia/Manila,+08:00,14.71748,120.62058,23353
DEMOVESSEL001,548000001,8500018,Philippines,Dredging,Encounter,2025-02-27 15:38:00,Asia/Manila,+08:00,14.60253,120.73113,16065
DEMO VESSEL 005,548000005,1234568,Sierra Leone,Dredging,Loitering,08/02/2025 05:20,UTC,+00:00,14.61506,120.87123,32218
DEMO VESSEL 040,548000040,8500408,Philippines,Other,Loitering,2025-02-01 14:54:00,Asia/Manila,+08:00,14.69087,120.67987,6099
DEMO VESSEL 001,548000001,8500018,Philippines,Dredging,Port visit,2025-02-10 03:32:00,Asia/Manila,+08:00,14.81347,120.67082,11148
DEMO VESSEL 040 ,548000040,8500408,Philippines,Other,Loitering,2025-02-24 03:57:00,Asia/Manila,+08:00,14.23541,120.68662,6123
DEMO VESSEL 038,548000038,8500381,Philippines,Dredging,Port visit,2025-02-15 18:35:00,Asia/Manila,+08:00,14.33179,120.42422,33687
DEMO VESSEL 025,548000025,8500252,Philippines,Dredging,Fishing event,2025-02-05 23:58:00,Asia/Manila,+08:00,14.81154,120.53679,35385
DEMOVESSEL023,548000023,8500238,Belize,Cargo,Port visit,2025-02-23 09:40:00,UTC,+00:00,14.33321,120.59605,19853
DEMO VESSEL 001,548000001,8500018,Philippines,Dredging,Port visit,2025-02-10 02:48:00,Asia/Manila,+08:00,14.83371,120.38841,29865
DEMO VESSEL 017,548000017,8500173,Philippines,Other,Loitering,2025-02-19 22:36:00,UTC,+00:00,14.4209,120.70712,11821
DEMO VESSEL 026,548000026,8500264,Philippines,Cargo,Fishing event,2025-02-20 20:23:00,Asia/Manila,+08:00,14.58925,120.35765,36868
DEMO VESSEL 011,548000011,8500111,Philippines,Other,Encounter,2025-02-03 13:19:00,Asia/Manila,+08:00,14.44577,120.66457,16614
DEMO VESSEL 037,548000037,8500379,Belize,Cargo,Fishing event,02/02/2025 14:11,UTC,+00:00,14.77833,120.39044,26446
DEMO VESSEL 024,548000024,8500240,Philippines,Cargo,Port visit,2025-02-19 23:46:00,Asia/Manila,+08:00,14.86619,120.37299,26466
DEMO VESSEL 027,548000027,8500276,Philippines,Cargo,Loitering,2025-02-06 06:21:00,UTC,+00:00,14.87016,120.41818,2697
DEMO VESSEL 001,548000001,8500018,Philippines,Dredging,Encounter,2025-02-14 03:15:00,UTC,+00:00,14.56677,120.53746,11318
DEMO VESSEL 017,548000017,8500173,Philippines,Other,Fishing event,2025-02-07 07:59:00,UTC,+00:00,14.82164,120.39682,36886
DEMO VESSEL 026,548000026,8500264,Philippines,Cargo,Port visit,2025-02-03 00:08:00,Asia/Manila,+08:00,14.34531,120.81622,9893
DEMO VESSEL 007,548000007,8500070,Philippines,Cargo,Port visit,2025-02-19 23:15:00,Asia/Manila,+08:00,14.891,120.68406,26998
DEMO VESSEL 009,548000009,8500094,Belize,Cargo,Loitering,2025-02-19 02:48:00,Asia/Manila,+08:00,14.63664,120.30797,16241
DEMO VESSEL 026,548000026,8500264,Philippines,Cargo,Loitering,2025-02-04 10:48:00,UTC,+00:00,14.86129,120.76323,7963
DEMO VESSEL 009,548000009,8500094,Belize,Cargo,Loitering,2025-02-14 12:22:00,Asia/Manila,+08:00,14.30773,120.83506,19705
DEMO VESSEL 010,548000010,8500109,Belize,Other,Fishing event,2025-02-16 21:57:00,Asia/Manila,+08:00,14.45024,120.75348,27686
DEMO VESSEL 016,548000016,8500161,Philippines,Dredging,Fishing event,2025-02-26 05:54:00,UTC,+00:00,14.5545,120.58808,3708
DEMO VESSEL 026,548000026,8500264,Philippines,Cargo,Fishing event,2025-02-11 11:30:00,Asia/Manila,+08:00,14.37362,120.85406,16523
DEMO VESSEL 022,548000022,8500226,Sierra Leone,Dredging,Loitering,2025-02-10 23:03:00,Asia/Manila,+08:00,14.48983,120.6635,6016
DEMO VESSEL 030,548000030,8500305,Philippines,Cargo,Port visit,2025-02-13 20:06:00,Asia/Manila,+08:00,14.63812,120.82985,4627
DEMO VESSEL 030,548000030,8500305,Philippines,Cargo,Loitering,2025-02-04 05:13:00,UTC,+00:00,14.48458,120.40863,37876
DEMO VESSEL 036,548000036,8500367,Sierra Leone,Cargo,Encounter,2025-02-13 14:15:00,Asia/Manila,+08:00,14.48769,120.52034,16980
DEMO VESSEL 017,548000017,8500173,Philippines,Other,Encounter,2025-02-24 16:55:00,UTC,+00:00,14.44328,120.63503,20206
DEMO VESSEL 002,548000002,8500020,Philippines,Cargo,Fishing event,2025-02-12 21:57:00,Asia/Manila,+08:00,14.63792,120.73559,6537
DEMO VESSEL 033,548000033,8500331,Philippines,Cargo,Loitering,01/02/2025 15:54,Asia/Manila,+08:00,14.81933,120.51533,11135
DEMO VESSEL 027,548000027,8500276,Philippines,Cargo,Encounter,2025-02-15 15:52:00,Asia/Manila,+08:00,14.83517,120.64038,37410
DEMO VESSEL 025,548000025,8500252,Philippines,Dredging,Encounter,2025-02-10 07:40:00,UTC,+00:00,14.44232,120.57095,25643
DEMO VESSEL 029,548000029,8500290,Philippines,Other,Encounter,2025-02-07 10:10:00,Asia/Manila,+08:00,14.87765,120.55681,20921
DEMOVESSEL020,548000020,8500202,Philippines,Other,Port visit,2025-02-16 12:46:00,UTC,+00:00,14.80387,120.88834,29041
DEMO VESSEL 018,548000018,8500185,Philippines,Cargo,Fishing event,24/02/2025 15:13,UTC,+00:00,14.79132,120.44073,19421
AIS TEST SHIP,100900301,,,,Loitering,2025-02-06 01:50:00,Asia/Manila,+08:00,14.23305,120.7393,9012
DEMO VESSEL 007,548000007,8500070,Philippines,Cargo,Encounter,2025-02-19 14:57:00,UTC,+00:00,14.61629,120.3759,30089
demo vessel 007,548000007,8500070,Philippines,Cargo,Port visit,2025-02-05 09:21:00,Asia/Manila,+08:00,14.31636,120.79734,26146
DEMO VESSEL 020,548000020,8500202,Philippines,Other,Port visit,2025-02-01 10:22:00,UTC,+00:00,14.66411,120.85935,30508
DEMO VESSEL 037,548000037,8500379,Belize,Cargo,Loitering,2025-02-09 13:33:00,UTC,+00:00,14.35186,120.42199,25213
DEMO VESSEL 016,548000016,8500161,Philippines,Dredging,Encounter,2025-02-23 23:34:00,Asia/Manila,+08:00,14.51414,120.58395,24062
DEMO VESSEL 037,548000037,8500379,Belize,Cargo,Encounter,2025-02-08 20:15:00,Asia/Manila,+08:00,14.76237,120.58054,11513
DEMO VESSEL 003,548000003,8500032,Philippines,Cargo,Fishing event,18/02/2025 01:03,Asia/Manila,+08:00,14.52965,120.51258,651
DEMO VESSEL 036,548000036,8500367,Sierra Leone,Cargo,Loitering,2025-02-21 16:51:00,Asia/Manila,+08:00,14.56639,120.51381,28401
DEMO VESSEL 001,548000001,8500018,Philippines,Dredging,Port visit,2025-02-07 18:56:00,Asia/Manila,+08:00,14.54946,120.83081,16462
DEMO VESSEL 016,548000016,8500161,Philippines,Dredging,Fishing event,2025-02-19 10:21:00,Asia/Manila,+08:00,14.37143,120.42334,15397
DEMO VESSEL 001,548000001,8500018,Philippines,Dredging,Encounter,17/02/2025 01:14,Asia/Manila,+08:00,14.6846,120.64007,35888
DEMO VESSEL 015,548000015,8500159,Philippines,Cargo,Fishing event,2025-02-22 23:27:00,Asia/Manila,+08:00,14.55441,120.40862,8080
DEMO VESSEL 034,548000034,8500343,Belize,Cargo,Loitering,2025-02-01 19:38:00,Asia/Manila,+08:00,14.87161,120.37953,37805
demo vessel 029,548000029,8500290,Philippines,Other,Port visit,2025-01-08 08:01:00,Asia/Manila,+08:00,14.56462,120.43485,30146
AIS TEST SHIP,100900301,,,,Encounter,09/02/2025 20:15,UTC,+00:00,14.85747,120.89543,9927
AIS TEST SHIP,100900301,,,,Encounter,2025-02-01 12:06:00,Asia/Manila,+08:00,14.59357,120.89606,7912
DEMO VESSEL 013,548000013,8500135,Philippines,Other,Loitering,2025-02-04 05:35:00,Asia/Manila,+08:00,14.79815,120.65354,15422
DEMO VESSEL 035,548000035,8500355,Philippines,Other,Encounter,2025-02-04 03:49:00,Asia/Manila,+08:00,14.61371,120.79393,7848
DEMO VESSEL 033,548000033,8500331,Philippines,Cargo,Loitering,18/02/2025 10:24,Asia/Manila,+08:00,14.21047,120.63756,5829
DEMO VESSEL 007,667000007,8500070,Sierra Leone,Cargo,Fishing event,2025-01-21 11:59:00,Asia/Manila,+08:00,14.60523,120.68053,7293
DEMO VESSEL 033,548000033,8500331,Philippines,Cargo,Port visit,2025-02-15 14:11:00,Asia/Manila,+08:00,14.80124,120.58949,31361
DEMO VESSEL 029,548000029,8500290,Philippines,Other,Encounter,2025-02-26 17:43:00,Asia/Manila,+08:00,14.6798,120.75021,28047
DEMO VESSEL 017,548000017,8500173,Philippines,Other,Port visit,2025-02-25 08:24:00,UTC,+00:00,14.69316,120.78958,32473
DEMO VESSEL 007 ,548000007,8500070,Philippines,Cargo,Port visit,19/02/2025 11:00,Asia/Manila,+08:00,14.82014,120.36552,28310
DEMO VESSEL 006,548000006,64,Philippines,Dredging,Port visit,2025-02-08 13:09:00,Asia/Manila,+08:00,14.89347,120.52174,38102
DEMO VESSEL 040,548000040,8500408,Philippines,Other,Loitering,2025-02-27 14:52:00,Asia/Manila,+08:00,14.24214,120.5242,8522
DEMO VESSEL 015,548000015,8500159,Philippines,Cargo,Encounter,2025-02-19 06:30:00,Asia/Manila,+08:00,14.35252,120.80107,16761
DEMO VESSEL 020,548000020,8500202,Philippines,Other,Port visit,19/02/2025 22:35,Asia/Manila,+08:00,14.25282,120.87606,1685
DEMO VESSEL 001,548000001,8500018,Philippines,Dredging,Encounter,05/02/2025 02:28,Asia/Manila,+08:00,14.51158,120.35267,23068
DEMO VESSEL 015,548000015,8500159,Philippines,Cargo,Encounter,2025-02-05 14:36:00,UTC,+00:00,14.50098,120.74477,11994
DEMO VESSEL 038,548000038,8500381,Philippines,Dredging,Port visit,2025-02-20 07:17:00,Asia/Manila,+08:00,14.57251,120.37565,12341
DEMO VESSEL 018,548000018,8500185,Philippines,Cargo,Fishing event,05/02/2025 00:13,Asia/Manila,+08:00,14.63063,120.41518,7171
DEMO VESSEL 013,548000013,8500135,Philippines,Other,Fishing event,2025-02-22 10:00:00,Asia/Manila,+08:00,14.39721,120.74367,33750
DEMO VESSEL 013,548000013,8500135,Philippines,Other,Encounter,2025-02-17 13:49:00,Asia/Manila,+08:00,14.37322,120.78844,6650
demo vessel 018,548000018,8500185,Philippines,Cargo,Port visit,2025-02-18 23:41:00,UTC,+00:00,14.68386,120.66401,33817
DEMO VESSEL 003,548000003,8500032,Philippines,Cargo,Loitering,20/02/2025 04:24,Asia/Manila,+08:00,14.68696,120.452,18413
DEMO VESSEL 039,548000039,8500393,Philippines,Dredging,Fishing event,2025-02-09 03:00:00,Asia/Manila,+08:00,14.44157,120.61813,39898
DEMO VESSEL 037,548000037,8500379,Belize,Cargo,Port visit,2025-02-17 10:07:00,Asia/Manila,+08:00,14.87498,120.53202,13848
DEMO VESSEL 026,548000026,8500264,Philippines,Cargo,Loitering,17/02/2025 17:31,Asia/Manila,+08:00,14.55342,120.35305,9409
DEMO VESSEL 023,548000023,8500238,Belize,Cargo,Loitering,18/02/2025 13:04,Asia/Manila,+08:00,14.37074,120.79687,18040
DEMO VESSEL 005,548000005,1234568,Sierra Leone,Dredging,Encounter,2025-02-03 04:09:00,Asia/Manila,+08:00,14.85809,120.44101,5618
DEMO VESSEL 040,548000040,8500408,Philippines,Other,Encounter,2025-02-18 21:04:00,Asia/Manila,+08:00,14.66538,120.46365,25842
DEMO VESSEL 002,548000002,8500020,Philippines,Cargo,Port visit,2025-02-22 04:20:00,Asia/Manila,+08:00,14.28186,120.52398,37970
DEMO VESSEL 018,548000018,8500185,Philippines,Cargo,Fishing event,2025-02-26 05:07:00,UTC,+00:00,14.7146,120.79236,1593
DEMO VESSEL 027,548000027,8500276,Philippines,Cargo,Encounter,2025-02-21 12:22:00,Asia/Manila,+08:00,14.7894,120.42689,19630
DEMO VESSEL 004,548000004,,Philippines,Dredging,Loitering,2025-02-08 06:06:00,UTC,+00:00,14.55406,120.53443,12361
DEMO VESSEL 006,548000006,64,Philippines,Dredging,Fishing event,2025-02-01 05:05:00,Asia/Manila,+08:00,14.51227,120.89791,12457
DEMO VESSEL 021,548000021,8500214,Belize,Dredging,Port visit,2025-02-10 16:29:00,Asia/Manila,+08:00,14.68814,120.66538,14900
DEMO VESSEL 039,548000039,8500393,Philippines,Dredging,Encounter,2025-02-05 07:21:00,Asia/Manila,+08:00,14.43703,120.49763,39819
DEMO VESSEL 007,548000007,8500070,Philippines,Cargo,Loitering,2025-02-19 19:39:00,Asia/Manila,+08:00,14.32474,120.491,6986
DEMO VESSEL 029,548000029,8500290,Philippines,Other,Loitering,12/02/2025 05:43,Asia/Manila,+08:00,14.25571,120.7864,37268
DEMO VESSEL 028,548000028,8500288,Philippines,Other,Port visit,2025-02-12 15:46:00,Asia/Manila,+08:00,14.54713,120.41104,21621
DEMO VESSEL 037,548000037,8500379,Belize,Cargo,Loitering,2025-02-27 15:29:00,Asia/Manila,+08:00,14.47494,120.41181,12867
DEMO VESSEL 003,548000003,8500032,Philippines,Cargo,Fishing event,2025-02-27 12:38:00,Asia/Manila,+08:00,14.83721,120.82754,19168
DEMO VESSEL 007,667000007,8500070,Sierra Leone,Cargo,Loitering,2025-02-02 16:23:00,Asia/Manila,+08:00,14.38136,120.83066,18155
DEMO VESSEL 007,667000007,8500070,Sierra Leone,Cargo,Fishing event,2025-02-18 02:14:00,Asia/Manila,+08:00,14.20805,120.84634,11522
demo vessel 020,548000020,8500202,Philippines,Other,Encounter,22/02/2025 12:37,Asia/Manila,+08:00,14.87309,120.78535,7814
AIS TEST SHIP,100900301,,,,Encounter,2025-02-07 05:38:00,Asia/Manila,+08:00,14.48291,120.53994,16307
DEMO VESSEL 028,548000028,8500288,Philippines,Other,Fishing event,2025-02-01 01:59:00,UTC,+00:00,14.24333,120.86396,27885
DEMO VESSEL 018,548000018,8500185,Philippines,Cargo,Port visit,2025-02-09 04:43:00,Asia/Manila,+08:00,14.53059,120.56974,38231
DEMO VESSEL 014,548000014,8500147,Philippines,Cargo,Loitering,13/02/2025 03:42,UTC,+00:00,14.70068,120.71281,16745
DEMO VESSEL 036,548000036,8500367,Sierra Leone,Cargo,Encounter,2025-02-12 07:23:00,UTC,+00:00,14.36112,120.71777,39889
DEMO VESSEL 027,548000027,8500276,Philippines,Cargo,Loitering,19/02/2025 14:37,UTC,+00:00,14.61579,120.61457,6498
DEMO VESSEL 007,548000007,8500070,Philippines,Cargo,Fishing event,08/02/2025 06:30,UTC,+00:00,14.43921,120.88861,26554
DEMO VESSEL 029,548000029,8500290,Philippines,Other,Encounter,2025-02-26 08:32:00,Asia/Manila,+08:00,14.72889,120.7771,33350
DEMO VESSEL 011,548000011,8500111,Philippines,Other,Fishing event,2025-02-14 12:16:00,UTC,+00:00,14.68004,120.47244,6843
DEMO VESSEL 040,548000040,8500408,Philippines,Other,Port visit,2025-02-08 18:12:00,UTC,+00:00,14.23909,120.76329,23258
DEMO VESSEL 015,548000015,8500159,Philippines,Cargo,Loitering,2025-02-11 16:19:00,UTC,+00:00,14.53774,120.50128,33878
DEMO VESSEL 039,548000039,8500393,Philippines,Dredging,Encounter,2025-02-23 23:42:00,Asia/Manila,+08:00,14.35444,120.49039,7788
DEMO VESSEL 016,548000016,8500161,Philippines,Dredging,Encounter,2025-02-19 02:08:00,Asia/Manila,+08:00,14.68193,120.57383,28991
DEMO VESSEL 008,548000008,8500082,Belize,Dredging,Fishing event,25/02/2025 18:48,Asia/Manila,+08:00,14.30263,120.50012,39017
DEMO VESSEL 032,548000032,8500329,Philippines,Cargo,Fishing event,2025-02-12 03:26:00,UTC,+00:00,14.41957,120.66594,9158
DEMO VESSEL 005,548000005,1234568,Sierra Leone,Dredging,Encounter,2025-02-15 07:20:00,Asia/Manila,+08:00,14.77212,120.71374,23973
DEMO VESSEL 025,548000025,8500252,Philippines,Dredging,Encounter,2025-02-16 01:03:00,Asia/Manila,+08:00,14.50844,120.30952,8493
DEMO VESSEL 034,548000034,8500343,Belize,Cargo,Fishing event,04/02/2025 08:52,Asia/Manila,+08:00,14.62288,120.43097,32768
DEMO VESSEL 020,548000020,8500202,Philippines,Other,Encounter,2025-02-20 09:31:00,Asia/Manila,+08:00,14.30638,120.64017,10288
DEMO VESSEL 036,548000036,8500367,Sierra Leone,Cargo,Loitering,2025-02-15 14:59:00,Asia/Manila,+08:00,14.50164,120.30837,32512
DEMO VESSEL 022 ,548000022,8500226,Sierra Leone,Dredging,Fishing event,2025-02-11 21:14:00,Asia/Manila,+08:00,14.46412,120.36183,14801
demo vessel 017,548000017,8500173,Philippines,Other,Loitering,14/02/2025 22:42,Asia/Manila,+08:00,14.78886,120.84836,18738
DEMO VESSEL 027,548000027,8500276,Philippines,Cargo,Encounter,2025-02-08 15:08:00,Asia/Manila,+08:00,14.72702,120.8691,10679
DEMO VESSEL 028,548000028,8500288,Philippines,Other,Loitering,2025-02-18 20:37:00,Asia/Manila,+08:00,14.46601,120.76044,37579
DEMO VESSEL 040,548000040,8500408,Philippines,Other,Port visit,2025-02-19 14:21:00,Asia/Manila,+08:00,14.29583,120.7697,39759
DEMO VESSEL 013,548000013,8500135,Philippines,Other,Port visit,2025-02-04 21:21:00,Asia/Manila,+08:00,14.26711,120.87904,27412
DEMO VESSEL 030,548000030,8500305,Philippines,Cargo,Loitering,14/02/2025 00:34,Asia/Manila,+08:00,14.53921,120.70011,8015
DEMO VESSEL 014,548000014,8500147,Philippines,Cargo,Loitering,2025-02-10 19:46:00,UTC,+00:00,14.23374,120.52706,34375
DEMO VESSEL 004,548000004,,Philippines,Dredging,Loitering,2025-02-04 00:08:00,Asia/Manila,+08:00,14.20955,120.71066,39430
DEMO VESSEL 018,548000018,8500185,Philippines,Cargo,Loitering,2025-02-16 23:59:00,Asia/Manila,+08:00,14.61139,120.47489,29822
DEMO VESSEL 015,548000015,8500159,Philippines,Cargo,Port visit,03/02/2025 06:47,Asia/Manila,+08:00,14.8244,120.41725,39906
DEMO VESSEL 014,548000014,8500147,Philippines,Cargo,Port visit,2025-02-17 13:39:00,Asia/Manila,+08:00,14.26067,120.70033,15722
AIS TEST SHIP,100900301,,,,Port visit,25/02/2025 07:56,Asia/Manila,+08:00,14.69916,120.86638,2684
DEMO VESSEL 011,548000011,8500111,Philippines,Other,Loitering,06/02/2025 04:18,UTC,+00:00,14.21515,120.64203,10607
DEMO VESSEL 025,548000025,8500252,Philippines,Dredging,Port visit,08/02/2025 08:05,Asia/Manila,+08:00,14.77655,120.36239,25509
DEMO VESSEL 033,548000033,8500331,Philippines,Cargo,Fishing event,2025-01-05 16:09:00,Asia/Manila,+08:00,14.85924,120.44882,5408
DEMO VESSEL 040,548000040,8500408,Philippines,Other,Loitering,2025-02-20 19:25:00,Asia/Manila,+08:00,14.48766,120.85303,26989
DEMO VESSEL 009,548000009,8500094,Belize,Cargo,Port visit,2025-02-08 09:53:00,Asia/Manila,+08:00,14.47062,120.83362,32206
DEMO VESSEL 005,548000005,1234568,Sierra Leone,Dredging,Fishing event,2025-02-11 11:02:00,Asia/Manila,+08:00,14.70667,120.78749,22436
DEMO VESSEL 030,548000030,8500305,Philippines,Cargo,Encounter,10/02/2025 18:55,Asia/Manila,+08:00,14.89761,120.68632,9946
DEMO VESSEL 017,548000017,8500173,Philippines,Other,Loitering,2025-02-04 12:11:00,UTC,+00:00,14.34536,120.36161,13483
DEMO VESSEL 008,548000008,8500082,Belize,Dredging,Encounter,11/02/2025 00:12,UTC,+00:00,14.28011,120.33264,3087
DEMO VESSEL 002,548000002,8500020,Philippines,Cargo,Loitering,2025-02-08 15:40:00,Asia/Manila,+08:00,14.88439,120.89213,24247
DEMO VESSEL 018,548000018,8500185,Philippines,Cargo,Fishing event,2025-02-25 21:30:00,Asia/Manila,+08:00,14.78972,120.89572,15697
DEMO VESSEL 014,548000014,8500147,Philippines,Cargo,Loitering,2025-02-24 02:29:00,Asia/Manila,+08:00,14.39006,120.51099,33737
DEMO VESSEL 007,548000007,8500070,Philippines,Cargo,Port visit,2025-02-21 12:21:00,Asia/Manila,+08:00,14.86767,120.70327,15581
DEMO VESSEL 040,548000040,8500408,Philippines,Other,Fishing event,2025-02-19 17:57:00,Asia/Manila,+08:00,14.3584,120.43446,15923
DEMO VESSEL 027,548000027,8500276,Philippines,Cargo,Encounter,2025-02-26 10:56:00,Asia/Manila,+08:00,14.48708,120.36804,27345
DEMO VESSEL 002,548000002,8500020,Philippines,Cargo,Encounter,2025-02-05 19:27:00,UTC,+00:00,14.87573,120.52999,1222
DEMO VESSEL 002,548000002,8500020,Philippines,Cargo,Fishing event,2025-02-26 01:18:00,Asia/Manila,+08:00,14.86616,120.34452,36151
DEMO VESSEL 005,548000005,1234568,Sierra Leone,Dredging,Loitering,2025-02-08 20:02:00,Asia/Manila,+08:00,14.7768,120.58586,29769
DEMO VESSEL 012,548000012,8500123,Philippines,Dredging,Fishing event,2025-02-04 13:59:00,Asia/Manila,+08:00,14.35191,120.67363,33215
DEMO VESSEL 014,548000014,8500147,Philippines,Cargo,Port visit,2025-02-18 07:34:00,Asia/Manila,+08:00,14.60551,120.41437,13635
DEMO VESSEL 004,548000004,,Philippines,Dredging,Encounter,2025-02-18 02:22:00,UTC,+00:00,14.47785,120.55851,6710
DEMO VESSEL 023,548000023,8500238,Belize,Cargo,Loitering,2025-02-03 13:30:00,Asia/Manila,+08:00,14.2285,120.53375,24207
DEMO VESSEL 009,548000009,8500094,Belize,Cargo,Port visit,23/02/2025 12:31,UTC,+00:00,14.51169,120.53725,34393
DEMO VESSEL 002,548000002,8500020,Philippines,Cargo,Encounter,2025-02-26 17:11:00,Asia/Manila,+08:00,14.52029,120.45741,39423
DEMO VESSEL 012,548000012,8500123,Philippines,Dredging,Encounter,23/02/2025 01:58,Asia/Manila,+08:00,14.80312,120.8773,39389
DEMO VESSEL 039,548000039,8500393,Philippines,Dredging,Loitering,04/02/2025 07:00,Asia/Manila,+08:00,14.39868,120.4736,35107
DEMO VESSEL 022,548000022,8500226,Sierra Leone,Dredging,Loitering,2025-02-04 22:17:00,Asia/Manila,+08:00,14.70977,120.53022,30578
demo vessel 031,548000031,8500317,Philippines,Cargo,Fishing event,15/02/2025 07:27,UTC,+00:00,14.79784,120.38942,2289
DEMO VESSEL 028,548000028,8500288,Philippines,Other,Fishing event,2025-02-02 05:47:00,Asia/Manila,+08:00,14.47063,120.39608,25997
DEMO VESSEL 002,548000002,8500020,Philippines,Cargo,Port visit,2025-02-17 23:39:00,Asia/Manila,+08:00,14.74933,120.59864,23756
DEMO VESSEL 015,548000015,8500159,Philippines,Cargo,Loitering,2025-02-26 09:55:00,Asia/Manila,+08:00,14.65283,120.82318,26604
DEMO VESSEL 009 ,548000009,8500094,Belize,Cargo,Loitering,2025-02-17 09:44:00,Asia/Manila,+08:00,14.34253,120.68984,36705
DEMO VESSEL 020,548000020,8500202,Philippines,Other,Fishing event,2025-02-19 14:26:00,Asia/Manila,+08:00,14.45179,120.33671,13283
demo vessel 011,548000011,8500111,Philippines,Other,Port visit,2025-02-01 10:14:00,Asia/Manila,+08:00,14.31173,120.85179,9823
DEMO VESSEL 001,548000001,8500018,Philippines,Dredging,Port visit,2025-02-21 04:31:00,Asia/Manila,+08:00,14.3914,120.80083,25438
DEMO VESSEL 027,548000027,8500276,Philippines,Cargo,Port visit,2025-02-15 06:34:00,Asia/Manila,+08:00,14.66109,120.79202,12277
DEMO VESSEL 033,548000033,8500331,Philippines,Cargo,Port visit,2025-02-20 02:03:00,Asia/Manila,+08:00,14.65558,120.32549,7620
DEMOVESSEL040,548000040,8500408,Philippines,Other,Loitering,2025-02-06 13:35:00,Asia/Manila,+08:00,14.27698,120.67854,37079
DEMO VESSEL 017,548000017,8500173,Philippines,Other,Fishing event,2025-02-21 05:27:00,Asia/Manila,+08:00,14.46273,120.49141,39201
DEMO VESSEL 007,667000007,8500070,Sierra Leone,Cargo,Port visit,2025-02-19 16:17:00,Asia/Manila,+08:00,14.86275,120.88752,26784
DEMO VESSEL 021 ,548000021,8500214,Belize,Dredging,Port visit,2025-02-27 19:05:00,Asia/Manila,+08:00,14.31074,120.86091,21301
DEMO VESSEL 031,548000031,8500317,Philippines,Cargo,Loitering,2025-02-16 12:03:00,UTC,+00:00,14.68258,120.59495,36493
DEMO VESSEL 020,548000020,8500202,Philippines,Other,Encounter,10/02/2025 22:39,Asia/Manila,+08:00,14.34472,120.66818,13469
DEMO VESSEL 036,548000036,8500367,Sierra Leone,Cargo,Loitering,2025-02-27 00:26:00,UTC,+00:00,14.44808,120.86542,10027
DEMO VESSEL 025,548000025,8500252,Philippines,Dredging,Encounter,2025-02-17 09:24:00,Asia/Manila,+08:00,14.79718,120.52584,29909
DEMO VESSEL 018,548000018,8500185,Philippines,Cargo,Port visit,2025-02-23 22:55:00,Asia/Manila,+08:00,14.73338,120.89602,16615
DEMO VESSEL 031,548000031,8500317,Philippines,Cargo,Port visit,2025-02-27 10:23:00,Asia/Manila,+08:00,14.32129,120.65308,14313
DEMO VESSEL 019,548000019,8500197,Philippines,Cargo,Encounter,2025-02-13 04:21:00,UTC,+00:00,14.21715,120.32018,31198
AIS TEST SHIP,100900301,,,,Fishing event,2025-02-07 11:03:00,Asia/Manila,+08:00,14.64902,120.76965,27225
DEMO VESSEL 033,548000033,8500331,Philippines,Cargo,Fishing event,2025-02-21 14:19:00,Asia/Manila,+08:00,14.8571,120.63004,31804
DEMO VESSEL 024,548000024,8500240,Philippines,Cargo,Fishing event,21/02/2025 13:33,Asia/Manila,+08:00,14.66785,120.60223,10310
DEMO VESSEL 007,548000007,8500070,Philippines,Cargo,Port visit,2025-02-24 01:47:00,Asia/Manila,+08:00,14.77186,120.77637,3173
DEMO VESSEL 007,548000007,8500070,Philippines,Cargo,Fishing event,07/02/2025 18:15,UTC,+00:00,14.63421,120.57765,37419
DEMO VESSEL 030,548000030,8500305,Philippines,Cargo,Encounter,2025-02-08 08:11:00,Asia/Manila,+08:00,14.87772,120.80741,31410
DEMO VESSEL 018,548000018,8500185,Philippines,Cargo,Encounter,04/01/2025 21:00,Asia/Manila,+08:00,14.78321,120.65447,4161
DEMO VESSEL 017,548000017,8500173,Philippines,Other,Port visit,2025-02-14 20:27:00,UTC,+00:00,14.53384,120.57996,428
DEMO VESSEL 011,548000011,8500111,Philippines,Other,Encounter,2025-02-17 01:58:00,UTC,+00:00,14.8524,120.30975,28383
DEMO VESSEL 033,548000033,8500331,Philippines,Cargo,Loitering,2025-02-14 10:19:00,Asia/Manila,+08:00,14.71188,120.54399,15322
DEMOVESSEL005,548000005,1234568,Sierra Leone,Dredging,Loitering,2025-02-15 02:30:00,Asia/Manila,+08:00,14.61256,120.65898,7608
DEMO VESSEL 036,548000036,8500367,Sierra Leone,Cargo,Encounter,2025-02-19 03:54:00,Asia/Manila,+08:00,14.33194,120.59299,28129
DEMO VESSEL 033,548000033,8500331,Philippines,Cargo,Encounter,06/02/2025 21:44,Asia/Manila,+08:00,14.39999,120.6754,21806
DEMO VESSEL 038,548000038,8500381,Philippines,Dredging,Port visit,25/02/2025 08:30,Asia/Manila,+08:00,14.86264,120.33839,33160
DEMO VESSEL 037,548000037,8500379,Belize,Cargo,Fishing event,2025-02-05 05:28:00,Asia/Manila,+08:00,14.25723,120.63612,13402
DEMO VESSEL 006,548000006,64,Philippines,Dredging,Port visit,2025-02-13 18:12:00,Asia/Manila,+08:00,14.60363,120.78867,8980
DEMO VESSEL 001,548000001,8500018,Philippines,Dredging,Fishing event,2025-02-20 12:39:00,Asia/Manila,+08:00,14.60821,120.43931,30790
DEMO VESSEL 012,548000012,8500123,Philippines,Dredging,Encounter,2025-02-24 00:26:00,Asia/Manila,+08:00,14.35929,120.43312,31779
DEMO VESSEL 003,548000003,8500032,Philippines,Cargo,Port visit,2025-02-13 14:20:00,UTC,+00:00,14.22519,120.40612,32509
DEMO VESSEL 040,548000040,8500408,Philippines,Other,Port visit,03/02/2025 20:17,Asia/Manila,+08:00,14.75069,120.46123,11726
DEMO VESSEL 016,548000016,8500161,Philippines,Dredging,Fishing event,01/02/2025 18:32,UTC,+00:00,14.48264,120.61644,28062
DEMO VESSEL 038,548000038,8500381,Philippines,Dredging,Port visit,2025-02-11 01:54:00,Asia/Manila,+08:00,14.74745,120.67592,35278
DEMO VESSEL 012,548000012,8500123,Philippines,Dredging,Loitering,2025-02-14 15:35:00,Asia/Manila,+08:00,14.60865,120.68258,15559
DEMO VESSEL 036,548000036,8500367,Sierra Leone,Cargo,Loitering,14/02/2025 00:56,Asia/Manila,+08:00,14.28936,120.85308,3866
DEMO VESSEL 033 ,548000033,8500331,Philippines,Cargo,Fishing event,2025-02-10 06:18:00,Asia/Manila,+08:00,14.41084,120.74224,22606
DEMO VESSEL 017,548000017,8500173,Philippines,Other,Port visit,2025-02-20 18:02:00,Asia/Manila,+08:00,14.80262,120.78589,9797
DEMO VESSEL 038,548000038,8500381,Philippines,Dredging,Encounter,2025-02-04 00:09:00,Asia/Manila,+08:00,14.47562,120.83891,8304
DEMO VESSEL 004,548000004,,Philippines,Dredging,Fishing event,2025-02-02 08:53:00,Asia/Manila,+08:00,14.26818,120.47435,8258
DEMO VESSEL 032,548000032,8500329,Philippines,Cargo,Fishing event,16/02/2025 01:00,UTC,+00:00,14.55493,120.4165,6456
DEMO VESSEL 040,548000040,8500408,Philippines,Other,Fishing event,2025-02-04 05:26:00,Asia/Manila,+08:00,14.2648,120.56632,32270
DEMO VESSEL 015,548000015,8500159,Philippines,Cargo,Loitering,10/02/2025 16:19,UTC,+00:00,14.35909,120.52708,35311
AIS TEST SHIP,100900301,,,,Encounter,2025-02-09 10:57:00,Asia/Manila,+08:00,14.2126,120.70046,1931
DEMO VESSEL 024,548000024,8500240,Philippines,Cargo,Loitering,2025-02-14 12:59:00,Asia/Manila,+08:00,14.67098,120.35578,16720
DEMO VESSEL 033,548000033,8500331,Philippines,Cargo,Loitering,2025-02-16 18:18:00,UTC,+00:00,14.66638,120.5072,20583
DEMOVESSEL029,548000029,8500290,Philippines,Other,Loitering,2025-02-02 04:32:00,Asia/Manila,+08:00,14.27427,120.36087,35961
DEMO VESSEL 008,548000008,8500082,Belize,Dredging,Port visit,2025-02-14 03:27:00,Asia/Manila,+08:00,14.55839,120.76752,13590
DEMO VESSEL 029,548000029,8500290,Philippines,Other,Port visit,2025-02-14 04:43:00,Asia/Manila,+08:00,14.38804,120.34231,32311
DEMOVESSEL013,548000013,8500135,Philippines,Other,Encounter,2025-02-04 05:18:00,UTC,+00:00,14.51052,120.7012,6511
DEMO VESSEL 019,548000019,8500197,Philippines,Cargo,Port visit,10/02/2025 06:32,Asia/Manila,+08:00,14.70947,120.82325,35703
DEMO VESSEL 007,548000007,8500070,Philippines,Cargo,Encounter,13/02/2025 12:06,Asia/Manila,+08:00,14.2293,120.6705,34978
DEMO VESSEL 007,667000007,8500070,Sierra Leone,Cargo,Port visit,24/02/2025 18:27,Asia/Manila,+08:00,14.69752,120.49231,20383
DEMO VESSEL 019,548000019,8500197,Philippines,Cargo,Fishing event,17/02/2025 19:17,Asia/Manila,+08:00,14.70908,120.63406,34887
DEMO VESSEL 015,548000015,8500159,Philippines,Cargo,Loitering,2025-02-13 00:08:00,UTC,+00:00,14.69599,120.58989,27742
DEMO VESSEL 030,548000030,8500305,Philippines,Cargo,Loitering,03/02/2025 01:43,UTC,+00:00,14.88101,120.89508,28128
DEMO VESSEL 002,548000002,8500020,Philippines,Cargo,Port visit,07/02/2025 16:06,Asia/Manila,+08:00,14.57216,120.41368,36896
DEMO VESSEL 027,548000027,8500276,Philippines,Cargo,Loitering,13/02/2025 05:51,Asia/Manila,+08:00,14.86733,120.58507,1711
DEMO VESSEL 038,548000038,8500381,Philippines,Dredging,Loitering,22/02/2025 19:35,UTC,+00:00,14.65277,120.52345,2498
DEMO VESSEL 003,548000003,8500032,Philippines,Cargo,Encounter,2025-02-12 06:21:00,Asia/Manila,+08:00,14.89346,120.37366,38436
DEMO VESSEL 006,548000006,64,Philippines,Dredging,Fishing event,2025-02-16 04:58:00,Asia/Manila,+08:00,14.41459,120.75348,12817
DEMO VESSEL 012,548000012,8500123,Philippines,Dredging,Port visit,2025-02-10 12:16:00,Asia/Manila,+08:00,14.65475,120.8807,4255
DEMO VESSEL 023,548000023,8500238,Belize,Cargo,Loitering,2025-02-15 07:19:00,UTC,+00:00,14.26673,120.51564,21301
DEMO VESSEL 003,548000003,8500032,Philippines,Cargo,Port visit,01/02/2025 22:33,UTC,+00:00,14.8498,120.79635,12787
DEMO VESSEL 030,548000030,8500305,Philippines,Cargo,Encounter,10/02/2025 05:31,Asia/Manila,+08:00,14.20803,120.34849,18985
DEMO VESSEL 002,548000002,8500020,Philippines,Cargo,Loitering,2025-02-19 18:03:00,UTC,+00:00,14.2915,120.47501,21681
DEMOVESSEL037,548000037,8500379,Belize,Cargo,Fishing event,13/02/2025 14:45,Asia/Manila,+08:00,14.73231,120.66592,37722
DEMO VESSEL 036,548000036,8500367,Sierra Leone,Cargo,Fishing event,2025-02-12 05:06:00,Asia/Manila,+08:00,14.49484,120.6824,16931
DEMO VESSEL 020,548000020,8500202,Philippines,Other,Fishing event,2025-02-12 04:32:00,UTC,+00:00,14.58301,120.30364,29884
DEMO VESSEL 007,548000007,8500070,Philippines,Cargo,Fishing event,2025-02-26 08:50:00,Asia/Manila,+08:00,14.73238,120.39593,5739
DEMO VESSEL 040,548000040,8500408,Philippines,Other,Port visit,2025-02-08 04:47:00,UTC,+00:00,14.83226,120.42546,29356
DEMO VESSEL 007,548000007,8500070,Philippines,Cargo,Fishing event,2025-02-10 06:30:00,Asia/Manila,+08:00,14.71445,120.41571,38084
DEMO VESSEL 036,548000036,8500367,Sierra Leone,Cargo,Encounter,2025-02-22 00:33:00,UTC,+00:00,14.3284,120.77992,1127
DEMO VESSEL 037,548000037,8500379,Belize,Cargo,Loitering,2025-02-14 09:23:00,UTC,+00:00,14.35722,120.66328,5862
DEMO VESSEL 010,548000010,8500109,Belize,Other,Encounter,2025-02-13 06:53:00,Asia/Manila,+08:00,14.71549,120.64536,9775
DEMO VESSEL 007,667000007,8500070,Sierra Leone,Cargo,Port visit,2025-02-23 06:54:00,UTC,+00:00,14.24328,120.43441,5643
DEMO VESSEL 034,548000034,8500343,Belize,Cargo,Fishing event,2025-02-01 01:42:00,Asia/Manila,+08:00,14.78569,120.79998,27702
DEMO VESSEL 020,548000020,8500202,Philippines,Other,Fishing event,2025-02-11 13:37:00,Asia/Manila,+08:00,14.58724,120.83154,15437
DEMO VESSEL 023,548000023,8500238,Belize,Cargo,Fishing event,2025-02-02 08:19:00,Asia/Manila,+08:00,14.6598,120.43414,25531
DEMO VESSEL 035,548000035,8500355,Philippines,Other,Loitering,2025-02-04 13:17:00,Asia/Manila,+08:00,14.84594,120.77798,25158
AIS TEST SHIP,100900301,,,,Fishing event,2025-02-01 16:11:00,Asia/Manila,+08:00,14.83273,120.46943,11781
DEMO VESSEL 013,548000013,8500135,Philippines,Other,Encounter,2025-02-24 04:58:00,UTC,+00:00,14.53528,120.55461,14379
DEMO VESSEL 013 ,548000013,8500135,Philippines,Other,Loitering,11/02/2025 22:31,Asia/Manila,+08:00,14.4097,120.52166,19062
DEMO VESSEL 003,548000003,8500032,Philippines,Cargo,Encounter,2025-02-19 17:59:00,Asia/Manila,+08:00,14.41198,120.33312,35337
DEMOVESSEL011,548000011,8500111,Philippines,Other,Loitering,2025-02-15 00:00:00,Asia/Manila,+08:00,14.54488,120.68728,26371
DEMO VESSEL 015,548000015,8500159,Philippines,Cargo,Port visit,09/02/2025 08:28,Asia/Manila,+08:00,14.43308,120.8089,28489
DEMO VESSEL 002,548000002,8500020,Philippines,Cargo,Loitering,2025-02-01 03:16:00,Asia/Manila,+08:00,14.56316,120.64831,30647
DEMO VESSEL 038,548000038,8500381,Philippines,Dredging,Loitering,2025-02-07 23:24:00,UTC,+00:00,14.2392,120.55579,2185
DEMO VESSEL 040,548000040,8500408,Philippines,Other,Loitering,2025-02-18 23:57:00,Asia/Manila,+08:00,14.78924,120.84447,9808
DEMO VESSEL 040,548000040,8500408,Philippines,Other,Encounter,26/02/2025 18:38,Asia/Manila,+08:00,14.48495,120.33859,22612
DEMO VESSEL 001,548000001,8500018,Philippines,Dredging,Encounter,2025-02-04 16:09:00,Asia/Manila,+08:00,14.56852,120.78913,26909
DEMO VESSEL 022,548000022,8500226,Sierra Leone,Dredging,Fishing event,2025-02-18 18:07:00,Asia/Manila,+08:00,14.65219,120.64944,10176
DEMO VESSEL 005,548000005,1234568,Sierra Leone,Dredging,Port visit,17/02/2025 02:42,Asia/Manila,+08:00,14.5941,120.72132,18817
DEMO VESSEL 001,548000001,8500018,Philippines,Dredging,Fishing event,2025-02-05 20:10:00,UTC,+00:00,14.46934,120.65753,7807
DEMOVESSEL007,667000007,8500070,Sierra Leone,Cargo,Fishing event,2025-02-04 21:03:00,Asia/Manila,+08:00,14.60906,120.71275,38861
DEMO VESSEL 031,548000031,8500317,Philippines,Cargo,Fishing event,2025-02-17 11:23:00,Asia/Manila,+08:00,14.49058,120.52728,21356
DEMO VESSEL 030,548000030,8500305,Philippines,Cargo,Fishing event,02/02/2025 17:47,UTC,+00:00,14.47469,120.4562,9839
DEMO VESSEL 012,548000012,8500123,Philippines,Dredging,Encounter,2025-02-18 19:05:00,Asia/Manila,+08:00,14.41182,120.87794,31297
DEMO VESSEL 025,548000025,8500252,Philippines,Dredging,Loitering,2025-02-05 16:58:00,Asia/Manila,+08:00,14.78153,120.67038,16182
DEMO VESSEL 010,548000010,8500109,Belize,Other,Port visit,2025-02-12 10:46:00,Asia/Manila,+08:00,14.80263,120.70415,6155
DEMO VESSEL 013,548000013,8500135,Philippines,Other,Fishing event,2025-02-01 05:40:00,UTC,+00:00,14.53806,120.61999,25973
DEMOVESSEL006,548000006,64,Philippines,Dredging,Loitering,2025-02-20 11:53:00,Asia/Manila,+08:00,14.83292,120.52954,13322
DEMO VESSEL 005,548000005,1234568,Sierra Leone,Dredging,Encounter,04/02/2025 04:54,Asia/Manila,+08:00,14.60587,120.77497,9602
DEMO VESSEL 021,548000021,8500214,Belize,Dredging,Fishing event,2025-02-17 19:35:00,Asia/Manila,+08:00,14.25514,120.36278,20824
DEMO VESSEL 007,548000007,8500070,Philippines,Cargo,Port visit,05/02/2025 17:29,Asia/Manila,+08:00,14.71474,120.78234,39546
DEMO VESSEL 037,548000037,8500379,Belize,Cargo,Port visit,2025-02-04 15:38:00,UTC,+00:00,14.25755,120.59164,18258
DEMO VESSEL 005,548000005,1234568,Sierra Leone,Dredging,Port visit,01/02/2025 17:38,Asia/Manila,+08:00,14.57805,120.8728,13984
DEMO VESSEL 029,548000029,8500290,Philippines,Other,Port visit,2025-02-01 01:04:00,Asia/Manila,+08:00,14.52162,120.3381,31544
DEMO VESSEL 001,548000001,8500018,Philippines,Dredging,Loitering,11/02/2025 08:20,Asia/Manila,+08:00,14.48292,120.60876,27382
DEMO VESSEL 039,548000039,8500393,Philippines,Dredging,Port visit,2025-02-04 20:47:00,Asia/Manila,+08:00,14.602,120.73419,10766
DEMO VESSEL 017,548000017,8500173,Philippines,Other,Port visit,24/02/2025 06:36,Asia/Manila,+08:00,14.53779,120.64566,36456
DEMO VESSEL 004,548000004,,Philippines,Dredging,Loitering,2025-02-15 10:10:00,Asia/Manila,+08:00,14.39608,120.518,17204
DEMO VESSEL 013,548000013,8500135,Philippines,Other,Fishing event,18/02/2025 13:32,Asia/Manila,+08:00,14.21847,120.66382,38811
DEMO VESSEL 027,548000027,8500276,Philippines,Cargo,Loitering,21/02/2025 15:40,Asia/Manila,+08:00,14.76687,120.79531,37808
demo vessel 030,548000030,8500305,Philippines,Cargo,Port visit,2025-02-03 00:37:00,Asia/Manila,+08:00,14.40615,120.79806,28417
DEMO VESSEL 009,548000009,8500094,Belize,Cargo,Fishing event,2025-02-15 04:47:00,Asia/Manila,+08:00,14.47679,120.64359,12196
DEMO VESSEL 002,548000002,8500020,Philippines,Cargo,Encounter,2025-02-23 16:29:00,Asia/Manila,+08:00,14.20827,120.42645,12565
DEMO VESSEL 026,548000026,8500264,Philippines,Cargo,Loitering,2025-02-16 00:28:00,UTC,+00:00,14.49836,120.8382,4973
DEMO VESSEL 017,548000017,8500173,Philippines,Other,Fishing event,2025-02-17 23:04:00,Asia/Manila,+08:00,14.60615,120.31406,20214
DEMO VESSEL 004,548000004,,Philippines,Dredging,Loitering,2025-02-14 07:29:00,UTC,+00:00,14.56874,120.73606,25465
DEMO VESSEL 010,548000010,8500109,Belize,Other,Port visit,2025-02-22 20:06:00,Asia/Manila,+08:00,14.30295,120.65073,25847
DEMO VESSEL 007,548000007,8500070,Philippines,Cargo,Encounter,2025-02-23 12:28:00,UTC,+00:00,14.55993,120.34018,16952
DEMOVESSEL026,548000026,8500264,Philippines,Cargo,Encounter,2025-02-20 20:19:00,Asia/Manila,+08:00,14.59939,120.33609,9506
DEMO VESSEL 009,548000009,8500094,Belize,Cargo,Port visit,13/02/2025 20:12,Asia/Manila,+08:00,14.68725,120.41889,25294
DEMO VESSEL 009,548000009,8500094,Belize,Cargo,Fishing event,2025-02-24 04:21:00,Asia/Manila,+08:00,14.55502,120.80137,26612
DEMO VESSEL 018,548000018,8500185,Philippines,Cargo,Loitering,2025-02-24 21:03:00,Asia/Manila,+08:00,14.48734,120.69201,29509
DEMO VESSEL 017,548000017,8500173,Philippines,Other,Encounter,10/02/2025 06:14,UTC,+00:00,14.88258,120.49688,26068
AIS TEST SHIP,100900301,,,,Fishing event,08/02/2025 07:12,Asia/Manila,+08:00,14.45896,120.58915,22797
DEMO VESSEL 007,548000007,8500070,Philippines,Cargo,Encounter,18/02/2025 09:40,Asia/Manila,+08:00,14.89334,120.50209,22982
DEMO VESSEL 003,548000003,8500032,Philippines,Cargo,Fishing event,2025-02-11 05:01:00,Asia/Manila,+08:00,14.66044,120.55348,31082
DEMO VESSEL 012,548000012,8500123,Philippines,Dredging,Encounter,01/02/2025 09:22,UTC,+00:00,14.70104,120.55108,32658
DEMO VESSEL 023,548000023,8500238,Belize,Cargo,Loitering,2025-02-01 16:33:00,Asia/Manila,+08:00,0.0,0.0,18220
DEMO VESSEL 010,548000010,8500109,Belize,Other,Fishing event,2025-02-18 12:24:00,Asia/Manila,+08:00,14.41527,120.82057,16902
DEMO VESSEL 020,548000020,8500202,Philippines,Other,Fishing event,2025-02-07 19:51:00,Asia/Manila,+08:00,14.83696,120.54122,15928
DEMO VESSEL 009,548000009,8500094,Belize,Cargo,Loitering,2025-02-22 10:44:00,UTC,+00:00,14.42352,120.57614,28790
DEMO VESSEL 016,548000016,8500161,Philippines,Dredging,Loitering,2025-02-19 00:26:00,UTC,+00:00,14.75457,120.82218,36937
DEMO VESSEL 027,548000027,8500276,Philippines,Cargo,Loitering,2025-02-04 07:52:00,UTC,+00:00,14.83794,120.34081,1250
DEMO VESSEL 023,548000023,8500238,Belize,Cargo,Fishing event,2025-02-19 16:36:00,Asia/Manila,+08:00,14.20062,120.76282,21908
DEMO VESSEL 026,548000026,8500264,Philippines,Cargo,Fishing event,2025-02-26 06:47:00,Asia/Manila,+08:00,14.33167,120.40392,34408
DEMO VESSEL 033,548000033,8500331,Philippines,Cargo,Encounter,16/02/2025 22:25,UTC,+00:00,14.47552,120.55717,27134
DEMO VESSEL 003,548000003,8500032,Philippines,Cargo,Fishing event,08/02/2025 15:43,Asia/Manila,+08:00,14.21817,120.70879,21503
DEMO VESSEL 018,548000018,8500185,Philippines,Cargo,Port visit,2025-02-09 06:21:00,Asia/Manila,+08:00,14.76323,120.81854,28935
DEMOVESSEL001,548000001,8500018,Philippines,Dredging,Loitering,15/02/2025 22:19,UTC,+00:00,14.55033,120.59628,21423
DEMO VESSEL 039,548000039,8500393,Philippines,Dredging,Port visit,2025-02-25 16:44:00,UTC,+00:00,14.53401,120.61486,20158
DEMO VESSEL 007,548000007,8500070,Philippines,Cargo,Loitering,2025-02-08 00:29:00,Asia/Manila,+08:00,14.45756,120.73044,8330
DEMO VESSEL 013,548000013,8500135,Philippines,Other,Fishing event,20/02/2025 06:03,UTC,+00:00,14.49805,120.64676,38135
DEMO VESSEL 033,548000033,8500331,Philippines,Cargo,Loitering,2025-02-24 15:29:00,Asia/Manila,+08:00,14.57744,120.43805,38980
DEMO VESSEL 007,667000007,8500070,Sierra Leone,Cargo,Port visit,2025-02-03 22:09:00,Asia/Manila,+08:00,14.37668,120.87074,32032
DEMO VESSEL 035,548000035,8500355,Philippines,Other,Fishing event,2025-02-25 02:28:00,Asia/Manila,+08:00,14.37773,120.55401,8317
demo vessel 011,548000011,8500111,Philippines,Other,Port visit,20/02/2025 09:44,Asia/Manila,+08:00,14.29017,120.82627,27716
DEMO VESSEL 030,548000030,8500305,Philippines,Cargo,Port visit,2025-02-09 11:19:00,UTC,+00:00,14.66267,120.85278,6419
DEMO VESSEL 025 ,548000025,8500252,Philippines,Dredging,Port visit,2025-02-02 13:43:00,Asia/Manila,+08:00,14.72031,120.81427,10033
DEMO VESSEL 016,548000016,8500161,Philippines,Dredging,Port visit,2025-02-23 21:20:00,Asia/Manila,+08:00,14.54192,120.80269,24621
DEMO VESSEL 031,548000031,8500317,Philippines,Cargo,Port visit,2025-02-14 17:12:00,Asia/Manila,+08:00,14.38568,120.36857,15856
DEMOVESSEL002,548000002,8500020,Philippines,Cargo,Loitering,15/02/2025 14:52,Asia/Manila,+08:00,14.37201,120.62272,34124
DEMO VESSEL 027,548000027,8500276,Philippines,Cargo,Loitering,2025-02-07 23:22:00,UTC,+00:00,14.61443,120.3457,36641
DEMO VESSEL 007,548000007,8500070,Philippines,Cargo,Port visit,2025-02-26 11:53:00,Asia/Manila,+08:00,14.72635,120.30367,6786
DEMO VESSEL 033,548000033,8500331,Philippines,Cargo,Encounter,08/02/2025 14:08,UTC,+00:00,14.891,120.88629,31052
DEMO VESSEL 035,548000035,8500355,Philippines,Other,Loitering,2025-02-11 02:41:00,UTC,+00:00,14.79152,120.75268,12617
DEMO VESSEL 005,548000005,1234568,Sierra Leone,Dredging,Loitering,11/02/2025 11:12,Asia/Manila,+08:00,14.41529,120.33961,31435
DEMO VESSEL 034,548000034,8500343,Belize,Cargo,Encounter,09/02/2025 11:00,UTC,+00:00,14.45166,120.8486,31312
DEMO VESSEL 040,548000040,8500408,Philippines,Other,Loitering,2025-02-13 05:06:00,UTC,+00:00,14.21192,120.39578,8706
