Vessel Name,MMSI,IMO,Flag,Type,Event,Start Date Time,Time Zone,Offset,Latitude,Longitude,Event Duration (s)
DEMO VESSEL 002,548000002,8500020,Philippines,Cargo,Port visit,26/09/2025 05:04,Asia/Manila,+08:00,14.48237,120.76831,12932
DEMO VESSEL 021,548000021,8500214,Belize,Dredging,Port visit,2025-09-18 03:25:00,Asia/Manila,+08:00,14.86594,120.79176,10096
DEMO VESSEL 037,548000037,8500379,Belize,Cargo,Fishing event,2025-09-21 13:12:00,Asia/Manila,+08:00,14.24754,120.46404,12660
DEMO VESSEL 007,667000007,8500070,Sierra Leone,Cargo,Encounter,2025-09-26 22:19:00,Asia/Manila,+08:00,14.33117,120.43075,12240
DEMO VESSEL 040,548000040,8500408,Philippines,Other,Loitering,2025-09-09 20:27:00,Asia/Manila,+08:00,0.0,0.0,15004
DEMOVESSEL003,548000003,8500032,Philippines,Cargo,Loitering,2025-09-02 21:15:00,Asia/Manila,+08:00,14.46704,120.49298,4886
DEMO VESSEL 040,548000040,8500408,Philippines,Other,Port visit,2025-09-17 02:42:00,Asia/Manila,+08:00,14.85773,120.35632,39001
DEMO VESSEL 037,548000037,8500379,Belize,Cargo,Port visit,2025-09-13 14:34:00,Asia/Manila,+08:00,14.22054,120.33975,19308
DEMO VESSEL 020,548000020,8500202,Philippines,Other,Encounter,2025-09-18 08:49:00,Asia/Manila,+08:00,14.77668,120.75258,1704
DEMO VESSEL 029,548000029,8500290,Philippines,Other,Fishing event,21/09/2025 05:46,Asia/Manila,+08:00,14.44599,120.38678,25422
DEMO VESSEL 005,548000005,1234568,Sierra Leone,Dredging,Loitering,2025-09-10 09:54:00,Asia/Manila,+08:00,14.28358,120.79373,13458
DEMO VESSEL 036,548000036,8500367,Sierra Leone,Cargo,Fishing event,15/09/2025 06:09,Asia/Manila,+08:00,14.42888,120.63444,23248
DEMO VESSEL 016,548000016,8500161,Philippines,Dredging,Encounter,2025-09-21 22:44:00,Asia/Manila,+08:00,14.60025,120.70335,10627
DEMO VESSEL 007,548000007,8500070,Philippines,Cargo,Port visit,2025-09-06 08:34:00,Asia/Manila,+08:00,14.27306,120.43286,2996
DEMO VESSEL 007,548000007,8500070,Philippines,Cargo,Port visit,2025-09-12 06:18:00,UTC,+00:00,14.53083,120.65136,965
DEMO VESSEL 032,548000032,8500329,Philippines,Cargo,Loitering,22/09/2025 05:39,Asia/Manila,+08:00,14.45225,120.83138,26279
DEMO VESSEL 029,548000029,8500290,Philippines,Other,Port visit,2025-09-04 06:16:00,UTC,+00:00,14.77615,120.56817,9790
DEMO VESSEL 014,548000014,8500147,Philippines,Cargo,Fishing event,2025-09-24 06:10:00,UTC,+00:00,14.2186,120.74958,7701
AIS TEST SHIP,100900301,,,,Fishing event,09/09/2025 03:47,Asia/Manila,+08:00,14.44983,120.61318,28519
DEMO VESSEL 040,548000040,8500408,Philippines,Other,Encounter,2025-09-24 22:01:00,UTC,+00:00,14.20428,120.32141,15041
DEMO VESSEL 002,548000002,8500020,Philippines,Cargo,Fishing event,2025-09-24 19:12:00,Asia/Manila,+08:00,14.3242,120.7096,25020
DEMO VESSEL 002,548000002,8500020,Philippines,Cargo,Encounter,09/09/2025 07:17,UTC,+00:00,14.44017,120.41035,24225
DEMO VESSEL 003,548000003,8500032,Philippines,Cargo,Loitering,2025-09-08 08:12:00,Asia/Manila,+08:00,14.79462,120.70624,13043
DEMO VESSEL 030,548000030,8500305,Philippines,Cargo,Loitering,2025-09-14 14:47:00,Asia/Manila,+08:00,14.35514,120.46588,5767
DEMO VESSEL 018,548000018,8500185,Philippines,Cargo,Port visit,2025-09-24 06:15:00,Asia/Manila,+08:00,14.21708,120.48844,21129
DEMO VESSEL 014,548000014,8500147,Philippines,Cargo,Port visit,2025-09-17 13:34:00,Asia/Manila,+08:00,14.31258,120.42741,27983
DEMO VESSEL 018,548000018,8500185,Philippines,Cargo,Loitering,2025-08-05 08:49:00,Asia/Manila,+08:00,14.28892,120.59034,15541
DEMO VESSEL 013,548000013,8500135,Philippines,Other,Port visit,10/09/2025 22:28,Asia/Manila,+08:00,14.45124,120.75389,38763
DEMO VESSEL 005,548000005,1234568,Sierra Leone,Dredging,Fishing event,2025-09-23 03:28:00,Asia/Manila,+08:00,14.21742,120.76272,20656
DEMO VESSEL 005,548000005,1234568,Sierra Leone,Dredging,Loitering,2025-09-05 23:51:00,Asia/Manila,+08:00,14.84747,120.77193,24756
DEMO VESSEL 030,548000030,8500305,Philippines,Cargo,Loitering,2025-09-15 21:04:00,Asia/Manila,+08:00,14.71082,120.40582,26542
DEMO VESSEL 022,548000022,8500226,Sierra Leone,Dredging,Loitering,2025-09-14 13:28:00,Asia/Manila,+08:00,14.67319,120.37758,39541
DEMO VESSEL 040,548000040,8500408,Philippines,Other,Fishing event,08/09/2025 05:45,Asia/Manila,+08:00,14.69236,120.38455,1799
DEMO VESSEL 003,548000003,8500032,Philippines,Cargo,Loitering,2025-09-24 01:05:00,Asia/Manila,+08:00,14.46935,120.57417,15102
DEMO VESSEL 039,548000039,8500393,Philippines,Dredging,Fishing event,21/09/2025 04:18,Asia/Manila,+08:00,14.75763,120.80955,3176
DEMO VESSEL 015,548000015,8500159,Philippines,Cargo,Loitering,2025-09-15 16:39:00,UTC,+00:00,14.70834,120.41633,19981
DEMO VESSEL 034,548000034,8500343,Belize,Cargo,Loitering,08/09/2025 11:50,UTC,+00:00,14.59259,120.87566,4364
DEMO VESSEL 007,667000007,8500070,Sierra Leone,Cargo,Encounter,2025-09-01 14:59:00,UTC,+00:00,14.58847,120.7326,31011
DEMO VESSEL 009,548000009,8500094,Belize,Cargo,Fishing event,25/09/2025 16:33,Asia/Manila,+08:00,14.29014,120.57015,21915
DEMO VESSEL 010,548000010,8500109,Belize,Other,Encounter,01/09/2025 06:21,Asia/Manila,+08:00,14.71119,120.8141,16414
DEMO VESSEL 024,548000024,8500240,Philippines,Cargo,Encounter,23/09/2025 12:18,Asia/Manila,+08:00,14.76593,120.74705,30311
DEMO VESSEL 001,548000001,8500018,Philippines,Dredging,Port visit,2025-09-24 06:03:00,Asia/Manila,+08:00,14.62348,120.32373,31717
AIS TEST SHIP,100900301,,,,Encounter,2025-09-27 15:30:00,Asia/Manila,+08:00,14.51943,120.60881,2884
DEMO VESSEL 007,667000007,8500070,Sierra Leone,Cargo,Encounter,2025-09-14 14:48:00,UTC,+00:00,14.54119,120.48043,37029
DEMO VESSEL 021,548000021,8500214,Belize,Dredging,Encounter,2025-09-09 10:27:00,Asia/Manila,+08:00,14.8305,120.41374,26014
DEMO VESSEL 010,548000010,8500109,Belize,Other,Fishing event,2025-09-13 00:59:00,Asia/Manila,+08:00,14.61239,120.69925,14345
DEMO VESSEL 012,548000012,8500123,Philippines,Dredging,Port visit,17/09/2025 17:09,Asia/Manila,+08:00,14.8945,120.79438,8705
DEMO VESSEL 022,548000022,8500226,Sierra Leone,Dredging,Loitering,17/09/2025 20:54,Asia/Manila,+08:00,14.57878,120.72106,15260
DEMO VESSEL 002 ,548000002,8500020,Philippines,Cargo,Port visit,2025-09-18 00:44:00,Asia/Manila,+08:00,14.26511,120.70422,31531
DEMO VESSEL 001,548000001,8500018,Philippines,Dredging,Port visit,2025-09-27 00:19:00,Asia/Manila,+08:00,14.75003,120.664,33800
DEMO VESSEL 036,548000036,8500367,Sierra Leone,Cargo,Encounter,2025-09-19 22:08:00,UTC,+00:00,14.83113,120.72325,26015
DEMO VESSEL 020 ,548000020,8500202,Philippines,Other,Fishing event,2025-09-04 12:55:00,UTC,+00:00,14.72463,120.5925,30504
DEMO VESSEL 035,548000035,8500355,Philippines,Other,Encounter,2025-09-21 07:18:00,Asia/Manila,+08:00,14.3484,120.56866,9799
DEMO VESSEL 015,548000015,8500159,Philippines,Cargo,Port visit,22/09/2025 20:46,Asia/Manila,+08:00,14.82597,120.6092,843
DEMO VESSEL 018,548000018,8500185,Philippines,Cargo,Port visit,2025-09-26 12:37:00,Asia/Manila,+08:00,14.44167,120.51574,34681
DEMO VESSEL 001,548000001,8500018,Philippines,Dredging,Encounter,07/09/2025 16:16,Asia/Manila,+08:00,14.8166,120.82756,34964
DEMO VESSEL 002,548000002,8500020,Philippines,Cargo,Fishing event,22/09/2025 05:48,UTC,+00:00,14.73926,120.31001,4262
DEMO VESSEL 036,548000036,8500367,Sierra Leone,Cargo,Port visit,2025-09-02 05:15:00,Asia/Manila,+08:00,14.21592,120.54665,28435
DEMO VESSEL 009,548000009,8500094,Belize,Cargo,Fishing event,26/09/2025 22:16,Asia/Manila,+08:00,14.86851,120.81899,16752
DEMO VESSEL 011,548000011,8500111,Philippines,Other,Port visit,2025-09-08 06:05:00,Asia/Manila,+08:00,14.86606,120.64974,22508
DEMO VESSEL 007,548000007,8500070,Philippines,Cargo,Loitering,2025-09-03 10:11:00,UTC,+00:00,14.42617,120.86397,12209
DEMO VESSEL 021,548000021,8500214,Belize,Dredging,Port visit,2025-09-19 16:00:00,Asia/Manila,+08:00,14.6427,120.50431,35049
DEMO VESSEL 005,548000005,1234568,Sierra Leone,Dredging,Encounter,2025-09-06 21:24:00,UTC,+00:00,14.51009,120.71638,37220
DEMO VESSEL 036,548000036,8500367,Sierra Leone,Cargo,Loitering,2025-09-10 03:02:00,Asia/Manila,+08:00,14.62078,120.48796,27228
DEMO VESSEL 012,548000012,8500123,Philippines,Dredging,Fishing event,2025-09-18 03:40:00,Asia/Manila,+08:00,14.32081,120.85885,36384
DEMO VESSEL 018,548000018,8500185,Philippines,Cargo,Encounter,02/09/2025 21:10,Asia/Manila,+08:00,14.63205,120.68613,7270
demo vessel 016,548000016,8500161,Philippines,Dredging,Port visit,19/09/2025 04:56,Asia/Manila,+08:00,14.40076,120.85173,6624
DEMO VESSEL 012,548000012,8500123,Philippines,Dredging,Port visit,2025-09-01 10:14:00,Asia/Manila,+08:00,14.29192,120.37832,3764
demo vessel 030,548000030,8500305,Philippines,Cargo,Encounter,03/09/2025 11:37,Asia/Manila,+08:00,14.66995,120.55721,21547
DEMO VESSEL 036 ,548000036,8500367,Sierra Leone,Cargo,Encounter,20/09/2025 14:33,Asia/Manila,+08:00,14.37407,120.73084,37760
DEMO VESSEL 012,548000012,8500123,Philippines,Dredging,Loitering,22/09/2025 00:07,Asia/Manila,+08:00,14.34469,120.46812,1687
DEMO VESSEL 019,548000019,8500197,Philippines,Cargo,Loitering,03/09/2025 23:24,Asia/Manila,+08:00,14.7084,120.36714,34258
DEMO VESSEL 033,548000033,8500331,Philippines,Cargo,Port visit,2025-09-21 22:45:00,Asia/Manila,+08:00,14.56261,120.65225,29069
DEMO VESSEL 007,667000007,8500070,Sierra Leone,Cargo,Encounter,04/09/2025 14:40,UTC,+00:00,14.56371,120.37767,1574
DEMO VESSEL 009,548000009,8500094,Belize,Cargo,Port visit,2025-09-02 02:43:00,Asia/Manila,+08:00,14.38738,120.55519,581
DEMO VESSEL 031,548000031,8500317,Philippines,Cargo,Encounter,2025-09-19 13:35:00,Asia/Manila,+08:00,14.22359,120.38298,1673
DEMO VESSEL 011,548000011,8500111,Philippines,Other,Loitering,04/09/2025 23:43,UTC,+00:00,14.20336,120.61812,20038
DEMO VESSEL 009,548000009,8500094,Belize,Cargo,Fishing event,12/09/2025 00:04,Asia/Manila,+08:00,14.67663,120.34071,28032
DEMO VESSEL 004,548000004,,Philippines,Dredging,Fishing event,2025-09-15 13:36:00,Asia/Manila,+08:00,14.4669,120.74738,18695
DEMO VESSEL 029,548000029,8500290,Philippines,Other,Fishing event,2025-09-04 11:55:00,UTC,+00:00,14.78308,120.75794,24797
DEMO VESSEL 035,548000035,8500355,Philippines,Other,Fishing event,2025-09-21 21:05:00,Asia/Manila,+08:00,14.83514,120.78985,39664
DEMO VESSEL 025,548000025,8500252,Philippines,Dredging,Encounter,11/09/2025 13:01,UTC,+00:00,14.89526,120.46103,29075
DEMO VESSEL 030,548000030,8500305,Philippines,Cargo,Fishing event,2025-09-21 10:14:00,Asia/Manila,+08:00,14.41973,120.5792,36663
DEMO VESSEL 034,548000034,8500343,Belize,Cargo,Fishing event,2025-09-23 11:13:00,Asia/Manila,+08:00,14.49309,120.89657,38003
DEMO VESSEL 025,548000025,8500252,Philippines,Dredging,Encounter,01/09/2025 22:29,Asia/Manila,+08:00,14.85773,120.89985,24929
DEMO VESSEL 005,548000005,1234568,Sierra Leone,Dredging,Loitering,2025-09-22 20:02:00,Asia/Manila,+08:00,14.61044,120.82327,10224
DEMO VESSEL 007,548000007,8500070,Philippines,Cargo,Encounter,22/09/2025 21:41,UTC,+00:00,14.25085,120.31838,30022
DEMO VESSEL 028,548000028,8500288,Philippines,Other,Loitering,2025-09-20 07:12:00,Asia/Manila,+08:00,14.68949,120.36753,15684
DEMOVESSEL001,548000001,8500018,Philippines,Dredging,Encounter,2025-09-15 08:12:00,Asia/Manila,+08:00,14.71178,120.68897,19634
DEMO VESSEL 009,548000009,8500094,Belize,Cargo,Loitering,2025-09-09 19:53:00,Asia/Manila,+08:00,14.79107,120.39214,30435
DEMO VESSEL 025,548000025,8500252,Philippines,Dredging,Encounter,2025-09-24 18:04:00,Asia/Manila,+08:00,14.6804,120.4683,2702
DEMO VESSEL 004,548000004,,Philippines,Dredging,Loitering,19/09/2025 01:42,Asia/Manila,+08:00,14.34831,120.76613,8455
DEMO VESSEL 011,548000011,8500111,Philippines,Other,Port visit,2025-09-08 21:03:00,Asia/Manila,+08:00,14.25563,120.43404,1463
DEMOVESSEL038,548000038,8500381,Philippines,Dredging,Port visit,2025-09-13 22:57:00,Asia/Manila,+08:00,14.33953,120.52115,37223
DEMO VESSEL 031,548000031,8500317,Philippines,Cargo,Encounter,2025-09-02 06:10:00,UTC,+00:00,14.42822,120.4793,6421
DEMO VESSEL 030,548000030,8500305,Philippines,Cargo,Port visit,20/09/2025 12:35,UTC,+00:00,14.56478,120.69395,12876
AIS TEST SHIP,100900301,,,,Loitering,2025-09-11 06:07:00,Asia/Manila,+08:00,14.46388,120.82068,26874
DEMO VESSEL 027,548000027,8500276,Philippines,Cargo,Port visit,2025-09-03 21:10:00,Asia/Manila,+08:00,14.84523,120.85529,395
DEMO VESSEL 001,548000001,8500018,Philippines,Dredging,Loitering,2025-09-19 23:58:00,Asia/Manila,+08:00,14.49904,120.59737,34671
DEMO VESSEL 025,548000025,8500252,Philippines,Dredging,Loitering,11/09/2025 02:16,Asia/Manila,+08:00,14.72666,120.74185,7413
DEMOVESSEL040,548000040,8500408,Philippines,Other,Fishing event,2025-09-04 23:11:00,Asia/Manila,+08:00,14.80318,120.51307,27935
DEMO VESSEL 030,548000030,8500305,Philippines,Cargo,Port visit,2025-09-13 07:08:00,Asia/Manila,+08:00,14.75848,120.6304,28097
DEMO VESSEL 002,548000002,8500020,Philippines,Cargo,Port visit,2025-09-18 00:40:00,Asia/Manila,+08:00,14.64066,120.42791,35542
DEMOVESSEL007,667000007,8500070,Sierra Leone,Cargo,Port visit,2025-09-11 00:39:00,UTC,+00:00,14.57764,120.48963,19274
DEMO VESSEL 001,548000001,8500018,Philippines,Dredging,Loitering,13/09/2025 17:07,Asia/Manila,+08:00,14.69283,120.42874,13418
DEMO VESSEL 009,548000009,8500094,Belize,Cargo,Fishing event,2025-09-01 02:01:00,Asia/Manila,+08:00,14.40139,120.82003,22118
DEMO VESSEL 027,548000027,8500276,Philippines,Cargo,Loitering,2025-09-07 01:51:00,Asia/Manila,+08:00,14.72278,120.41539,30684
DEMO VESSEL 007,667000007,8500070,Sierra Leone,Cargo,Loitering,2025-09-09 01:24:00,Asia/Manila,+08:00,14.68999,120.67955,37137
DEMO VESSEL 010,548000010,8500109,Belize,Other,Port visit,20/09/2025 10:21,Asia/Manila,+08:00,14.56576,120.72353,36606
DEMO VESSEL 040,548000040,8500408,Philippines,Other,Port visit,2025-09-27 23:52:00,Asia/Manila,+08:00,14.59233,120.77214,34488
DEMO VESSEL 008,548000008,8500082,Belize,Dredging,Loitering,18/09/2025 04:07,Asia/Manila,+08:00,14.59897,120.89885,27242
DEMO VESSEL 038,548000038,8500381,Philippines,Dredging,Encounter,2025-09-15 17:53:00,Asia/Manila,+08:00,14.78235,120.41113,36432
DEMO VESSEL 033,548000033,8500331,Philippines,Cargo,Fishing event,2025-09-20 06:40:00,Asia/Manila,+08:00,14.7345,120.81122,1572
DEMO VESSEL 040,548000040,8500408,Philippines,Other,Loitering,2025-09-06 06:10:00,UTC,+00:00,14.59042,120.37805,18242
DEMO VESSEL 033,548000033,8500331,Philippines,Cargo,Encounter,2025-09-17 21:25:00,Asia/Manila,+08:00,14.20367,120.46803,9735
DEMO VESSEL 013,548000013,8500135,Philippines,Other,Fishing event,2025-09-11 19:51:00,Asia/Manila,+08:00,14.50177,120.75541,24758
DEMO VESSEL 027,548000027,8500276,Philippines,Cargo,Encounter,2025-09-14 03:59:00,UTC,+00:00,14.59344,120.41571,34740
DEMO VESSEL 008,548000008,8500082,Belize,Dredging,Fishing event,2025-09-19 01:17:00,UTC,+00:00,14.561,120.74037,39334
DEMO VESSEL 020,548000020,8500202,Philippines,Other,Port visit,2025-09-16 03:24:00,Asia/Manila,+08:00,14.58598,120.65545,31544
DEMO VESSEL 001,548000001,8500018,Philippines,Dredging,Fishing event,17/09/2025 13:10,Asia/Manila,+08:00,14.29688,120.45,34110
DEMO VESSEL 036,548000036,8500367,Sierra Leone,Cargo,Port visit,2025-09-06 03:58:00,Asia/Manila,+08:00,14.8624,120.63743,18164
DEMO VESSEL 001,548000001,8500018,Philippines,Dredging,Port visit,2025-09-13 14:37:00,Asia/Manila,+08:00,14.76687,120.6911,4354
DEMO VESSEL 022,548000022,8500226,Sierra Leone,Dredging,Encounter,2025-09-23 03:49:00,UTC,+00:00,14.85568,120.84421,12002
DEMO VESSEL 039,548000039,8500393,Philippines,Dredging,Fishing event,03/09/2025 00:25,UTC,+00:00,14.26041,120.6324,14834
DEMO VESSEL 024,548000024,8500240,Philippines,Cargo,Fishing event,2025-09-18 04:43:00,Asia/Manila,+08:00,14.8406,120.40237,17642
DEMO VESSEL 009,548000009,8500094,Belize,Cargo,Loitering,15/09/2025 03:20,UTC,+00:00,14.74351,120.66104,29813
DEMO VESSEL 038,548000038,8500381,Philippines,Dredging,Port visit,2025-09-15 09:35:00,UTC,+00:00,14.38031,120.50837,3994
DEMO VESSEL 020,548000020,8500202,Philippines,Other,Port visit,2025-09-12 20:23:00,UTC,+00:00,14.53929,120.83479,38549
DEMO VESSEL 040,548000040,8500408,Philippines,Other,Fishing event,04/09/2025 11:15,Asia/Manila,+08:00,14.34657,120.73401,30908
DEMO VESSEL 005,548000005,1234568,Sierra Leone,Dredging,Encounter,2025-09-09 06:41:00,Asia/Manila,+08:00,14.67039,120.8398,34138
DEMO VESSEL 013,548000013,8500135,Philippines,Other,Port visit,2025-09-15 07:01:00,Asia/Manila,+08:00,14.63589,120.80478,7210
DEMO VESSEL 011,548000011,8500111,Philippines,Other,Encounter,11/09/2025 08:43,Asia/Manila,+08:00,14.60598,120.66531,27619
DEMO VESSEL 037,548000037,8500379,Belize,Cargo,Fishing event,2025-09-16 09:54:00,Asia/Manila,+08:00,14.87936,120.31819,33412
DEMO VESSEL 036,548000036,8500367,Sierra Leone,Cargo,Encounter,12/09/2025 04:40,Asia/Manila,+08:00,14.39259,120.52579,31770
DEMO VESSEL 040,548000040,8500408,Philippines,Other,Encounter,14/09/2025 10:23,Asia/Manila,+08:00,14.29154,120.60462,2464
DEMO VESSEL 036,548000036,8500367,Sierra Leone,Cargo,Loitering,05/09/2025 23:19,Asia/Manila,+08:00,14.85811,120.46148,27587
DEMO VESSEL 040,548000040,8500408,Philippines,Other,Loitering,2025-09-01 18:13:00,UTC,+00:00,14.25804,120.35801,10949
DEMO VESSEL 032,548000032,8500329,Philippines,Cargo,Loitering,22/09/2025 05:50,Asia/Manila,+08:00,14.35849,120.69045,15745
DEMO VESSEL 032,548000032,8500329,Philippines,Cargo,Encounter,2025-09-09 22:38:00,Asia/Manila,+08:00,14.84561,120.81273,38628
DEMO VESSEL 040,548000040,8500408,Philippines,Other,Loitering,2025-09-26 10:16:00,Asia/Manila,+08:00,14.877,120.70182,17778
DEMO VESSEL 019,548000019,8500197,Philippines,Cargo,Fishing event,2025-09-07 02:05:00,UTC,+00:00,14.60338,120.36404,7285
DEMO VESSEL 023,548000023,8500238,Belize,Cargo,Encounter,2025-09-11 09:04:00,Asia/Manila,+08:00,14.70053,120.67626,8259
DEMO VESSEL 031,548000031,8500317,Philippines,Cargo,Loitering,2025-09-14 22:32:00,Asia/Manila,+08:00,14.56651,120.49376,16254
DEMO VESSEL 017,548000017,8500173,Philippines,Other,Loitering,2025-09-03 02:56:00,Asia/Manila,+08:00,14.39764,120.74673,1982
DEMO VESSEL 007,548000007,8500070,Philippines,Cargo,Port visit,26/09/2025 14:16,Asia/Manila,+08:00,14.65534,120.70723,1959
DEMO VESSEL 033,548000033,8500331,Philippines,Cargo,Loitering,2025-09-04 20:04:00,Asia/Manila,+08:00,14.56007,120.50398,12717
DEMO VESSEL 039,548000039,8500393,Philippines,Dredging,Fishing event,26/09/2025 18:17,Asia/Manila,+08:00,14.8516,120.82912,31132
DEMO VESSEL 029,548000029,8500290,Philippines,Other,Port visit,2025-09-06 03:04:00,Asia/Manila,+08:00,14.58403,120.87919,27358
DEMO VESSEL 035,548000035,8500355,Philippines,Other,Encounter,2025-09-01 07:57:00,UTC,+00:00,14.86519,120.59529,19773
DEMO VESSEL 007,667000007,8500070,Sierra Leone,Cargo,Encounter,2025-09-18 21:19:00,UTC,+00:00,14.49854,120.78417,26910
DEMO VESSEL 037,548000037,8500379,Belize,Cargo,Encounter,2025-09-26 01:52:00,Asia/Manila,+08:00,14.4729,120.47904,31809
DEMO VESSEL 039,548000039,8500393,Philippines,Dredging,Encounter,15/09/2025 08:02,UTC,+00:00,14.38037,120.39262,24550
DEMO VESSEL 008,548000008,8500082,Belize,Dredging,Fishing event,2025-09-01 03:56:00,Asia/Manila,+08:00,14.47826,120.59727,4982
DEMO VESSEL 032,548000032,8500329,Philippines,Cargo,Loitering,05/09/2025 13:17,Asia/Manila,+08:00,14.61275,120.35054,9403
DEMO VESSEL 025,548000025,8500252,Philippines,Dredging,Encounter,2025-09-17 04:06:00,Asia/Manila,+08:00,14.79868,120.75799,21148
DEMO VESSEL 018,548000018,8500185,Philippines,Cargo,Encounter,2025-09-04 10:26:00,UTC,+00:00,14.39943,120.79168,22812
DEMO VESSEL 003,548000003,8500032,Philippines,Cargo,Encounter,2025-09-10 18:46:00,Asia/Manila,+08:00,14.2131,120.64644,4639
DEMO VESSEL 035,548000035,8500355,Philippines,Other,Port visit,2025-09-26 12:39:00,UTC,+00:00,14.25102,120.55069,24467
DEMO VESSEL 013,548000013,8500135,Philippines,Other,Fishing event,18/09/2025 21:36,Asia/Manila,+08:00,14.61134,120.31437,30523
DEMO VESSEL 032,548000032,8500329,Philippines,Cargo,Encounter,2025-09-06 11:51:00,UTC,+00:00,14.26665,120.66042,19406
DEMO VESSEL 021,548000021,8500214,Belize,Dredging,Loitering,01/09/2025 15:15,UTC,+00:00,14.85364,120.83451,3043
DEMO VESSEL 006,548000006,64,Philippines,Dredging,Fishing event,2025-09-18 03:37:00,Asia/Manila,+08:00,14.58751,120.63096,21079
DEMO VESSEL 017 ,548000017,8500173,Philippines,Other,Encounter,2025-09-14 19:26:00,Asia/Manila,+08:00,14.25574,120.40164,9018
DEMO VESSEL 002,548000002,8500020,Philippines,Cargo,Encounter,2025-09-02 15:23:00,Asia/Manila,+08:00,14.88975,120.8382,26375
DEMO VESSEL 036,548000036,8500367,Sierra Leone,Cargo,Loitering,2025-09-04 05:21:00,Asia/Manila,+08:00,14.45185,120.46344,8498
DEMO VESSEL 038,548000038,8500381,Philippines,Dredging,Port visit,2025-09-18 03:59:00,Asia/Manila,+08:00,14.64288,120.60069,39615
DEMO VESSEL 006 ,548000006,64,Philippines,Dredging,Loitering,2025-09-09 18:20:00,Asia/Manila,+08:00,14.35532,120.38485,34785
DEMO VESSEL 030,548000030,8500305,Philippines,Cargo,Fishing event,2025-09-05 12:40:00,Asia/Manila,+08:00,14.23031,120.53308,31351
demo vessel 020,548000020,8500202,Philippines,Other,Loitering,2025-09-19 07:00:00,Asia/Manila,+08:00,14.23949,120.3867,3720
DEMO VESSEL 020,548000020,8500202,Philippines,Other,Loitering,2025-09-08 04:12:00,Asia/Manila,+08:00,14.83786,120.35923,15417
DEMO VESSEL 034,548000034,8500343,Belize,Cargo,Encounter,27/09/2025 07:58,UTC,+00:00,14.70264,120.5294,3998
DEMO VESSEL 027,548000027,8500276,Philippines,Cargo,Port visit,2025-08-10 08:05:00,Asia/Manila,+08:00,14.56264,120.39816,8895
DEMO VESSEL 004,548000004,,Philippines,Dredging,Fishing event,2025-09-09 01:05:00,Asia/Manila,+08:00,14.45449,120.62666,16575
DEMO VESSEL 009,548000009,8500094,Belize,Cargo,Loitering,2025-09-15 06:58:00,Asia/Manila,+08:00,14.59501,120.58314,14964
DEMO VESSEL 019,548000019,8500197,Philippines,Cargo,Loitering,04/09/2025 07:26,Asia/Manila,+08:00,14.23281,120.6769,27723
demo vessel 002,548000002,8500020,Philippines,Cargo,Loitering,04/09/2025 18:07,Asia/Manila,+08:00,14.7763,120.52012,36105
DEMO VESSEL 036,548000036,8500367,Sierra Leone,Cargo,Fishing event,2025-09-20 23:12:00,UTC,+00:00,14.63643,120.77587,26031
DEMO VESSEL 021 ,548000021,8500214,Belize,Dredging,Fishing event,2025-09-03 17:05:00,UTC,+00:00,14.26022,120.88452,15105
DEMO VESSEL 003,548000003,8500032,Philippines,Cargo,Fishing event,2025-09-11 14:43:00,Asia/Manila,+08:00,14.69954,120.8584,19351
DEMO VESSEL 020,548000020,8500202,Philippines,Other,Loitering,2025-09-26 16:31:00,UTC,+00:00,14.55839,120.48274,23599
AIS TEST SHIP,100900301,,,,Encounter,2025-09-17 08:16:00,Asia/Manila,+08:00,14.28663,120.48693,30389
demo vessel 006,548000006,64,Philippines,Dredging,Port visit,2025-09-25 12:13:00,Asia/Manila,+08:00,14.64624,120.76408,32699
DEMO VESSEL 007,667000007,8500070,Sierra Leone,Cargo,Encounter,20/09/2025 09:23,Asia/Manila,+08:00,14.48582,120.64423,13998
DEMO VESSEL 040,548000040,8500408,Philippines,Other,Encounter,26/09/2025 12:41,Asia/Manila,+08:00,14.4162,120.621,28305
DEMO VESSEL 030,548000030,8500305,Philippines,Cargo,Encounter,2025-09-07 20:42:00,Asia/Manila,+08:00,14.50529,120.51652,35478
DEMO VESSEL 014,548000014,8500147,Philippines,Cargo,Encounter,09/09/2025 02:21,Asia/Manila,+08:00,14.39801,120.54891,14808
DEMO VESSEL 039,548000039,8500393,Philippines,Dredging,Loitering,2025-09-20 06:49:00,Asia/Manila,+08:00,14.86707,120.81004,10528
DEMO VESSEL 003,548000003,8500032,Philippines,Cargo,Port visit,2025-09-19 11:02:00,Asia/Manila,+08:00,14.69342,120.3679,34798
demo vessel 013,548000013,8500135,Philippines,Other,Fishing event,2025-09-24 15:19:00,Asia/Manila,+08:00,14.54232,120.51693,39907
DEMO VESSEL 040,548000040,8500408,Philippines,Other,Fishing event,2025-09-22 15:48:00,UTC,+00:00,14.20784,120.36952,7645
AIS TEST SHIP,100900301,,,,Fishing event,2025-09-03 18:47:00,Asia/Manila,+08:00,14.42117,120.48481,25176
DEMO VESSEL 035,548000035,8500355,Philippines,Other,Fishing event,2025-09-02 20:08:00,Asia/Manila,+08:00,14.74225,120.86911,26155
DEMO VESSEL 035,548000035,8500355,Philippines,Other,Port visit,20/09/2025 08:31,Asia/Manila,+08:00,14.61023,120.74736,30353
DEMOVESSEL030,548000030,8500305,Philippines,Cargo,Loitering,2025-09-18 15:49:00,Asia/Manila,+08:00,14.67214,120.71119,27979
DEMO VESSEL 014,548000014,8500147,Philippines,Cargo,Port visit,2025-09-05 03:01:00,Asia/Manila,+08:00,14.73005,120.48684,11191
DEMO VESSEL 024,548000024,8500240,Philippines,Cargo,Fishing event,2025-09-19 11:25:00,Asia/Manila,+08:00,14.30506,120.50327,737
DEMO VESSEL 007,667000007,8500070,Sierra Leone,Cargo,Fishing event,2025-09-15 00:08:00,UTC,+00:00,14.62294,120.87975,22054
DEMO VESSEL 029,548000029,8500290,Philippines,Other,Loitering,2025-09-14 17:47:00,Asia/Manila,+08:00,14.3205,120.49794,29438
DEMO VESSEL 006,548000006,64,Philippines,Dredging,Loitering,06/09/2025 14:17,UTC,+00:00,14.57496,120.7346,11697
DEMO VESSEL 007,548000007,8500070,Philippines,Cargo,Encounter,2025-09-12 21:39:00,Asia/Manila,+08:00,14.25269,120.60544,7675
DEMO VESSEL 001,548000001,8500018,Philippines,Dredging,Port visit,2025-09-12 00:23:00,Asia/Manila,+08:00,14.34993,120.8686,10454
DEMO VESSEL 036,548000036,8500367,Sierra Leone,Cargo,Encounter,2025-09-15 10:10:00,Asia/Manila,+08:00,14.51165,120.39762,8708
DEMO VESSEL 012,548000012,8500123,Philippines,Dredging,Port visit,2025-09-01 12:25:00,Asia/Manila,+08:00,14.8427,120.86836,2451
DEMO VESSEL 002,548000002,8500020,Philippines,Cargo,Encounter,2025-09-14 11:55:00,Asia/Manila,+08:00,14.50027,120.86305,38903
DEMO VESSEL 025,548000025,8500252,Philippines,Dredging,Port visit,2025-09-27 00:48:00,Asia/Manila,+08:00,14.38345,120.4721,15010
DEMO VESSEL 018,548000018,8500185,Philippines,Cargo,Fishing event,2025-09-08 11:59:00,Asia/Manila,+08:00,14.52582,120.50126,26352
DEMO VESSEL 014,548000014,8500147,Philippines,Cargo,Fishing event,2025-09-14 10:40:00,Asia/Manila,+08:00,14.71576,120.82895,24384
DEMO VESSEL 026,548000026,8500264,Philippines,Cargo,Loitering,07/09/2025 02:14,Asia/Manila,+08:00,14.24965,120.67127,28171
DEMO VESSEL 029,548000029,8500290,Philippines,Other,Port visit,2025-09-23 20:34:00,Asia/Manila,+08:00,14.35522,120.30486,4822
DEMO VESSEL 036,548000036,8500367,Sierra Leone,Cargo,Port visit,16/09/2025 11:45,Asia/Manila,+08:00,14.76742,120.39573,7404
DEMO VESSEL 002,548000002,8500020,Philippines,Cargo,Encounter,22/09/2025 01:11,Asia/Manila,+08:00,14.88699,120.87245,20661
DEMO VESSEL 011,548000011,8500111,Philippines,Other,Loitering,2025-09-22 11:56:00,Asia/Manila,+08:00,14.71372,120.87794,33889
DEMO VESSEL 006,548000006,64,Philippines,Dredging,Loitering,2025-09-08 03:54:00,Asia/Manila,+08:00,14.89714,120.54506,1801
DEMO VESSEL 003,548000003,8500032,Philippines,Cargo,Loitering,05/09/2025 03:23,Asia/Manila,+08:00,14.41228,120.59156,3488
DEMOVESSEL028,548000028,8500288,Philippines,Other,Encounter,18/09/2025 19:46,UTC,+00:00,14.67467,120.89727,9405
DEMO VESSEL 002,548000002,8500020,Philippines,Cargo,Port visit,2025-09-17 22:44:00,Asia/Manila,+08:00,14.70866,120.58916,36891
demo vessel 039,548000039,8500393,Philippines,Dredging,Port visit,2025-09-23 15:54:00,Asia/Manila,+08:00,14.64762,120.51328,27228
DEMO VESSEL 006,548000006,64,Philippines,Dredging,Encounter,2025-09-11 18:21:00,Asia/Manila,+08:00,14.33443,120.46023,33659
DEMO VESSEL 026,548000026,8500264,Philippines,Cargo,Fishing event,2025-09-17 22:33:00,Asia/Manila,+08:00,14.67988,120.83623,14492
DEMO VESSEL 007,548000007,8500070,Philippines,Cargo,Fishing event,2025-09-27 04:17:00,Asia/Manila,+08:00,14.36066,120.48335,34031
DEMO VESSEL 009,548000009,8500094,Belize,Cargo,Fishing event,2025-09-09 04:03:00,Asia/Manila,+08:00,14.25228,120.33683,32128
DEMO VESSEL 036,548000036,8500367,Sierra Leone,Cargo,Port visit,2025-09-25 00:33:00,Asia/Manila,+08:00,14.31203,120.54078,9590
DEMO VESSEL 029,548000029,8500290,Philippines,Other,Fishing event,2025-09-16 03:12:00,Asia/Manila,+08:00,14.37792,120.87149,2882
DEMO VESSEL 019,548000019,8500197,Philippines,Cargo,Port visit,09/09/2025 17:13,UTC,+00:00,14.41922,120.76582,32044
DEMO VESSEL 017,548000017,8500173,Philippines,Other,Fishing event,2025-09-10 00:06:00,UTC,+00:00,14.52474,120.54111,38420
DEMO VESSEL 013,548000013,8500135,Philippines,Other,Port visit,2025-09-24 04:17:00,Asia/Manila,+08:00,14.42919,120.61576,32151
demo vessel 029,548000029,8500290,Philippines,Other,Port visit,2025-09-16 20:48:00,Asia/Manila,+08:00,14.5657,120.64679,10124
DEMO VESSEL 017,548000017,8500173,Philippines,Other,Fishing event,01/09/2025 21:55,Asia/Manila,+08:00,14.73788,120.60687,22069
DEMO VESSEL 009,548000009,8500094,Belize,Cargo,Fishing event,2025-09-14 21:28:00,Asia/Manila,+08:00,14.75775,120.41568,29448
DEMO VESSEL 018,548000018,8500185,Philippines,Cargo,Port visit,2025-09-03 00:31:00,Asia/Manila,+08:00,14.82354,120.45087,23795
DEMO VESSEL 028,548000028,8500288,Philippines,Other,Port visit,2025-09-10 11:26:00,Asia/Manila,+08:00,14.37542,120.50763,28619
DEMO VESSEL 005,548000005,1234568,Sierra Leone,Dredging,Port visit,2025-09-09 18:56:00,Asia/Manila,+08:00,14.39935,120.37113,19205
demo vessel 020,548000020,8500202,Philippines,Other,Encounter,2025-09-16 01:21:00,UTC,+00:00,14.35753,120.81474,26022
demo vessel 019,548000019,8500197,Philippines,Cargo,Port visit,2025-09-02 01:23:00,Asia/Manila,+08:00,14.21459,120.38636,14866
DEMO VESSEL 007,667000007,8500070,Sierra Leone,Cargo,Loitering,2025-09-19 09:28:00,Asia/Manila,+08:00,14.40433,120.30671,13930
DEMO VESSEL 030,548000030,8500305,Philippines,Cargo,Port visit,2025-09-12 21:32:00,Asia/Manila,+08:00,14.87266,120.6594,8018
DEMO VESSEL 029,548000029,8500290,Philippines,Other,Port visit,2025-09-22 10:06:00,UTC,+00:00,14.40783,120.87678,21008
DEMO VESSEL 034,548000034,8500343,Belize,Cargo,Encounter,2025-09-15 12:29:00,UTC,+00:00,14.412,120.42422,32334
DEMO VESSEL 029,548000029,8500290,Philippines,Other,Port visit,2025-08-14 10:19:00,UTC,+00:00,14.82685,120.64645,35384
DEMO VESSEL 033,548000033,8500331,Philippines,Cargo,Port visit,2025-09-18 13:12:00,Asia/Manila,+08:00,14.61229,120.40891,15019
DEMO VESSEL 028 ,548000028,8500288,Philippines,Other,Fishing event,2025-09-22 18:15:00,Asia/Manila,+08:00,14.89535,120.33914,36255
DEMO VESSEL 029,548000029,8500290,Philippines,Other,Fishing event,2025-09-03 09:18:00,Asia/Manila,+08:00,14.37232,120.50644,20954
DEMOVESSEL023,548000023,8500238,Belize,Cargo,Loitering,2025-09-06 01:33:00,Asia/Manila,+08:00,14.27971,120.87321,7573
DEMO VESSEL 015,548000015,8500159,Philippines,Cargo,Fishing event,08/09/2025 03:48,Asia/Manila,+08:00,14.28603,120.63038,35679
DEMO VESSEL 021,548000021,8500214,Belize,Dredging,Encounter,2025-09-24 02:10:00,Asia/Manila,+08:00,14.40553,120.89953,31548
DEMO VESSEL 019,548000019,8500197,Philippines,Cargo,Encounter,12/09/2025 17:22,Asia/Manila,+08:00,14.21905,120.30097,20622
DEMO VESSEL 034,548000034,8500343,Belize,Cargo,Encounter,2025-09-08 03:13:00,Asia/Manila,+08:00,14.54216,120.51697,34715
DEMO VESSEL 035,548000035,8500355,Philippines,Other,Loitering,2025-09-13 23:20:00,UTC,+00:00,14.60411,120.77005,16896
DEMO VESSEL 020,548000020,8500202,Philippines,Other,Encounter,2025-09-19 15:55:00,UTC,+00:00,14.2524,120.5882,9547
DEMO VESSEL 021,548000021,8500214,Belize,Dredging,Loitering,2025-09-27 15:13:00,Asia/Manila,+08:00,14.29136,120.39439,15427
demo vessel 020,548000020,8500202,Philippines,Other,Fishing event,18/09/2025 15:30,Asia/Manila,+08:00,14.82991,120.51082,13931
DEMO VESSEL 033,548000033,8500331,Philippines,Cargo,Loitering,16/09/2025 06:52,Asia/Manila,+08:00,14.68192,120.89151,20915
DEMO VESSEL 024,548000024,8500240,Philippines,Cargo,Port visit,03/09/2025 05:12,UTC,+00:00,14.70973,120.61607,15517
DEMO VESSEL 018,548000018,8500185,Philippines,Cargo,Loitering,2025-09-14 14:28:00,Asia/Manila,+08:00,14.2242,120.49251,4209
DEMO VESSEL 035,548000035,8500355,Philippines,Other,Loitering,19/09/2025 19:15,UTC,+00:00,14.61391,120.48948,17300
DEMO VESSEL 007,548000007,8500070,Philippines,Cargo,Fishing event,2025-09-19 06:55:00,UTC,+00:00,14.61662,120.46742,34029
demo vessel 026,548000026,8500264,Philippines,Cargo,Fishing event,2025-09-04 04:14:00,Asia/Manila,+08:00,14.35413,120.80517,6110
DEMO VESSEL 032,548000032,8500329,Philippines,Cargo,Port visit,2025-09-08 03:45:00,Asia/Manila,+08:00,14.83729,120.50552,21824
DEMO VESSEL 023,548000023,8500238,Belize,Cargo,Loitering,16/09/2025 20:50,Asia/Manila,+08:00,14.76253,120.83483,9583
DEMO VESSEL 031,548000031,8500317,Philippines,Cargo,Port visit,2025-09-27 00:54:00,Asia/Manila,+08:00,14.8685,120.40113,38053
DEMOVESSEL035,548000035,8500355,Philippines,Other,Encounter,2025-09-22 17:31:00,UTC,+00:00,14.82372,120.48357,18687
DEMO VESSEL 013,548000013,8500135,Philippines,Other,Fishing event,2025-09-01 11:14:00,Asia/Manila,+08:00,14.57357,120.85495,16531
DEMO VESSEL 017,548000017,8500173,Philippines,Other,Encounter,26/09/2025 07:49,Asia/Manila,+08:00,14.25315,120.85334,16073
DEMO VESSEL 015,548000015,8500159,Philippines,Cargo,Fishing event,27/09/2025 20:39,Asia/Manila,+08:00,14.70334,120.83472,1866
DEMO VESSEL 002,548000002,8500020,Philippines,Cargo,Encounter,23/09/2025 20:20,Asia/Manila,+08:00,14.5936,120.64968,27981
DEMO VESSEL 014,548000014,8500147,Philippines,Cargo,Fishing event,2025-09-06 00:30:00,Asia/Manila,+08:00,14.41624,120.34791,5390
DEMO VESSEL 021,548000021,8500214,Belize,Dredging,Fishing event,2025-09-19 03:23:00,Asia/Manila,+08:00,14.47802,120.49698,39002
DEMO VESSEL 019,548000019,8500197,Philippines,Cargo,Loitering,2025-09-11 20:20:00,Asia/Manila,+08:00,14.566,120.4139,32163
DEMO VESSEL 017,548000017,8500173,Philippines,Other,Encounter,2025-09-20 05:04:00,Asia/Manila,+08:00,14.28251,120.33598,31162
DEMO VESSEL 030,548000030,8500305,Philippines,Cargo,Loitering,07/09/2025 22:26,Asia/Manila,+08:00,14.46424,120.41089,15569
DEMO VESSEL 007,667000007,8500070,Sierra Leone,Cargo,Loitering,2025-09-20 18:37:00,Asia/Manila,+08:00,14.44116,120.40616,603
DEMO VESSEL 029,548000029,8500290,Philippines,Other,Loitering,18/09/2025 11:56,Asia/Manila,+08:00,14.34628,120.8078,790
DEMO VESSEL 005,548000005,1234568,Sierra Leone,Dredging,Port visit,02/09/2025 21:55,UTC,+00:00,14.56679,120.40697,6765
DEMO VESSEL 034,548000034,8500343,Belize,Cargo,Port visit,2025-09-03 04:36:00,Asia/Manila,+08:00,14.89395,120.59415,18206
DEMO VESSEL 027,548000027,8500276,Philippines,Cargo,Encounter,19/09/2025 11:13,Asia/Manila,+08:00,14.44785,120.76451,33106
DEMO VESSEL 030,548000030,8500305,Philippines,Cargo,Fishing event,2025-09-27 13:06:00,Asia/Manila,+08:00,14.74503,120.47959,32300
DEMO VESSEL 025,548000025,8500252,Philippines,Dredging,Port visit,2025-09-06 11:43:00,UTC,+00:00,14.38595,120.74097,36869
DEMO VESSEL 013,548000013,8500135,Philippines,Other,Port visit,2025-09-26 03:10:00,UTC,+00:00,14.25647,120.79013,30465
DEMO VESSEL 033,548000033,8500331,Philippines,Cargo,Port visit,2025-09-04 09:34:00,Asia/Manila,+08:00,14.67855,120.82935,18626
DEMO VESSEL 007,667000007,8500070,Sierra Leone,Cargo,Encounter,15/09/2025 12:12,Asia/Manila,+08:00,14.72467,120.45634,32376
DEMO VESSEL 018,548000018,8500185,Philippines,Cargo,Fishing event,2025-09-04 05:03:00,UTC,+00:00,14.73379,120.72912,7880
DEMOVESSEL007,548000007,8500070,Philippines,Cargo,Fishing event,2025-09-22 09:27:00,UTC,+00:00,14.55186,120.58791,35087
DEMO VESSEL 007,548000007,8500070,Philippines,Cargo,Fishing event,2025-09-21 21:46:00,Asia/Manila,+08:00,14.57158,120.51376,24440
DEMO VESSEL 032,548000032,8500329,Philippines,Cargo,Port visit,2025-09-22 01:50:00,Asia/Manila,+08:00,14.64163,120.83138,17549
DEMO VESSEL 005,548000005,1234568,Sierra Leone,Dredging,Fishing event,05/09/2025 14:18,Asia/Manila,+08:00,14.84343,120.37196,9266
DEMO VESSEL 027,548000027,8500276,Philippines,Cargo,Fishing event,2025-09-10 01:54:00,Asia/Manila,+08:00,14.20686,120.78094,3628
DEMO VESSEL 015,548000015,8500159,Philippines,Cargo,Loitering,2025-09-16 17:31:00,Asia/Manila,+08:00,14.55297,120.81574,12774
DEMO VESSEL 021,548000021,8500214,Belize,Dredging,Encounter,10/09/2025 04:26,Asia/Manila,+08:00,14.50892,120.58575,35011
DEMO VESSEL 025,548000025,8500252,Philippines,Dredging,Port visit,2025-09-10 01:50:00,UTC,+00:00,14.49349,120.59502,30801
DEMOVESSEL039,548000039,8500393,Philippines,Dredging,Loitering,2025-09-05 14:12:00,Asia/Manila,+08:00,14.32539,120.40406,2406
DEMO VESSEL 006,548000006,64,Philippines,Dredging,Loitering,07/09/2025 11:24,UTC,+00:00,14.26187,120.82274,5063
DEMOVESSEL007,667000007,8500070,Sierra Leone,Cargo,Port visit,2025-09-15 17:17:00,UTC,+00:00,14.48359,120.65576,9836
DEMO VESSEL 013,548000013,8500135,Philippines,Other,Port visit,2025-09-22 09:55:00,UTC,+00:00,14.30781,120.45683,30950
demo vessel 039,548000039,8500393,Philippines,Dredging,Port visit,2025-09-05 07:06:00,UTC,+00:00,14.57426,120.55148,28390
DEMO VESSEL 009,548000009,8500094,Belize,Cargo,Loitering,2025-09-23 09:31:00,Asia/Manila,+08:00,14.82265,120.68218,4508
DEMO VESSEL 030,548000030,8500305,Philippines,Cargo,Fishing event,2025-09-13 15:13:00,UTC,+00:00,14.67552,120.36515,31659
DEMO VESSEL 007,548000007,8500070,Philippines,Cargo,Fishing event,2025-09-02 03:51:00,Asia/Manila,+08:00,14.21865,120.84688,29747
DEMO VESSEL 001,548000001,8500018,Philippines,Dredging,Fishing event,2025-09-03 09:29:00,UTC,+00:00,14.45812,120.47225,39233
DEMO VESSEL 004,548000004,,Philippines,Dredging,Port visit,2025-09-26 16:31:00,Asia/Manila,+08:00,14.60931,120.72825,7989
DEMO VESSEL 033,548000033,8500331,Philippines,Cargo,Fishing event,2025-09-05 02:53:00,Asia/Manila,+08:00,14.28537,120.61108,37102
DEMO VESSEL 040,548000040,8500408,Philippines,Other,Fishing event,2025-09-16 21:08:00,Asia/Manila,+08:00,14.72742,120.73824,36302
DEMO VESSEL 004,548000004,,Philippines,Dredging,Encounter,2025-09-24 22:34:00,Asia/Manila,+08:00,14.40303,120.70052,25936
DEMO VESSEL 020,548000020,8500202,Philippines,Other,Fishing event,2025-09-17 02:24:00,Asia/Manila,+08:00,14.80032,120.72811,39262
DEMO VESSEL 028,548000028,8500288,Philippines,Other,Loitering,2025-09-16 07:51:00,Asia/Manila,+08:00,14.76752,120.55041,16440
DEMO VESSEL 033,548000033,8500331,Philippines,Cargo,Port visit,2025-09-03 16:04:00,Asia/Manila,+08:00,14.28707,120.33005,36662
DEMO VESSEL 004,548000004,,Philippines,Dredging,Encounter,11/09/2025 00:14,Asia/Manila,+08:00,14.37597,120.72196,5200
DEMO VESSEL 016,548000016,8500161,Philippines,Dredging,Loitering,2025-09-24 16:31:00,Asia/Manila,+08:00,14.53361,120.44634,27698
DEMO VESSEL 017,548000017,8500173,Philippines,Other,Fishing event,15/09/2025 08:39,UTC,+00:00,14.8041,120.38974,33927
DEMO VESSEL 027,548000027,8500276,Philippines,Cargo,Fishing event,2025-09-09 07:48:00,Asia/Manila,+08:00,14.45156,120.47193,21458
DEMO VESSEL 014,548000014,8500147,Philippines,Cargo,Port visit,2025-09-14 17:20:00,UTC,+00:00,14.63757,120.47883,14121
DEMO VESSEL 029,548000029,8500290,Philippines,Other,Fishing event,2025-09-06 09:34:00,Asia/Manila,+08:00,14.84774,120.77306,12157
DEMO VESSEL 027,548000027,8500276,Philippines,Cargo,Fishing event,08/09/2025 20:14,Asia/Manila,+08:00,14.88381,120.44659,28455
DEMO VESSEL 013,548000013,8500135,Philippines,Other,Port visit,2025-09-17 15:11:00,UTC,+00:00,14.38077,120.64317,14639
DEMO VESSEL 004,548000004,,Philippines,Dredging,Loitering,2025-09-16 21:45:00,Asia/Manila,+08:00,14.73507,120.82906,8912
DEMO VESSEL 006,548000006,64,Philippines,Dredging,Encounter,2025-09-13 14:24:00,UTC,+00:00,14.73838,120.69404,25233
DEMO VESSEL 040,548000040,8500408,Philippines,Other,Encounter,17/09/2025 02:38,Asia/Manila,+08:00,14.47057,120.59426,23562
DEMO VESSEL 029,548000029,8500290,Philippines,Other,Fishing event,2025-09-07 21:41:00,Asia/Manila,+08:00,14.51527,120.64993,21062
DEMO VESSEL 023,548000023,8500238,Belize,Cargo,Encounter,2025-09-06 04:15:00,Asia/Manila,+08:00,14.29871,120.66145,26607
DEMO VESSEL 007,548000007,8500070,Philippines,Cargo,Fishing event,18/09/2025 12:43,Asia/Manila,+08:00,14.82842,120.51218,25664
DEMOVESSEL034,548000034,8500343,Belize,Cargo,Port visit,2025-09-24 17:06:00,Asia/Manila,+08:00,14.50711,120.87839,6716
DEMO VESSEL 002,548000002,8500020,Philippines,Cargo,Fishing event,01/09/2025 20:46,Asia/Manila,+08:00,14.60993,120.72053,19294
DEMO VESSEL 028,548000028,8500288,Philippines,Other,Encounter,2025-09-06 13:15:00,Asia/Manila,+08:00,14.5978,120.75222,3349
DEMO VESSEL 002 ,548000002,8500020,Philippines,Cargo,Fishing event,2025-09-27 11:32:00,UTC,+00:00,14.4075,120.69092,11270
DEMO VESSEL 017,548000017,8500173,Philippines,Other,Loitering,2025-09-04 04:42:00,UTC,+00:00,14.4817,120.45957,16835
DEMO VESSEL 015,548000015,8500159,Philippines,Cargo,Loitering,2025-09-04 13:28:00,Asia/Manila,+08:00,14.47627,120.50158,31806
DEMO VESSEL 008,548000008,8500082,Belize,Dredging,Port visit,2025-09-18 07:45:00,Asia/Manila,+08:00,14.67278,120.72025,786
DEMO VESSEL 001,548000001,8500018,Philippines,Dredging,Fishing event,09/09/2025 05:16,UTC,+00:00,14.4066,120.82224,9524
DEMO VESSEL 015,548000015,8500159,Philippines,Cargo,Encounter,2025-09-07 12:49:00,Asia/Manila,+08:00,14.77277,120.46049,38624
DEMO VESSEL 024,548000024,8500240,Philippines,Cargo,Fishing event,2025-09-03 21:11:00,UTC,+00:00,14.40539,120.74768,23888
demo vessel 006,548000006,64,Philippines,Dredging,Fishing event,2025-09-16 13:57:00,Asia/Manila,+08:00,14.76541,120.41723,17932
AIS TEST SHIP,100900301,,,,Loitering,10/09/2025 10:31,Asia/Manila,+08:00,14.38312,120.3736,14697
DEMO VESSEL 003,548000003,8500032,Philippines,Cargo,Fishing event,2025-09-11 12:16:00,Asia/Manila,+08:00,14.26953,120.40089,10407
DEMO VESSEL 033,548000033,8500331,Philippines,Cargo,Port visit,24/09/2025 16:24,Asia/Manila,+08:00,14.28086,120.47428,29469
DEMO VESSEL 018,548000018,8500185,Philippines,Cargo,Fishing event,14/09/2025 07:26,Asia/Manila,+08:00,14.41833,120.48566,26763
DEMO VESSEL 009 ,548000009,8500094,Belize,Cargo,Fishing event,03/09/2025 03:25,Asia/Manila,+08:00,14.60484,120.72623,3416
DEMO VESSEL 021,548000021,8500214,Belize,Dredging,Loitering,12/09/2025 18:51,Asia/Manila,+08:00,14.29678,120.34252,20013
DEMO VESSEL 012,548000012,8500123,Philippines,Dredging,Loitering,2025-09-14 11:58:00,Asia/Manila,+08:00,14.35051,120.64265,20448
DEMO VESSEL 014,548000014,8500147,Philippines,Cargo,Loitering,14/09/2025 16:10,Asia/Manila,+08:00,14.21148,120.49619,11124
DEMOVESSEL004,548000004,,Philippines,Dredging,Fishing event,2025-09-06 10:13:00,Asia/Manila,+08:00,14.50619,120.67734,37773
DEMO VESSEL 010,548000010,8500109,Belize,Other,Port visit,20/09/2025 13:15,Asia/Manila,+08:00,14.23487,120.87325,4299
DEMOVESSEL019,548000019,8500197,Philippines,Cargo,Loitering,2025-09-24 04:53:00,Asia/Manila,+08:00,14.57192,120.35521,12643
DEMO VESSEL 021,548000021,8500214,Belize,Dredging,Port visit,2025-09-17 11:53:00,Asia/Manila,+08:00,14.59027,120.6278,29178
DEMO VESSEL 020,548000020,8500202,Philippines,Other,Fishing event,2025-09-21 12:06:00,Asia/Manila,+08:00,14.31212,120.61004,24813
DEMO VESSEL 036,548000036,8500367,Sierra Leone,Cargo,Port visit,2025-09-18 04:16:00,UTC,+00:00,14.58904,120.69894,4995
DEMO VESSEL 022,548000022,8500226,Sierra Leone,Dredging,Encounter,2025-09-26 11:55:00,UTC,+00:00,14.86087,120.43899,20496
DEMO VESSEL 034,548000034,8500343,Belize,Cargo,Loitering,2025-09-02 15:27:00,UTC,+00:00,14.73661,120.88173,21225
DEMO VESSEL 036,548000036,8500367,Sierra Leone,Cargo,Encounter,2025-09-16 18:25:00,Asia/Manila,+08:00,14.82551,120.66627,10885
DEMOVESSEL027,548000027,8500276,Philippines,Cargo,Fishing event,16/09/2025 03:13,Asia/Manila,+08:00,14.48297,120.82463,7089
DEMO VESSEL 039,548000039,8500393,Philippines,Dredging,Fishing event,2025-09-14 15:19:00,Asia/Manila,+08:00,14.88072,120.89268,34640
DEMO VESSEL 036,548000036,8500367,Sierra Leone,Cargo,Encounter,19/09/2025 21:33,Asia/Manila,+08:00,14.61003,120.54627,8805
DEMO VESSEL 002,548000002,8500020,Philippines,Cargo,Port visit,2025-09-18 00:40:00,Asia/Manila,+08:00,14.64066,120.42791,35542
DEMO VESSEL 030,548000030,8500305,Philippines,Cargo,Loitering,2025-09-10 07:48:00,UTC,+00:00,14.39357,120.53968,39766
DEMO VESSEL 029,548000029,8500290,Philippines,Other,Fishing event,2025-09-20 11:59:00,Asia/Manila,+08:00,14.66741,120.58176,11361
DEMO VESSEL 009,548000009,8500094,Belize,Cargo,Port visit,15/09/2025 16:07,Asia/Manila,+08:00,14.41681,120.79437,22315
DEMO VESSEL 033,548000033,8500331,Philippines,Cargo,Port visit,2025-09-11 06:48:00,UTC,+00:00,14.89355,120.61871,30536
DEMO VESSEL 007,667000007,8500070,Sierra Leone,Cargo,Port visit,2025-09-02 02:48:00,Asia/Manila,+08:00,14.48293,120.75819,5470
DEMOVESSEL038,548000038,8500381,Philippines,Dredging,Fishing event,2025-09-03 07:15:00,Asia/Manila,+08:00,14.77175,120.49212,13846
DEMO VESSEL 006,548000006,64,Philippines,Dredging,Fishing event,2025-09-16 12:48:00,Asia/Manila,+08:00,14.26369,120.59381,16788
DEMO VESSEL 012,548000012,8500123,Philippines,Dredging,Encounter,2025-09-12 14:59:00,Asia/Manila,+08:00,14.31425,120.45274,22725
DEMO VESSEL 001,548000001,8500018,Philippines,Dredging,Encounter,08/09/2025 09:51,UTC,+00:00,14.33581,120.70698,25326
DEMO VESSEL 023,548000023,8500238,Belize,Cargo,Loitering,15/09/2025 14:04,Asia/Manila,+08:00,14.88119,120.3245,26456
DEMO VESSEL 017,548000017,8500173,Philippines,Other,Loitering,2025-09-11 19:51:00,Asia/Manila,+08:00,14.35305,120.81422,11274
DEMO VESSEL 003,548000003,8500032,Philippines,Cargo,Encounter,2025-09-01 21:00:00,Asia/Manila,+08:00,14.26839,120.36234,16808
DEMO VESSEL 001,548000001,8500018,Philippines,Dredging,Fishing event,2025-09-09 02:46:00,UTC,+00:00,14.62172,120.7934,21790
DEMOVESSEL014,548000014,8500147,Philippines,Cargo,Loitering,2025-09-09 13:28:00,UTC,+00:00,14.20486,120.69303,26036
DEMO VESSEL 030,548000030,8500305,Philippines,Cargo,Fishing event,18/09/2025 05:20,Asia/Manila,+08:00,14.32897,120.60742,30057
DEMO VESSEL 039,548000039,8500393,Philippines,Dredging,Loitering,12/09/2025 04:29,UTC,+00:00,14.77039,120.30804,28293
demo vessel 034,548000034,8500343,Belize,Cargo,Encounter,2025-09-14 01:47:00,UTC,+00:00,14.46189,120.38528,4078
DEMO VESSEL 002,548000002,8500020,Philippines,Cargo,Port visit,24/09/2025 01:35,UTC,+00:00,14.53805,120.605,8713
DEMO VESSEL 009,548000009,8500094,Belize,Cargo,Fishing event,2025-09-21 13:55:00,Asia/Manila,+08:00,14.75122,120.60717,524
DEMO VESSEL 026,548000026,8500264,Philippines,Cargo,Port visit,08/09/2025 06:17,Asia/Manila,+08:00,14.42319,120.50231,30587
demo vessel 037,548000037,8500379,Belize,Cargo,Encounter,01/09/2025 17:48,UTC,+00:00,14.7642,120.32467,11086
DEMO VESSEL 029,548000029,8500290,Philippines,Other,Fishing event,2025-09-01 13:26:00,UTC,+00:00,14.41301,120.60053,4698
DEMO VESSEL 038,548000038,8500381,Philippines,Dredging,Loitering,2025-09-27 14:07:00,Asia/Manila,+08:00,14.36875,120.77157,10010
DEMO VESSEL 002,548000002,8500020,Philippines,Cargo,Fishing event,2025-09-26 13:07:00,UTC,+00:00,14.59662,120.64961,37176
DEMO VESSEL 040,548000040,8500408,Philippines,Other,Fishing event,22/09/2025 03:44,Asia/Manila,+08:00,14.61351,120.53938,32059
DEMO VESSEL 036,548000036,8500367,Sierra Leone,Cargo,Port visit,2025-09-09 09:37:00,UTC,+00:00,14.28586,120.44285,31970
DEMO VESSEL 008,548000008,8500082,Belize,Dredging,Port visit,2025-09-06 03:14:00,UTC,+00:00,14.50219,120.38882,13361
DEMO VESSEL 035,548000035,8500355,Philippines,Other,Encounter,2025-09-16 06:17:00,Asia/Manila,+08:00,14.8105,120.57339,30114
AIS TEST SHIP,100900301,,,,Fishing event,2025-09-04 19:26:00,UTC,+00:00,14.70194,120.65887,11647
DEMOVESSEL003,548000003,8500032,Philippines,Cargo,Loitering,08/09/2025 02:26,UTC,+00:00,14.35151,120.58409,16464
DEMO VESSEL 012,548000012,8500123,Philippines,Dredging,Port visit,2025-09-14 21:31:00,Asia/Manila,+08:00,14.57539,120.68521,10978
DEMO VESSEL 010,548000010,8500109,Belize,Other,Fishing event,2025-09-11 19:31:00,Asia/Manila,+08:00,14.33396,120.57785,19648
DEMO VESSEL 026,548000026,8500264,Philippines,Cargo,Loitering,19/09/2025 00:59,Asia/Manila,+08:00,14.71867,120.74048,13250
DEMO VESSEL 014,548000014,8500147,Philippines,Cargo,Port visit,02/09/2025 20:32,UTC,+00:00,14.42373,120.58944,35716
DEMO VESSEL 030,548000030,8500305,Philippines,Cargo,Port visit,2025-09-21 18:21:00,Asia/Manila,+08:00,14.61049,120.34716,39449
DEMO VESSEL 020,548000020,8500202,Philippines,Other,Loitering,2025-09-19 05:09:00,Asia/Manila,+08:00,14.53781,120.82032,30343
DEMO VESSEL 005,548000005,1234568,Sierra Leone,Dredging,Fishing event,2025-09-24 18:48:00,Asia/Manila,+08:00,14.54539,120.54712,21366
DEMO VESSEL 025,548000025,8500252,Philippines,Dredging,Loitering,22/09/2025 06:24,Asia/Manila,+08:00,14.69286,120.83976,35265
DEMO VESSEL 022,548000022,8500226,Sierra Leone,Dredging,Fishing event,2025-09-08 10:45:00,UTC,+00:00,14.29364,120.80244,5674
DEMO VESSEL 006,548000006,64,Philippines,Dredging,Loitering,2025-09-10 08:26:00,Asia/Manila,+08:00,14.65122,120.74227,19295
DEMO VESSEL 016,548000016,8500161,Philippines,Dredging,Loitering,2025-09-22 18:06:00,Asia/Manila,+08:00,14.23146,120.65581,25929
DEMO VESSEL 040,548000040,8500408,Philippines,Other,Port visit,2025-09-04 06:09:00,Asia/Manila,+08:00,14.26284,120.87452,9616
DEMO VESSEL 014,548000014,8500147,Philippines,Cargo,Encounter,12/09/2025 03:48,Asia/Manila,+08:00,14.42027,120.55967,5186
DEMO VESSEL 036,548000036,8500367,Sierra Leone,Cargo,Fishing event,14/09/2025 19:57,Asia/Manila,+08:00,14.81582,120.34926,16327
DEMO VESSEL 005,548000005,1234568,Sierra Leone,Dredging,Fishing event,2025-09-27 19:46:00,UTC,+00:00,14.52533,120.32391,39577
DEMO VESSEL 035,548000035,8500355,Philippines,Other,Loitering,05/09/2025 21:06,Asia/Manila,+08:00,14.49429,120.44425,2435
DEMO VESSEL 002,548000002,8500020,Philippines,Cargo,Encounter,2025-09-05 03:02:00,Asia/Manila,+08:00,14.47586,120.62852,14176
DEMO VESSEL 001,548000001,8500018,Philippines,Dredging,Encounter,2025-09-27 21:51:00,Asia/Manila,+08:00,14.80324,120.32538,38032
ais test ship,100900301,,,,Fishing event,2025-09-02 18:35:00,UTC,+00:00,14.52287,120.75964,23710
DEMO VESSEL 002,548000002,8500020,Philippines,Cargo,Port visit,13/09/2025 01:49,Asia/Manila,+08:00,14.59584,120.69572,3662
DEMO VESSEL 021,548000021,8500214,Belize,Dredging,Fishing event,2025-09-06 18:57:00,Asia/Manila,+08:00,14.86809,120.73158,9371
DEMO VESSEL 004,548000004,,Philippines,Dredging,Port visit,2025-09-26 00:10:00,Asia/Manila,+08:00,14.29025,120.32727,26350
DEMO VESSEL 022,548000022,8500226,Sierra Leone,Dredging,Encounter,2025-09-07 23:51:00,Asia/Manila,+08:00,14.26223,120.64887,33803
DEMO VESSEL 007,667000007,8500070,Sierra Leone,Cargo,Port visit,2025-09-25 13:06:00,Asia/Manila,+08:00,14.3753,120.51482,13508
DEMO VESSEL 001,548000001,8500018,Philippines,Dredging,Loitering,25/09/2025 23:44,Asia/Manila,+08:00,14.47929,120.70301,8230
DEMOVESSEL018,548000018,8500185,Philippines,Cargo,Loitering,2025-09-21 02:27:00,Asia/Manila,+08:00,14.43195,120.56737,12425
DEMO VESSEL 025,548000025,8500252,Philippines,Dredging,Encounter,2025-09-25 14:31:00,UTC,+00:00,14.52009,120.63389,27741
DEMO VESSEL 018,548000018,8500185,Philippines,Cargo,Port visit,26/09/2025 22:37,Asia/Manila,+08:00,14.75426,120.37062,16020
DEMO VESSEL 036,548000036,8500367,Sierra Leone,Cargo,Loitering,11/09/2025 06:09,UTC,+00:00,14.47039,120.37791,6379
DEMO VESSEL 029,548000029,8500290,Philippines,Other,Encounter,11/09/2025 20:35,UTC,+00:00,14.50579,120.39275,17222
DEMO VESSEL 007,667000007,8500070,Sierra Leone,Cargo,Fishing event,2025-09-23 04:25:00,Asia/Manila,+08:00,14.80229,120.75403,29417
DEMO VESSEL 038,548000038,8500381,Philippines,Dredging,Fishing event,2025-09-13 04:07:00,Asia/Manila,+08:00,14.83741,120.68401,31618
DEMO VESSEL 009,548000009,8500094,Belize,Cargo,Port visit,2025-09-20 22:39:00,Asia/Manila,+08:00,14.84043,120.51533,4124
DEMO VESSEL 040,548000040,8500408,Philippines,Other,Port visit,11/09/2025 16:03,Asia/Manila,+08:00,14.68397,120.83204,33729
DEMO VESSEL 031,548000031,8500317,Philippines,Cargo,Port visit,2025-09-03 12:12:00,Asia/Manila,+08:00,14.25796,120.75776,21957
DEMO VESSEL 032,548000032,8500329,Philippines,Cargo,Port visit,02/09/2025 17:35,Asia/Manila,+08:00,14.54569,120.44156,24748
DEMO VESSEL 037,548000037,8500379,Belize,Cargo,Fishing event,2025-09-03 16:01:00,UTC,+00:00,14.87428,120.5735,20043
DEMO VESSEL 038,548000038,8500381,Philippines,Dredging,Loitering,2025-09-02 10:12:00,Asia/Manila,+08:00,14.30763,120.5025,27063
DEMO VESSEL 033,548000033,8500331,Philippines,Cargo,Loitering,2025-09-09 10:23:00,Asia/Manila,+08:00,14.8521,120.54888,37666
DEMO VESSEL 030,548000030,8500305,Philippines,Cargo,Port visit,2025-09-27 14:11:00,UTC,+00:00,14.38187,120.33299,3140
DEMO VESSEL 023,548000023,8500238,Belize,Cargo,Fishing event,07/09/2025 00:16,Asia/Manila,+08:00,14.81952,120.85398,3556
DEMO VESSEL 005,548000005,1234568,Sierra Leone,Dredging,Fishing event,2025-09-10 07:50:00,UTC,+00:00,14.77301,120.30655,2188
DEMO VESSEL 007,667000007,8500070,Sierra Leone,Cargo,Encounter,17/09/2025 06:40,Asia/Manila,+08:00,14.68145,120.69964,17678
DEMO VESSEL 019,548000019,8500197,Philippines,Cargo,Fishing event,2025-09-12 09:25:00,Asia/Manila,+08:00,14.46976,120.57101,33995
DEMO VESSEL 003,548000003,8500032,Philippines,Cargo,Fishing event,2025-09-14 17:28:00,Asia/Manila,+08:00,14.52526,120.79762,4243
DEMO VESSEL 009,548000009,8500094,Belize,Cargo,Port visit,2025-09-12 13:17:00,Asia/Manila,+08:00,14.33146,120.45693,24823
DEMO VESSEL 014,548000014,8500147,Philippines,Cargo,Encounter,13/09/2025 21:27,Asia/Manila,+08:00,14.75994,120.485,9168
DEMO VESSEL 024,548000024,8500240,Philippines,Cargo,Loitering,04/09/2025 07:49,UTC,+00:00,14.6334,120.49863,12229
DEMO VESSEL 034,548000034,8500343,Belize,Cargo,Port visit,2025-09-09 17:23:00,Asia/Manila,+08:00,14.62623,120.65657,8911
DEMO VESSEL 020,548000020,8500202,Philippines,Other,Loitering,16/09/2025 04:33,Asia/Manila,+08:00,14.84304,120.83122,39907
DEMO VESSEL 029,548000029,8500290,Philippines,Other,Port visit,2025-09-21 12:03:00,UTC,+00:00,14.24252,120.81643,1710
DEMO VESSEL 030,548000030,8500305,Philippines,Cargo,Port visit,2025-09-10 20:53:00,Asia/Manila,+08:00,14.27163,120.37645,26115
DEMO VESSEL 016,548000016,8500161,Philippines,Dredging,Port visit,2025-09-26 06:18:00,UTC,+00:00,14.4529,120.31136,18782
DEMO VESSEL 040,548000040,8500408,Philippines,Other,Loitering,2025-09-27 20:37:00,Asia/Manila,+08:00,14.40099,120.66123,7690
DEMO VESSEL 007,667000007,8500070,Sierra Leone,Cargo,Loitering,06/09/2025 06:10,UTC,+00:00,14.26602,120.66404,7685
DEMO VESSEL 020,548000020,8500202,Philippines,Other,Port visit,16/09/2025 08:18,UTC,+00:00,14.25475,120.48475,17576
DEMO VESSEL 012,548000012,8500123,Philippines,Dredging,Loitering,2025-09-13 10:24:00,Asia/Manila,+08:00,14.87574,120.60894,33032
DEMO VESSEL 030,548000030,8500305,Philippines,Cargo,Fishing event,2025-09-06 08:06:00,Asia/Manila,+08:00,14.35149,120.55153,38855
DEMO VESSEL 021,548000021,8500214,Belize,Dredging,Encounter,2025-09-10 08:00:00,Asia/Manila,+08:00,14.34012,120.71534,19703
DEMO VESSEL 013,548000013,8500135,Philippines,Other,Encounter,09/09/2025 21:08,Asia/Manila,+08:00,14.28394,120.79951,18003
DEMO VESSEL 026,548000026,8500264,Philippines,Cargo,Encounter,2025-09-03 15:31:00,Asia/Manila,+08:00,14.46965,120.65155,20614
DEMO VESSEL 040,548000040,8500408,Philippines,Other,Loitering,23/09/2025 04:02,Asia/Manila,+08:00,14.42984,120.62604,24401
DEMO VESSEL 015,548000015,8500159,Philippines,Cargo,Fishing event,2025-09-18 03:14:00,Asia/Manila,+08:00,14.63869,120.47643,24209
DEMO VESSEL 003 ,548000003,8500032,Philippines,Cargo,Loitering,25/09/2025 00:44,UTC,+00:00,14.2929,120.47747,20277
DEMO VESSEL 031,548000031,8500317,Philippines,Cargo,Encounter,2025-09-18 04:56:00,Asia/Manila,+08:00,14.77298,120.58006,6269
DEMO VESSEL 039,548000039,8500393,Philippines,Dredging,Fishing event,16/09/2025 08:09,Asia/Manila,+08:00,14.75455,120.87013,25176
DEMO VESSEL 013 ,548000013,8500135,Philippines,Other,Port visit,2025-09-16 10:23:00,Asia/Manila,+08:00,14.44884,120.64171,27305
DEMO VESSEL 034,548000034,8500343,Belize,Cargo,Encounter,2025-09-06 22:29:00,Asia/Manila,+08:00,14.23211,120.76691,15080
DEMO VESSEL 040,548000040,8500408,Philippines,Other,Encounter,2025-09-05 09:01:00,UTC,+00:00,14.68793,120.7783,21689
DEMO VESSEL 007,667000007,8500070,Sierra Leone,Cargo,Encounter,2025-09-14 13:07:00,Asia/Manila,+08:00,14.66651,120.77155,2768
DEMO VESSEL 034,548000034,8500343,Belize,Cargo,Fishing event,2025-09-09 07:37:00,Asia/Manila,+08:00,14.66218,120.89078,35211
DEMO VESSEL 025,548000025,8500252,Philippines,Dredging,Fishing event,2025-09-14 02:22:00,Asia/Manila,+08:00,14.60458,120.60431,36004
DEMO VESSEL 022,548000022,8500226,Sierra Leone,Dredging,Loitering,08/09/2025 08:44,UTC,+00:00,14.61682,120.59385,10673
DEMO VESSEL 020,548000020,8500202,Philippines,Other,Encounter,08/09/2025 09:31,UTC,+00:00,14.44366,120.35323,31385
DEMO VESSEL 012,548000012,8500123,Philippines,Dredging,Fishing event,2025-09-08 19:22:00,Asia/Manila,+08:00,14.29169,120.81194,29996
DEMO VESSEL 023,548000023,8500238,Belize,Cargo,Fishing event,2025-09-15 21:44:00,UTC,+00:00,14.83522,120.47729,31911
DEMO VESSEL 039,548000039,8500393,Philippines,Dredging,Loitering,08/09/2025 11:39,UTC,+00:00,14.34156,120.32873,17517
DEMO VESSEL 037,548000037,8500379,Belize,Cargo,Encounter,17/09/2025 23:11,UTC,+00:00,14.88751,120.60801,3022
DEMO VESSEL 030,548000030,8500305,Philippines,Cargo,Encounter,2025-09-19 11:34:00,Asia/Manila,+08:00,14.65959,120.51646,35690
DEMO VESSEL 039,548000039,8500393,Philippines,Dredging,Port visit,2025-09-13 03:21:00,Asia/Manila,+08:00,14.3353,120.86063,4204
DEMO VESSEL 012,548000012,8500123,Philippines,Dredging,Loitering,23/09/2025 02:44,UTC,+00:00,14.37966,120.78267,37257
DEMO VESSEL 012,548000012,8500123,Philippines,Dredging,Encounter,2025-09-02 12:47:00,Asia/Manila,+08:00,14.62531,120.76244,2671
DEMO VESSEL 020,548000020,8500202,Philippines,Other,Encounter,2025-09-12 03:19:00,UTC,+00:00,14.86562,120.8848,38518
DEMO VESSEL 027,548000027,8500276,Philippines,Cargo,Port visit,2025-09-21 03:20:00,UTC,+00:00,14.63158,120.72199,16783
DEMO VESSEL 023 ,548000023,8500238,Belize,Cargo,Encounter,2025-09-13 10:46:00,Asia/Manila,+08:00,14.87249,120.60978,38375
DEMO VESSEL 033,548000033,8500331,Philippines,Cargo,Port visit,23/09/2025 02:56,Asia/Manila,+08:00,14.2401,120.69057,21734
DEMO VESSEL 012,548000012,8500123,Philippines,Dredging,Encounter,2025-09-01 01:16:00,Asia/Manila,+08:00,14.50728,120.61133,34199
DEMO VESSEL 022,548000022,8500226,Sierra Leone,Dredging,Fishing event,2025-09-27 14:21:00,Asia/Manila,+08:00,14.31274,120.82306,15565
DEMO VESSEL 020,548000020,8500202,Philippines,Other,Loitering,2025-09-03 10:27:00,Asia/Manila,+08:00,14.22911,120.30796,39473
DEMO VESSEL 015,548000015,8500159,Philippines,Cargo,Loitering,2025-09-10 17:59:00,Asia/Manila,+08:00,14.7184,120.55641,20950
DEMO VESSEL 006,548000006,64,Philippines,Dredging,Port visit,2025-09-18 02:16:00,Asia/Manila,+08:00,14.29533,120.40699,9456
DEMO VESSEL 027,548000027,8500276,Philippines,Cargo,Encounter,2025-09-01 14:29:00,Asia/Manila,+08:00,14.61297,120.39965,38334
DEMO VESSEL 017,548000017,8500173,Philippines,Other,Loitering,2025-09-03 02:56:00,Asia/Manila,+08:00,14.39764,120.74673,1982
DEMO VESSEL 002,548000002,8500020,Philippines,Cargo,Loitering,2025-09-13 06:27:00,Asia/Manila,+08:00,14.42601,120.47016,22827
demo vessel 007,548000007,8500070,Philippines,Cargo,Fishing event,24/09/2025 07:36,UTC,+00:00,14.46166,120.8595,17306
DEMO VESSEL 004,548000004,,Philippines,Dredging,Loitering,2025-09-12 22:36:00,Asia/Manila,+08:00,14.62523,120.83794,12140
DEMO VESSEL 021,548000021,8500214,Belize,Dredging,Port visit,24/09/2025 12:54,Asia/Manila,+08:00,14.4423,120.35154,34461
DEMO VESSEL 036,548000036,8500367,Sierra Leone,Cargo,Fishing event,14/09/2025 19:57,Asia/Manila,+08:00,14.81582,120.34926,16327
DEMO VESSEL 017,548000017,8500173,Philippines,Other,Loitering,2025-09-20 19:44:00,Asia/Manila,+08:00,14.21302,120.6913,327
DEMO VESSEL 012,548000012,8500123,Philippines,Dredging,Loitering,2025-09-14 06:15:00,Asia/Manila,+08:00,14.35084,120.31837,19512
DEMO VESSEL 009,548000009,8500094,Belize,Cargo,Fishing event,2025-08-22 13:53:00,UTC,+00:00,14.34358,120.71139,37219
DEMO VESSEL 021,548000021,8500214,Belize,Dredging,Encounter,17/09/2025 17:50,Asia/Manila,+08:00,14.31316,120.70479,5822
DEMO VESSEL 021,548000021,8500214,Belize,Dredging,Fishing event,2025-09-18 06:31:00,Asia/Manila,+08:00,14.71234,120.73537,27656
demo vessel 039,548000039,8500393,Philippines,Dredging,Encounter,2025-09-11 15:40:00,Asia/Manila,+08:00,14.82538,120.54562,21459
DEMO VESSEL 033 ,548000033,8500331,Philippines,Cargo,Loitering,2025-09-16 08:58:00,Asia/Manila,+08:00,14.33043,120.76188,37482
DEMO VESSEL 004,548000004,,Philippines,Dredging,Encounter,2025-09-19 07:54:00,Asia/Manila,+08:00,14.23965,120.71851,2264
DEMO VESSEL 006,548000006,64,Philippines,Dredging,Port visit,01/09/2025 04:01,Asia/Manila,+08:00,14.73878,120.55184,7408
DEMO VESSEL 022,548000022,8500226,Sierra Leone,Dredging,Port visit,21/09/2025 21:05,Asia/Manila,+08:00,14.60888,120.65692,14364
DEMO VESSEL 009,548000009,8500094,Belize,Cargo,Encounter,2025-09-26 02:02:00,UTC,+00:00,14.87944,120.69457,11396
DEMO VESSEL 005,548000005,1234568,Sierra Leone,Dredging,Encounter,2025-09-16 14:38:00,Asia/Manila,+08:00,14.4727,120.41591,4168
DEMO VESSEL 003,548000003,8500032,Philippines,Cargo,Port visit,2025-09-21 04:19:00,UTC,+00:00,14.79239,120.60026,16366
DEMO VESSEL 005,548000005,1234568,Sierra Leone,Dredging,Loitering,2025-09-16 06:26:00,UTC,+00:00,14.41561,120.39516,8285
DEMO VESSEL 025,548000025,8500252,Philippines,Dredging,Encounter,2025-09-19 13:29:00,Asia/Manila,+08:00,14.65106,120.49374,24153
DEMO VESSEL 016,548000016,8500161,Philippines,Dredging,Port visit,2025-09-01 21:35:00,Asia/Manila,+08:00,14.72222,120.61048,35357
DEMO VESSEL 002,548000002,8500020,Philippines,Cargo,Encounter,2025-09-03 16:10:00,UTC,+00:00,14.48239,120.50964,23945
DEMO VESSEL 026,548000026,8500264,Philippines,Cargo,Encounter,2025-09-07 05:50:00,Asia/Manila,+08:00,14.76072,120.61979,29620
DEMO VESSEL 033,548000033,8500331,Philippines,Cargo,Fishing event,2025-09-21 19:47:00,Asia/Manila,+08:00,14.89794,120.53208,33470
DEMO VESSEL 021,548000021,8500214,Belize,Dredging,Encounter,14/09/2025 22:15,Asia/Manila,+08:00,14.4118,120.73973,3366
DEMO VESSEL 003,548000003,8500032,Philippines,Cargo,Port visit,2025-09-19 19:22:00,Asia/Manila,+08:00,14.54748,120.73751,19337
DEMO VESSEL 035,548000035,8500355,Philippines,Other,Fishing event,2025-09-05 03:00:00,UTC,+00:00,14.67915,120.6036,37035
DEMO VESSEL 040,548000040,8500408,Philippines,Other,Loitering,2025-09-02 22:56:00,UTC,+00:00,14.89047,120.3402,16564
DEMO VESSEL 037,548000037,8500379,Belize,Cargo,Fishing event,2025-09-08 02:19:00,Asia/Manila,+08:00,14.57275,120.89959,17851
DEMO VESSEL 009,548000009,8500094,Belize,Cargo,Fishing event,2025-09-07 13:24:00,UTC,+00:00,14.61985,120.52653,398
DEMO VESSEL 030,548000030,8500305,Philippines,Cargo,Fishing event,2025-09-11 19:15:00,UTC,+00:00,14.36796,120.51081,37658
DEMO VESSEL 025,548000025,8500252,Philippines,Dredging,Port visit,2025-09-23 08:50:00,Asia/Manila,+08:00,14.73423,120.4463,30345
DEMO VESSEL 034,548000034,8500343,Belize,Cargo,Port visit,2025-09-17 08:05:00,Asia/Manila,+08:00,14.75652,120.8143,22842
DEMO VESSEL 027,548000027,8500276,Philippines,Cargo,Loitering,2025-09-05 07:44:00,Asia/Manila,+08:00,14.20881,120.74634,34712
DEMO VESSEL 039,548000039,8500393,Philippines,Dredging,Encounter,2025-09-25 08:15:00,Asia/Manila,+08:00,14.80865,120.89203,34145
DEMO VESSEL 017,548000017,8500173,Philippines,Other,Loitering,2025-09-13 06:50:00,Asia/Manila,+08:00,14.85692,120.38545,20167
DEMO VESSEL 012,548000012,8500123,Philippines,Dredging,Loitering,2025-09-09 19:09:00,UTC,+00:00,14.41313,120.56415,23081
DEMO VESSEL 040,548000040,8500408,Philippines,Other,Port visit,2025-09-17 03:57:00,Asia/Manila,+08:00,14.81353,120.79286,1224
DEMO VESSEL 016,548000016,8500161,Philippines,Dredging,Fishing event,06/09/2025 02:40,Asia/Manila,+08:00,14.32774,120.48514,21228
DEMO VESSEL 002,548000002,8500020,Philippines,Cargo,Encounter,2025-09-05 14:10:00,Asia/Manila,+08:00,14.59607,120.82332,2948
DEMO VESSEL 005,548000005,1234568,Sierra Leone,Dredging,Encounter,16/09/2025 20:38,UTC,+00:00,14.38857,120.85971,24600
DEMO VESSEL 031,548000031,8500317,Philippines,Cargo,Loitering,25/09/2025 02:03,Asia/Manila,+08:00,14.55176,120.47421,15616
DEMO VESSEL 040,548000040,8500408,Philippines,Other,Loitering,2025-09-22 22:47:00,Asia/Manila,+08:00,14.58259,120.5707,34051
DEMO VESSEL 031,548000031,8500317,Philippines,Cargo,Fishing event,2025-09-26 04:38:00,Asia/Manila,+08:00,14.57361,120.83919,24057
DEMO VESSEL 005,548000005,1234568,Sierra Leone,Dredging,Port visit,04/09/2025 00:51,Asia/Manila,+08:00,14.27493,120.34465,6026
DEMO VESSEL 003,548000003,8500032,Philippines,Cargo,Loitering,2025-09-08 14:49:00,Asia/Manila,+08:00,14.3356,120.77797,32905
DEMO VESSEL 013,548000013,8500135,Philippines,Other,Port visit,12/09/2025 04:00,Asia/Manila,+08:00,14.29777,120.56147,4927
DEMO VESSEL 005,548000005,1234568,Sierra Leone,Dredging,Fishing event,2025-09-02 12:52:00,UTC,+00:00,14.21795,120.64016,19454
DEMO VESSEL 023,548000023,8500238,Belize,Cargo,Port visit,24/09/2025 14:43,Asia/Manila,+08:00,14.4371,120.59965,33816
DEMO VESSEL 032,548000032,8500329,Philippines,Cargo,Encounter,2025-09-11 19:25:00,Asia/Manila,+08:00,14.40614,120.54318,29146
DEMO VESSEL 030,548000030,8500305,Philippines,Cargo,Encounter,08/09/2025 17:56,Asia/Manila,+08:00,14.62609,120.53423,22394
DEMO VESSEL 005,548000005,1234568,Sierra Leone,Dredging,Encounter,2025-09-06 12:39:00,Asia/Manila,+08:00,14.26338,120.65878,9852
DEMO VESSEL 009,548000009,8500094,Belize,Cargo,Encounter,2025-09-07 21:47:00,Asia/Manila,+08:00,14.75058,120.63694,36150
DEMO VESSEL 033,548000033,8500331,Philippines,Cargo,Port visit,18/09/2025 15:32,UTC,+00:00,14.75119,120.41787,28754
DEMO VESSEL 027,548000027,8500276,Philippines,Cargo,Fishing event,2025-09-08 09:03:00,UTC,+00:00,14.29854,120.52115,18072
DEMO VESSEL 033,548000033,8500331,Philippines,Cargo,Fishing event,2025-09-05 22:58:00,Asia/Manila,+08:00,14.5307,120.50045,19065
DEMO VESSEL 023,548000023,8500238,Belize,Cargo,Fishing event,2025-09-03 00:31:00,Asia/Manila,+08:00,14.53742,120.70701,22245
DEMO VESSEL 021,548000021,8500214,Belize,Dredging,Fishing event,2025-09-14 11:31:00,Asia/Manila,+08:00,14.68606,120.84668,9474
DEMO VESSEL 038,548000038,8500381,Philippines,Dredging,Port visit,2025-09-11 05:13:00,Asia/Manila,+08:00,14.6136,120.61242,36385
DEMO VESSEL 006,548000006,64,Philippines,Dredging,Encounter,16/09/2025 17:03,Asia/Manila,+08:00,14.20471,120.51659,26658
DEMO VESSEL 005,548000005,1234568,Sierra Leone,Dredging,Loitering,2025-09-18 20:30:00,Asia/Manila,+08:00,14.83256,120.88567,6661
DEMO VESSEL 013,548000013,8500135,Philippines,Other,Encounter,2025-09-11 21:38:00,UTC,+00:00,14.44274,120.5271,14228
DEMO VESSEL 007 ,548000007,8500070,Philippines,Cargo,Loitering,2025-09-19 03:22:00,UTC,+00:00,14.33159,120.46753,29312
DEMO VESSEL 035,548000035,8500355,Philippines,Other,Fishing event,11/09/2025 12:02,UTC,+00:00,14.52979,120.4647,24206
DEMO VESSEL 016,548000016,8500161,Philippines,Dredging,Fishing event,2025-09-19 12:00:00,Asia/Manila,+08:00,14.81895,120.53937,10761
DEMO VESSEL 007,667000007,8500070,Sierra Leone,Cargo,Loitering,2025-09-25 21:48:00,Asia/Manila,+08:00,14.60792,120.64877,36258
DEMO VESSEL 027 ,548000027,8500276,Philippines,Cargo,Port visit,2025-09-06 23:52:00,Asia/Manila,+08:00,14.86776,120.35638,21685
DEMO VESSEL 007,667000007,8500070,Sierra Leone,Cargo,Port visit,2025-09-12 02:12:00,UTC,+00:00,14.82331,120.39684,6890
DEMO VESSEL 017,548000017,8500173,Philippines,Other,Fishing event,2025-09-23 21:46:00,Asia/Manila,+08:00,14.72002,120.6857,9504
DEMO VESSEL 025,548000025,8500252,Philippines,Dredging,Loitering,2025-09-09 16:07:00,Asia/Manila,+08:00,14.40329,120.79719,36298
DEMO VESSEL 028,548000028,8500288,Philippines,Other,Fishing event,2025-09-18 04:56:00,Asia/Manila,+08:00,14.57051,120.81624,10267
DEMO VESSEL 012 ,548000012,8500123,Philippines,Dredging,Fishing event,2025-09-01 03:56:00,Asia/Manila,+08:00,14.7989,120.78639,24861
DEMO VESSEL 027,548000027,8500276,Philippines,Cargo,Port visit,2025-09-18 00:20:00,Asia/Manila,+08:00,14.43954,120.59289,30617
DEMO VESSEL 038 ,548000038,8500381,Philippines,Dredging,Encounter,19/09/2025 02:18,UTC,+00:00,0.0,0.0,37956
DEMO VESSEL 022,548000022,8500226,Sierra Leone,Dredging,Encounter,2025-09-09 17:32:00,UTC,+00:00,14.6361,120.34722,5271
DEMO VESSEL 023,548000023,8500238,Belize,Cargo,Fishing event,2025-09-16 09:18:00,Asia/Manila,+08:00,14.54473,120.87105,9657
DEMO VESSEL 007,548000007,8500070,Philippines,Cargo,Fishing event,2025-09-26 11:00:00,UTC,+00:00,14.75041,120.86578,6294
DEMO VESSEL 007,548000007,8500070,Philippines,Cargo,Port visit,12/09/2025 20:10,Asia/Manila,+08:00,14.86359,120.4049,33294
AIS TEST SHIP,100900301,,,,Loitering,2025-09-12 03:51:00,Asia/Manila,+08:00,14.67556,120.49244,36246
DEMO VESSEL 026,548000026,8500264,Philippines,Cargo,Loitering,02/09/2025 17:02,UTC,+00:00,14.32689,120.38461,25973
DEMO VESSEL 014,548000014,8500147,Philippines,Cargo,Loitering,25/09/2025 00:15,Asia/Manila,+08:00,14.48366,120.6652,18734
DEMO VESSEL 006,548000006,64,Philippines,Dredging,Fishing event,2025-09-27 17:26:00,Asia/Manila,+08:00,14.86682,120.77678,32847
DEMO VESSEL 039,548000039,8500393,Philippines,Dredging,Fishing event,2025-09-19 07:27:00,Asia/Manila,+08:00,14.8244,120.37518,3272
DEMO VESSEL 032,548000032,8500329,Philippines,Cargo,Loitering,21/09/2025 07:11,Asia/Manila,+08:00,14.76723,120.72139,36892
DEMO VESSEL 040,548000040,8500408,Philippines,Other,Fishing event,2025-09-14 08:37:00,Asia/Manila,+08:00,14.3005,120.37905,33069
DEMO VESSEL 037 ,548000037,8500379,Belize,Cargo,Loitering,2025-09-23 01:05:00,Asia/Manila,+08:00,14.89316,120.51662,32846
DEMO VESSEL 001,548000001,8500018,Philippines,Dredging,Loitering,08/09/2025 03:29,Asia/Manila,+08:00,14.6673,120.89274,33381
DEMO VESSEL 038,548000038,8500381,Philippines,Dredging,Fishing event,2025-09-25 16:00:00,Asia/Manila,+08:00,14.41259,120.62071,26757
DEMO VESSEL 007,548000007,8500070,Philippines,Cargo,Port visit,2025-09-16 06:04:00,Asia/Manila,+08:00,14.82524,120.43879,8941
DEMO VESSEL 005,548000005,1234568,Sierra Leone,Dredging,Port visit,2025-09-11 18:50:00,Asia/Manila,+08:00,14.8313,120.87928,39152
DEMO VESSEL 009,548000009,8500094,Belize,Cargo,Port visit,14/09/2025 01:03,Asia/Manila,+08:00,14.20305,120.66208,34565
DEMO VESSEL 007 ,667000007,8500070,Sierra Leone,Cargo,Fishing event,27/09/2025 04:50,Asia/Manila,+08:00,14.453,120.39705,32768
DEMO VESSEL 007,548000007,8500070,Philippines,Cargo,Fishing event,2025-09-24 18:36:00,UTC,+00:00,14.62485,120.77095,31264
DEMO VESSEL 018,548000018,8500185,Philippines,Cargo,Encounter,17/09/2025 14:54,Asia/Manila,+08:00,14.4348,120.65469,17646
DEMO VESSEL 027,548000027,8500276,Philippines,Cargo,Loitering,2025-09-06 04:09:00,UTC,+00:00,14.41867,120.4925,33987
demo vessel 007,667000007,8500070,Sierra Leone,Cargo,Fishing event,06/09/2025 02:56,Asia/Manila,+08:00,14.71494,120.40194,15362
DEMO VESSEL 032,548000032,8500329,Philippines,Cargo,Encounter,2025-09-18 05:16:00,Asia/Manila,+08:00,14.64306,120.5684,33376
DEMO VESSEL 021,548000021,8500214,Belize,Dredging,Port visit,2025-09-22 11:32:00,UTC,+00:00,14.33328,120.41247,32470
DEMO VESSEL 006,548000006,64,Philippines,Dredging,Port visit,2025-09-24 07:33:00,Asia/Manila,+08:00,14.66378,120.84472,37075
DEMO VESSEL 003,548000003,8500032,Philippines,Cargo,Port visit,2025-09-07 15:32:00,Asia/Manila,+08:00,14.85533,120.40785,38281
DEMO VESSEL 039,548000039,8500393,Philippines,Dredging,Fishing event,2025-09-18 03:41:00,Asia/Manila,+08:00,14.70217,120.56727,36849
DEMO VESSEL 012,548000012,8500123,Philippines,Dredging,Encounter,2025-09-19 00:42:00,Asia/Manila,+08:00,14.44134,120.89242,29749
AIS TEST SHIP,100900301,,,,Encounter,2025-09-10 07:10:00,Asia/Manila,+08:00,14.88631,120.57919,21618
DEMO VESSEL 009,548000009,8500094,Belize,Cargo,Port visit,2025-09-03 03:35:00,Asia/Manila,+08:00,14.28454,120.62881,18872
DEMO VESSEL 021,548000021,8500214,Belize,Dredging,Fishing event,2025-09-19 16:39:00,Asia/Manila,+08:00,14.59612,120.39121,11108
DEMOVESSEL005,548000005,1234568,Sierra Leone,Dredging,Encounter,2025-09-15 15:44:00,Asia/Manila,+08:00,14.59053,120.56125,30844
AIS TEST SHIP,100900301,,,,Loitering,2025-09-16 03:51:00,Asia/Manila,+08:00,14.72761,120.64316,35768
DEMO VESSEL 021,548000021,8500214,Belize,Dredging,Loitering,12/09/2025 23:27,UTC,+00:00,14.43259,120.83063,33726
DEMO VESSEL 013,548000013,8500135,Philippines,Other,Loitering,2025-09-23 18:22:00,UTC,+00:00,14.2478,120.692,3308
DEMO VESSEL 030,548000030,8500305,Philippines,Cargo,Port visit,18/09/2025 00:44,Asia/Manila,+08:00,14.47153,120.78109,22710
DEMO VESSEL 022,548000022,8500226,Sierra Leone,Dredging,Loitering,2025-09-13 06:55:00,Asia/Manila,+08:00,14.49368,120.31874,13179
demo vessel 036,548000036,8500367,Sierra Leone,Cargo,Encounter,2025-09-16 09:41:00,Asia/Manila,+08:00,14.34079,120.81502,7320
DEMO VESSEL 005,548000005,1234568,Sierra Leone,Dredging,Port visit,2025-09-23 15:00:00,Asia/Manila,+08:00,14.30524,120.34023,13359
DEMO VESSEL 006,548000006,64,Philippines,Dredging,Port visit,2025-09-10 07:14:00,UTC,+00:00,14.44007,120.31583,11480
DEMO VESSEL 013 ,548000013,8500135,Philippines,Other,Port visit,2025-09-07 13:41:00,Asia/Manila,+08:00,14.34388,120.42131,26885
DEMO VESSEL 019,548000019,8500197,Philippines,Cargo,Loitering,2025-09-07 09:12:00,Asia/Manila,+08:00,14.67819,120.51886,30848
DEMO VESSEL 014,548000014,8500147,Philippines,Cargo,Port visit,14/09/2025 01:15,Asia/Manila,+08:00,14.82996,120.52609,16304
DEMO VESSEL 034,548000034,8500343,Belize,Cargo,Port visit,2025-09-19 11:51:00,Asia/Manila,+08:00,14.37883,120.81151,27086
DEMO VESSEL 007,667000007,8500070,Sierra Leone,Cargo,Fishing event,01/09/2025 03:29,Asia/Manila,+08:00,14.77712,120.61523,10445
DEMO VESSEL 009,548000009,8500094,Belize,Cargo,Loitering,11/09/2025 10:29,Asia/Manila,+08:00,14.60947,120.31728,1279
DEMO VESSEL 015,548000015,8500159,Philippines,Cargo,Encounter,2025-09-22 16:19:00,Asia/Manila,+08:00,14.69829,120.75889,13131
DEMO VESSEL 009,548000009,8500094,Belize,Cargo,Fishing event,2025-09-10 06:14:00,Asia/Manila,+08:00,14.64922,120.51817,14369
DEMO VESSEL 029,548000029,8500290,Philippines,Other,Port visit,05/09/2025 12:14,Asia/Manila,+08:00,14.69536,120.81753,34622
DEMO VESSEL 004,548000004,,Philippines,Dredging,Encounter,2025-09-22 19:37:00,Asia/Manila,+08:00,14.20643,120.81142,14646
DEMO VESSEL 012,548000012,8500123,Philippines,Dredging,Fishing event,08/09/2025 05:27,Asia/Manila,+08:00,14.56007,120.59185,3774
DEMO VESSEL 026,548000026,8500264,Philippines,Cargo,Fishing event,2025-09-16 21:38:00,UTC,+00:00,14.56713,120.80839,37934
DEMO VESSEL 006,548000006,64,Philippines,Dredging,Fishing event,2025-09-04 08:10:00,Asia/Manila,+08:00,14.31787,120.68909,31122
AISTESTSHIP,100900301,,,,Fishing event,27/09/2025 21:47,Asia/Manila,+08:00,14.81898,120.30822,20089
DEMO VESSEL 014,548000014,8500147,Philippines,Cargo,Encounter,10/09/2025 02:21,Asia/Manila,+08:00,14.71439,120.49974,4755
DEMOVESSEL039,548000039,8500393,Philippines,Dredging,Port visit,2025-09-03 05:47:00,Asia/Manila,+08:00,14.87629,120.48444,27715
DEMO VESSEL 029,548000029,8500290,Philippines,Other,Loitering,16/09/2025 19:34,Asia/Manila,+08:00,14.36516,120.36595,22815
DEMO VESSEL 005,548000005,1234568,Sierra Leone,Dredging,Fishing event,2025-09-01 23:01:00,UTC,+00:00,14.69331,120.84734,34290
DEMO VESSEL 017,548000017,8500173,Philippines,Other,Port visit,2025-09-11 19:01:00,Asia/Manila,+08:00,14.23816,120.77005,7986
DEMO VESSEL 033,548000033,8500331,Philippines,Cargo,Fishing event,02/09/2025 17:07,Asia/Manila,+08:00,14.72481,120.76471,26258
DEMO VESSEL 033,548000033,8500331,Philippines,Cargo,Encounter,2025-09-16 15:20:00,UTC,+00:00,14.54163,120.86331,27243
DEMO VESSEL 040,548000040,8500408,Philippines,Other,Encounter,2025-09-06 12:27:00,Asia/Manila,+08:00,14.25518,120.89452,17527
DEMO VESSEL 017,548000017,8500173,Philippines,Other,Encounter,23/09/2025 07:20,Asia/Manila,+08:00,14.82941,120.47118,17366
DEMO VESSEL 028,548000028,8500288,Philippines,Other,Loitering,16/09/2025 00:56,Asia/Manila,+08:00,14.26009,120.83814,19362
DEMO VESSEL 001,548000001,8500018,Philippines,Dredging,Encounter,2025-09-15 00:46:00,Asia/Manila,+08:00,14.65835,120.39262,26349
DEMO VESSEL 017,548000017,8500173,Philippines,Other,Encounter,2025-09-23 22:15:00,Asia/Manila,+08:00,14.41493,120.40263,21781
DEMO VESSEL 022,548000022,8500226,Sierra Leone,Dredging,Loitering,11/09/2025 08:25,Asia/Manila,+08:00,14.49566,120.75702,2860
DEMO VESSEL 035,548000035,8500355,Philippines,Other,Fishing event,2025-09-17 23:47:00,Asia/Manila,+08:00,14.66923,120.36499,27372
DEMO VESSEL 025,548000025,8500252,Philippines,Dredging,Encounter,26/09/2025 09:34,UTC,+00:00,14.24642,120.36561,29213
DEMO VESSEL 023,548000023,8500238,Belize,Cargo,Port visit,13/09/2025 05:44,Asia/Manila,+08:00,14.38168,120.59151,6411
DEMO VESSEL 030,548000030,8500305,Philippines,Cargo,Fishing event,2025-09-12 13:16:00,Asia/Manila,+08:00,14.44328,120.75437,20795
DEMO VESSEL 017,548000017,8500173,Philippines,Other,Loitering,2025-09-09 09:35:00,Asia/Manila,+08:00,14.29427,120.5849,7188
DEMO VESSEL 008,548000008,8500082,Belize,Dredging,Loitering,2025-09-10 10:02:00,UTC,+00:00,14.78634,120.53104,28375
DEMO VESSEL 007,667000007,8500070,Sierra Leone,Cargo,Loitering,2025-09-08 06:20:00,Asia/Manila,+08:00,14.59908,120.58135,17416
DEMO VESSEL 014,548000014,8500147,Philippines,Cargo,Loitering,2025-09-12 03:50:00,UTC,+00:00,14.67223,120.51539,21743
DEMO VESSEL 021,548000021,8500214,Belize,Dredging,Encounter,16/09/2025 00:43,Asia/Manila,+08:00,14.22806,120.82321,15752
DEMO VESSEL 028,548000028,8500288,Philippines,Other,Fishing event,2025-09-24 07:50:00,Asia/Manila,+08:00,14.62074,120.59718,14647
DEMO VESSEL 001,548000001,8500018,Philippines,Dredging,Loitering,2025-09-06 21:24:00,Asia/Manila,+08:00,14.41079,120.59587,19944
DEMO VESSEL 023,548000023,8500238,Belize,Cargo,Loitering,2025-09-05 07:35:00,Asia/Manila,+08:00,14.5733,120.35848,5886
DEMO VESSEL 011,548000011,8500111,Philippines,Other,Port visit,2025-09-01 04:55:00,Asia/Manila,+08:00,14.89556,120.62714,5718
DEMO VESSEL 030,548000030,8500305,Philippines,Cargo,Encounter,2025-09-24 13:18:00,Asia/Manila,+08:00,14.38064,120.67143,19330
DEMO VESSEL 029,548000029,8500290,Philippines,Other,Fishing event,11/09/2025 19:27,Asia/Manila,+08:00,14.53159,120.37714,21000
DEMO VESSEL 035,548000035,8500355,Philippines,Other,Encounter,2025-09-02 00:00:00,Asia/Manila,+08:00,14.61908,120.355,4397
DEMO VESSEL 006,548000006,64,Philippines,Dredging,Loitering,12/09/2025 16:24,Asia/Manila,+08:00,14.72792,120.45377,8109
DEMO VESSEL 038,548000038,8500381,Philippines,Dredging,Fishing event,2025-09-16 09:01:00,UTC,+00:00,14.44447,120.70934,35786
DEMO VESSEL 026,548000026,8500264,Philippines,Cargo,Fishing event,21/09/2025 03:56,Asia/Manila,+08:00,14.3711,120.30994,5310
DEMO VESSEL 018,548000018,8500185,Philippines,Cargo,Port visit,2025-09-10 17:28:00,UTC,+00:00,14.6473,120.4822,29212
DEMO VESSEL 036,548000036,8500367,Sierra Leone,Cargo,Fishing event,2025-09-24 16:39:00,Asia/Manila,+08:00,14.71275,120.82906,9640
DEMO VESSEL 035,548000035,8500355,Philippines,Other,Loitering,2025-09-23 10:09:00,Asia/Manila,+08:00,14.31708,120.77056,27671
DEMO VESSEL 015,548000015,8500159,Philippines,Cargo,Fishing event,2025-09-17 20:03:00,Asia/Manila,+08:00,14.56791,120.40315,10215
DEMO VESSEL 014,548000014,8500147,Philippines,Cargo,Port visit,2025-09-06 14:29:00,Asia/Manila,+08:00,14.33272,120.38926,35172
DEMO VESSEL 010,548000010,8500109,Belize,Other,Encounter,2025-09-12 02:42:00,Asia/Manila,+08:00,14.24003,120.52158,3327
DEMO VESSEL 040,548000040,8500408,Philippines,Other,Loitering,07/09/2025 09:10,Asia/Manila,+08:00,14.60026,120.38592,6643
DEMO VESSEL 018,548000018,8500185,Philippines,Cargo,Encounter,2025-09-11 23:09:00,UTC,+00:00,14.81321,120.76159,15026
DEMO VESSEL 028,548000028,8500288,Philippines,Other,Fishing event,2025-09-02 20:34:00,UTC,+00:00,14.26218,120.89359,31399
DEMO VESSEL 037,548000037,8500379,Belize,Cargo,Encounter,2025-09-05 22:39:00,Asia/Manila,+08:00,14.75942,120.81053,27996
DEMO VESSEL 020,548000020,8500202,Philippines,Other,Loitering,2025-09-27 05:15:00,UTC,+00:00,14.58595,120.47583,21863
DEMO VESSEL 039,548000039,8500393,Philippines,Dredging,Encounter,2025-09-02 11:18:00,UTC,+00:00,14.69382,120.46421,12788
DEMO VESSEL 027,548000027,8500276,Philippines,Cargo,Port visit,2025-09-11 08:58:00,Asia/Manila,+08:00,14.64597,120.42309,13863
DEMO VESSEL 007,667000007,8500070,Sierra Leone,Cargo,Fishing event,2025-09-06 10:36:00,Asia/Manila,+08:00,14.5992,120.71104,7739
DEMO VESSEL 007,548000007,8500070,Philippines,Cargo,Fishing event,2025-09-02 13:30:00,Asia/Manila,+08:00,14.26559,120.80556,19931
DEMO VESSEL 027,548000027,8500276,Philippines,Cargo,Loitering,2025-09-24 16:18:00,Asia/Manila,+08:00,14.33719,120.53448,14089
DEMO VESSEL 022,548000022,8500226,Sierra Leone,Dredging,Loitering,2025-09-27 02:27:00,UTC,+00:00,14.2302,120.5428,19032
DEMO VESSEL 016,548000016,8500161,Philippines,Dredging,Fishing event,2025-09-14 18:53:00,Asia/Manila,+08:00,14.46302,120.36689,18275
DEMO VESSEL 004,548000004,,Philippines,Dredging,Port visit,2025-09-24 00:28:00,Asia/Manila,+08:00,14.64724,120.64703,27836
DEMO VESSEL 017,548000017,8500173,Philippines,Other,Encounter,2025-09-06 18:27:00,Asia/Manila,+08:00,14.27636,120.78731,25627
DEMO VESSEL 021,548000021,8500214,Belize,Dredging,Port visit,2025-09-25 23:58:00,Asia/Manila,+08:00,14.21862,120.40391,11438
DEMO VESSEL 017,548000017,8500173,Philippines,Other,Port visit,2025-09-01 22:54:00,Asia/Manila,+08:00,14.32902,120.86102,10132
DEMO VESSEL 016,548000016,8500161,Philippines,Dredging,Fishing event,2025-09-17 00:34:00,Asia/Manila,+08:00,14.41522,120.52969,29425
DEMO VESSEL 020,548000020,8500202,Philippines,Other,Loitering,2025-09-03 23:12:00,Asia/Manila,+08:00,14.74895,120.3141,20692
DEMO VESSEL 013 ,548000013,8500135,Philippines,Other,Loitering,2025-09-24 22:57:00,Asia/Manila,+08:00,14.51256,120.67236,28923
DEMO VESSEL 013,548000013,8500135,Philippines,Other,Port visit,2025-09-02 23:50:00,Asia/Manila,+08:00,14.69128,120.5239,17115
DEMO VESSEL 021,548000021,8500214,Belize,Dredging,Fishing event,2025-09-11 13:13:00,UTC,+00:00,14.40758,120.53824,26830
DEMO VESSEL 014,548000014,8500147,Philippines,Cargo,Port visit,2025-09-21 04:25:00,Asia/Manila,+08:00,14.20529,120.6839,30707
DEMO VESSEL 036,548000036,8500367,Sierra Leone,Cargo,Port visit,13/09/2025 02:27,Asia/Manila,+08:00,14.79405,120.46453,15507
DEMO VESSEL 027,548000027,8500276,Philippines,Cargo,Loitering,2025-09-25 06:40:00,UTC,+00:00,14.33797,120.82025,30802
DEMO VESSEL 022,548000022,8500226,Sierra Leone,Dredging,Loitering,2025-09-16 01:45:00,Asia/Manila,+08:00,14.82675,120.55947,24792
DEMO VESSEL 002,548000002,8500020,Philippines,Cargo,Encounter,09/09/2025 01:40,Asia/Manila,+08:00,14.82328,120.78892,15083
DEMO VESSEL 007,667000007,8500070,Sierra Leone,Cargo,Encounter,04/09/2025 14:40,UTC,+00:00,14.56371,120.37767,1574
DEMO VESSEL 018,548000018,8500185,Philippines,Cargo,Port visit,14/09/2025 23:50,Asia/Manila,+08:00,14.49996,120.65579,27006
DEMO VESSEL 025,548000025,8500252,Philippines,Dredging,Encounter,2025-09-23 05:27:00,Asia/Manila,+08:00,14.56772,120.34386,31647
DEMO VESSEL 010,548000010,8500109,Belize,Other,Port visit,2025-09-21 16:51:00,Asia/Manila,+08:00,14.8154,120.8527,37610
DEMO VESSEL 020,548000020,8500202,Philippines,Other,Loitering,2025-09-07 23:06:00,Asia/Manila,+08:00,14.48588,120.4576,21661
DEMO VESSEL 017,548000017,8500173,Philippines,Other,Loitering,06/09/2025 19:21,Asia/Manila,+08:00,14.73132,120.73397,13952
DEMO VESSEL 025,548000025,8500252,Philippines,Dredging,Encounter,2025-09-01 14:04:00,Asia/Manila,+08:00,14.49677,120.60766,23538
DEMOVESSEL026,548000026,8500264,Philippines,Cargo,Encounter,2025-09-15 16:36:00,UTC,+00:00,14.44939,120.42223,20838
DEMO VESSEL 008,548000008,8500082,Belize,Dredging,Encounter,2025-09-05 17:44:00,Asia/Manila,+08:00,14.28134,120.5512,22972
DEMO VESSEL 016,548000016,8500161,Philippines,Dredging,Fishing event,2025-09-04 09:39:00,UTC,+00:00,14.45032,120.31798,5507
DEMO VESSEL 031,548000031,8500317,Philippines,Cargo,Fishing event,2025-09-01 19:35:00,Asia/Manila,+08:00,14.77292,120.82522,8009
DEMO VESSEL 035,548000035,8500355,Philippines,Other,Fishing event,2025-09-10 12:27:00,Asia/Manila,+08:00,14.88582,120.78376,12321
DEMO VESSEL 027,548000027,8500276,Philippines,Cargo,Port visit,21/09/2025 03:11,Asia/Manila,+08:00,14.78194,120.86752,28491
DEMO VESSEL 032,548000032,8500329,Philippines,Cargo,Loitering,2025-09-19 08:36:00,Asia/Manila,+08:00,14.37485,120.85779,1204
DEMO VESSEL 018,548000018,8500185,Philippines,Cargo,Encounter,2025-09-01 02:51:00,Asia/Manila,+08:00,14.80843,120.46452,32648
DEMO VESSEL 035,548000035,8500355,Philippines,Other,Port visit,2025-09-13 14:45:00,Asia/Manila,+08:00,14.62476,120.41742,28495
DEMO VESSEL 013,548000013,8500135,Philippines,Other,Encounter,2025-09-17 12:10:00,Asia/Manila,+08:00,14.50239,120.76011,2026
DEMO VESSEL 021,548000021,8500214,Belize,Dredging,Fishing event,17/09/2025 19:33,Asia/Manila,+08:00,14.31788,120.4236,8662
DEMO VESSEL 030,548000030,8500305,Philippines,Cargo,Port visit,2025-09-21 22:40:00,Asia/Manila,+08:00,14.41553,120.77394,22314
DEMO VESSEL 005,548000005,1234568,Sierra Leone,Dredging,Encounter,2025-09-06 00:28:00,UTC,+00:00,14.68615,120.73857,39683
DEMO VESSEL 003,548000003,8500032,Philippines,Cargo,Fishing event,2025-09-11 14:42:00,Asia/Manila,+08:00,14.31025,120.36868,13838
DEMO VESSEL 011,548000011,8500111,Philippines,Other,Fishing event,2025-09-18 09:49:00,Asia/Manila,+08:00,14.62995,120.65022,21689
DEMO VESSEL 021,548000021,8500214,Belize,Dredging,Fishing event,2025-09-05 23:24:00,Asia/Manila,+08:00,14.59659,120.62082,9187
DEMO VESSEL 010,548000010,8500109,Belize,Other,Fishing event,2025-09-11 13:34:00,Asia/Manila,+08:00,14.78226,120.59098,26463
DEMO VESSEL 034 ,548000034,8500343,Belize,Cargo,Fishing event,2025-09-17 21:40:00,Asia/Manila,+08:00,14.45247,120.62048,17077
demo vessel 007,548000007,8500070,Philippines,Cargo,Loitering,2025-09-18 04:00:00,Asia/Manila,+08:00,14.48009,120.71801,9308
DEMO VESSEL 026,548000026,8500264,Philippines,Cargo,Fishing event,2025-09-15 14:06:00,UTC,+00:00,14.5057,120.73666,13058
DEMO VESSEL 015,548000015,8500159,Philippines,Cargo,Port visit,2025-09-08 11:42:00,Asia/Manila,+08:00,14.53236,120.82828,38949
DEMO VESSEL 017,548000017,8500173,Philippines,Other,Encounter,2025-09-21 07:09:00,UTC,+00:00,14.68662,120.35151,5985
DEMO VESSEL 038,548000038,8500381,Philippines,Dredging,Loitering,25/09/2025 15:41,Asia/Manila,+08:00,14.55358,120.33132,39338
DEMO VESSEL 006,548000006,64,Philippines,Dredging,Fishing event,2025-09-23 17:40:00,Asia/Manila,+08:00,14.3089,120.37286,17998
DEMO VESSEL 035,548000035,8500355,Philippines,Other,Fishing event,2025-09-11 17:18:00,UTC,+00:00,14.29719,120.83148,14528
DEMO VESSEL 038,548000038,8500381,Philippines,Dredging,Port visit,10/09/2025 23:03,Asia/Manila,+08:00,14.50079,120.51593,25843
DEMO VESSEL 005,548000005,1234568,Sierra Leone,Dredging,Fishing event,2025-09-04 02:46:00,Asia/Manila,+08:00,14.79498,120.59672,7193
DEMO VESSEL 005,548000005,1234568,Sierra Leone,Dredging,Fishing event,2025-09-18 20:42:00,Asia/Manila,+08:00,14.3067,120.73839,8603
DEMO VESSEL 040,548000040,8500408,Philippines,Other,Encounter,2025-09-05 19:05:00,Asia/Manila,+08:00,14.24924,120.56913,24838
DEMO VESSEL 003,548000003,8500032,Philippines,Cargo,Loitering,08/09/2025 18:58,Asia/Manila,+08:00,14.79742,120.72912,27619
AIS TEST SHIP,100900301,,,,Port visit,15/09/2025 06:43,Asia/Manila,+08:00,14.29487,120.77769,35780
DEMO VESSEL 004,548000004,,Philippines,Dredging,Encounter,2025-09-24 10:54:00,Asia/Manila,+08:00,14.5363,120.63771,31685
DEMO VESSEL 003,548000003,8500032,Philippines,Cargo,Encounter,2025-09-21 11:54:00,UTC,+00:00,14.65645,120.46355,38584
DEMO VESSEL 037,548000037,8500379,Belize,Cargo,Fishing event,04/09/2025 04:33,Asia/Manila,+08:00,14.53824,120.70257,21883
DEMO VESSEL 003,548000003,8500032,Philippines,Cargo,Loitering,2025-09-02 16:06:00,Asia/Manila,+08:00,14.80961,120.84659,33454
DEMO VESSEL 007 ,548000007,8500070,Philippines,Cargo,Port visit,2025-09-24 23:09:00,Asia/Manila,+08:00,14.63904,120.57082,6835
DEMO VESSEL 039,548000039,8500393,Philippines,Dredging,Loitering,2025-09-19 21:34:00,UTC,+00:00,14.77439,120.32837,27846
DEMOVESSEL017,548000017,8500173,Philippines,Other,Loitering,2025-09-25 01:50:00,Asia/Manila,+08:00,14.88136,120.78821,5482
DEMO VESSEL 030,548000030,8500305,Philippines,Cargo,Port visit,2025-09-19 01:00:00,UTC,+00:00,14.54455,120.81386,17866
DEMO VESSEL 037,548000037,8500379,Belize,Cargo,Port visit,2025-09-19 12:14:00,Asia/Manila,+08:00,14.28999,120.71007,31944
DEMO VESSEL 007,548000007,8500070,Philippines,Cargo,Loitering,09/09/2025 10:56,Asia/Manila,+08:00,14.66015,120.89726,10950
DEMO VESSEL 006,548000006,64,Philippines,Dredging,Fishing event,2025-09-24 20:48:00,Asia/Manila,+08:00,14.6823,120.62465,32383
DEMO VESSEL 033,548000033,8500331,Philippines,Cargo,Port visit,2025-09-03 16:44:00,Asia/Manila,+08:00,14.32273,120.48267,7009
demo vessel 018,548000018,8500185,Philippines,Cargo,Loitering,2025-09-27 20:20:00,UTC,+00:00,14.33993,120.72903,1853
DEMO VESSEL 035,548000035,8500355,Philippines,Other,Fishing event,2025-08-23 01:19:00,Asia/Manila,+08:00,14.81747,120.69232,15889
DEMO VESSEL 007,548000007,8500070,Philippines,Cargo,Port visit,2025-09-13 06:55:00,Asia/Manila,+08:00,14.64227,120.49598,36333
DEMO VESSEL 040,548000040,8500408,Philippines,Other,Port visit,2025-09-14 13:44:00,Asia/Manila,+08:00,14.85002,120.52539,19223
DEMO VESSEL 018,548000018,8500185,Philippines,Cargo,Port visit,2025-08-07 17:46:00,Asia/Manila,+08:00,14.33597,120.60147,11162
DEMO VESSEL 007,667000007,8500070,Sierra Leone,Cargo,Port visit,2025-09-19 00:25:00,UTC,+00:00,14.31901,120.7909,5952
DEMO VESSEL 023,548000023,8500238,Belize,Cargo,Port visit,2025-09-11 00:02:00,Asia/Manila,+08:00,14.67348,120.57398,38665
DEMO VESSEL 009,548000009,8500094,Belize,Cargo,Fishing event,2025-09-01 04:01:00,UTC,+00:00,14.30566,120.65621,22171
DEMO VESSEL 017,548000017,8500173,Philippines,Other,Loitering,23/09/2025 21:26,Asia/Manila,+08:00,14.26282,120.89235,817
DEMO VESSEL 020 ,548000020,8500202,Philippines,Other,Fishing event,21/09/2025 17:35,Asia/Manila,+08:00,14.55881,120.71185,13325
DEMO VESSEL 022,548000022,8500226,Sierra Leone,Dredging,Fishing event,21/09/2025 11:16,UTC,+00:00,14.48024,120.82313,816
DEMO VESSEL 010,548000010,8500109,Belize,Other,Fishing event,2025-09-06 22:36:00,Asia/Manila,+08:00,14.61238,120.75209,24003
DEMO VESSEL 018,548000018,8500185,Philippines,Cargo,Encounter,02/09/2025 07:02,Asia/Manila,+08:00,14.79845,120.30368,27827
DEMO VESSEL 003 ,548000003,8500032,Philippines,Cargo,Port visit,08/09/2025 14:24,Asia/Manila,+08:00,14.47508,120.8868,19791
DEMO VESSEL 033,548000033,8500331,Philippines,Cargo,Encounter,2025-09-17 18:27:00,Asia/Manila,+08:00,14.35829,120.88079,28681
DEMO VESSEL 037,548000037,8500379,Belize,Cargo,Encounter,2025-09-06 15:20:00,Asia/Manila,+08:00,14.35197,120.32536,5700
DEMO VESSEL 017,548000017,8500173,Philippines,Other,Fishing event,2025-09-15 10:03:00,Asia/Manila,+08:00,14.22419,120.50484,16820
DEMO VESSEL 003 ,548000003,8500032,Philippines,Cargo,Encounter,2025-09-12 17:20:00,Asia/Manila,+08:00,14.69305,120.46996,35727
DEMO VESSEL 030,548000030,8500305,Philippines,Cargo,Port visit,2025-09-02 14:36:00,Asia/Manila,+08:00,14.4492,120.71574,38389
DEMO VESSEL 033,548000033,8500331,Philippines,Cargo,Fishing event,2025-09-07 11:39:00,Asia/Manila,+08:00,14.28938,120.52351,8998
DEMO VESSEL 040,548000040,8500408,Philippines,Other,Port visit,2025-09-13 09:57:00,Asia/Manila,+08:00,14.60476,120.79588,27966
DEMO VESSEL 005,548000005,1234568,Sierra Leone,Dredging,Port visit,2025-09-18 12:14:00,UTC,+00:00,14.52474,120.79568,26517
DEMO VESSEL 021,548000021,8500214,Belize,Dredging,Loitering,2025-09-15 06:58:00,Asia/Manila,+08:00,14.5801,120.38374,8448
DEMO VESSEL 014,548000014,8500147,Philippines,Cargo,Loitering,2025-09-13 02:16:00,Asia/Manila,+08:00,14.22568,120.57726,33412
DEMO VESSEL 003,548000003,8500032,Philippines,Cargo,Encounter,2025-09-06 16:03:00,UTC,+00:00,14.61373,120.52668,21303
DEMO VESSEL 027,548000027,8500276,Philippines,Cargo,Fishing event,2025-09-16 15:28:00,Asia/Manila,+08:00,14.71267,120.46535,35803
DEMO VESSEL 001,548000001,8500018,Philippines,Dredging,Fishing event,2025-09-08 19:02:00,Asia/Manila,+08:00,14.87482,120.3365,32430
DEMO VESSEL 027,548000027,8500276,Philippines,Cargo,Port visit,2025-09-13 15:17:00,Asia/Manila,+08:00,14.86715,120.47449,35455
DEMO VESSEL 005,548000005,1234568,Sierra Leone,Dredging,Fishing event,16/09/2025 12:04,UTC,+00:00,14.81835,120.6224,29038
DEMO VESSEL 011,548000011,8500111,Philippines,Other,Port visit,2025-08-13 05:21:00,Asia/Manila,+08:00,14.23271,120.3639,21574
DEMO VESSEL 012,548000012,8500123,Philippines,Dredging,Port visit,23/09/2025 11:01,UTC,+00:00,14.6914,120.6601,13901
DEMO VESSEL 034,548000034,8500343,Belize,Cargo,Loitering,2025-09-19 10:01:00,Asia/Manila,+08:00,14.47911,120.63152,37086
DEMO VESSEL 007,667000007,8500070,Sierra Leone,Cargo,Fishing event,14/09/2025 05:37,Asia/Manila,+08:00,14.85659,120.83616,19247
DEMO VESSEL 011,548000011,8500111,Philippines,Other,Encounter,08/09/2025 20:29,UTC,+00:00,14.32728,120.76764,32477
DEMO VESSEL 009,548000009,8500094,Belize,Cargo,Encounter,20/09/2025 13:52,UTC,+00:00,14.83269,120.31146,37907
DEMO VESSEL 035,548000035,8500355,Philippines,Other,Encounter,09/09/2025 00:13,UTC,+00:00,14.58759,120.6715,31925
DEMO VESSEL 036,548000036,8500367,Sierra Leone,Cargo,Encounter,2025-09-18 14:03:00,UTC,+00:00,14.52402,120.3316,24310
DEMO VESSEL 036,548000036,8500367,Sierra Leone,Cargo,Fishing event,19/09/2025 15:33,Asia/Manila,+08:00,14.21797,120.30183,8583
DEMO VESSEL 003,548000003,8500032,Philippines,Cargo,Encounter,22/09/2025 12:37,Asia/Manila,+08:00,14.72672,120.85459,9652
DEMO VESSEL 026,548000026,8500264,Philippines,Cargo,Encounter,24/09/2025 07:21,Asia/Manila,+08:00,14.5273,120.82553,31298
DEMO VESSEL 036,548000036,8500367,Sierra Leone,Cargo,Encounter,21/09/2025 08:19,Asia/Manila,+08:00,14.34719,120.72225,23832
DEMO VESSEL 009,548000009,8500094,Belize,Cargo,Port visit,2025-09-18 20:05:00,Asia/Manila,+08:00,14.29276,120.62017,32057
DEMO VESSEL 024,548000024,8500240,Philippines,Cargo,Fishing event,2025-09-21 17:26:00,Asia/Manila,+08:00,14.32775,120.6041,29536
DEMO VESSEL 005,548000005,1234568,Sierra Leone,Dredging,Loitering,2025-09-18 18:12:00,UTC,+00:00,14.563,120.53977,17437
DEMO VESSEL 004,548000004,,Philippines,Dredging,Fishing event,2025-09-23 10:53:00,Asia/Manila,+08:00,14.51852,120.88089,32997
DEMO VESSEL 034,548000034,8500343,Belize,Cargo,Port visit,2025-09-18 23:31:00,Asia/Manila,+08:00,14.23211,120.71628,10444
DEMO VESSEL 029,548000029,8500290,Philippines,Other,Loitering,2025-09-21 22:10:00,Asia/Manila,+08:00,14.34833,120.49009,2733
DEMO VESSEL 024,548000024,8500240,Philippines,Cargo,Fishing event,26/09/2025 18:27,Asia/Manila,+08:00,14.6868,120.4357,34601
DEMO VESSEL 026,548000026,8500264,Philippines,Cargo,Loitering,2025-09-26 22:38:00,UTC,+00:00,14.5047,120.45599,17963
DEMO VESSEL 023,548000023,8500238,Belize,Cargo,Encounter,2025-09-01 23:37:00,Asia/Manila,+08:00,14.85695,120.78804,10607
DEMO VESSEL 007,548000007,8500070,Philippines,Cargo,Encounter,09/09/2025 22:43,Asia/Manila,+08:00,14.86949,120.69733,15047
DEMO VESSEL 013,548000013,8500135,Philippines,Other,Port visit,2025-09-23 18:43:00,UTC,+00:00,14.68898,120.602,9175
DEMOVESSEL006,548000006,64,Philippines,Dredging,Encounter,2025-09-25 14:24:00,Asia/Manila,+08:00,14.33938,120.32518,1422
DEMO VESSEL 030,548000030,8500305,Philippines,Cargo,Port visit,2025-09-27 17:00:00,Asia/Manila,+08:00,14.20275,120.35516,32589
DEMO VESSEL 028,548000028,8500288,Philippines,Other,Loitering,2025-09-10 00:00:00,Asia/Manila,+08:00,14.24349,120.80862,28029
DEMO VESSEL 003,548000003,8500032,Philippines,Cargo,Port visit,2025-09-11 02:59:00,UTC,+00:00,14.48662,120.84865,13358
DEMO VESSEL 040,548000040,8500408,Philippines,Other,Fishing event,2025-09-21 10:06:00,Asia/Manila,+08:00,14.51835,120.59121,1220
DEMO VESSEL 001,548000001,8500018,Philippines,Dredging,Fishing event,2025-09-06 13:41:00,UTC,+00:00,14.33962,120.87835,37926
DEMO VESSEL 006,548000006,64,Philippines,Dredging,Port visit,2025-09-21 19:48:00,UTC,+00:00,14.56555,120.38711,9929
DEMO VESSEL 026,548000026,8500264,Philippines,Cargo,Encounter,2025-09-14 07:59:00,UTC,+00:00,14.50044,120.86809,37927
DEMO VESSEL 005,548000005,1234568,Sierra Leone,Dredging,Port visit,07/09/2025 05:29,Asia/Manila,+08:00,14.36752,120.5833,19500
demo vessel 021,548000021,8500214,Belize,Dredging,Loitering,2025-09-10 05:39:00,Asia/Manila,+08:00,14.48206,120.46789,29712
DEMO VESSEL 002,548000002,8500020,Philippines,Cargo,Encounter,2025-09-26 15:22:00,Asia/Manila,+08:00,14.32587,120.49133,4139
DEMO VESSEL 020,548000020,8500202,Philippines,Other,Port visit,2025-09-12 22:09:00,UTC,+00:00,14.23308,120.60774,9209
DEMO VESSEL 003,548000003,8500032,Philippines,Cargo,Port visit,2025-09-11 18:12:00,Asia/Manila,+08:00,14.61662,120.34053,33651
DEMO VESSEL 011,548000011,8500111,Philippines,Other,Encounter,2025-09-17 00:50:00,Asia/Manila,+08:00,14.78753,120.68476,4501
DEMO VESSEL 035,548000035,8500355,Philippines,Other,Loitering,2025-09-09 06:29:00,Asia/Manila,+08:00,14.64885,120.69269,8599
DEMO VESSEL 037 ,548000037,8500379,Belize,Cargo,Encounter,2025-09-07 05:09:00,UTC,+00:00,14.7291,120.64989,22396
DEMO VESSEL 023,548000023,8500238,Belize,Cargo,Loitering,2025-09-11 07:05:00,Asia/Manila,+08:00,14.6417,120.77168,1028
DEMO VESSEL 038,548000038,8500381,Philippines,Dredging,Loitering,2025-08-08 11:34:00,UTC,+00:00,14.29904,120.85981,37452
DEMO VESSEL 023,548000023,8500238,Belize,Cargo,Port visit,2025-09-07 21:03:00,Asia/Manila,+08:00,14.63868,120.35251,39685
DEMO VESSEL 013,548000013,8500135,Philippines,Other,Port visit,2025-09-19 16:32:00,Asia/Manila,+08:00,14.21711,120.3528,39439
demo vessel 020,548000020,8500202,Philippines,Other,Encounter,2025-09-27 20:36:00,Asia/Manila,+08:00,14.85083,120.40695,38112
DEMO VESSEL 015,548000015,8500159,Philippines,Cargo,Loitering,25/09/2025 04:07,Asia/Manila,+08:00,14.70753,120.40239,16116
DEMO VESSEL 040,548000040,8500408,Philippines,Other,Loitering,2025-09-02 19:50:00,UTC,+00:00,14.83081,120.83342,15165
DEMO VESSEL 005,548000005,1234568,Sierra Leone,Dredging,Loitering,2025-09-19 20:49:00,UTC,+00:00,14.74039,120.6553,14017
DEMO VESSEL 029,548000029,8500290,Philippines,Other,Fishing event,12/09/2025 11:02,Asia/Manila,+08:00,14.4753,120.75654,17722
DEMO VESSEL 025,548000025,8500252,Philippines,Dredging,Loitering,22/09/2025 20:43,UTC,+00:00,14.23155,120.38646,26926
DEMO VESSEL 030,548000030,8500305,Philippines,Cargo,Port visit,2025-09-17 08:49:00,Asia/Manila,+08:00,14.6101,120.66588,8815
DEMO VESSEL 021,548000021,8500214,Belize,Dredging,Encounter,2025-09-01 11:29:00,Asia/Manila,+08:00,14.21678,120.33288,28246
DEMO VESSEL 014,548000014,8500147,Philippines,Cargo,Fishing event,2025-09-13 06:40:00,Asia/Manila,+08:00,14.86873,120.7759,20478
DEMO VESSEL 030 ,548000030,8500305,Philippines,Cargo,Port visit,2025-09-02 12:56:00,Asia/Manila,+08:00,14.4675,120.62719,32592
DEMO VESSEL 005,548000005,1234568,Sierra Leone,Dredging,Loitering,2025-09-24 00:19:00,Asia/Manila,+08:00,14.26978,120.88156,6398
DEMO VESSEL 020,548000020,8500202,Philippines,Other,Encounter,12/09/2025 16:05,Asia/Manila,+08:00,14.23723,120.47114,16682
DEMO VESSEL 008,548000008,8500082,Belize,Dredging,Loitering,25/09/2025 02:57,UTC,+00:00,14.43066,120.35909,33506
DEMO VESSEL 022,548000022,8500226,Sierra Leone,Dredging,Port visit,2025-09-20 10:14:00,Asia/Manila,+08:00,14.51536,120.50165,25907
DEMO VESSEL 036,548000036,8500367,Sierra Leone,Cargo,Encounter,2025-09-25 13:02:00,Asia/Manila,+08:00,14.60282,120.3031,38233
DEMO VESSEL 013,548000013,8500135,Philippines,Other,Fishing event,2025-09-22 02:30:00,Asia/Manila,+08:00,14.69722,120.86278,5750
DEMO VESSEL 040,548000040,8500408,Philippines,Other,Port visit,2025-09-05 15:07:00,Asia/Manila,+08:00,14.54623,120.83276,39883
DEMO VESSEL 028,548000028,8500288,Philippines,Other,Encounter,10/09/2025 04:42,UTC,+00:00,14.28657,120.30288,35327
DEMO VESSEL 029,548000029,8500290,Philippines,Other,Loitering,2025-09-18 12:17:00,UTC,+00:00,14.43666,120.31069,644
DEMO VESSEL 019,548000019,8500197,Philippines,Cargo,Port visit,08/09/2025 18:04,Asia/Manila,+08:00,14.34616,120.30374,32201
DEMO VESSEL 029,548000029,8500290,Philippines,Other,Fishing event,07/09/2025 08:36,Asia/Manila,+08:00,14.38678,120.47803,31449
DEMO VESSEL 037,548000037,8500379,Belize,Cargo,Loitering,13/09/2025 07:00,Asia/Manila,+08:00,14.52374,120.36276,26798
DEMOVESSEL032,548000032,8500329,Philippines,Cargo,Port visit,2025-09-12 16:50:00,Asia/Manila,+08:00,14.85748,120.77851,6491
DEMO VESSEL 025,548000025,8500252,Philippines,Dredging,Fishing event,2025-09-12 02:07:00,Asia/Manila,+08:00,14.89435,120.56493,21002
DEMO VESSEL 023,548000023,8500238,Belize,Cargo,Port visit,2025-09-03 11:59:00,UTC,+00:00,14.65424,120.37507,31826
DEMO VESSEL 007,548000007,8500070,Philippines,Cargo,Encounter,2025-09-20 17:53:00,Asia/Manila,+08:00,14.44408,120.46902,17452
DEMO VESSEL 024,548000024,8500240,Philippines,Cargo,Fishing event,10/09/2025 18:26,Asia/Manila,+08:00,14.22469,120.40949,9192
DEMOVESSEL031,548000031,8500317,Philippines,Cargo,Encounter,20/09/2025 16:20,Asia/Manila,+08:00,14.77121,120.79093,12008
AIS TEST SHIP,100900301,,,,Port visit,2025-09-18 16:23:00,Asia/Manila,+08:00,14.48096,120.38841,31572
DEMO VESSEL 019,548000019,8500197,Philippines,Cargo,Port visit,2025-09-22 19:16:00,Asia/Manila,+08:00,14.79228,120.83714,18873
ais test ship,100900301,,,,Fishing event,2025-09-14 21:02:00,Asia/Manila,+08:00,14.23976,120.34175,27540
DEMO VESSEL 015,548000015,8500159,Philippines,Cargo,Loitering,2025-09-12 16:28:00,Asia/Manila,+08:00,14.61692,120.70798,7932
DEMO VESSEL 009,548000009,8500094,Belize,Cargo,Encounter,2025-09-23 05:30:00,UTC,+00:00,14.8439,120.87008,9488
DEMO VESSEL 015,548000015,8500159,Philippines,Cargo,Loitering,08/09/2025 17:28,Asia/Manila,+08:00,14.32821,120.81903,37600
DEMO VESSEL 020,548000020,8500202,Philippines,Other,Port visit,2025-09-25 05:21:00,UTC,+00:00,14.83603,120.42775,8470
DEMO VESSEL 026,548000026,8500264,Philippines,Cargo,Encounter,2025-09-11 06:23:00,Asia/Manila,+08:00,14.4444,120.60274,29569
DEMO VESSEL 039,548000039,8500393,Philippines,Dredging,Port visit,2025-09-06 20:09:00,UTC,+00:00,14.56891,120.6593,13406
DEMO VESSEL 008,548000008,8500082,Belize,Dredging,Port visit,2025-09-17 09:02:00,UTC,+00:00,14.37547,120.30617,9725
DEMO VESSEL 020,548000020,8500202,Philippines,Other,Loitering,2025-09-16 07:46:00,Asia/Manila,+08:00,14.60583,120.61366,2297
DEMO VESSEL 011,548000011,8500111,Philippines,Other,Fishing event,2025-09-27 17:21:00,Asia/Manila,+08:00,14.74591,120.50439,17072
DEMO VESSEL 028,548000028,8500288,Philippines,Other,Encounter,2025-09-20 20:49:00,Asia/Manila,+08:00,14.58125,120.63507,33141
demo vessel 001,548000001,8500018,Philippines,Dredging,Port visit,16/09/2025 14:06,UTC,+00:00,14.42416,120.42188,9863
AIS TEST SHIP,100900301,,,,Port visit,2025-09-15 16:21:00,Asia/Manila,+08:00,14.57825,120.3279,16898
DEMO VESSEL 002,548000002,8500020,Philippines,Cargo,Fishing event,25/09/2025 19:38,UTC,+00:00,14.45431,120.57152,22671
DEMO VESSEL 034,548000034,8500343,Belize,Cargo,Port visit,2025-09-24 20:25:00,Asia/Manila,+08:00,14.25415,120.54296,29962
DEMO VESSEL 007,667000007,8500070,Sierra Leone,Cargo,Loitering,2025-09-15 12:01:00,Asia/Manila,+08:00,14.31184,120.69949,14663
DEMO VESSEL 025,548000025,8500252,Philippines,Dredging,Port visit,2025-09-06 08:37:00,Asia/Manila,+08:00,14.20466,120.56888,6707
DEMO VESSEL 037,548000037,8500379,Belize,Cargo,Encounter,2025-09-27 10:05:00,UTC,+00:00,14.81505,120.5571,27176
demo vessel 031,548000031,8500317,Philippines,Cargo,Port visit,2025-09-14 22:02:00,Asia/Manila,+08:00,14.47482,120.38183,2344
DEMO VESSEL 003,548000003,8500032,Philippines,Cargo,Port visit,2025-09-14 09:54:00,UTC,+00:00,14.24873,120.80463,1137
DEMO VESSEL 015,548000015,8500159,Philippines,Cargo,Loitering,2025-09-09 16:29:00,UTC,+00:00,14.83173,120.34362,22065
DEMO VESSEL 031,548000031,8500317,Philippines,Cargo,Port visit,2025-09-21 03:49:00,UTC,+00:00,14.72821,120.72548,2438
DEMO VESSEL 024,548000024,8500240,Philippines,Cargo,Fishing event,18/09/2025 09:58,Asia/Manila,+08:00,14.48507,120.77619,5766
DEMO VESSEL 007,548000007,8500070,Philippines,Cargo,Loitering,2025-09-16 16:38:00,Asia/Manila,+08:00,14.52524,120.78266,33558
DEMO VESSEL 018,548000018,8500185,Philippines,Cargo,Fishing event,2025-09-09 08:42:00,Asia/Manila,+08:00,14.47784,120.64822,2478
DEMO VESSEL 037 ,548000037,8500379,Belize,Cargo,Encounter,2025-09-08 01:03:00,Asia/Manila,+08:00,14.45156,120.87037,11258
AISTESTSHIP,100900301,,,,Loitering,2025-09-14 06:36:00,Asia/Manila,+08:00,14.78561,120.62429,12249
DEMO VESSEL 023 ,548000023,8500238,Belize,Cargo,Fishing event,2025-09-04 23:28:00,UTC,+00:00,14.458,120.37763,1057
DEMO VESSEL 007,667000007,8500070,Sierra Leone,Cargo,Fishing event,2025-09-07 14:48:00,Asia/Manila,+08:00,14.33502,120.65516,29589
DEMO VESSEL 027,548000027,8500276,Philippines,Cargo,Port visit,2025-09-12 18:11:00,Asia/Manila,+08:00,14.21745,120.47704,38428
DEMO VESSEL 017,548000017,8500173,Philippines,Other,Encounter,02/09/2025 21:50,Asia/Manila,+08:00,14.55578,120.67249,18934
DEMO VESSEL 026,548000026,8500264,Philippines,Cargo,Port visit,2025-09-19 12:53:00,UTC,+00:00,14.29118,120.80198,17529
DEMO VESSEL 031,548000031,8500317,Philippines,Cargo,Port visit,2025-09-23 04:18:00,Asia/Manila,+08:00,14.41205,120.80625,28225
DEMO VESSEL 024,548000024,8500240,Philippines,Cargo,Encounter,17/09/2025 09:35,UTC,+00:00,14.49833,120.45789,10406
demo vessel 011,548000011,8500111,Philippines,Other,Port visit,16/09/2025 01:39,UTC,+00:00,14.82326,120.56342,37622
DEMO VESSEL 020,548000020,8500202,Philippines,Other,Loitering,2025-09-02 19:51:00,UTC,+00:00,14.20561,120.75711,16476
DEMO VESSEL 025,548000025,8500252,Philippines,Dredging,Port visit,2025-09-26 02:35:00,Asia/Manila,+08:00,14.64646,120.31015,7893
DEMO VESSEL 010,548000010,8500109,Belize,Other,Fishing event,27/09/2025 02:22,Asia/Manila,+08:00,14.85497,120.76549,32344
AIS TEST SHIP,100900301,,,,Encounter,2025-09-10 07:10:00,Asia/Manila,+08:00,14.88631,120.57919,21618
DEMO VESSEL 028,548000028,8500288,Philippines,Other,Fishing event,08/09/2025 11:01,UTC,+00:00,14.6863,120.45148,31196
DEMO VESSEL 037,548000037,8500379,Belize,Cargo,Loitering,2025-09-17 12:32:00,UTC,+00:00,14.24494,120.45814,12197
DEMO VESSEL 013,548000013,8500135,Philippines,Other,Fishing event,2025-09-23 02:04:00,Asia/Manila,+08:00,14.22216,120.65257,18104
DEMO VESSEL 040,548000040,8500408,Philippines,Other,Port visit,2025-09-11 01:57:00,Asia/Manila,+08:00,14.38826,120.87988,11245
DEMO VESSEL 040,548000040,8500408,Philippines,Other,Encounter,2025-09-13 03:21:00,Asia/Manila,+08:00,14.53311,120.41324,39619
DEMO VESSEL 017,548000017,8500173,Philippines,Other,Encounter,2025-09-04 18:25:00,Asia/Manila,+08:00,14.65146,120.8133,37252
DEMO VESSEL 028,548000028,8500288,Philippines,Other,Encounter,2025-09-19 03:39:00,Asia/Manila,+08:00,14.81731,120.75249,28046
DEMO VESSEL 004,548000004,,Philippines,Dredging,Port visit,2025-09-07 22:06:00,Asia/Manila,+08:00,14.33165,120.47983,39083
DEMO VESSEL 002,548000002,8500020,Philippines,Cargo,Port visit,2025-09-25 19:51:00,Asia/Manila,+08:00,14.72005,120.78529,9253
DEMO VESSEL 037,548000037,8500379,Belize,Cargo,Encounter,01/09/2025 11:04,Asia/Manila,+08:00,14.64102,120.48211,34063
DEMO VESSEL 017,548000017,8500173,Philippines,Other,Fishing event,2025-09-04 14:50:00,Asia/Manila,+08:00,14.69228,120.8212,5500
DEMO VESSEL 030,548000030,8500305,Philippines,Cargo,Port visit,15/09/2025 20:25,Asia/Manila,+08:00,14.63525,120.88731,33489
DEMO VESSEL 014,548000014,8500147,Philippines,Cargo,Loitering,2025-09-23 10:47:00,Asia/Manila,+08:00,14.42657,120.58232,33319
DEMO VESSEL 020,548000020,8500202,Philippines,Other,Port visit,2025-09-25 20:08:00,Asia/Manila,+08:00,14.42759,120.4298,39332
DEMO VESSEL 030,548000030,8500305,Philippines,Cargo,Port visit,2025-09-10 21:37:00,UTC,+00:00,14.81453,120.55979,38247
DEMO VESSEL 017,548000017,8500173,Philippines,Other,Fishing event,2025-09-17 16:22:00,UTC,+00:00,14.57153,120.41208,37384
DEMO VESSEL 025,548000025,8500252,Philippines,Dredging,Encounter,2025-09-11 22:09:00,Asia/Manila,+08:00,14.48007,120.50281,17041
DEMOVESSEL017,548000017,8500173,Philippines,Other,Encounter,2025-09-23 07:53:00,Asia/Manila,+08:00,14.62165,120.76373,5506
DEMO VESSEL 039,548000039,8500393,Philippines,Dredging,Encounter,09/09/2025 22:02,Asia/Manila,+08:00,14.86728,120.8887,18952
DEMO VESSEL 035,548000035,8500355,Philippines,Other,Port visit,2025-09-18 13:03:00,Asia/Manila,+08:00,14.31453,120.86809,38845
