Vessel_Name,MMSI,IMO,FLAG,Type,Event,Start_Date_Time,Time_Zone,Offset,Lat,Lon,Event_Duration
DEMO VESSEL 003,548000003,8500032,Philippines,Cargo,Loitering,11/05/2025 06:45,Asia/Manila,+08:00,14.72902,120.57942,6674
DEMO VESSEL 007 ,548000007,8500070,Philippines,Cargo,Fishing event,2025-05-13 15:09:00,UTC,+00:00,14.2477,120.31323,14354
DEMO VESSEL 029,548000029,8500290,Philippines,Other,Encounter,2025-05-22 04:18:00,Asia/Manila,+08:00,14.3908,120.66997,14858
AIS TEST SHIP,100900301,,,,Fishing event,01/05/2025 18:28,Asia/Manila,+08:00,14.39895,120.35344,3439
DEMO VESSEL 017,548000017,8500173,Philippines,Other,Fishing event,2025-05-16 15:12:00,Asia/Manila,+08:00,14.40851,120.77666,31604
DEMO VESSEL 018,548000018,8500185,Philippines,Cargo,Port visit,2025-05-23 16:44:00,UTC,+00:00,14.86067,120.34542,15946
DEMO VESSEL 036,548000036,8500367,Sierra Leone,Cargo,Fishing event,19/05/2025 18:42,Asia/Manila,+08:00,14.65613,120.71242,8083
DEMO VESSEL 036,548000036,8500367,Sierra Leone,Cargo,Fishing event,2025-05-03 07:49:00,Asia/Manila,+08:00,14.67757,120.3211,37048
DEMO VESSEL 027,548000027,8500276,Philippines,Cargo,Loitering,2025-05-14 15:59:00,UTC,+00:00,14.63702,120.55198,647
DEMO VESSEL 034,548000034,8500343,Belize,Cargo,Encounter,2025-05-11 00:06:00,Asia/Manila,+08:00,14.43316,120.51416,31941
DEMO VESSEL 025,548000025,8500252,Philippines,Dredging,Encounter,2025-05-09 05:59:00,Asia/Manila,+08:00,14.85451,120.61779,34003
DEMO VESSEL 037,548000037,8500379,Belize,Cargo,Loitering,2025-05-17 14:22:00,Asia/Manila,+08:00,14.32519,120.63886,21798
DEMO VESSEL 022,548000022,8500226,Sierra Leone,Dredging,Encounter,2025-05-17 06:44:00,Asia/Manila,+08:00,14.51266,120.37785,22769
DEMO VESSEL 030,548000030,8500305,Philippines,Cargo,Port visit,18/05/2025 17:29,Asia/Manila,+08:00,14.84892,120.8036,28446
DEMOVESSEL022,548000022,8500226,Sierra Leone,Dredging,Loitering,2025-05-27 03:15:00,Asia/Manila,+08:00,14.76091,120.85944,16956
DEMO VESSEL 031,548000031,8500317,Philippines,Cargo,Loitering,2025-05-10 22:47:00,Asia/Manila,+08:00,14.70506,120.36649,8764
DEMO VESSEL 039,548000039,8500393,Philippines,Dredging,Encounter,2025-05-25 22:06:00,Asia/Manila,+08:00,14.5568,120.38546,2372
DEMO VESSEL 019,548000019,8500197,Philippines,Cargo,Loitering,16/05/2025 16:15,Asia/Manila,+08:00,14.28318,120.38122,35669
DEMO VESSEL 005,548000005,1234568,Sierra Leone,Dredging,Loitering,2025-05-09 14:38:00,Asia/Manila,+08:00,14.35738,120.72541,38829
DEMO VESSEL 023,548000023,8500238,Belize,Cargo,Encounter,2025-05-03 08:42:00,Asia/Manila,+08:00,14.8354,120.76486,20013
DEMO VESSEL 013,548000013,8500135,Philippines,Other,Loitering,15/05/2025 06:43,Asia/Manila,+08:00,14.71229,120.82703,36710
DEMO VESSEL 020,548000020,8500202,Philippines,Other,Encounter,2025-05-08 21:34:00,Asia/Manila,+08:00,14.27457,120.68142,7287
DEMOVESSEL030,548000030,8500305,Philippines,Cargo,Fishing event,2025-05-12 17:51:00,Asia/Manila,+08:00,14.57982,120.65116,948
DEMO VESSEL 038,548000038,8500381,Philippines,Dredging,Encounter,2025-05-21 14:01:00,UTC,+00:00,14.85622,120.81452,37429
DEMO VESSEL 011,548000011,8500111,Philippines,Other,Port visit,2025-05-18 14:52:00,Asia/Manila,+08:00,14.31092,120.37817,4893
DEMO VESSEL 018,548000018,8500185,Philippines,Cargo,Port visit,2025-05-18 11:55:00,Asia/Manila,+08:00,14.61521,120.84685,11830
DEMO VESSEL 033,548000033,8500331,Philippines,Cargo,Port visit,11/05/2025 07:13,Asia/Manila,+08:00,14.80333,120.65672,18389
DEMO VESSEL 016,548000016,8500161,Philippines,Dredging,Loitering,2025-05-04 10:56:00,Asia/Manila,+08:00,14.22332,120.76308,4288
DEMO VESSEL 030,548000030,8500305,Philippines,Cargo,Encounter,16/05/2025 02:31,UTC,+00:00,14.81529,120.35773,34738
DEMO VESSEL 003,548000003,8500032,Philippines,Cargo,Fishing event,2025-05-05 16:55:00,UTC,+00:00,14.84906,120.56929,6680
DEMO VESSEL 016,548000016,8500161,Philippines,Dredging,Encounter,27/05/2025 18:41,Asia/Manila,+08:00,14.48973,120.38409,4289
DEMO VESSEL 040,548000040,8500408,Philippines,Other,Port visit,2025-05-15 10:47:00,UTC,+00:00,14.63137,120.56104,28980
DEMO VESSEL 035,548000035,8500355,Philippines,Other,Loitering,2025-05-03 12:55:00,UTC,+00:00,14.25699,120.73233,28361
DEMO VESSEL 030,548000030,8500305,Philippines,Cargo,Encounter,2025-05-11 07:28:00,Asia/Manila,+08:00,14.72284,120.53076,27590
demo vessel 006,548000006,64,Philippines,Dredging,Fishing event,2025-05-01 16:14:00,Asia/Manila,+08:00,0.0,0.0,18232
DEMO VESSEL 040 ,548000040,8500408,Philippines,Other,Port visit,2025-05-18 14:25:00,Asia/Manila,+08:00,14.8349,120.70579,6846
DEMO VESSEL 005,548000005,1234568,Sierra Leone,Dredging,Port visit,25/05/2025 15:44,Asia/Manila,+08:00,14.7066,120.65373,810
DEMO VESSEL 008,548000008,8500082,Belize,Dredging,Encounter,2025-05-08 10:43:00,Asia/Manila,+08:00,14.8048,120.78377,38749
DEMO VESSEL 027,548000027,8500276,Philippines,Cargo,Encounter,2025-05-14 17:39:00,UTC,+00:00,14.27136,120.79332,30667
DEMO VESSEL 038,548000038,8500381,Philippines,Dredging,Loitering,2025-05-12 18:18:00,Asia/Manila,+08:00,14.20334,120.31788,30361
DEMO VESSEL 032,548000032,8500329,Philippines,Cargo,Encounter,2025-05-21 10:52:00,Asia/Manila,+08:00,14.34779,120.5789,37188
DEMO VESSEL 033,548000033,8500331,Philippines,Cargo,Encounter,2025-05-17 07:36:00,UTC,+00:00,14.35083,120.43966,26998
DEMOVESSEL009,548000009,8500094,Belize,Cargo,Loitering,2025-05-22 08:56:00,UTC,+00:00,14.3264,120.84636,16107
DEMO VESSEL 017,548000017,8500173,Philippines,Other,Fishing event,2025-05-17 12:13:00,Asia/Manila,+08:00,14.88078,120.71129,22639
DEMO VESSEL 022,548000022,8500226,Sierra Leone,Dredging,Port visit,2025-05-26 03:29:00,Asia/Manila,+08:00,14.8744,120.52965,27267
DEMO VESSEL 031,548000031,8500317,Philippines,Cargo,Loitering,2025-05-01 20:58:00,Asia/Manila,+08:00,14.41279,120.55468,38695
DEMO VESSEL 025,548000025,8500252,Philippines,Dredging,Encounter,2025-05-23 17:49:00,Asia/Manila,+08:00,14.80901,120.74884,1924
DEMO VESSEL 013,548000013,8500135,Philippines,Other,Encounter,2025-05-27 07:40:00,Asia/Manila,+08:00,14.50566,120.58353,33346
DEMO VESSEL 010,548000010,8500109,Belize,Other,Loitering,2025-05-20 13:22:00,Asia/Manila,+08:00,14.45073,120.6848,29175
DEMO VESSEL 027,548000027,8500276,Philippines,Cargo,Port visit,2025-05-26 01:03:00,Asia/Manila,+08:00,14.68102,120.44992,8626
DEMOVESSEL028,548000028,8500288,Philippines,Other,Encounter,2025-05-03 17:50:00,Asia/Manila,+08:00,14.4089,120.37951,27817
DEMO VESSEL 022,548000022,8500226,Sierra Leone,Dredging,Loitering,2025-05-21 17:28:00,Asia/Manila,+08:00,14.23217,120.75396,37581
DEMO VESSEL 016,548000016,8500161,Philippines,Dredging,Fishing event,2025-05-19 15:59:00,Asia/Manila,+08:00,14.2317,120.44894,35559
DEMO VESSEL 029,548000029,8500290,Philippines,Other,Port visit,2025-05-12 21:58:00,UTC,+00:00,14.36448,120.78742,1140
DEMO VESSEL 017,548000017,8500173,Philippines,Other,Port visit,2025-05-22 14:55:00,Asia/Manila,+08:00,14.66232,120.83207,20837
DEMO VESSEL 034,548000034,8500343,Belize,Cargo,Encounter,2025-05-20 21:43:00,UTC,+00:00,14.64646,120.55986,8042
DEMO VESSEL 025,548000025,8500252,Philippines,Dredging,Encounter,2025-05-01 22:46:00,Asia/Manila,+08:00,14.53026,120.82843,17054
DEMO VESSEL 007,667000007,8500070,Sierra Leone,Cargo,Port visit,12/05/2025 00:56,Asia/Manila,+08:00,14.80183,120.59512,27333
DEMO VESSEL 030,548000030,8500305,Philippines,Cargo,Encounter,10/05/2025 20:42,Asia/Manila,+08:00,14.83911,120.32255,37831
DEMO VESSEL 010,548000010,8500109,Belize,Other,Encounter,2025-05-15 00:54:00,Asia/Manila,+08:00,14.71493,120.78896,27917
DEMO VESSEL 020,548000020,8500202,Philippines,Other,Fishing event,2025-05-08 09:50:00,Asia/Manila,+08:00,14.46719,120.47621,32237
DEMO VESSEL 037,548000037,8500379,Belize,Cargo,Port visit,01/05/2025 00:40,Asia/Manila,+08:00,14.31399,120.66874,21870
DEMO VESSEL 022,548000022,8500226,Sierra Leone,Dredging,Fishing event,2025-05-17 13:33:00,Asia/Manila,+08:00,14.82848,120.80922,12374
DEMO VESSEL 019,548000019,8500197,Philippines,Cargo,Fishing event,2025-05-26 19:24:00,Asia/Manila,+08:00,14.88044,120.72367,34264
DEMO VESSEL 003 ,548000003,8500032,Philippines,Cargo,Loitering,2025-05-24 06:59:00,UTC,+00:00,14.20449,120.40104,34703
DEMO VESSEL 015,548000015,8500159,Philippines,Cargo,Fishing event,2025-05-13 12:56:00,UTC,+00:00,14.54828,120.7011,30411
DEMO VESSEL 015,548000015,8500159,Philippines,Cargo,Fishing event,2025-05-16 18:44:00,Asia/Manila,+08:00,14.68427,120.583,2237
DEMOVESSEL009,548000009,8500094,Belize,Cargo,Encounter,2025-05-04 18:26:00,Asia/Manila,+08:00,14.73652,120.40099,36255
DEMO VESSEL 018,548000018,8500185,Philippines,Cargo,Port visit,2025-05-07 05:06:00,Asia/Manila,+08:00,14.89003,120.45964,38174
DEMO VESSEL 019,548000019,8500197,Philippines,Cargo,Fishing event,2025-05-22 10:38:00,UTC,+00:00,14.27139,120.69264,2134
DEMO VESSEL 025,548000025,8500252,Philippines,Dredging,Loitering,2025-05-22 20:18:00,Asia/Manila,+08:00,14.35101,120.55488,19163
DEMO VESSEL 036,548000036,8500367,Sierra Leone,Cargo,Fishing event,2025-05-22 06:32:00,Asia/Manila,+08:00,14.77829,120.45657,20436
DEMO VESSEL 024,548000024,8500240,Philippines,Cargo,Loitering,04/05/2025 08:14,Asia/Manila,+08:00,14.82748,120.72844,14600
DEMO VESSEL 023,548000023,8500238,Belize,Cargo,Port visit,2025-05-26 02:19:00,Asia/Manila,+08:00,14.71593,120.31447,29294
DEMO VESSEL 039,548000039,8500393,Philippines,Dredging,Fishing event,04/05/2025 00:15,Asia/Manila,+08:00,14.44931,120.50966,7309
AIS TEST SHIP,100900301,,,,Port visit,18/05/2025 06:22,UTC,+00:00,14.27018,120.53303,15553
DEMO VESSEL 016,548000016,8500161,Philippines,Dredging,Port visit,16/05/2025 19:38,Asia/Manila,+08:00,14.37642,120.41784,29763
DEMO VESSEL 016,548000016,8500161,Philippines,Dredging,Encounter,17/05/2025 14:35,Asia/Manila,+08:00,14.75884,120.46304,27594
DEMO VESSEL 030,548000030,8500305,Philippines,Cargo,Port visit,05/05/2025 11:38,Asia/Manila,+08:00,14.55482,120.76505,7841
DEMO VESSEL 024,548000024,8500240,Philippines,Cargo,Fishing event,27/05/2025 03:35,Asia/Manila,+08:00,14.38766,120.30629,39974
DEMO VESSEL 003,548000003,8500032,Philippines,Cargo,Port visit,01/05/2025 23:07,Asia/Manila,+08:00,14.71728,120.69549,32079
DEMO VESSEL 037,548000037,8500379,Belize,Cargo,Fishing event,01/05/2025 12:00,Asia/Manila,+08:00,14.81516,120.42626,2233
DEMO VESSEL 036,548000036,8500367,Sierra Leone,Cargo,Encounter,2025-05-15 00:17:00,Asia/Manila,+08:00,14.30176,120.78316,3945
DEMO VESSEL 027,548000027,8500276,Philippines,Cargo,Fishing event,2025-05-05 23:12:00,Asia/Manila,+08:00,14.78868,120.33402,22753
DEMO VESSEL 020,548000020,8500202,Philippines,Other,Loitering,15/05/2025 02:39,Asia/Manila,+08:00,14.64903,120.86527,20357
DEMO VESSEL 029,548000029,8500290,Philippines,Other,Loitering,19/05/2025 07:38,Asia/Manila,+08:00,14.56211,120.39283,16173
DEMOVESSEL014,548000014,8500147,Philippines,Cargo,Port visit,2025-05-05 12:10:00,Asia/Manila,+08:00,14.78692,120.47143,18481
DEMO VESSEL 002,548000002,8500020,Philippines,Cargo,Encounter,2025-05-15 23:59:00,Asia/Manila,+08:00,14.33155,120.37893,39988
DEMO VESSEL 009,548000009,8500094,Belize,Cargo,Fishing event,2025-05-06 19:08:00,Asia/Manila,+08:00,14.26091,120.57841,23839
DEMO VESSEL 019,548000019,8500197,Philippines,Cargo,Fishing event,2025-05-03 03:59:00,Asia/Manila,+08:00,14.74042,120.36477,23477
DEMO VESSEL 033,548000033,8500331,Philippines,Cargo,Fishing event,26/05/2025 10:08,Asia/Manila,+08:00,14.25458,120.43731,7148
DEMO VESSEL 014,548000014,8500147,Philippines,Cargo,Fishing event,2025-05-06 01:59:00,Asia/Manila,+08:00,14.40014,120.46696,31474
DEMO VESSEL 016,548000016,8500161,Philippines,Dredging,Port visit,2025-05-01 00:04:00,Asia/Manila,+08:00,14.79646,120.85793,26436
DEMO VESSEL 009 ,548000009,8500094,Belize,Cargo,Loitering,2025-05-07 22:48:00,UTC,+00:00,14.61467,120.47869,27716
DEMO VESSEL 021,548000021,8500214,Belize,Dredging,Fishing event,2025-05-27 08:42:00,Asia/Manila,+08:00,14.46195,120.64605,36353
DEMO VESSEL 029,548000029,8500290,Philippines,Other,Fishing event,2025-05-20 19:05:00,Asia/Manila,+08:00,14.58116,120.67018,22764
DEMO VESSEL 028,548000028,8500288,Philippines,Other,Port visit,02/05/2025 17:34,Asia/Manila,+08:00,14.33802,120.59434,2073
DEMO VESSEL 001,548000001,8500018,Philippines,Dredging,Fishing event,2025-05-07 12:54:00,UTC,+00:00,14.46696,120.51538,26239
DEMO VESSEL 034,548000034,8500343,Belize,Cargo,Fishing event,2025-05-12 22:46:00,Asia/Manila,+08:00,14.63815,120.45996,29987
DEMO VESSEL 015,548000015,8500159,Philippines,Cargo,Loitering,06/05/2025 21:11,UTC,+00:00,14.82987,120.4758,28057
DEMO VESSEL 009,548000009,8500094,Belize,Cargo,Loitering,2025-05-11 11:14:00,Asia/Manila,+08:00,14.7841,120.70358,27217
DEMO VESSEL 024,548000024,8500240,Philippines,Cargo,Loitering,2025-05-07 08:45:00,UTC,+00:00,14.47176,120.7969,11987
DEMO VESSEL 020,548000020,8500202,Philippines,Other,Loitering,13/05/2025 06:51,Asia/Manila,+08:00,14.32647,120.56578,21264
DEMO VESSEL 010,548000010,8500109,Belize,Other,Fishing event,18/05/2025 13:50,Asia/Manila,+08:00,14.44916,120.74266,916
DEMO VESSEL 009,548000009,8500094,Belize,Cargo,Loitering,2025-05-21 05:57:00,Asia/Manila,+08:00,14.59327,120.82902,35970
DEMO VESSEL 036,548000036,8500367,Sierra Leone,Cargo,Port visit,23/05/2025 03:06,UTC,+00:00,14.2321,120.78884,22103
DEMO VESSEL 019,548000019,8500197,Philippines,Cargo,Fishing event,2025-05-25 14:44:00,Asia/Manila,+08:00,14.37431,120.88785,10576
DEMO VESSEL 023,548000023,8500238,Belize,Cargo,Fishing event,2025-05-04 02:56:00,Asia/Manila,+08:00,14.48191,120.45659,29440
DEMO VESSEL 016 ,548000016,8500161,Philippines,Dredging,Encounter,16/05/2025 15:37,Asia/Manila,+08:00,14.56081,120.74179,28229
DEMO VESSEL 033,548000033,8500331,Philippines,Cargo,Encounter,2025-05-08 05:03:00,UTC,+00:00,14.26334,120.37218,14273
DEMO VESSEL 040,548000040,8500408,Philippines,Other,Port visit,2025-05-26 07:34:00,UTC,+00:00,14.60491,120.80006,10486
DEMO VESSEL 010,548000010,8500109,Belize,Other,Loitering,2025-05-20 14:58:00,Asia/Manila,+08:00,14.87436,120.42894,7025
DEMO VESSEL 019,548000019,8500197,Philippines,Cargo,Loitering,2025-05-25 09:35:00,Asia/Manila,+08:00,14.29884,120.56795,1212
DEMO VESSEL 038 ,548000038,8500381,Philippines,Dredging,Fishing event,2025-05-22 21:20:00,Asia/Manila,+08:00,14.35979,120.79827,36454
DEMO VESSEL 011,548000011,8500111,Philippines,Other,Port visit,2025-05-22 23:22:00,UTC,+00:00,14.3049,120.63916,19701
DEMO VESSEL 016,548000016,8500161,Philippines,Dredging,Loitering,2025-05-04 14:50:00,Asia/Manila,+08:00,14.22051,120.59659,23097
DEMO VESSEL 025,548000025,8500252,Philippines,Dredging,Encounter,2025-05-02 00:18:00,Asia/Manila,+08:00,14.20264,120.87046,30388
DEMO VESSEL 033,548000033,8500331,Philippines,Cargo,Fishing event,08/05/2025 01:22,UTC,+00:00,14.49205,120.71134,37097
DEMO VESSEL 005,548000005,1234568,Sierra Leone,Dredging,Encounter,2025-05-01 07:56:00,Asia/Manila,+08:00,14.69966,120.484,31448
DEMO VESSEL 037,548000037,8500379,Belize,Cargo,Loitering,2025-05-06 23:10:00,Asia/Manila,+08:00,14.20296,120.78104,21029
DEMO VESSEL 008,548000008,8500082,Belize,Dredging,Encounter,16/05/2025 20:40,UTC,+00:00,14.40552,120.57337,14211
DEMO VESSEL 017,548000017,8500173,Philippines,Other,Port visit,2025-05-12 08:33:00,Asia/Manila,+08:00,14.50665,120.84347,22426
DEMO VESSEL 015,548000015,8500159,Philippines,Cargo,Fishing event,2025-05-04 06:57:00,Asia/Manila,+08:00,14.47779,120.59652,28992
DEMO VESSEL 034,548000034,8500343,Belize,Cargo,Encounter,18/05/2025 05:09,Asia/Manila,+08:00,14.52315,120.50911,6424
DEMO VESSEL 022,548000022,8500226,Sierra Leone,Dredging,Loitering,2025-05-24 11:42:00,Asia/Manila,+08:00,14.41092,120.40607,679
DEMO VESSEL 011,548000011,8500111,Philippines,Other,Fishing event,25/05/2025 13:46,Asia/Manila,+08:00,14.71288,120.65994,35554
DEMO VESSEL 032,548000032,8500329,Philippines,Cargo,Encounter,2025-05-15 04:37:00,UTC,+00:00,14.66345,120.39446,37888
DEMO VESSEL 018,548000018,8500185,Philippines,Cargo,Loitering,2025-05-08 00:03:00,UTC,+00:00,14.24485,120.36302,6901
DEMOVESSEL002,548000002,8500020,Philippines,Cargo,Fishing event,2025-05-27 04:57:00,Asia/Manila,+08:00,14.82044,120.34588,38434
DEMO VESSEL 004,548000004,,Philippines,Dredging,Port visit,2025-05-24 01:06:00,Asia/Manila,+08:00,14.35767,120.51015,1705
DEMO VESSEL 032,548000032,8500329,Philippines,Cargo,Fishing event,2025-05-05 19:29:00,UTC,+00:00,14.40734,120.54655,13563
DEMO VESSEL 024,548000024,8500240,Philippines,Cargo,Port visit,06/05/2025 14:07,Asia/Manila,+08:00,14.30008,120.59368,8701
DEMO VESSEL 027,548000027,8500276,Philippines,Cargo,Port visit,2025-05-10 14:42:00,Asia/Manila,+08:00,14.27636,120.59422,34525
DEMO VESSEL 010,548000010,8500109,Belize,Other,Encounter,2025-05-04 17:47:00,Asia/Manila,+08:00,14.2688,120.54397,22663
DEMO VESSEL 027,548000027,8500276,Philippines,Cargo,Port visit,03/05/2025 20:14,UTC,+00:00,14.25027,120.53085,31591
DEMO VESSEL 005,548000005,1234568,Sierra Leone,Dredging,Encounter,03/05/2025 11:27,Asia/Manila,+08:00,14.28836,120.43628,8577
DEMO VESSEL 038,548000038,8500381,Philippines,Dredging,Loitering,2025-05-27 15:26:00,Asia/Manila,+08:00,14.46584,120.4879,13318
DEMO VESSEL 033,548000033,8500331,Philippines,Cargo,Encounter,20/05/2025 21:04,UTC,+00:00,14.45031,120.81006,19315
DEMOVESSEL004,548000004,,Philippines,Dredging,Encounter,19/05/2025 21:20,Asia/Manila,+08:00,14.51067,120.31036,31770
DEMO VESSEL 032,548000032,8500329,Philippines,Cargo,Port visit,13/05/2025 00:00,UTC,+00:00,14.82405,120.82824,21949
DEMO VESSEL 038,548000038,8500381,Philippines,Dredging,Loitering,2025-05-18 07:00:00,Asia/Manila,+08:00,14.53638,120.55323,10663
DEMO VESSEL 004,548000004,,Philippines,Dredging,Loitering,2025-05-19 12:19:00,Asia/Manila,+08:00,14.7982,120.53036,3210
DEMO VESSEL 035,548000035,8500355,Philippines,Other,Encounter,04/05/2025 03:28,Asia/Manila,+08:00,14.78471,120.57675,36371
DEMO VESSEL 009,548000009,8500094,Belize,Cargo,Encounter,2025-05-10 00:39:00,Asia/Manila,+08:00,14.7438,120.51028,28761
DEMO VESSEL 032,548000032,8500329,Philippines,Cargo,Loitering,2025-05-22 15:06:00,UTC,+00:00,14.7252,120.82427,39374
DEMO VESSEL 016,548000016,8500161,Philippines,Dredging,Loitering,26/05/2025 14:30,UTC,+00:00,14.89605,120.46302,3931
DEMO VESSEL 016,548000016,8500161,Philippines,Dredging,Port visit,08/05/2025 17:58,UTC,+00:00,14.50012,120.48193,25773
DEMO VESSEL 007,667000007,8500070,Sierra Leone,Cargo,Fishing event,2025-05-26 20:48:00,Asia/Manila,+08:00,14.20666,120.72758,6828
DEMO VESSEL 014,548000014,8500147,Philippines,Cargo,Port visit,10/05/2025 08:13,Asia/Manila,+08:00,14.5944,120.77663,788
DEMO VESSEL 010,548000010,8500109,Belize,Other,Encounter,2025-05-21 23:40:00,UTC,+00:00,14.47546,120.49728,10238
DEMO VESSEL 019,548000019,8500197,Philippines,Cargo,Loitering,2025-05-03 20:57:00,UTC,+00:00,14.52572,120.75507,39732
DEMO VESSEL 007,548000007,8500070,Philippines,Cargo,Port visit,2025-05-13 23:19:00,Asia/Manila,+08:00,14.70695,120.43063,28881
DEMO VESSEL 002,548000002,8500020,Philippines,Cargo,Loitering,2025-05-12 13:16:00,Asia/Manila,+08:00,14.20006,120.78923,35368
DEMO VESSEL 024,548000024,8500240,Philippines,Cargo,Port visit,15/05/2025 22:00,Asia/Manila,+08:00,14.26162,120.65491,23426
DEMO VESSEL 005,548000005,1234568,Sierra Leone,Dredging,Encounter,2025-05-20 06:44:00,UTC,+00:00,0.0,0.0,8014
DEMO VESSEL 019,548000019,8500197,Philippines,Cargo,Loitering,23/05/2025 21:41,Asia/Manila,+08:00,14.69607,120.32548,7576
DEMO VESSEL 022,548000022,8500226,Sierra Leone,Dredging,Encounter,2025-05-23 19:58:00,Asia/Manila,+08:00,14.88172,120.87204,530
DEMO VESSEL 040,548000040,8500408,Philippines,Other,Encounter,2025-05-06 01:08:00,Asia/Manila,+08:00,14.80564,120.84403,15851
DEMO VESSEL 029,548000029,8500290,Philippines,Other,Encounter,2025-05-26 05:21:00,Asia/Manila,+08:00,14.39278,120.84985,14622
DEMO VESSEL 023,548000023,8500238,Belize,Cargo,Loitering,2025-05-20 03:45:00,Asia/Manila,+08:00,14.64262,120.8423,19213
DEMO VESSEL 021,548000021,8500214,Belize,Dredging,Loitering,2025-05-04 09:31:00,Asia/Manila,+08:00,14.67592,120.81572,38073
DEMO VESSEL 004,548000004,,Philippines,Dredging,Loitering,2025-04-19 16:36:00,UTC,+00:00,14.28487,120.82709,21070
DEMO VESSEL 037,548000037,8500379,Belize,Cargo,Port visit,2025-05-24 05:16:00,Asia/Manila,+08:00,14.39064,120.47784,4402
DEMO VESSEL 017,548000017,8500173,Philippines,Other,Port visit,2025-05-21 14:19:00,Asia/Manila,+08:00,14.77398,120.83363,13063
DEMO VESSEL 025,548000025,8500252,Philippines,Dredging,Loitering,2025-05-20 04:52:00,Asia/Manila,+08:00,14.57436,120.30156,9023
DEMOVESSEL024,548000024,8500240,Philippines,Cargo,Encounter,2025-05-25 18:33:00,Asia/Manila,+08:00,14.78368,120.76726,12592
DEMO VESSEL 036,548000036,8500367,Sierra Leone,Cargo,Fishing event,2025-05-18 17:37:00,UTC,+00:00,14.45556,120.81497,12676
DEMO VESSEL 036,548000036,8500367,Sierra Leone,Cargo,Port visit,2025-05-06 00:19:00,UTC,+00:00,14.6675,120.3121,38730
DEMO VESSEL 007,548000007,8500070,Philippines,Cargo,Encounter,2025-05-02 21:16:00,Asia/Manila,+08:00,14.82808,120.86458,20547
DEMO VESSEL 017 ,548000017,8500173,Philippines,Other,Loitering,2025-05-06 05:36:00,Asia/Manila,+08:00,14.37231,120.85863,30578
DEMO VESSEL 040,548000040,8500408,Philippines,Other,Port visit,2025-05-04 13:18:00,Asia/Manila,+08:00,14.48679,120.50927,10894
ais test ship,100900301,,,,Loitering,2025-05-06 05:51:00,UTC,+00:00,14.57828,120.40069,1714
AIS TEST SHIP,100900301,,,,Loitering,2025-05-10 05:39:00,Asia/Manila,+08:00,14.76929,120.45707,27008
DEMO VESSEL 004,548000004,,Philippines,Dredging,Encounter,2025-05-02 16:57:00,Asia/Manila,+08:00,14.51144,120.64624,35572
DEMO VESSEL 017,548000017,8500173,Philippines,Other,Port visit,2025-05-12 01:47:00,Asia/Manila,+08:00,14.89912,120.86558,23642
DEMO VESSEL 009,548000009,8500094,Belize,Cargo,Port visit,2025-05-22 23:24:00,Asia/Manila,+08:00,14.61246,120.63569,32773
DEMO VESSEL 005,548000005,1234568,Sierra Leone,Dredging,Encounter,24/05/2025 21:07,Asia/Manila,+08:00,14.72099,120.43347,18395
DEMO VESSEL 023,548000023,8500238,Belize,Cargo,Encounter,2025-05-06 06:35:00,Asia/Manila,+08:00,14.37745,120.672,23595
DEMO VESSEL 016,548000016,8500161,Philippines,Dredging,Encounter,2025-05-16 03:26:00,Asia/Manila,+08:00,14.24524,120.36702,1722
DEMO VESSEL 007 ,667000007,8500070,Sierra Leone,Cargo,Encounter,2025-05-17 14:32:00,UTC,+00:00,14.63795,120.5051,25641
DEMO VESSEL 039,548000039,8500393,Philippines,Dredging,Encounter,2025-05-21 06:54:00,UTC,+00:00,14.22553,120.72974,12141
DEMO VESSEL 010,548000010,8500109,Belize,Other,Port visit,11/05/2025 17:14,UTC,+00:00,14.71385,120.64472,5500
DEMO VESSEL 027,548000027,8500276,Philippines,Cargo,Fishing event,2025-05-08 20:24:00,Asia/Manila,+08:00,14.67944,120.61853,29055
DEMO VESSEL 007,667000007,8500070,Sierra Leone,Cargo,Port visit,2025-05-14 14:33:00,Asia/Manila,+08:00,14.84734,120.8612,22701
DEMO VESSEL 032,548000032,8500329,Philippines,Cargo,Port visit,2025-05-24 00:56:00,Asia/Manila,+08:00,14.7551,120.36201,15503
DEMO VESSEL 020,548000020,8500202,Philippines,Other,Fishing event,2025-05-26 08:45:00,UTC,+00:00,14.5503,120.78355,6884
DEMO VESSEL 036,548000036,8500367,Sierra Leone,Cargo,Encounter,17/05/2025 11:47,Asia/Manila,+08:00,14.2465,120.89838,23960
DEMO VESSEL 017,548000017,8500173,Philippines,Other,Encounter,15/05/2025 13:21,Asia/Manila,+08:00,14.29034,120.54056,7825
DEMO VESSEL 030,548000030,8500305,Philippines,Cargo,Encounter,2025-05-07 04:50:00,UTC,+00:00,14.84236,120.58839,8160
DEMO VESSEL 007,667000007,8500070,Sierra Leone,Cargo,Encounter,2025-05-26 22:45:00,UTC,+00:00,14.4819,120.49539,33123
DEMO VESSEL 003,548000003,8500032,Philippines,Cargo,Loitering,06/05/2025 14:04,UTC,+00:00,14.34047,120.53558,14612
DEMO VESSEL 007,548000007,8500070,Philippines,Cargo,Fishing event,23/05/2025 22:09,Asia/Manila,+08:00,14.29141,120.56334,16271
DEMOVESSEL038,548000038,8500381,Philippines,Dredging,Encounter,2025-05-19 14:13:00,UTC,+00:00,14.24496,120.76087,22858
DEMO VESSEL 038,548000038,8500381,Philippines,Dredging,Loitering,2025-05-06 05:02:00,UTC,+00:00,14.79609,120.82646,10252
DEMO VESSEL 015,548000015,8500159,Philippines,Cargo,Port visit,2025-05-25 18:39:00,UTC,+00:00,14.59913,120.7248,1632
DEMO VESSEL 034,548000034,8500343,Belize,Cargo,Fishing event,14/05/2025 08:40,Asia/Manila,+08:00,14.54557,120.40922,12578
DEMO VESSEL 027,548000027,8500276,Philippines,Cargo,Encounter,24/05/2025 13:32,Asia/Manila,+08:00,14.80344,120.31519,10538
DEMO VESSEL 017,548000017,8500173,Philippines,Other,Fishing event,2025-05-24 02:28:00,UTC,+00:00,14.3307,120.3169,32529
DEMO VESSEL 011,548000011,8500111,Philippines,Other,Loitering,2025-05-13 13:08:00,UTC,+00:00,14.71781,120.76795,16871
DEMO VESSEL 036,548000036,8500367,Sierra Leone,Cargo,Port visit,2025-05-27 18:23:00,Asia/Manila,+08:00,14.45338,120.64972,34314
DEMO VESSEL 026,548000026,8500264,Philippines,Cargo,Loitering,2025-05-08 14:00:00,Asia/Manila,+08:00,14.87494,120.78747,9238
DEMO VESSEL 018,548000018,8500185,Philippines,Cargo,Fishing event,2025-05-25 02:14:00,UTC,+00:00,14.43878,120.37715,4591
DEMO VESSEL 016,548000016,8500161,Philippines,Dredging,Loitering,11/05/2025 01:05,Asia/Manila,+08:00,14.84591,120.72464,4108
DEMO VESSEL 004,548000004,,Philippines,Dredging,Fishing event,25/05/2025 03:55,Asia/Manila,+08:00,14.37315,120.79237,33220
DEMO VESSEL 028,548000028,8500288,Philippines,Other,Fishing event,2025-05-03 14:42:00,Asia/Manila,+08:00,14.37424,120.36753,36212
DEMO VESSEL 028,548000028,8500288,Philippines,Other,Encounter,2025-05-24 01:41:00,UTC,+00:00,14.89861,120.33089,19589
DEMO VESSEL 015,548000015,8500159,Philippines,Cargo,Loitering,2025-05-20 22:40:00,Asia/Manila,+08:00,14.66913,120.44192,22172
DEMO VESSEL 038,548000038,8500381,Philippines,Dredging,Encounter,2025-05-02 05:39:00,Asia/Manila,+08:00,14.47016,120.80987,2135
DEMO VESSEL 020,548000020,8500202,Philippines,Other,Encounter,25/05/2025 04:14,Asia/Manila,+08:00,14.3267,120.52872,7359
DEMO VESSEL 036,548000036,8500367,Sierra Leone,Cargo,Loitering,2025-05-08 12:21:00,Asia/Manila,+08:00,14.32499,120.37396,22032
DEMOVESSEL039,548000039,8500393,Philippines,Dredging,Port visit,2025-05-11 06:03:00,UTC,+00:00,14.65612,120.431,39098
DEMO VESSEL 013,548000013,8500135,Philippines,Other,Port visit,2025-05-22 18:39:00,UTC,+00:00,14.44255,120.52673,4932
DEMOVESSEL003,548000003,8500032,Philippines,Cargo,Fishing event,2025-05-02 10:29:00,UTC,+00:00,14.22023,120.68012,16442
DEMO VESSEL 018,548000018,8500185,Philippines,Cargo,Encounter,2025-05-17 09:25:00,UTC,+00:00,14.70337,120.75194,36194
DEMO VESSEL 027,548000027,8500276,Philippines,Cargo,Fishing event,13/05/2025 18:31,Asia/Manila,+08:00,14.34732,120.8763,18320
DEMO VESSEL 003,548000003,8500032,Philippines,Cargo,Encounter,2025-05-10 06:11:00,UTC,+00:00,14.58328,120.34054,37377
DEMO VESSEL 012,548000012,8500123,Philippines,Dredging,Loitering,2025-05-20 23:24:00,UTC,+00:00,14.40558,120.80118,23481
DEMO VESSEL 010,548000010,8500109,Belize,Other,Encounter,2025-05-10 23:46:00,UTC,+00:00,14.56144,120.56018,30248
DEMO VESSEL 027,548000027,8500276,Philippines,Cargo,Port visit,19/05/2025 06:06,UTC,+00:00,14.70526,120.88608,24314
DEMO VESSEL 002 ,548000002,8500020,Philippines,Cargo,Loitering,07/05/2025 07:12,Asia/Manila,+08:00,14.44922,120.76736,734
DEMO VESSEL 020,548000020,8500202,Philippines,Other,Port visit,2025-05-12 15:03:00,UTC,+00:00,14.68308,120.84104,14336
DEMO VESSEL 022,548000022,8500226,Sierra Leone,Dredging,Encounter,2025-05-21 21:49:00,Asia/Manila,+08:00,14.21777,120.7307,25356
DEMO VESSEL 013,548000013,8500135,Philippines,Other,Loitering,2025-05-08 00:40:00,Asia/Manila,+08:00,14.47138,120.46642,20346
DEMOVESSEL014,548000014,8500147,Philippines,Cargo,Loitering,2025-05-22 09:53:00,Asia/Manila,+08:00,14.55696,120.49316,11009
DEMO VESSEL 019,548000019,8500197,Philippines,Cargo,Fishing event,26/05/2025 11:32,Asia/Manila,+08:00,14.35881,120.32847,35424
DEMO VESSEL 011,548000011,8500111,Philippines,Other,Encounter,22/05/2025 01:08,Asia/Manila,+08:00,14.40305,120.49275,38956
DEMOVESSEL019,548000019,8500197,Philippines,Cargo,Port visit,2025-05-27 04:10:00,Asia/Manila,+08:00,14.89687,120.88241,34841
DEMO VESSEL 038,548000038,8500381,Philippines,Dredging,Fishing event,2025-05-25 21:27:00,Asia/Manila,+08:00,14.71405,120.89262,6564
DEMO VESSEL 015,548000015,8500159,Philippines,Cargo,Port visit,2025-05-12 14:43:00,Asia/Manila,+08:00,14.89659,120.69502,6410
DEMO VESSEL 026,548000026,8500264,Philippines,Cargo,Loitering,20/05/2025 11:40,Asia/Manila,+08:00,14.32543,120.59722,29872
DEMO VESSEL 018,548000018,8500185,Philippines,Cargo,Loitering,01/05/2025 04:14,Asia/Manila,+08:00,14.52977,120.37284,18161
DEMO VESSEL 007,667000007,8500070,Sierra Leone,Cargo,Loitering,2025-05-07 16:02:00,Asia/Manila,+08:00,14.63759,120.58652,35820
DEMO VESSEL 002,548000002,8500020,Philippines,Cargo,Fishing event,2025-05-11 23:58:00,Asia/Manila,+08:00,14.58945,120.63123,38807
DEMO VESSEL 020,548000020,8500202,Philippines,Other,Encounter,2025-05-17 16:55:00,Asia/Manila,+08:00,14.73038,120.68076,18066
DEMO VESSEL 036,548000036,8500367,Sierra Leone,Cargo,Port visit,22/05/2025 16:19,UTC,+00:00,14.38835,120.83223,22031
DEMO VESSEL 003,548000003,8500032,Philippines,Cargo,Port visit,16/05/2025 13:47,Asia/Manila,+08:00,14.62246,120.51543,32387
DEMO VESSEL 022,548000022,8500226,Sierra Leone,Dredging,Loitering,2025-05-08 05:02:00,Asia/Manila,+08:00,14.55023,120.68984,27753
DEMO VESSEL 014,548000014,8500147,Philippines,Cargo,Port visit,2025-05-14 08:49:00,Asia/Manila,+08:00,14.77727,120.30354,20167
DEMO VESSEL 035,548000035,8500355,Philippines,Other,Port visit,13/05/2025 22:25,Asia/Manila,+08:00,14.29729,120.64051,26788
DEMO VESSEL 032,548000032,8500329,Philippines,Cargo,Fishing event,2025-05-05 23:34:00,Asia/Manila,+08:00,14.31836,120.31562,33592
DEMO VESSEL 032,548000032,8500329,Philippines,Cargo,Encounter,14/05/2025 06:13,Asia/Manila,+08:00,14.41176,120.62308,12849
DEMO VESSEL 036,548000036,8500367,Sierra Leone,Cargo,Loitering,2025-05-04 00:29:00,Asia/Manila,+08:00,14.30484,120.61702,17699
DEMO VESSEL 038,548000038,8500381,Philippines,Dredging,Loitering,19/05/2025 01:16,Asia/Manila,+08:00,14.72112,120.48449,10779
DEMO VESSEL 017,548000017,8500173,Philippines,Other,Loitering,12/05/2025 22:17,Asia/Manila,+08:00,14.61377,120.893,28741
DEMO VESSEL 033,548000033,8500331,Philippines,Cargo,Encounter,2025-05-06 01:37:00,Asia/Manila,+08:00,14.88642,120.39774,19130
DEMO VESSEL 015,548000015,8500159,Philippines,Cargo,Encounter,2025-05-10 11:43:00,Asia/Manila,+08:00,14.75409,120.74312,5956
DEMO VESSEL 021,548000021,8500214,Belize,Dredging,Encounter,02/05/2025 05:03,UTC,+00:00,14.50573,120.59886,7213
demo vessel 008,548000008,8500082,Belize,Dredging,Encounter,10/05/2025 01:41,UTC,+00:00,14.30276,120.67016,15165
DEMO VESSEL 019,548000019,8500197,Philippines,Cargo,Fishing event,03/05/2025 08:08,Asia/Manila,+08:00,14.72669,120.66991,14591
DEMO VESSEL 022,548000022,8500226,Sierra Leone,Dredging,Encounter,2025-05-14 08:27:00,UTC,+00:00,14.74512,120.31793,19642
DEMO VESSEL 012,548000012,8500123,Philippines,Dredging,Loitering,20/05/2025 16:08,Asia/Manila,+08:00,14.48001,120.62903,31961
DEMO VESSEL 006,548000006,64,Philippines,Dredging,Port visit,2025-05-07 10:33:00,UTC,+00:00,14.61843,120.70181,19634
DEMO VESSEL 015 ,548000015,8500159,Philippines,Cargo,Loitering,2025-05-26 14:53:00,UTC,+00:00,14.70822,120.7495,6078
DEMO VESSEL 026,548000026,8500264,Philippines,Cargo,Port visit,2025-05-10 08:46:00,Asia/Manila,+08:00,14.89705,120.84228,28373
DEMO VESSEL 014 ,548000014,8500147,Philippines,Cargo,Encounter,2025-05-27 10:44:00,UTC,+00:00,14.68664,120.57883,8770
DEMO VESSEL 040,548000040,8500408,Philippines,Other,Encounter,25/04/2025 00:28,Asia/Manila,+08:00,14.20268,120.45491,10009
DEMO VESSEL 036,548000036,8500367,Sierra Leone,Cargo,Fishing event,20/05/2025 23:12,Asia/Manila,+08:00,14.81186,120.52123,353
DEMO VESSEL 033,548000033,8500331,Philippines,Cargo,Loitering,2025-05-17 10:38:00,Asia/Manila,+08:00,14.56885,120.59881,7181
DEMO VESSEL 005,548000005,1234568,Sierra Leone,Dredging,Fishing event,2025-05-14 05:10:00,UTC,+00:00,14.78396,120.57895,26807
DEMO VESSEL 040,548000040,8500408,Philippines,Other,Fishing event,2025-05-27 03:40:00,Asia/Manila,+08:00,14.26012,120.36066,12936
DEMO VESSEL 008,548000008,8500082,Belize,Dredging,Port visit,2025-05-25 20:30:00,Asia/Manila,+08:00,14.70586,120.42991,35039
DEMO VESSEL 010,548000010,8500109,Belize,Other,Encounter,16/05/2025 11:12,Asia/Manila,+08:00,14.52722,120.49195,6417
DEMO VESSEL 009,548000009,8500094,Belize,Cargo,Loitering,2025-05-25 10:25:00,UTC,+00:00,14.31751,120.77652,3729
DEMO VESSEL 013,548000013,8500135,Philippines,Other,Loitering,2025-05-26 01:03:00,UTC,+00:00,14.59781,120.82427,8551
DEMO VESSEL 033,548000033,8500331,Philippines,Cargo,Encounter,19/05/2025 12:44,Asia/Manila,+08:00,14.57938,120.67745,30138
DEMO VESSEL 030,548000030,8500305,Philippines,Cargo,Encounter,2025-05-23 08:22:00,Asia/Manila,+08:00,14.7875,120.39517,35326
DEMO VESSEL 034,548000034,8500343,Belize,Cargo,Fishing event,2025-05-14 20:47:00,Asia/Manila,+08:00,14.69157,120.40667,36234
DEMO VESSEL 011,548000011,8500111,Philippines,Other,Loitering,2025-05-26 07:14:00,Asia/Manila,+08:00,14.21702,120.72452,5881
DEMO VESSEL 009,548000009,8500094,Belize,Cargo,Encounter,2025-05-15 10:22:00,Asia/Manila,+08:00,14.63713,120.30721,25297
DEMO VESSEL 034,548000034,8500343,Belize,Cargo,Loitering,2025-05-16 14:36:00,UTC,+00:00,14.25773,120.75411,24467
DEMO VESSEL 038,548000038,8500381,Philippines,Dredging,Loitering,13/05/2025 08:05,Asia/Manila,+08:00,14.37682,120.83421,13000
DEMO VESSEL 010,548000010,8500109,Belize,Other,Port visit,2025-05-20 14:22:00,Asia/Manila,+08:00,14.25322,120.75263,4192
DEMO VESSEL 003,548000003,8500032,Philippines,Cargo,Loitering,2025-05-19 12:40:00,Asia/Manila,+08:00,14.82642,120.57125,25012
DEMO VESSEL 036,548000036,8500367,Sierra Leone,Cargo,Encounter,2025-05-08 17:09:00,Asia/Manila,+08:00,14.3934,120.41243,16050
DEMO VESSEL 003,548000003,8500032,Philippines,Cargo,Port visit,2025-05-10 23:31:00,UTC,+00:00,14.79944,120.66005,27715
DEMO VESSEL 011,548000011,8500111,Philippines,Other,Port visit,2025-05-06 01:14:00,UTC,+00:00,14.57419,120.7602,13516
DEMO VESSEL 007,667000007,8500070,Sierra Leone,Cargo,Fishing event,2025-05-05 10:05:00,Asia/Manila,+08:00,14.49844,120.73073,14442
DEMO VESSEL 030,548000030,8500305,Philippines,Cargo,Loitering,2025-04-01 23:01:00,Asia/Manila,+08:00,14.67177,120.49194,25495
DEMO VESSEL 013,548000013,8500135,Philippines,Other,Encounter,07/05/2025 03:43,UTC,+00:00,14.35232,120.52304,16456
DEMO VESSEL 012,548000012,8500123,Philippines,Dredging,Port visit,2025-05-10 14:55:00,Asia/Manila,+08:00,14.8031,120.77988,35925
AIS TEST SHIP,100900301,,,,Fishing event,2025-05-07 23:59:00,Asia/Manila,+08:00,14.81747,120.59111,11625
DEMO VESSEL 004,548000004,,Philippines,Dredging,Encounter,26/05/2025 01:41,Asia/Manila,+08:00,14.34698,120.36971,21570
DEMO VESSEL 038,548000038,8500381,Philippines,Dredging,Fishing event,03/05/2025 17:47,UTC,+00:00,14.89903,120.49005,418
DEMO VESSEL 004,548000004,,Philippines,Dredging,Port visit,2025-05-04 17:07:00,UTC,+00:00,14.64812,120.51769,18233
DEMO VESSEL 021,548000021,8500214,Belize,Dredging,Loitering,2025-05-11 01:07:00,Asia/Manila,+08:00,14.5295,120.54292,5445
DEMO VESSEL 023,548000023,8500238,Belize,Cargo,Port visit,2025-05-16 14:41:00,Asia/Manila,+08:00,14.63509,120.66727,10177
DEMO VESSEL 027,548000027,8500276,Philippines,Cargo,Port visit,2025-05-14 08:11:00,Asia/Manila,+08:00,14.5977,120.82295,918
DEMO VESSEL 003,548000003,8500032,Philippines,Cargo,Loitering,11/05/2025 18:01,Asia/Manila,+08:00,14.30758,120.87158,25290
DEMO VESSEL 009,548000009,8500094,Belize,Cargo,Fishing event,2025-05-22 00:56:00,Asia/Manila,+08:00,14.63956,120.6291,11348
DEMO VESSEL 015,548000015,8500159,Philippines,Cargo,Fishing event,2025-05-23 17:11:00,UTC,+00:00,14.6598,120.64433,14203
DEMO VESSEL 020,548000020,8500202,Philippines,Other,Encounter,2025-05-07 11:54:00,UTC,+00:00,14.63121,120.62266,24370
DEMO VESSEL 038,548000038,8500381,Philippines,Dredging,Fishing event,2025-05-07 15:05:00,Asia/Manila,+08:00,14.33094,120.63346,36461
DEMO VESSEL 018,548000018,8500185,Philippines,Cargo,Fishing event,08/05/2025 09:18,UTC,+00:00,14.32265,120.60318,20864
DEMO VESSEL 027,548000027,8500276,Philippines,Cargo,Loitering,2025-05-24 12:14:00,Asia/Manila,+08:00,14.87282,120.7912,9281
DEMO VESSEL 040,548000040,8500408,Philippines,Other,Fishing event,2025-05-16 12:53:00,Asia/Manila,+08:00,14.24702,120.47982,35601
DEMO VESSEL 007,548000007,8500070,Philippines,Cargo,Fishing event,2025-05-14 05:15:00,Asia/Manila,+08:00,14.2745,120.80206,3191
demo vessel 038,548000038,8500381,Philippines,Dredging,Port visit,2025-05-08 22:25:00,Asia/Manila,+08:00,14.60572,120.4574,34487
DEMO VESSEL 013,548000013,8500135,Philippines,Other,Loitering,2025-05-07 02:30:00,Asia/Manila,+08:00,14.43074,120.58293,38512
DEMO VESSEL 007,548000007,8500070,Philippines,Cargo,Fishing event,2025-05-13 04:48:00,Asia/Manila,+08:00,14.4731,120.36219,6348
DEMO VESSEL 040,548000040,8500408,Philippines,Other,Fishing event,2025-05-24 22:09:00,UTC,+00:00,14.46172,120.46688,12136
DEMO VESSEL 038,548000038,8500381,Philippines,Dredging,Fishing event,2025-05-08 12:25:00,Asia/Manila,+08:00,14.83981,120.6988,39865
DEMO VESSEL 020,548000020,8500202,Philippines,Other,Loitering,2025-05-20 17:04:00,Asia/Manila,+08:00,14.21082,120.82433,23447
DEMO VESSEL 024 ,548000024,8500240,Philippines,Cargo,Encounter,2025-05-08 08:11:00,Asia/Manila,+08:00,14.84692,120.47827,30657
DEMO VESSEL 023,548000023,8500238,Belize,Cargo,Fishing event,2025-05-19 04:09:00,Asia/Manila,+08:00,14.50015,120.51638,17274
DEMO VESSEL 016,548000016,8500161,Philippines,Dredging,Port visit,2025-05-03 20:27:00,Asia/Manila,+08:00,14.76277,120.81405,6953
DEMO VESSEL 002,548000002,8500020,Philippines,Cargo,Fishing event,20/05/2025 06:12,Asia/Manila,+08:00,14.47503,120.57423,27462
AISTESTSHIP,100900301,,,,Fishing event,2025-05-22 00:36:00,Asia/Manila,+08:00,14.25102,120.7386,33414
DEMO VESSEL 016,548000016,8500161,Philippines,Dredging,Fishing event,2025-05-14 08:02:00,Asia/Manila,+08:00,14.27489,120.39341,17546
DEMO VESSEL 013,548000013,8500135,Philippines,Other,Loitering,2025-05-25 04:39:00,Asia/Manila,+08:00,14.64414,120.69667,26195
DEMO VESSEL 033,548000033,8500331,Philippines,Cargo,Loitering,2025-05-22 06:46:00,UTC,+00:00,14.86095,120.59057,25179
DEMO VESSEL 010,548000010,8500109,Belize,Other,Loitering,2025-05-15 03:51:00,Asia/Manila,+08:00,14.73342,120.7789,14211
DEMO VESSEL 040,548000040,8500408,Philippines,Other,Fishing event,17/05/2025 15:41,Asia/Manila,+08:00,14.53841,120.88062,21593
AIS TEST SHIP,100900301,,,,Port visit,14/05/2025 17:56,Asia/Manila,+08:00,14.54938,120.71012,2336
DEMO VESSEL 007 ,667000007,8500070,Sierra Leone,Cargo,Port visit,2025-05-27 10:23:00,Asia/Manila,+08:00,14.6825,120.51937,14509
DEMO VESSEL 018,548000018,8500185,Philippines,Cargo,Fishing event,2025-05-08 16:54:00,Asia/Manila,+08:00,14.34,120.51333,29351
DEMOVESSEL005,548000005,1234568,Sierra Leone,Dredging,Loitering,17/05/2025 21:02,UTC,+00:00,14.67475,120.46361,8804
DEMO VESSEL 022,548000022,8500226,Sierra Leone,Dredging,Port visit,2025-05-12 03:45:00,Asia/Manila,+08:00,14.54215,120.68441,1275
DEMO VESSEL 006,548000006,64,Philippines,Dredging,Fishing event,2025-05-06 02:34:00,Asia/Manila,+08:00,14.60347,120.58607,10168
DEMO VESSEL 009,548000009,8500094,Belize,Cargo,Port visit,12/05/2025 05:59,Asia/Manila,+08:00,14.42551,120.62269,3320
DEMO VESSEL 035,548000035,8500355,Philippines,Other,Fishing event,11/05/2025 22:23,Asia/Manila,+08:00,14.74727,120.30728,24293
demo vessel 017,548000017,8500173,Philippines,Other,Fishing event,2025-05-05 08:17:00,Asia/Manila,+08:00,14.44599,120.80834,31717
DEMO VESSEL 021,548000021,8500214,Belize,Dredging,Fishing event,2025-05-12 03:26:00,UTC,+00:00,14.54549,120.53999,32507
DEMO VESSEL 027,548000027,8500276,Philippines,Cargo,Encounter,2025-05-18 18:57:00,UTC,+00:00,14.53317,120.89482,2457
DEMO VESSEL 014,548000014,8500147,Philippines,Cargo,Encounter,2025-05-14 02:04:00,UTC,+00:00,14.3322,120.38635,39833
DEMO VESSEL 038,548000038,8500381,Philippines,Dredging,Port visit,2025-05-13 00:44:00,UTC,+00:00,14.4207,120.70292,33341
DEMO VESSEL 038,548000038,8500381,Philippines,Dredging,Encounter,09/05/2025 14:00,Asia/Manila,+08:00,14.4089,120.59676,19808
DEMO VESSEL 008,548000008,8500082,Belize,Dredging,Port visit,2025-05-15 18:48:00,Asia/Manila,+08:00,14.8119,120.76363,27695
DEMO VESSEL 007,548000007,8500070,Philippines,Cargo,Encounter,02/05/2025 18:22,Asia/Manila,+08:00,14.38106,120.77428,28293
DEMO VESSEL 029,548000029,8500290,Philippines,Other,Port visit,2025-05-10 01:36:00,Asia/Manila,+08:00,14.87402,120.50525,21535
DEMOVESSEL030,548000030,8500305,Philippines,Cargo,Loitering,2025-05-03 17:54:00,Asia/Manila,+08:00,14.20679,120.7539,39319
DEMO VESSEL 007,548000007,8500070,Philippines,Cargo,Loitering,2025-05-05 04:07:00,UTC,+00:00,14.67539,120.71106,12906
DEMO VESSEL 016,548000016,8500161,Philippines,Dredging,Encounter,08/05/2025 22:48,Asia/Manila,+08:00,14.72953,120.46599,27437
DEMO VESSEL 024,548000024,8500240,Philippines,Cargo,Encounter,2025-05-07 19:14:00,Asia/Manila,+08:00,14.63517,120.6608,16562
demo vessel 032,548000032,8500329,Philippines,Cargo,Port visit,11/05/2025 02:51,UTC,+00:00,14.44955,120.87747,29115
DEMOVESSEL040,548000040,8500408,Philippines,Other,Port visit,2025-05-18 09:01:00,Asia/Manila,+08:00,14.61276,120.37153,26340
DEMO VESSEL 007,667000007,8500070,Sierra Leone,Cargo,Port visit,2025-05-16 16:47:00,UTC,+00:00,14.88935,120.58783,31564
DEMO VESSEL 024,548000024,8500240,Philippines,Cargo,Fishing event,2025-04-17 14:51:00,Asia/Manila,+08:00,14.57608,120.84132,18319
DEMO VESSEL 036,548000036,8500367,Sierra Leone,Cargo,Loitering,2025-05-08 14:16:00,Asia/Manila,+08:00,14.89476,120.42986,6673
DEMO VESSEL 021,548000021,8500214,Belize,Dredging,Encounter,2025-05-16 20:38:00,Asia/Manila,+08:00,14.83265,120.69268,9382
DEMO VESSEL 004,548000004,,Philippines,Dredging,Fishing event,2025-05-20 06:33:00,Asia/Manila,+08:00,14.39463,120.66474,37914
DEMO VESSEL 029,548000029,8500290,Philippines,Other,Fishing event,2025-05-12 11:28:00,UTC,+00:00,14.89893,120.73518,37723
DEMO VESSEL 034,548000034,8500343,Belize,Cargo,Port visit,2025-05-02 19:00:00,UTC,+00:00,14.38791,120.49008,4498
DEMO VESSEL 006,548000006,64,Philippines,Dredging,Fishing event,2025-05-07 13:07:00,Asia/Manila,+08:00,14.39553,120.55569,38735
DEMO VESSEL 038,548000038,8500381,Philippines,Dredging,Port visit,21/05/2025 02:10,Asia/Manila,+08:00,14.74308,120.88064,36551
DEMO VESSEL 023,548000023,8500238,Belize,Cargo,Encounter,2025-05-27 09:53:00,Asia/Manila,+08:00,14.21579,120.53506,24801
DEMO VESSEL 018,548000018,8500185,Philippines,Cargo,Loitering,2025-05-14 23:31:00,UTC,+00:00,14.82973,120.62241,30339
DEMO VESSEL 035,548000035,8500355,Philippines,Other,Encounter,2025-05-17 04:57:00,Asia/Manila,+08:00,14.8075,120.32651,31764
DEMO VESSEL 008,548000008,8500082,Belize,Dredging,Port visit,2025-05-25 17:30:00,UTC,+00:00,14.5449,120.52932,11451
AIS TEST SHIP,100900301,,,,Port visit,16/05/2025 15:06,UTC,+00:00,14.79063,120.5918,16153
DEMO VESSEL 007,667000007,8500070,Sierra Leone,Cargo,Port visit,2025-05-22 10:32:00,Asia/Manila,+08:00,14.21983,120.3957,3443
DEMO VESSEL 007,667000007,8500070,Sierra Leone,Cargo,Encounter,14/05/2025 16:17,UTC,+00:00,14.61922,120.33029,5017
DEMO VESSEL 019,548000019,8500197,Philippines,Cargo,Fishing event,22/05/2025 23:37,Asia/Manila,+08:00,14.50742,120.51108,19229
DEMO VESSEL 025,548000025,8500252,Philippines,Dredging,Encounter,2025-05-02 00:18:00,Asia/Manila,+08:00,14.20264,120.87046,30388
DEMO VESSEL 027,548000027,8500276,Philippines,Cargo,Port visit,2025-05-16 16:45:00,Asia/Manila,+08:00,14.2197,120.48922,5518
DEMO VESSEL 012,548000012,8500123,Philippines,Dredging,Loitering,2025-05-23 17:44:00,Asia/Manila,+08:00,14.65576,120.44604,12522
DEMO VESSEL 017,548000017,8500173,Philippines,Other,Port visit,23/05/2025 05:31,Asia/Manila,+08:00,14.75649,120.36349,1117
DEMO VESSEL 040,548000040,8500408,Philippines,Other,Encounter,2025-05-09 08:01:00,UTC,+00:00,14.26326,120.66208,24362
DEMO VESSEL 010,548000010,8500109,Belize,Other,Port visit,2025-05-03 02:40:00,Asia/Manila,+08:00,14.21137,120.67267,18679
DEMO VESSEL 010,548000010,8500109,Belize,Other,Fishing event,10/05/2025 03:01,Asia/Manila,+08:00,14.35815,120.60273,35510
DEMO VESSEL 024,548000024,8500240,Philippines,Cargo,Fishing event,2025-05-10 21:28:00,UTC,+00:00,14.26753,120.62543,7918
DEMO VESSEL 005,548000005,1234568,Sierra Leone,Dredging,Fishing event,2025-05-20 10:01:00,Asia/Manila,+08:00,14.82217,120.32053,35655
DEMO VESSEL 007,667000007,8500070,Sierra Leone,Cargo,Port visit,2025-05-12 19:13:00,Asia/Manila,+08:00,14.55634,120.82781,17148
DEMO VESSEL 037,548000037,8500379,Belize,Cargo,Encounter,09/05/2025 18:49,Asia/Manila,+08:00,14.53505,120.56502,39101
AIS TEST SHIP,100900301,,,,Port visit,2025-05-12 17:50:00,Asia/Manila,+08:00,14.25814,120.855,21579
DEMO VESSEL 034,548000034,8500343,Belize,Cargo,Fishing event,06/05/2025 04:42,UTC,+00:00,14.81526,120.45167,7297
DEMO VESSEL 008,548000008,8500082,Belize,Dredging,Fishing event,17/05/2025 18:30,Asia/Manila,+08:00,14.28789,120.48792,20435
DEMO VESSEL 025,548000025,8500252,Philippines,Dredging,Loitering,22/05/2025 14:53,Asia/Manila,+08:00,14.61305,120.43943,3546
DEMO VESSEL 030,548000030,8500305,Philippines,Cargo,Port visit,2025-05-07 04:41:00,Asia/Manila,+08:00,14.85575,120.8739,17579
DEMO VESSEL 038,548000038,8500381,Philippines,Dredging,Loitering,2025-05-10 10:40:00,Asia/Manila,+08:00,14.24248,120.69742,30277
DEMO VESSEL 010,548000010,8500109,Belize,Other,Loitering,13/05/2025 13:04,Asia/Manila,+08:00,14.52927,120.55503,33796
DEMO VESSEL 040,548000040,8500408,Philippines,Other,Port visit,2025-05-27 10:51:00,Asia/Manila,+08:00,14.6666,120.40638,37371
DEMO VESSEL 021,548000021,8500214,Belize,Dredging,Fishing event,2025-05-18 15:42:00,UTC,+00:00,14.51146,120.54455,1494
DEMO VESSEL 004,548000004,,Philippines,Dredging,Encounter,2025-05-05 12:02:00,Asia/Manila,+08:00,14.21139,120.58194,18301
AIS TEST SHIP,100900301,,,,Encounter,08/05/2025 06:08,Asia/Manila,+08:00,14.28556,120.3056,10421
DEMO VESSEL 031,548000031,8500317,Philippines,Cargo,Fishing event,12/05/2025 22:33,Asia/Manila,+08:00,14.86531,120.55639,5573
DEMO VESSEL 005,548000005,1234568,Sierra Leone,Dredging,Encounter,2025-05-24 00:45:00,UTC,+00:00,14.73506,120.38001,35584
DEMO VESSEL 032,548000032,8500329,Philippines,Cargo,Fishing event,2025-05-27 01:03:00,Asia/Manila,+08:00,14.46955,120.64267,15588
DEMO VESSEL 021,548000021,8500214,Belize,Dredging,Fishing event,2025-05-09 17:59:00,UTC,+00:00,14.60879,120.71105,37704
DEMO VESSEL 003,548000003,8500032,Philippines,Cargo,Encounter,2025-05-15 16:05:00,Asia/Manila,+08:00,14.64146,120.69824,3758
DEMO VESSEL 001,548000001,8500018,Philippines,Dredging,Port visit,2025-05-07 20:35:00,Asia/Manila,+08:00,14.41198,120.62009,11519
DEMO VESSEL 004,548000004,,Philippines,Dredging,Port visit,2025-05-21 20:28:00,Asia/Manila,+08:00,14.28164,120.37323,1809
DEMO VESSEL 002,548000002,8500020,Philippines,Cargo,Fishing event,2025-05-09 17:54:00,Asia/Manila,+08:00,14.68338,120.33602,29781
DEMO VESSEL 025,548000025,8500252,Philippines,Dredging,Fishing event,2025-05-07 06:19:00,Asia/Manila,+08:00,14.67744,120.33221,13374
DEMO VESSEL 036,548000036,8500367,Sierra Leone,Cargo,Fishing event,19/05/2025 18:42,Asia/Manila,+08:00,14.65613,120.71242,8083
DEMO VESSEL 008,548000008,8500082,Belize,Dredging,Fishing event,2025-05-02 19:52:00,Asia/Manila,+08:00,14.44781,120.30087,21334
DEMO VESSEL 006,548000006,64,Philippines,Dredging,Port visit,2025-05-12 02:38:00,Asia/Manila,+08:00,14.53073,120.39834,21318
DEMO VESSEL 016,548000016,8500161,Philippines,Dredging,Encounter,2025-05-06 01:20:00,Asia/Manila,+08:00,14.87042,120.51694,21653
DEMO VESSEL 031,548000031,8500317,Philippines,Cargo,Encounter,2025-05-23 09:10:00,UTC,+00:00,14.3941,120.68228,31185
DEMO VESSEL 024,548000024,8500240,Philippines,Cargo,Loitering,14/05/2025 08:29,Asia/Manila,+08:00,14.8974,120.74296,24012
DEMO VESSEL 010,548000010,8500109,Belize,Other,Loitering,2025-05-12 13:38:00,UTC,+00:00,14.4768,120.50306,28335
DEMO VESSEL 034,548000034,8500343,Belize,Cargo,Loitering,2025-05-03 06:37:00,Asia/Manila,+08:00,14.68101,120.45585,17699
DEMO VESSEL 015,548000015,8500159,Philippines,Cargo,Fishing event,03/05/2025 11:03,UTC,+00:00,14.85542,120.48179,34575
DEMO VESSEL 030,548000030,8500305,Philippines,Cargo,Encounter,11/05/2025 01:40,Asia/Manila,+08:00,14.6924,120.65511,39479
DEMO VESSEL 012,548000012,8500123,Philippines,Dredging,Encounter,2025-05-13 00:18:00,Asia/Manila,+08:00,14.85483,120.87505,31392
DEMO VESSEL 023,548000023,8500238,Belize,Cargo,Fishing event,2025-05-04 07:49:00,Asia/Manila,+08:00,14.70288,120.30335,21266
DEMO VESSEL 017,548000017,8500173,Philippines,Other,Fishing event,23/05/2025 05:18,Asia/Manila,+08:00,14.67487,120.3028,26065
DEMO VESSEL 030,548000030,8500305,Philippines,Cargo,Fishing event,2025-05-20 16:53:00,Asia/Manila,+08:00,14.79436,120.58464,9805
DEMO VESSEL 017,548000017,8500173,Philippines,Other,Port visit,2025-05-22 00:59:00,Asia/Manila,+08:00,14.63721,120.71265,25011
DEMO VESSEL 007,548000007,8500070,Philippines,Cargo,Loitering,2025-05-25 18:34:00,Asia/Manila,+08:00,14.42123,120.7754,949
AIS TEST SHIP,100900301,,,,Fishing event,2025-05-11 13:53:00,Asia/Manila,+08:00,14.8905,120.82255,11961
DEMO VESSEL 037 ,548000037,8500379,Belize,Cargo,Port visit,2025-05-06 13:44:00,Asia/Manila,+08:00,14.60622,120.84547,26080
DEMO VESSEL 035,548000035,8500355,Philippines,Other,Fishing event,2025-05-11 18:11:00,Asia/Manila,+08:00,14.70028,120.36362,11629
DEMOVESSEL037,548000037,8500379,Belize,Cargo,Port visit,2025-05-18 13:06:00,Asia/Manila,+08:00,14.84244,120.742,27366
DEMO VESSEL 031,548000031,8500317,Philippines,Cargo,Encounter,22/05/2025 21:23,UTC,+00:00,14.76667,120.72182,33895
DEMO VESSEL 007,548000007,8500070,Philippines,Cargo,Loitering,2025-05-10 09:16:00,Asia/Manila,+08:00,14.8567,120.53604,36910
DEMO VESSEL 014,548000014,8500147,Philippines,Cargo,Fishing event,2025-05-01 12:40:00,Asia/Manila,+08:00,14.27305,120.55448,17457
DEMO VESSEL 030,548000030,8500305,Philippines,Cargo,Loitering,2025-05-06 10:16:00,Asia/Manila,+08:00,14.59186,120.65253,38549
DEMO VESSEL 016,548000016,8500161,Philippines,Dredging,Fishing event,09/05/2025 15:35,Asia/Manila,+08:00,14.64495,120.57344,29394
DEMO VESSEL 007,667000007,8500070,Sierra Leone,Cargo,Fishing event,2025-05-13 04:28:00,UTC,+00:00,14.58678,120.30027,26138
DEMO VESSEL 011,548000011,8500111,Philippines,Other,Encounter,13/05/2025 15:16,Asia/Manila,+08:00,14.46524,120.60906,32505
DEMO VESSEL 029,548000029,8500290,Philippines,Other,Loitering,27/05/2025 20:52,Asia/Manila,+08:00,14.67471,120.38496,38344
DEMO VESSEL 030,548000030,8500305,Philippines,Cargo,Fishing event,2025-05-08 08:08:00,Asia/Manila,+08:00,14.29857,120.49134,5499
DEMO VESSEL 017,548000017,8500173,Philippines,Other,Fishing event,2025-05-24 13:53:00,UTC,+00:00,14.52448,120.78996,36677
demo vessel 010,548000010,8500109,Belize,Other,Fishing event,2025-05-27 15:43:00,Asia/Manila,+08:00,14.49563,120.84878,14474
DEMO VESSEL 011,548000011,8500111,Philippines,Other,Loitering,2025-05-10 06:40:00,Asia/Manila,+08:00,14.81834,120.81596,11099
DEMO VESSEL 007,548000007,8500070,Philippines,Cargo,Encounter,2025-05-04 07:00:00,UTC,+00:00,14.36038,120.63533,10031
DEMO VESSEL 008,548000008,8500082,Belize,Dredging,Fishing event,2025-05-07 22:47:00,Asia/Manila,+08:00,14.80599,120.64673,14743
demo vessel 018,548000018,8500185,Philippines,Cargo,Fishing event,2025-05-12 12:08:00,Asia/Manila,+08:00,14.35308,120.83023,1296
DEMO VESSEL 037,548000037,8500379,Belize,Cargo,Encounter,2025-05-24 10:48:00,Asia/Manila,+08:00,14.59469,120.82692,36919
DEMO VESSEL 014,548000014,8500147,Philippines,Cargo,Fishing event,2025-05-26 14:30:00,Asia/Manila,+08:00,14.8192,120.63898,14786
DEMO VESSEL 006,548000006,64,Philippines,Dredging,Encounter,2025-05-19 17:35:00,Asia/Manila,+08:00,14.42857,120.39336,39218
DEMO VESSEL 017,548000017,8500173,Philippines,Other,Port visit,2025-05-18 15:31:00,Asia/Manila,+08:00,14.36997,120.83874,22143
DEMO VESSEL 003,548000003,8500032,Philippines,Cargo,Encounter,2025-05-14 21:10:00,Asia/Manila,+08:00,14.4277,120.3163,9636
DEMO VESSEL 008,548000008,8500082,Belize,Dredging,Loitering,03/05/2025 20:54,Asia/Manila,+08:00,14.36285,120.351,30566
DEMO VESSEL 033,548000033,8500331,Philippines,Cargo,Port visit,2025-05-19 21:43:00,Asia/Manila,+08:00,14.6401,120.6765,17478
DEMO VESSEL 013,548000013,8500135,Philippines,Other,Fishing event,2025-05-06 23:49:00,UTC,+00:00,14.53651,120.38934,17185
DEMO VESSEL 008,548000008,8500082,Belize,Dredging,Loitering,2025-05-25 08:04:00,UTC,+00:00,14.38807,120.55704,37825
demo vessel 004,548000004,,Philippines,Dredging,Fishing event,2025-05-25 08:16:00,UTC,+00:00,14.64124,120.38814,2823
DEMO VESSEL 035,548000035,8500355,Philippines,Other,Port visit,2025-05-14 08:48:00,Asia/Manila,+08:00,14.22764,120.66744,16471
DEMO VESSEL 017,548000017,8500173,Philippines,Other,Loitering,09/05/2025 07:52,Asia/Manila,+08:00,14.65489,120.47236,11466
DEMOVESSEL009,548000009,8500094,Belize,Cargo,Encounter,2025-05-02 19:39:00,UTC,+00:00,14.36417,120.47254,10283
DEMO VESSEL 017,548000017,8500173,Philippines,Other,Loitering,23/05/2025 15:40,Asia/Manila,+08:00,14.7865,120.80262,14700
DEMO VESSEL 031,548000031,8500317,Philippines,Cargo,Encounter,2025-05-16 02:09:00,Asia/Manila,+08:00,14.71164,120.54294,34831
DEMO VESSEL 040,548000040,8500408,Philippines,Other,Loitering,2025-05-07 18:43:00,Asia/Manila,+08:00,14.72806,120.829,13949
demo vessel 001,548000001,8500018,Philippines,Dredging,Loitering,2025-05-16 00:05:00,UTC,+00:00,14.87668,120.42909,39458
DEMO VESSEL 019,548000019,8500197,Philippines,Cargo,Fishing event,08/05/2025 18:49,UTC,+00:00,14.36574,120.46208,36134
DEMO VESSEL 027,548000027,8500276,Philippines,Cargo,Loitering,2025-05-26 15:06:00,Asia/Manila,+08:00,14.43912,120.86915,31467
DEMO VESSEL 025,548000025,8500252,Philippines,Dredging,Encounter,2025-05-03 12:20:00,UTC,+00:00,14.2726,120.59938,8057
DEMO VESSEL 031,548000031,8500317,Philippines,Cargo,Loitering,14/05/2025 22:48,Asia/Manila,+08:00,14.23094,120.81426,38649
DEMO VESSEL 033,548000033,8500331,Philippines,Cargo,Port visit,2025-05-15 12:18:00,Asia/Manila,+08:00,14.80253,120.63632,9573
DEMOVESSEL030,548000030,8500305,Philippines,Cargo,Port visit,2025-05-12 18:31:00,Asia/Manila,+08:00,14.45937,120.37264,28341
DEMO VESSEL 028,548000028,8500288,Philippines,Other,Encounter,2025-05-10 09:25:00,Asia/Manila,+08:00,14.59754,120.75494,30338
DEMO VESSEL 014,548000014,8500147,Philippines,Cargo,Port visit,17/05/2025 18:35,UTC,+00:00,14.45253,120.60122,12763
DEMO VESSEL 007,667000007,8500070,Sierra Leone,Cargo,Port visit,2025-05-26 19:15:00,Asia/Manila,+08:00,14.60359,120.41598,19119
DEMO VESSEL 006,548000006,64,Philippines,Dredging,Fishing event,2025-05-24 11:33:00,Asia/Manila,+08:00,14.39027,120.69498,4426
DEMO VESSEL 013,548000013,8500135,Philippines,Other,Encounter,09/05/2025 12:52,Asia/Manila,+08:00,14.59833,120.72188,28949
DEMO VESSEL 035,548000035,8500355,Philippines,Other,Fishing event,2025-05-24 21:04:00,Asia/Manila,+08:00,14.87362,120.86385,16993
DEMO VESSEL 001,548000001,8500018,Philippines,Dredging,Loitering,16/05/2025 03:06,Asia/Manila,+08:00,14.29496,120.57219,38791
DEMO VESSEL 002,548000002,8500020,Philippines,Cargo,Port visit,2025-05-20 04:05:00,UTC,+00:00,14.37318,120.47051,2172
DEMO VESSEL 021,548000021,8500214,Belize,Dredging,Encounter,2025-05-23 10:19:00,UTC,+00:00,14.62174,120.56287,27511
DEMO VESSEL 034,548000034,8500343,Belize,Cargo,Port visit,16/05/2025 23:21,Asia/Manila,+08:00,14.56151,120.38207,30998
DEMO VESSEL 005,548000005,1234568,Sierra Leone,Dredging,Loitering,01/05/2025 17:53,Asia/Manila,+08:00,14.65933,120.71001,27711
DEMO VESSEL 012,548000012,8500123,Philippines,Dredging,Fishing event,2025-05-11 04:48:00,Asia/Manila,+08:00,14.50622,120.40773,14502
DEMO VESSEL 039,548000039,8500393,Philippines,Dredging,Port visit,2025-05-20 13:51:00,UTC,+00:00,14.61013,120.3535,36013
demo vessel 027,548000027,8500276,Philippines,Cargo,Encounter,13/05/2025 19:48,UTC,+00:00,14.4378,120.62997,19096
DEMO VESSEL 031,548000031,8500317,Philippines,Cargo,Encounter,2025-05-07 01:06:00,UTC,+00:00,14.29746,120.54855,39609
DEMO VESSEL 031,548000031,8500317,Philippines,Cargo,Port visit,2025-05-21 14:11:00,Asia/Manila,+08:00,14.77509,120.52914,8811
DEMO VESSEL 039,548000039,8500393,Philippines,Dredging,Fishing event,2025-05-15 12:44:00,UTC,+00:00,14.63642,120.36194,35528
DEMO VESSEL 035,548000035,8500355,Philippines,Other,Encounter,2025-05-10 01:54:00,Asia/Manila,+08:00,14.7328,120.41639,34770
DEMO VESSEL 028,548000028,8500288,Philippines,Other,Port visit,2025-05-27 00:38:00,Asia/Manila,+08:00,14.37109,120.47438,25423
DEMO VESSEL 001,548000001,8500018,Philippines,Dredging,Encounter,2025-05-22 17:10:00,Asia/Manila,+08:00,14.4419,120.65254,30239
DEMO VESSEL 026,548000026,8500264,Philippines,Cargo,Port visit,2025-05-09 04:18:00,UTC,+00:00,14.29689,120.84168,16354
DEMO VESSEL 009,548000009,8500094,Belize,Cargo,Fishing event,2025-05-01 04:38:00,UTC,+00:00,14.83337,120.7141,32109
DEMO VESSEL 003,548000003,8500032,Philippines,Cargo,Encounter,10/05/2025 21:50,Asia/Manila,+08:00,14.56377,120.44858,30073
DEMO VESSEL 023,548000023,8500238,Belize,Cargo,Encounter,2025-05-23 06:54:00,Asia/Manila,+08:00,14.40958,120.78703,29974
DEMO VESSEL 037,548000037,8500379,Belize,Cargo,Loitering,11/05/2025 21:27,Asia/Manila,+08:00,14.53953,120.83436,7978
DEMO VESSEL 001,548000001,8500018,Philippines,Dredging,Port visit,2025-05-23 09:44:00,UTC,+00:00,14.3634,120.45873,28161
DEMO VESSEL 036,548000036,8500367,Sierra Leone,Cargo,Loitering,20/05/2025 05:28,Asia/Manila,+08:00,14.74948,120.39768,20693
DEMO VESSEL 032,548000032,8500329,Philippines,Cargo,Port visit,2025-05-18 14:40:00,Asia/Manila,+08:00,14.79107,120.6517,4202
DEMO VESSEL 013,548000013,8500135,Philippines,Other,Fishing event,2025-05-17 08:37:00,UTC,+00:00,14.64369,120.42131,28291
DEMO VESSEL 012,548000012,8500123,Philippines,Dredging,Port visit,2025-05-15 09:04:00,Asia/Manila,+08:00,14.28088,120.66623,27559
DEMO VESSEL 011,548000011,8500111,Philippines,Other,Encounter,2025-05-20 05:01:00,UTC,+00:00,14.85542,120.48162,12327
DEMO VESSEL 017,548000017,8500173,Philippines,Other,Loitering,2025-05-18 23:30:00,Asia/Manila,+08:00,14.23005,120.32647,23014
DEMO VESSEL 025,548000025,8500252,Philippines,Dredging,Loitering,2025-05-24 03:19:00,Asia/Manila,+08:00,14.51171,120.39606,38275
DEMO VESSEL 005,548000005,1234568,Sierra Leone,Dredging,Loitering,17/05/2025 00:31,Asia/Manila,+08:00,14.23641,120.44328,22419
DEMO VESSEL 029,548000029,8500290,Philippines,Other,Encounter,2025-05-04 11:53:00,UTC,+00:00,14.40018,120.86851,39622
DEMO VESSEL 024,548000024,8500240,Philippines,Cargo,Fishing event,2025-05-21 18:13:00,Asia/Manila,+08:00,14.48757,120.56221,27514
DEMO VESSEL 029,548000029,8500290,Philippines,Other,Port visit,23/05/2025 15:52,Asia/Manila,+08:00,14.50043,120.73821,37770
DEMO VESSEL 009,548000009,8500094,Belize,Cargo,Encounter,2025-05-17 14:32:00,Asia/Manila,+08:00,14.31182,120.46721,8184
DEMO VESSEL 029,548000029,8500290,Philippines,Other,Loitering,2025-05-02 11:40:00,Asia/Manila,+08:00,0.0,0.0,18508
DEMO VESSEL 035,548000035,8500355,Philippines,Other,Loitering,14/05/2025 04:11,UTC,+00:00,14.29926,120.30641,18588
DEMO VESSEL 017,548000017,8500173,Philippines,Other,Fishing event,2025-05-21 14:01:00,Asia/Manila,+08:00,14.21611,120.78335,32065
DEMO VESSEL 005,548000005,1234568,Sierra Leone,Dredging,Fishing event,2025-05-20 03:59:00,Asia/Manila,+08:00,14.2987,120.42411,39516
DEMO VESSEL 025,548000025,8500252,Philippines,Dredging,Encounter,2025-05-01 12:17:00,Asia/Manila,+08:00,14.27637,120.83324,7685
DEMO VESSEL 013,548000013,8500135,Philippines,Other,Port visit,23/05/2025 12:55,UTC,+00:00,14.37335,120.81046,37680
DEMO VESSEL 021,548000021,8500214,Belize,Dredging,Fishing event,19/05/2025 22:43,Asia/Manila,+08:00,14.48435,120.73624,36870
DEMO VESSEL 007,548000007,8500070,Philippines,Cargo,Fishing event,2025-05-22 11:16:00,Asia/Manila,+08:00,14.7781,120.42616,31436
DEMOVESSEL019,548000019,8500197,Philippines,Cargo,Encounter,2025-05-11 11:44:00,Asia/Manila,+08:00,14.65586,120.46774,39067
DEMO VESSEL 031,548000031,8500317,Philippines,Cargo,Port visit,2025-05-14 18:44:00,Asia/Manila,+08:00,14.55601,120.58382,32356
DEMO VESSEL 037,548000037,8500379,Belize,Cargo,Encounter,2025-05-21 21:33:00,UTC,+00:00,14.50204,120.70775,20451
DEMO VESSEL 012,548000012,8500123,Philippines,Dredging,Loitering,2025-05-15 01:21:00,Asia/Manila,+08:00,14.25547,120.43213,6274
DEMO VESSEL 032,548000032,8500329,Philippines,Cargo,Loitering,2025-05-22 15:20:00,Asia/Manila,+08:00,14.53535,120.63718,16687
DEMO VESSEL 009,548000009,8500094,Belize,Cargo,Port visit,17/05/2025 08:08,UTC,+00:00,14.74126,120.82181,28012
DEMO VESSEL 004,548000004,,Philippines,Dredging,Fishing event,2025-05-16 14:43:00,Asia/Manila,+08:00,14.71951,120.56044,38449
DEMOVESSEL024,548000024,8500240,Philippines,Cargo,Loitering,25/05/2025 05:01,UTC,+00:00,14.47851,120.36421,39034
DEMO VESSEL 007,548000007,8500070,Philippines,Cargo,Encounter,07/05/2025 12:11,Asia/Manila,+08:00,14.21735,120.63908,29582
DEMO VESSEL 012,548000012,8500123,Philippines,Dredging,Port visit,11/05/2025 06:21,Asia/Manila,+08:00,14.52887,120.33654,11455
DEMO VESSEL 013,548000013,8500135,Philippines,Other,Loitering,2025-05-10 15:03:00,Asia/Manila,+08:00,14.4901,120.3493,30852
DEMO VESSEL 035,548000035,8500355,Philippines,Other,Fishing event,02/05/2025 12:17,UTC,+00:00,14.50518,120.66521,14224
DEMO VESSEL 023,548000023,8500238,Belize,Cargo,Loitering,2025-05-21 15:58:00,UTC,+00:00,14.22507,120.78449,19520
DEMO VESSEL 007,548000007,8500070,Philippines,Cargo,Encounter,17/05/2025 17:12,UTC,+00:00,14.52349,120.85574,21843
DEMO VESSEL 029,548000029,8500290,Philippines,Other,Fishing event,2025-05-01 19:47:00,Asia/Manila,+08:00,14.46993,120.39209,1831
DEMO VESSEL 007,548000007,8500070,Philippines,Cargo,Fishing event,03/05/2025 08:17,UTC,+00:00,14.65838,120.73869,4627
DEMO VESSEL 003,548000003,8500032,Philippines,Cargo,Encounter,2025-05-10 16:40:00,Asia/Manila,+08:00,14.73651,120.40995,21023
DEMO VESSEL 006,548000006,64,Philippines,Dredging,Port visit,2025-05-10 09:54:00,UTC,+00:00,14.63397,120.73004,28026
DEMO VESSEL 036,548000036,8500367,Sierra Leone,Cargo,Loitering,2025-05-24 01:21:00,Asia/Manila,+08:00,14.42277,120.5252,19000
DEMO VESSEL 017,548000017,8500173,Philippines,Other,Port visit,01/05/2025 08:57,Asia/Manila,+08:00,14.64609,120.49623,30588
DEMO VESSEL 034,548000034,8500343,Belize,Cargo,Fishing event,2025-05-01 10:02:00,Asia/Manila,+08:00,14.26957,120.7745,36717
DEMO VESSEL 013,548000013,8500135,Philippines,Other,Encounter,22/05/2025 14:47,Asia/Manila,+08:00,14.86795,120.372,38398
DEMO VESSEL 035,548000035,8500355,Philippines,Other,Port visit,2025-05-18 10:51:00,Asia/Manila,+08:00,14.46294,120.76144,37443
DEMO VESSEL 001,548000001,8500018,Philippines,Dredging,Loitering,24/05/2025 09:53,UTC,+00:00,14.51258,120.5906,30141
DEMO VESSEL 020,548000020,8500202,Philippines,Other,Encounter,2025-05-09 10:22:00,UTC,+00:00,14.34849,120.3763,18626
DEMO VESSEL 003,548000003,8500032,Philippines,Cargo,Port visit,2025-05-27 21:35:00,UTC,+00:00,14.5124,120.36941,11469
DEMO VESSEL 020,548000020,8500202,Philippines,Other,Loitering,2025-05-25 21:24:00,Asia/Manila,+08:00,14.69324,120.54947,14661
DEMO VESSEL 032,548000032,8500329,Philippines,Cargo,Fishing event,2025-05-08 04:00:00,Asia/Manila,+08:00,14.64163,120.31759,17394
demo vessel 015,548000015,8500159,Philippines,Cargo,Encounter,02/05/2025 14:32,UTC,+00:00,14.87554,120.78589,33161
DEMO VESSEL 013,548000013,8500135,Philippines,Other,Loitering,2025-05-23 03:08:00,Asia/Manila,+08:00,14.30387,120.47307,39368
DEMO VESSEL 040,548000040,8500408,Philippines,Other,Encounter,2025-05-27 18:34:00,Asia/Manila,+08:00,14.41272,120.66021,23503
DEMO VESSEL 004,548000004,,Philippines,Dredging,Fishing event,2025-05-07 18:18:00,Asia/Manila,+08:00,14.7593,120.88648,16097
DEMO VESSEL 018,548000018,8500185,Philippines,Cargo,Port visit,2025-05-19 20:32:00,Asia/Manila,+08:00,14.45287,120.51482,12175
DEMO VESSEL 007,667000007,8500070,Sierra Leone,Cargo,Loitering,14/05/2025 00:24,Asia/Manila,+08:00,14.60801,120.74486,22208
DEMO VESSEL 018,548000018,8500185,Philippines,Cargo,Port visit,06/05/2025 09:53,Asia/Manila,+08:00,14.88489,120.39353,9490
DEMO VESSEL 036,548000036,8500367,Sierra Leone,Cargo,Fishing event,2025-05-14 23:03:00,Asia/Manila,+08:00,14.64894,120.63569,5845
DEMO VESSEL 032,548000032,8500329,Philippines,Cargo,Loitering,2025-05-16 01:34:00,UTC,+00:00,14.88878,120.6435,12806
DEMO VESSEL 005,548000005,1234568,Sierra Leone,Dredging,Port visit,24/05/2025 10:28,Asia/Manila,+08:00,14.53631,120.59982,15249
DEMO VESSEL 014,548000014,8500147,Philippines,Cargo,Encounter,2025-05-13 13:25:00,UTC,+00:00,14.68148,120.43319,14086
DEMO VESSEL 007,667000007,8500070,Sierra Leone,Cargo,Encounter,19/05/2025 14:45,Asia/Manila,+08:00,14.81633,120.64271,32198
DEMO VESSEL 011,548000011,8500111,Philippines,Other,Port visit,13/05/2025 03:47,Asia/Manila,+08:00,14.71137,120.64335,30875
demo vessel 039,548000039,8500393,Philippines,Dredging,Encounter,2025-05-25 12:43:00,Asia/Manila,+08:00,14.54619,120.58279,28707
DEMO VESSEL 004,548000004,,Philippines,Dredging,Encounter,05/05/2025 11:56,Asia/Manila,+08:00,14.5514,120.87511,9648
DEMO VESSEL 022,548000022,8500226,Sierra Leone,Dredging,Loitering,26/05/2025 14:52,UTC,+00:00,14.25308,120.48709,29748
DEMO VESSEL 025 ,548000025,8500252,Philippines,Dredging,Loitering,19/05/2025 22:16,Asia/Manila,+08:00,14.32201,120.71348,18052
DEMO VESSEL 025,548000025,8500252,Philippines,Dredging,Fishing event,2025-05-26 05:53:00,Asia/Manila,+08:00,14.61238,120.65496,18066
DEMO VESSEL 009,548000009,8500094,Belize,Cargo,Loitering,2025-05-22 07:51:00,Asia/Manila,+08:00,14.34537,120.86545,28040
DEMO VESSEL 005,548000005,1234568,Sierra Leone,Dredging,Port visit,01/05/2025 18:36,Asia/Manila,+08:00,14.869,120.41309,22926
DEMO VESSEL 003,548000003,8500032,Philippines,Cargo,Port visit,2025-05-21 02:22:00,Asia/Manila,+08:00,14.55124,120.62799,6749
DEMO VESSEL 009,548000009,8500094,Belize,Cargo,Fishing event,2025-05-01 01:51:00,Asia/Manila,+08:00,14.71425,120.6947,5959
DEMO VESSEL 013,548000013,8500135,Philippines,Other,Port visit,2025-05-20 23:50:00,Asia/Manila,+08:00,14.28675,120.39292,31932
DEMO VESSEL 014,548000014,8500147,Philippines,Cargo,Encounter,2025-05-19 12:47:00,Asia/Manila,+08:00,14.22731,120.39197,5221
DEMOVESSEL021,548000021,8500214,Belize,Dredging,Port visit,2025-05-09 12:47:00,Asia/Manila,+08:00,14.38313,120.4946,9624
DEMO VESSEL 032,548000032,8500329,Philippines,Cargo,Fishing event,2025-05-20 15:02:00,UTC,+00:00,14.40622,120.67656,4058
DEMO VESSEL 038 ,548000038,8500381,Philippines,Dredging,Fishing event,2025-05-23 14:44:00,UTC,+00:00,14.52591,120.44128,33547
DEMO VESSEL 007,548000007,8500070,Philippines,Cargo,Fishing event,2025-05-18 21:48:00,UTC,+00:00,14.40842,120.5687,27811
DEMO VESSEL 028,548000028,8500288,Philippines,Other,Port visit,2025-05-07 23:18:00,Asia/Manila,+08:00,14.86475,120.42054,27120
DEMO VESSEL 029 ,548000029,8500290,Philippines,Other,Port visit,2025-05-10 05:46:00,Asia/Manila,+08:00,14.58137,120.74185,15394
DEMO VESSEL 038,548000038,8500381,Philippines,Dredging,Fishing event,2025-05-06 07:10:00,Asia/Manila,+08:00,14.22472,120.86291,12246
DEMO VESSEL 016,548000016,8500161,Philippines,Dredging,Port visit,24/05/2025 02:43,Asia/Manila,+08:00,14.31456,120.77362,15269
DEMO VESSEL 027,548000027,8500276,Philippines,Cargo,Loitering,06/05/2025 14:13,Asia/Manila,+08:00,14.60947,120.3313,4286
DEMO VESSEL 015,548000015,8500159,Philippines,Cargo,Fishing event,12/05/2025 21:02,UTC,+00:00,14.62042,120.39425,5653
DEMO VESSEL 007,548000007,8500070,Philippines,Cargo,Port visit,2025-05-25 12:30:00,Asia/Manila,+08:00,14.72763,120.37861,10311
DEMO VESSEL 017 ,548000017,8500173,Philippines,Other,Encounter,2025-04-22 14:02:00,Asia/Manila,+08:00,14.59598,120.8324,620
DEMO VESSEL 005,548000005,1234568,Sierra Leone,Dredging,Fishing event,2025-05-25 05:04:00,Asia/Manila,+08:00,14.44096,120.73975,29524
DEMO VESSEL 017,548000017,8500173,Philippines,Other,Encounter,22/05/2025 23:01,Asia/Manila,+08:00,14.87637,120.70733,6696
DEMO VESSEL 007,548000007,8500070,Philippines,Cargo,Port visit,2025-05-06 13:10:00,Asia/Manila,+08:00,14.80681,120.59768,20451
DEMO VESSEL 010,548000010,8500109,Belize,Other,Fishing event,03/05/2025 03:33,Asia/Manila,+08:00,14.68127,120.69944,14313
DEMOVESSEL005,548000005,1234568,Sierra Leone,Dredging,Encounter,2025-05-01 19:03:00,Asia/Manila,+08:00,14.26684,120.30104,25515
DEMO VESSEL 005,548000005,1234568,Sierra Leone,Dredging,Port visit,2025-05-17 21:13:00,Asia/Manila,+08:00,14.37587,120.57773,11063
DEMO VESSEL 008,548000008,8500082,Belize,Dredging,Loitering,2025-05-06 19:33:00,UTC,+00:00,14.87287,120.63821,5062
DEMO VESSEL 029,548000029,8500290,Philippines,Other,Loitering,2025-05-11 18:17:00,Asia/Manila,+08:00,14.23835,120.7029,22212
DEMO VESSEL 003,548000003,8500032,Philippines,Cargo,Encounter,07/05/2025 02:01,Asia/Manila,+08:00,14.56373,120.50153,32160
DEMO VESSEL 017,548000017,8500173,Philippines,Other,Port visit,2025-05-26 09:21:00,Asia/Manila,+08:00,14.42938,120.53007,18691
DEMO VESSEL 009,548000009,8500094,Belize,Cargo,Fishing event,2025-05-11 04:35:00,Asia/Manila,+08:00,14.4538,120.66564,30711
DEMO VESSEL 011,548000011,8500111,Philippines,Other,Fishing event,2025-05-05 01:20:00,UTC,+00:00,14.45095,120.69128,20358
DEMO VESSEL 030,548000030,8500305,Philippines,Cargo,Encounter,2025-05-18 06:52:00,Asia/Manila,+08:00,14.59322,120.55513,11666
DEMO VESSEL 022,548000022,8500226,Sierra Leone,Dredging,Port visit,07/05/2025 06:02,Asia/Manila,+08:00,14.60874,120.33204,16957
DEMO VESSEL 018,548000018,8500185,Philippines,Cargo,Fishing event,2025-05-19 05:41:00,UTC,+00:00,14.75732,120.39424,21097
DEMO VESSEL 005,548000005,1234568,Sierra Leone,Dredging,Loitering,2025-05-04 23:05:00,UTC,+00:00,14.54803,120.41172,23276
DEMO VESSEL 011,548000011,8500111,Philippines,Other,Loitering,2025-05-20 22:51:00,Asia/Manila,+08:00,14.48295,120.50879,30208
DEMO VESSEL 026,548000026,8500264,Philippines,Cargo,Loitering,2025-05-22 20:09:00,Asia/Manila,+08:00,14.67124,120.87074,16098
DEMO VESSEL 024,548000024,8500240,Philippines,Cargo,Port visit,19/05/2025 16:12,Asia/Manila,+08:00,14.23003,120.33167,27986
DEMO VESSEL 007,667000007,8500070,Sierra Leone,Cargo,Loitering,2025-05-15 14:26:00,UTC,+00:00,14.40407,120.79812,30981
DEMO VESSEL 007,667000007,8500070,Sierra Leone,Cargo,Loitering,2025-05-13 02:46:00,Asia/Manila,+08:00,14.20498,120.31653,4021
DEMO VESSEL 007,667000007,8500070,Sierra Leone,Cargo,Encounter,2025-05-14 03:05:00,Asia/Manila,+08:00,14.55796,120.64323,11294
DEMO VESSEL 038,548000038,8500381,Philippines,Dredging,Fishing event,2025-05-19 17:14:00,Asia/Manila,+08:00,14.40845,120.79205,32694
DEMO VESSEL 039,548000039,8500393,Philippines,Dredging,Loitering,2025-05-19 18:05:00,UTC,+00:00,14.40755,120.68888,24507
DEMO VESSEL 037,548000037,8500379,Belize,Cargo,Loitering,14/05/2025 19:38,Asia/Manila,+08:00,14.21081,120.85171,34536
DEMOVESSEL021,548000021,8500214,Belize,Dredging,Fishing event,02/05/2025 10:27,Asia/Manila,+08:00,14.30364,120.51117,21593
DEMO VESSEL 001,548000001,8500018,Philippines,Dredging,Port visit,2025-05-04 18:01:00,Asia/Manila,+08:00,14.83562,120.52518,6978
DEMO VESSEL 007,548000007,8500070,Philippines,Cargo,Loitering,2025-05-17 07:21:00,Asia/Manila,+08:00,14.24233,120.81723,29647
DEMO VESSEL 008,548000008,8500082,Belize,Dredging,Port visit,2025-05-09 17:36:00,Asia/Manila,+08:00,14.32135,120.39413,729
DEMO VESSEL 037,548000037,8500379,Belize,Cargo,Loitering,19/05/2025 08:24,UTC,+00:00,14.22893,120.3794,36745
AIS TEST SHIP,100900301,,,,Fishing event,12/05/2025 21:12,UTC,+00:00,14.88757,120.31697,7019
demo vessel 026,548000026,8500264,Philippines,Cargo,Fishing event,20/05/2025 16:20,Asia/Manila,+08:00,14.53323,120.88455,5029
DEMO VESSEL 040,548000040,8500408,Philippines,Other,Encounter,2025-05-07 07:53:00,Asia/Manila,+08:00,14.74111,120.41172,20834
DEMO VESSEL 011,548000011,8500111,Philippines,Other,Fishing event,2025-05-18 18:01:00,Asia/Manila,+08:00,14.83593,120.51525,39163
DEMO VESSEL 008,548000008,8500082,Belize,Dredging,Loitering,06/05/2025 19:02,Asia/Manila,+08:00,14.7662,120.58403,1595
DEMO VESSEL 017,548000017,8500173,Philippines,Other,Encounter,2025-05-16 07:22:00,Asia/Manila,+08:00,14.59849,120.41486,11598
DEMO VESSEL 035,548000035,8500355,Philippines,Other,Loitering,2025-05-22 17:33:00,Asia/Manila,+08:00,14.38808,120.60015,28004
DEMO VESSEL 036,548000036,8500367,Sierra Leone,Cargo,Port visit,2025-05-22 00:01:00,Asia/Manila,+08:00,14.58944,120.39859,36683
DEMO VESSEL 040,548000040,8500408,Philippines,Other,Port visit,19/05/2025 23:23,Asia/Manila,+08:00,14.61515,120.4591,10530
DEMO VESSEL 007,667000007,8500070,Sierra Leone,Cargo,Loitering,2025-05-23 21:50:00,Asia/Manila,+08:00,14.26961,120.42178,28489
DEMO VESSEL 034,548000034,8500343,Belize,Cargo,Fishing event,2025-05-10 07:13:00,UTC,+00:00,14.6251,120.32002,15129
DEMO VESSEL 022,548000022,8500226,Sierra Leone,Dredging,Loitering,2025-05-13 03:44:00,Asia/Manila,+08:00,14.78572,120.50271,14788
DEMO VESSEL 029,548000029,8500290,Philippines,Other,Port visit,2025-05-08 09:13:00,Asia/Manila,+08:00,14.23962,120.85536,2636
DEMO VESSEL 003,548000003,8500032,Philippines,Cargo,Encounter,02/05/2025 09:36,UTC,+00:00,14.6372,120.87476,18215
DEMO VESSEL 018,548000018,8500185,Philippines,Cargo,Fishing event,2025-05-26 10:04:00,Asia/Manila,+08:00,14.30428,120.89507,33589
DEMO VESSEL 023,548000023,8500238,Belize,Cargo,Port visit,2025-05-13 00:31:00,Asia/Manila,+08:00,14.20081,120.68394,36256
DEMO VESSEL 030,548000030,8500305,Philippines,Cargo,Loitering,2025-05-07 16:09:00,UTC,+00:00,14.30492,120.39542,24966
DEMO VESSEL 027,548000027,8500276,Philippines,Cargo,Loitering,2025-05-02 14:15:00,Asia/Manila,+08:00,14.60016,120.84666,14205
DEMO VESSEL 008,548000008,8500082,Belize,Dredging,Port visit,2025-05-20 18:08:00,Asia/Manila,+08:00,14.23053,120.5422,26058
DEMO VESSEL 021,548000021,8500214,Belize,Dredging,Loitering,2025-05-09 22:45:00,Asia/Manila,+08:00,14.81794,120.8373,10165
DEMO VESSEL 033,548000033,8500331,Philippines,Cargo,Encounter,2025-05-10 09:00:00,Asia/Manila,+08:00,14.35959,120.37674,10150
DEMO VESSEL 020,548000020,8500202,Philippines,Other,Port visit,2025-05-19 07:07:00,Asia/Manila,+08:00,14.69924,120.77586,22885
DEMO VESSEL 013,548000013,8500135,Philippines,Other,Port visit,2025-05-26 14:51:00,Asia/Manila,+08:00,14.32799,120.50781,39197
DEMO VESSEL 003,548000003,8500032,Philippines,Cargo,Loitering,25/05/2025 18:42,Asia/Manila,+08:00,14.70998,120.85338,2926
AIS TEST SHIP,100900301,,,,Fishing event,2025-05-25 22:20:00,UTC,+00:00,14.58911,120.427,35261
DEMO VESSEL 034,548000034,8500343,Belize,Cargo,Fishing event,14/05/2025 22:30,Asia/Manila,+08:00,14.73496,120.37968,16597
DEMO VESSEL 017,548000017,8500173,Philippines,Other,Loitering,2025-05-14 19:46:00,Asia/Manila,+08:00,14.43762,120.69199,10284
DEMO VESSEL 034,548000034,8500343,Belize,Cargo,Fishing event,2025-05-02 10:17:00,Asia/Manila,+08:00,14.89503,120.41079,33836
DEMO VESSEL 033,548000033,8500331,Philippines,Cargo,Encounter,20/05/2025 21:04,UTC,+00:00,14.45031,120.81006,19315
DEMO VESSEL 012,548000012,8500123,Philippines,Dredging,Port visit,27/05/2025 11:31,Asia/Manila,+08:00,14.42377,120.33603,31336
DEMO VESSEL 018,548000018,8500185,Philippines,Cargo,Fishing event,2025-05-15 12:48:00,Asia/Manila,+08:00,14.70073,120.69235,10684
DEMO VESSEL 016,548000016,8500161,Philippines,Dredging,Port visit,2025-05-10 05:39:00,Asia/Manila,+08:00,14.37334,120.52756,28065
DEMO VESSEL 032,548000032,8500329,Philippines,Cargo,Encounter,2025-05-26 11:16:00,Asia/Manila,+08:00,14.34839,120.56237,12916
DEMO VESSEL 016,548000016,8500161,Philippines,Dredging,Encounter,2025-05-01 14:24:00,Asia/Manila,+08:00,14.80634,120.87432,6875
DEMO VESSEL 028,548000028,8500288,Philippines,Other,Fishing event,2025-05-24 12:31:00,Asia/Manila,+08:00,14.53224,120.71011,9001
DEMO VESSEL 009,548000009,8500094,Belize,Cargo,Port visit,2025-05-19 18:15:00,Asia/Manila,+08:00,14.27432,120.49408,28731
DEMO VESSEL 024,548000024,8500240,Philippines,Cargo,Loitering,24/05/2025 16:46,UTC,+00:00,14.78809,120.821,29655
DEMO VESSEL 021,548000021,8500214,Belize,Dredging,Encounter,2025-05-13 17:10:00,Asia/Manila,+08:00,0.0,0.0,29083
DEMO VESSEL 006,548000006,64,Philippines,Dredging,Port visit,2025-05-26 08:06:00,Asia/Manila,+08:00,14.79114,120.43137,6761
DEMO VESSEL 035,548000035,8500355,Philippines,Other,Encounter,2025-05-01 01:48:00,UTC,+00:00,14.37939,120.66831,18381
AISTESTSHIP,100900301,,,,Encounter,27/05/2025 13:20,Asia/Manila,+08:00,14.74627,120.39507,28770
DEMO VESSEL 036,548000036,8500367,Sierra Leone,Cargo,Fishing event,10/05/2025 14:39,Asia/Manila,+08:00,14.24966,120.62567,11022
DEMO VESSEL 012,548000012,8500123,Philippines,Dredging,Loitering,2025-05-25 01:46:00,UTC,+00:00,14.26058,120.60896,26495
DEMO VESSEL 021,548000021,8500214,Belize,Dredging,Encounter,17/05/2025 11:50,UTC,+00:00,14.75374,120.74113,11907
DEMO VESSEL 037,548000037,8500379,Belize,Cargo,Port visit,2025-05-02 18:41:00,UTC,+00:00,14.56834,120.4465,2186
DEMO VESSEL 039,548000039,8500393,Philippines,Dredging,Port visit,26/05/2025 13:30,Asia/Manila,+08:00,14.6247,120.73437,2361
DEMO VESSEL 035,548000035,8500355,Philippines,Other,Port visit,2025-05-14 06:12:00,Asia/Manila,+08:00,14.24072,120.63143,39678
DEMO VESSEL 009,548000009,8500094,Belize,Cargo,Fishing event,2025-05-03 14:45:00,Asia/Manila,+08:00,14.7041,120.5052,21771
DEMO VESSEL 040 ,548000040,8500408,Philippines,Other,Loitering,2025-05-26 13:56:00,UTC,+00:00,14.86838,120.62353,1951
DEMO VESSEL 036 ,548000036,8500367,Sierra Leone,Cargo,Port visit,21/05/2025 02:30,UTC,+00:00,14.24353,120.55799,1696
DEMO VESSEL 018,548000018,8500185,Philippines,Cargo,Encounter,2025-05-15 06:06:00,UTC,+00:00,14.22188,120.40599,1266
demo vessel 035,548000035,8500355,Philippines,Other,Encounter,2025-05-05 07:34:00,Asia/Manila,+08:00,14.61421,120.66518,38174
DEMO VESSEL 035,548000035,8500355,Philippines,Other,Fishing event,2025-05-01 14:07:00,Asia/Manila,+08:00,14.5659,120.65639,5587
DEMO VESSEL 019,548000019,8500197,Philippines,Cargo,Encounter,2025-05-09 19:24:00,Asia/Manila,+08:00,14.29281,120.63805,23628
DEMO VESSEL 019,548000019,8500197,Philippines,Cargo,Encounter,2025-05-11 08:40:00,UTC,+00:00,14.62905,120.64468,9015
DEMO VESSEL 016,548000016,8500161,Philippines,Dredging,Fishing event,2025-05-23 23:56:00,Asia/Manila,+08:00,14.2976,120.73757,36850
DEMO VESSEL 022,548000022,8500226,Sierra Leone,Dredging,Encounter,2025-05-14 17:31:00,UTC,+00:00,14.2566,120.83874,19933
DEMO VESSEL 011,548000011,8500111,Philippines,Other,Loitering,15/05/2025 04:44,Asia/Manila,+08:00,14.89953,120.40613,16723
DEMO VESSEL 010,548000010,8500109,Belize,Other,Loitering,2025-05-16 00:53:00,Asia/Manila,+08:00,14.46398,120.88617,1731
DEMO VESSEL 016,548000016,8500161,Philippines,Dredging,Loitering,2025-05-22 05:31:00,Asia/Manila,+08:00,14.44377,120.38938,4982
DEMO VESSEL 021,548000021,8500214,Belize,Dredging,Port visit,2025-05-07 14:32:00,Asia/Manila,+08:00,14.26833,120.75476,12125
DEMO VESSEL 031,548000031,8500317,Philippines,Cargo,Encounter,2025-05-19 13:27:00,UTC,+00:00,14.53782,120.87986,16010
DEMO VESSEL 037,548000037,8500379,Belize,Cargo,Loitering,2025-05-11 14:45:00,Asia/Manila,+08:00,14.30873,120.53801,25151
AIS TEST SHIP,100900301,,,,Loitering,2025-05-08 04:25:00,Asia/Manila,+08:00,14.80582,120.82792,39082
DEMO VESSEL 003,548000003,8500032,Philippines,Cargo,Port visit,2025-05-19 23:00:00,UTC,+00:00,14.36527,120.74745,23259
DEMO VESSEL 039,548000039,8500393,Philippines,Dredging,Loitering,2025-05-14 02:11:00,Asia/Manila,+08:00,14.2374,120.42288,21506
DEMO VESSEL 039,548000039,8500393,Philippines,Dredging,Encounter,20/05/2025 07:46,UTC,+00:00,14.88138,120.61627,2030
DEMO VESSEL 016,548000016,8500161,Philippines,Dredging,Loitering,2025-05-22 12:27:00,Asia/Manila,+08:00,14.72703,120.38751,19557
DEMO VESSEL 021,548000021,8500214,Belize,Dredging,Encounter,03/05/2025 23:08,Asia/Manila,+08:00,14.86976,120.52443,32171
DEMO VESSEL 020,548000020,8500202,Philippines,Other,Encounter,07/05/2025 01:39,Asia/Manila,+08:00,14.68247,120.85918,4439
DEMO VESSEL 001,548000001,8500018,Philippines,Dredging,Port visit,01/05/2025 18:55,Asia/Manila,+08:00,14.72162,120.7997,23389
DEMO VESSEL 027,548000027,8500276,Philippines,Cargo,Port visit,2025-05-16 14:43:00,Asia/Manila,+08:00,14.63177,120.50965,7175
AIS TEST SHIP,100900301,,,,Fishing event,2025-05-01 10:41:00,Asia/Manila,+08:00,14.31178,120.47097,39293
DEMO VESSEL 019,548000019,8500197,Philippines,Cargo,Encounter,2025-05-04 08:54:00,Asia/Manila,+08:00,14.82662,120.38042,25299
DEMOVESSEL003,548000003,8500032,Philippines,Cargo,Loitering,20/05/2025 06:45,Asia/Manila,+08:00,14.81336,120.77092,6007
DEMO VESSEL 025,548000025,8500252,Philippines,Dredging,Port visit,26/05/2025 07:42,UTC,+00:00,14.26585,120.47771,33284
DEMO VESSEL 015,548000015,8500159,Philippines,Cargo,Loitering,2025-05-16 13:05:00,Asia/Manila,+08:00,14.76792,120.73792,19677
DEMO VESSEL 037,548000037,8500379,Belize,Cargo,Loitering,2025-05-15 02:31:00,UTC,+00:00,14.6619,120.81462,30754
DEMO VESSEL 007,667000007,8500070,Sierra Leone,Cargo,Fishing event,2025-05-04 00:36:00,Asia/Manila,+08:00,14.25465,120.84215,4114
DEMO VESSEL 014 ,548000014,8500147,Philippines,Cargo,Fishing event,2025-05-22 14:58:00,UTC,+00:00,14.54032,120.80716,33094
demo vessel 002,548000002,8500020,Philippines,Cargo,Fishing event,2025-05-04 20:29:00,UTC,+00:00,14.63593,120.41267,12485
DEMO VESSEL 026,548000026,8500264,Philippines,Cargo,Loitering,2025-05-06 20:45:00,Asia/Manila,+08:00,14.35052,120.56552,19921
DEMO VESSEL 022,548000022,8500226,Sierra Leone,Dredging,Port visit,2025-05-17 15:02:00,Asia/Manila,+08:00,14.37848,120.37072,33889
DEMO VESSEL 022,548000022,8500226,Sierra Leone,Dredging,Encounter,06/05/2025 18:31,Asia/Manila,+08:00,14.58225,120.35287,4452
DEMO VESSEL 035,548000035,8500355,Philippines,Other,Encounter,2025-05-10 18:30:00,UTC,+00:00,14.63956,120.84823,24218
DEMO VESSEL 024,548000024,8500240,Philippines,Cargo,Port visit,2025-05-18 17:38:00,Asia/Manila,+08:00,14.21765,120.79867,16733
DEMO VESSEL 004,548000004,,Philippines,Dredging,Loitering,2025-05-05 13:35:00,Asia/Manila,+08:00,14.25992,120.64,28932
DEMO VESSEL 033,548000033,8500331,Philippines,Cargo,Port visit,26/05/2025 07:02,Asia/Manila,+08:00,14.72819,120.89162,28961
DEMO VESSEL 014 ,548000014,8500147,Philippines,Cargo,Fishing event,2025-05-05 21:34:00,Asia/Manila,+08:00,14.69681,120.51508,13165
demo vessel 003,548000003,8500032,Philippines,Cargo,Port visit,17/05/2025 19:24,Asia/Manila,+08:00,14.66988,120.37934,17358
DEMO VESSEL 033,548000033,8500331,Philippines,Cargo,Port visit,2025-05-13 20:04:00,UTC,+00:00,14.26829,120.59481,4262
DEMO VESSEL 002,548000002,8500020,Philippines,Cargo,Port visit,2025-05-23 22:57:00,Asia/Manila,+08:00,14.8363,120.76203,21107
DEMO VESSEL 004,548000004,,Philippines,Dredging,Port visit,2025-05-15 04:53:00,UTC,+00:00,14.77948,120.33352,25037
DEMO VESSEL 009,548000009,8500094,Belize,Cargo,Loitering,2025-05-02 05:55:00,Asia/Manila,+08:00,14.73416,120.78929,24945
DEMO VESSEL 037,548000037,8500379,Belize,Cargo,Port visit,09/05/2025 09:33,Asia/Manila,+08:00,14.52495,120.58423,19311
DEMO VESSEL 021,548000021,8500214,Belize,Dredging,Port visit,2025-05-06 22:32:00,Asia/Manila,+08:00,14.20353,120.8424,29371
DEMO VESSEL 007,667000007,8500070,Sierra Leone,Cargo,Port visit,2025-05-05 17:28:00,Asia/Manila,+08:00,14.4702,120.69333,26422
DEMO VESSEL 038,548000038,8500381,Philippines,Dredging,Port visit,04/05/2025 17:28,UTC,+00:00,14.26407,120.6853,6439
DEMO VESSEL 010,548000010,8500109,Belize,Other,Encounter,2025-05-26 15:49:00,Asia/Manila,+08:00,14.6789,120.69004,9366
DEMO VESSEL 010,548000010,8500109,Belize,Other,Encounter,2025-05-01 03:57:00,Asia/Manila,+08:00,14.417,120.46107,10477
DEMO VESSEL 012,548000012,8500123,Philippines,Dredging,Loitering,2025-05-27 15:38:00,Asia/Manila,+08:00,14.76033,120.69324,834
DEMO VESSEL 024,548000024,8500240,Philippines,Cargo,Loitering,2025-05-16 01:54:00,UTC,+00:00,14.55778,120.47552,23768
DEMOVESSEL028,548000028,8500288,Philippines,Other,Fishing event,11/05/2025 10:44,Asia/Manila,+08:00,14.74047,120.68284,16773
DEMO VESSEL 031,548000031,8500317,Philippines,Cargo,Encounter,2025-05-20 12:09:00,UTC,+00:00,14.69924,120.71456,35798
DEMO VESSEL 014,548000014,8500147,Philippines,Cargo,Loitering,2025-05-12 10:19:00,Asia/Manila,+08:00,14.20186,120.6814,10278
DEMO VESSEL 006,548000006,64,Philippines,Dredging,Loitering,17/05/2025 13:10,Asia/Manila,+08:00,14.54391,120.73874,15480
DEMOVESSEL034,548000034,8500343,Belize,Cargo,Loitering,2025-05-05 11:04:00,UTC,+00:00,14.62814,120.78361,33716
DEMO VESSEL 018 ,548000018,8500185,Philippines,Cargo,Fishing event,2025-05-06 16:26:00,Asia/Manila,+08:00,14.88787,120.74223,4834
DEMO VESSEL 038,548000038,8500381,Philippines,Dredging,Fishing event,21/05/2025 19:54,UTC,+00:00,14.54244,120.79891,38871
DEMO VESSEL 033,548000033,8500331,Philippines,Cargo,Loitering,17/05/2025 00:44,Asia/Manila,+08:00,14.29594,120.79688,19502
DEMO VESSEL 026,548000026,8500264,Philippines,Cargo,Port visit,2025-05-14 06:37:00,Asia/Manila,+08:00,14.7532,120.57593,29537
DEMO VESSEL 039,548000039,8500393,Philippines,Dredging,Loitering,2025-05-01 05:50:00,UTC,+00:00,14.88803,120.57493,20816
DEMO VESSEL 009,548000009,8500094,Belize,Cargo,Loitering,2025-05-15 03:31:00,UTC,+00:00,14.22526,120.87724,7031
DEMO VESSEL 002,548000002,8500020,Philippines,Cargo,Loitering,2025-05-17 01:20:00,Asia/Manila,+08:00,14.68844,120.39192,39302
DEMO VESSEL 008,548000008,8500082,Belize,Dredging,Port visit,07/05/2025 20:55,Asia/Manila,+08:00,14.25611,120.65136,23261
DEMOVESSEL026,548000026,8500264,Philippines,Cargo,Fishing event,22/05/2025 03:04,Asia/Manila,+08:00,14.70778,120.54081,27991
DEMO VESSEL 037,548000037,8500379,Belize,Cargo,Port visit,2025-05-18 02:09:00,Asia/Manila,+08:00,14.6237,120.46202,27384
demo vessel 022,548000022,8500226,Sierra Leone,Dredging,Loitering,19/05/2025 07:33,UTC,+00:00,14.3492,120.38793,22446
DEMO VESSEL 016,548000016,8500161,Philippines,Dredging,Port visit,2025-05-11 17:50:00,UTC,+00:00,14.32217,120.40719,9165
DEMO VESSEL 001,548000001,8500018,Philippines,Dredging,Loitering,2025-05-15 02:45:00,Asia/Manila,+08:00,14.43509,120.83582,10314
AIS TEST SHIP,100900301,,,,Encounter,2025-05-27 06:49:00,Asia/Manila,+08:00,14.21702,120.58056,24726
DEMO VESSEL 005,548000005,1234568,Sierra Leone,Dredging,Encounter,27/05/2025 23:46,Asia/Manila,+08:00,14.64819,120.4973,5745
DEMO VESSEL 001,548000001,8500018,Philippines,Dredging,Loitering,2025-05-24 21:58:00,Asia/Manila,+08:00,14.60792,120.38486,8750
DEMO VESSEL 020,548000020,8500202,Philippines,Other,Port visit,2025-05-05 10:07:00,Asia/Manila,+08:00,14.61812,120.45642,19265
DEMO VESSEL 024,548000024,8500240,Philippines,Cargo,Fishing event,21/05/2025 00:50,Asia/Manila,+08:00,14.5921,120.70774,7805
DEMO VESSEL 033,548000033,8500331,Philippines,Cargo,Encounter,2025-05-12 10:43:00,Asia/Manila,+08:00,14.72452,120.40324,34388
DEMO VESSEL 014,548000014,8500147,Philippines,Cargo,Port visit,2025-05-27 16:30:00,UTC,+00:00,14.85278,120.84268,17010
DEMO VESSEL 007,667000007,8500070,Sierra Leone,Cargo,Loitering,2025-05-21 09:03:00,Asia/Manila,+08:00,14.88007,120.56057,22736
DEMO VESSEL 020,548000020,8500202,Philippines,Other,Loitering,2025-05-06 06:06:00,Asia/Manila,+08:00,14.7384,120.40024,3273
DEMO VESSEL 038,548000038,8500381,Philippines,Dredging,Port visit,2025-05-19 10:52:00,Asia/Manila,+08:00,14.73374,120.42763,4548
DEMO VESSEL 007,667000007,8500070,Sierra Leone,Cargo,Loitering,11/05/2025 09:47,Asia/Manila,+08:00,14.61491,120.81731,21025
DEMO VESSEL 032,548000032,8500329,Philippines,Cargo,Encounter,2025-05-22 00:39:00,Asia/Manila,+08:00,14.50745,120.65512,18857
DEMO VESSEL 001,548000001,8500018,Philippines,Dredging,Loitering,2025-05-07 04:35:00,UTC,+00:00,14.40167,120.48069,4416
DEMO VESSEL 008,548000008,8500082,Belize,Dredging,Encounter,02/05/2025 16:21,Asia/Manila,+08:00,14.57128,120.79773,28955
DEMO VESSEL 003,548000003,8500032,Philippines,Cargo,Loitering,12/05/2025 11:19,UTC,+00:00,14.26132,120.73671,19215
DEMO VESSEL 040,548000040,8500408,Philippines,Other,Port visit,2025-05-20 11:50:00,Asia/Manila,+08:00,14.7125,120.7899,10782
DEMO VESSEL 018,548000018,8500185,Philippines,Cargo,Fishing event,2025-05-19 13:28:00,Asia/Manila,+08:00,14.2878,120.83759,34148
DEMO VESSEL 030,548000030,8500305,Philippines,Cargo,Loitering,06/05/2025 20:29,Asia/Manila,+08:00,14.85203,120.33804,20316
DEMO VESSEL 024,548000024,8500240,Philippines,Cargo,Port visit,2025-05-13 11:26:00,UTC,+00:00,14.51541,120.59616,31418
DEMO VESSEL 016,548000016,8500161,Philippines,Dredging,Fishing event,08/05/2025 10:34,Asia/Manila,+08:00,14.78007,120.35008,2432
DEMO VESSEL 008,548000008,8500082,Belize,Dredging,Port visit,2025-05-06 13:54:00,Asia/Manila,+08:00,14.80386,120.44474,31551
DEMO VESSEL 007,548000007,8500070,Philippines,Cargo,Port visit,24/05/2025 07:19,Asia/Manila,+08:00,14.75419,120.48321,16189
DEMO VESSEL 033,548000033,8500331,Philippines,Cargo,Loitering,2025-05-06 07:03:00,Asia/Manila,+08:00,14.70544,120.76539,4251
DEMO VESSEL 037,548000037,8500379,Belize,Cargo,Loitering,2025-05-21 21:08:00,UTC,+00:00,14.57112,120.87061,36949
DEMO VESSEL 030,548000030,8500305,Philippines,Cargo,Fishing event,2025-05-04 13:32:00,Asia/Manila,+08:00,14.38676,120.45967,19282
DEMO VESSEL 016,548000016,8500161,Philippines,Dredging,Loitering,25/05/2025 22:11,Asia/Manila,+08:00,14.69515,120.80543,21081
DEMO VESSEL 036,548000036,8500367,Sierra Leone,Cargo,Encounter,2025-05-03 23:05:00,UTC,+00:00,14.52668,120.73198,26706
DEMO VESSEL 014,548000014,8500147,Philippines,Cargo,Loitering,07/05/2025 23:03,Asia/Manila,+08:00,14.64233,120.30795,7786
demo vessel 016,548000016,8500161,Philippines,Dredging,Loitering,2025-05-10 14:56:00,Asia/Manila,+08:00,14.86305,120.74855,1267
DEMO VESSEL 038,548000038,8500381,Philippines,Dredging,Port visit,2025-05-07 15:56:00,Asia/Manila,+08:00,14.24802,120.65887,38350
DEMO VESSEL 007,667000007,8500070,Sierra Leone,Cargo,Port visit,13/05/2025 09:00,Asia/Manila,+08:00,14.21594,120.44665,29003
DEMO VESSEL 011,548000011,8500111,Philippines,Other,Fishing event,2025-05-18 12:49:00,Asia/Manila,+08:00,14.56174,120.58038,1961
DEMO VESSEL 016,548000016,8500161,Philippines,Dredging,Fishing event,23/05/2025 12:16,Asia/Manila,+08:00,14.43244,120.56941,39614
DEMOVESSEL017,548000017,8500173,Philippines,Other,Encounter,21/05/2025 23:48,Asia/Manila,+08:00,14.72221,120.39544,24175
DEMO VESSEL 008,548000008,8500082,Belize,Dredging,Port visit,2025-05-13 07:02:00,Asia/Manila,+08:00,14.61771,120.80469,16621
DEMO VESSEL 039,548000039,8500393,Philippines,Dredging,Loitering,2025-05-21 21:49:00,Asia/Manila,+08:00,14.73495,120.62799,39364
demo vessel 036,548000036,8500367,Sierra Leone,Cargo,Port visit,2025-05-15 06:24:00,Asia/Manila,+08:00,14.31994,120.74133,6972
DEMO VESSEL 018,548000018,8500185,Philippines,Cargo,Loitering,2025-05-10 02:10:00,Asia/Manila,+08:00,14.31228,120.65416,29317
DEMO VESSEL 015,548000015,8500159,Philippines,Cargo,Port visit,2025-05-09 14:14:00,Asia/Manila,+08:00,14.3943,120.89639,5098
DEMOVESSEL022,548000022,8500226,Sierra Leone,Dredging,Loitering,2025-05-11 07:48:00,Asia/Manila,+08:00,14.20583,120.58111,35163
DEMO VESSEL 011,548000011,8500111,Philippines,Other,Encounter,13/05/2025 09:25,Asia/Manila,+08:00,14.57458,120.65758,23933
DEMO VESSEL 035,548000035,8500355,Philippines,Other,Encounter,2025-05-02 06:38:00,Asia/Manila,+08:00,14.68465,120.56481,9909
DEMO VESSEL 007,667000007,8500070,Sierra Leone,Cargo,Port visit,2025-05-07 01:32:00,UTC,+00:00,14.35682,120.35616,30660
DEMO VESSEL 016,548000016,8500161,Philippines,Dredging,Port visit,02/05/2025 14:14,UTC,+00:00,14.23774,120.71154,38216
DEMO VESSEL 038,548000038,8500381,Philippines,Dredging,Fishing event,2025-05-04 01:57:00,UTC,+00:00,14.31625,120.89396,9372
DEMO VESSEL 038,548000038,8500381,Philippines,Dredging,Encounter,03/05/2025 03:49,Asia/Manila,+08:00,14.71844,120.51775,35282
demo vessel 005,548000005,1234568,Sierra Leone,Dredging,Port visit,2025-05-16 10:03:00,UTC,+00:00,14.46885,120.75438,28515
DEMO VESSEL 002,548000002,8500020,Philippines,Cargo,Loitering,07/05/2025 19:33,UTC,+00:00,14.77658,120.88868,16051
DEMO VESSEL 008,548000008,8500082,Belize,Dredging,Loitering,17/05/2025 02:44,UTC,+00:00,14.74522,120.46703,18124
AIS TEST SHIP,100900301,,,,Loitering,18/05/2025 00:52,UTC,+00:00,14.82474,120.78582,36324
DEMO VESSEL 034,548000034,8500343,Belize,Cargo,Fishing event,11/05/2025 04:52,Asia/Manila,+08:00,14.28979,120.36289,25761
DEMO VESSEL 009,548000009,8500094,Belize,Cargo,Encounter,2025-05-26 08:40:00,Asia/Manila,+08:00,14.40008,120.6341,15054
DEMO VESSEL 014,548000014,8500147,Philippines,Cargo,Encounter,2025-05-21 04:05:00,Asia/Manila,+08:00,14.32881,120.83238,23442
DEMO VESSEL 037,548000037,8500379,Belize,Cargo,Fishing event,2025-05-16 12:41:00,UTC,+00:00,14.23579,120.44716,29821
DEMO VESSEL 016,548000016,8500161,Philippines,Dredging,Encounter,2025-05-20 01:36:00,Asia/Manila,+08:00,14.6181,120.55781,20544
DEMO VESSEL 023,548000023,8500238,Belize,Cargo,Encounter,2025-05-21 03:19:00,Asia/Manila,+08:00,14.23935,120.60456,9732
demo vessel 008,548000008,8500082,Belize,Dredging,Loitering,2025-05-07 23:49:00,Asia/Manila,+08:00,14.64789,120.47971,32092
DEMO VESSEL 021,548000021,8500214,Belize,Dredging,Fishing event,2025-05-12 13:55:00,Asia/Manila,+08:00,14.79212,120.46113,4867
DEMO VESSEL 003,548000003,8500032,Philippines,Cargo,Encounter,2025-05-12 13:30:00,UTC,+00:00,14.29637,120.32644,20694
demo vessel 014,548000014,8500147,Philippines,Cargo,Loitering,2025-05-01 14:51:00,UTC,+00:00,14.66733,120.78599,35590
DEMO VESSEL 023,548000023,8500238,Belize,Cargo,Fishing event,2025-05-25 06:23:00,Asia/Manila,+08:00,14.32653,120.47521,21837
DEMO VESSEL 036,548000036,8500367,Sierra Leone,Cargo,Loitering,13/05/2025 10:00,Asia/Manila,+08:00,14.86539,120.82629,12048
DEMO VESSEL 007,548000007,8500070,Philippines,Cargo,Encounter,2025-05-23 14:43:00,UTC,+00:00,14.69189,120.40091,15622
DEMO VESSEL 011,548000011,8500111,Philippines,Other,Fishing event,25/05/2025 07:51,UTC,+00:00,14.71075,120.561,5174
DEMO VESSEL 027,548000027,8500276,Philippines,Cargo,Port visit,17/05/2025 07:05,UTC,+00:00,14.74569,120.86736,27509
DEMO VESSEL 026,548000026,8500264,Philippines,Cargo,Loitering,2025-05-11 15:38:00,Asia/Manila,+08:00,14.80308,120.43814,38015
DEMO VESSEL 005,548000005,1234568,Sierra Leone,Dredging,Fishing event,2025-05-16 02:11:00,Asia/Manila,+08:00,14.35865,120.89138,34632
DEMO VESSEL 032,548000032,8500329,Philippines,Cargo,Loitering,2025-05-27 12:16:00,Asia/Manila,+08:00,14.57706,120.62242,32578
DEMO VESSEL 038,548000038,8500381,Philippines,Dredging,Encounter,2025-05-22 13:51:00,Asia/Manila,+08:00,14.37776,120.51879,15772
DEMO VESSEL 016,548000016,8500161,Philippines,Dredging,Fishing event,2025-05-04 23:33:00,Asia/Manila,+08:00,14.5493,120.776,25379
DEMO VESSEL 022,548000022,8500226,Sierra Leone,Dredging,Port visit,22/05/2025 22:22,Asia/Manila,+08:00,14.83853,120.86832,19316
DEMO VESSEL 040,548000040,8500408,Philippines,Other,Loitering,2025-05-07 02:11:00,Asia/Manila,+08:00,14.8113,120.89165,18954
DEMO VESSEL 016,548000016,8500161,Philippines,Dredging,Loitering,2025-05-25 01:24:00,Asia/Manila,+08:00,14.68457,120.54902,22419
DEMO VESSEL 033,548000033,8500331,Philippines,Cargo,Port visit,2025-05-15 12:08:00,Asia/Manila,+08:00,14.66337,120.64218,36821
DEMO VESSEL 027,548000027,8500276,Philippines,Cargo,Port visit,2025-05-15 00:52:00,UTC,+00:00,14.45527,120.57211,23671
DEMO VESSEL 020,548000020,8500202,Philippines,Other,Port visit,2025-05-27 05:27:00,Asia/Manila,+08:00,14.28902,120.75148,34421
DEMO VESSEL 001,548000001,8500018,Philippines,Dredging,Loitering,2025-05-09 07:07:00,Asia/Manila,+08:00,14.72002,120.87053,18420
DEMO VESSEL 018,548000018,8500185,Philippines,Cargo,Loitering,2025-05-10 07:28:00,Asia/Manila,+08:00,14.49944,120.3313,7949
DEMO VESSEL 007,548000007,8500070,Philippines,Cargo,Encounter,2025-05-24 15:32:00,Asia/Manila,+08:00,14.80389,120.56791,38007
DEMO VESSEL 011,548000011,8500111,Philippines,Other,Loitering,2025-05-23 07:43:00,Asia/Manila,+08:00,14.44065,120.37831,21475
DEMO VESSEL 015,548000015,8500159,Philippines,Cargo,Encounter,14/05/2025 14:53,UTC,+00:00,14.30093,120.36885,37392
DEMO VESSEL 017,548000017,8500173,Philippines,Other,Encounter,02/05/2025 04:58,Asia/Manila,+08:00,14.63482,120.62265,24832
DEMO VESSEL 003,548000003,8500032,Philippines,Cargo,Fishing event,2025-05-19 02:49:00,Asia/Manila,+08:00,14.6631,120.40773,27579
DEMO VESSEL 014,548000014,8500147,Philippines,Cargo,Encounter,20/05/2025 11:08,Asia/Manila,+08:00,14.51645,120.5034,31135
DEMO VESSEL 021,548000021,8500214,Belize,Dredging,Fishing event,2025-05-09 09:24:00,Asia/Manila,+08:00,14.70951,120.71059,38259
DEMO VESSEL 034,548000034,8500343,Belize,Cargo,Loitering,10/05/2025 02:55,UTC,+00:00,14.34496,120.89865,31929
DEMO VESSEL 015,548000015,8500159,Philippines,Cargo,Port visit,2025-05-26 15:16:00,Asia/Manila,+08:00,14.59083,120.62594,33138
DEMOVESSEL040,548000040,8500408,Philippines,Other,Loitering,2025-05-22 22:53:00,Asia/Manila,+08:00,14.48799,120.80677,32636
DEMO VESSEL 038,548000038,8500381,Philippines,Dredging,Fishing event,17/05/2025 00:30,Asia/Manila,+08:00,14.63723,120.44066,31693
DEMO VESSEL 027,548000027,8500276,Philippines,Cargo,Port visit,2025-05-03 13:50:00,Asia/Manila,+08:00,14.68269,120.64835,7573
DEMO VESSEL 027,548000027,8500276,Philippines,Cargo,Encounter,2025-05-18 02:20:00,Asia/Manila,+08:00,14.68747,120.3434,1222
DEMOVESSEL037,548000037,8500379,Belize,Cargo,Encounter,2025-05-17 08:05:00,Asia/Manila,+08:00,14.50537,120.67326,558
DEMO VESSEL 009 ,548000009,8500094,Belize,Cargo,Fishing event,2025-05-23 08:16:00,Asia/Manila,+08:00,14.8873,120.62244,20522
demo vessel 006,548000006,64,Philippines,Dredging,Encounter,2025-05-24 01:08:00,Asia/Manila,+08:00,14.86129,120.30241,26906
DEMO VESSEL 025,548000025,8500252,Philippines,Dredging,Port visit,2025-05-03 10:52:00,Asia/Manila,+08:00,14.25651,120.69148,36103
DEMO VESSEL 029,548000029,8500290,Philippines,Other,Fishing event,14/05/2025 05:36,UTC,+00:00,14.60035,120.5069,38488
DEMO VESSEL 033,548000033,8500331,Philippines,Cargo,Fishing event,27/05/2025 06:25,Asia/Manila,+08:00,14.29821,120.79754,25645
DEMO VESSEL 002,548000002,8500020,Philippines,Cargo,Port visit,27/05/2025 05:01,UTC,+00:00,14.58917,120.63007,8259
DEMO VESSEL 019,548000019,8500197,Philippines,Cargo,Encounter,2025-05-17 05:11:00,UTC,+00:00,14.5493,120.41718,28637
DEMO VESSEL 023,548000023,8500238,Belize,Cargo,Fishing event,2025-05-21 17:07:00,Asia/Manila,+08:00,14.81497,120.5121,29797
DEMO VESSEL 037,548000037,8500379,Belize,Cargo,Fishing event,2025-05-20 00:00:00,UTC,+00:00,14.66953,120.56173,11288
DEMO VESSEL 002,548000002,8500020,Philippines,Cargo,Loitering,18/05/2025 02:36,Asia/Manila,+08:00,14.48534,120.57068,8053
DEMO VESSEL 008,548000008,8500082,Belize,Dredging,Encounter,2025-05-08 09:31:00,Asia/Manila,+08:00,14.31436,120.43532,26822
DEMO VESSEL 022,548000022,8500226,Sierra Leone,Dredging,Port visit,22/05/2025 19:20,UTC,+00:00,14.27602,120.71543,3754
DEMO VESSEL 033,548000033,8500331,Philippines,Cargo,Loitering,2025-05-08 09:29:00,UTC,+00:00,14.40594,120.44754,3889
DEMO VESSEL 006,548000006,64,Philippines,Dredging,Port visit,2025-05-09 05:59:00,UTC,+00:00,14.47585,120.38421,16462
DEMO VESSEL 006,548000006,64,Philippines,Dredging,Loitering,2025-05-16 05:13:00,UTC,+00:00,14.57276,120.76016,11896
DEMO VESSEL 003,548000003,8500032,Philippines,Cargo,Fishing event,2025-05-19 16:31:00,Asia/Manila,+08:00,14.66189,120.63942,38845
DEMO VESSEL 006,548000006,64,Philippines,Dredging,Loitering,21/05/2025 01:54,Asia/Manila,+08:00,0.0,0.0,39647
DEMO VESSEL 009,548000009,8500094,Belize,Cargo,Encounter,2025-05-05 12:52:00,Asia/Manila,+08:00,14.46861,120.59377,25294
DEMO VESSEL 023,548000023,8500238,Belize,Cargo,Encounter,01/05/2025 23:29,Asia/Manila,+08:00,14.41753,120.47107,24982
DEMO VESSEL 022,548000022,8500226,Sierra Leone,Dredging,Encounter,2025-05-20 13:01:00,Asia/Manila,+08:00,14.59473,120.52404,6009
DEMO VESSEL 007,667000007,8500070,Sierra Leone,Cargo,Port visit,24/04/2025 03:01,Asia/Manila,+08:00,14.44127,120.70749,20591
DEMO VESSEL 023,548000023,8500238,Belize,Cargo,Encounter,2025-05-01 06:17:00,UTC,+00:00,14.61845,120.47987,329
DEMO VESSEL 037,548000037,8500379,Belize,Cargo,Fishing event,2025-05-25 19:12:00,Asia/Manila,+08:00,14.7468,120.50355,21917
DEMO VESSEL 018,548000018,8500185,Philippines,Cargo,Fishing event,01/05/2025 21:30,Asia/Manila,+08:00,14.56054,120.76919,27592
DEMO VESSEL 032,548000032,8500329,Philippines,Cargo,Port visit,16/05/2025 17:35,Asia/Manila,+08:00,14.45376,120.71192,19797
DEMO VESSEL 019,548000019,8500197,Philippines,Cargo,Fishing event,2025-05-17 07:39:00,Asia/Manila,+08:00,14.5386,120.89965,24027
DEMO VESSEL 006,548000006,64,Philippines,Dredging,Port visit,07/05/2025 02:33,Asia/Manila,+08:00,14.32101,120.62602,4423
DEMO VESSEL 006 ,548000006,64,Philippines,Dredging,Port visit,12/05/2025 14:40,UTC,+00:00,14.72582,120.32148,15719
DEMO VESSEL 030,548000030,8500305,Philippines,Cargo,Fishing event,2025-05-09 19:25:00,Asia/Manila,+08:00,14.79088,120.89855,20751
DEMO VESSEL 013,548000013,8500135,Philippines,Other,Encounter,2025-05-07 23:53:00,Asia/Manila,+08:00,14.46693,120.70958,14061
DEMO VESSEL 007,667000007,8500070,Sierra Leone,Cargo,Loitering,17/05/2025 15:08,Asia/Manila,+08:00,14.66635,120.58957,30179
DEMO VESSEL 019,548000019,8500197,Philippines,Cargo,Encounter,2025-05-19 01:53:00,UTC,+00:00,14.32185,120.49737,8216
DEMO VESSEL 013,548000013,8500135,Philippines,Other,Fishing event,2025-04-04 11:49:00,Asia/Manila,+08:00,14.2667,120.6929,17137
DEMO VESSEL 040,548000040,8500408,Philippines,Other,Loitering,2025-05-11 04:40:00,UTC,+00:00,14.76499,120.61657,18863
