Vessel Name,MMSI,IMO,Flag,Type,Event,Start Date Time,Time Zone,Offset,Latitude,Longitude,Event Duration (s)
DEMO VESSEL 009,548000009,8500094,Belize,Cargo,Fishing event,2025-03-22 13:38:00,Asia/Manila,+08:00,14.48573,120.81811,26877
DEMO VESSEL 037,548000037,8500379,Belize,Cargo,Fishing event,2025-03-04 08:07:00,Asia/Manila,+08:00,14.40669,120.76931,6450
DEMO VESSEL 028,548000028,8500288,Philippines,Other,Encounter,2025-03-04 21:33:00,Asia/Manila,+08:00,14.76198,120.78479,26067
demo vessel 039,548000039,8500393,Philippines,Dredging,Loitering,2025-03-23 01:04:00,Asia/Manila,+08:00,14.74438,120.67898,38151
DEMO VESSEL 009,548000009,8500094,Belize,Cargo,Port visit,26/03/2025 16:48,Asia/Manila,+08:00,14.38385,120.58172,36384
DEMO VESSEL 013,548000013,8500135,Philippines,Other,Loitering,2025-03-08 19:41:00,Asia/Manila,+08:00,14.7407,120.37884,23288
DEMO VESSEL 038,548000038,8500381,Philippines,Dredging,Loitering,2025-03-23 01:29:00,Asia/Manila,+08:00,14.37676,120.40437,15237
DEMO VESSEL 023,548000023,8500238,Belize,Cargo,Encounter,2025-03-21 02:15:00,Asia/Manila,+08:00,14.86373,120.85593,26789
DEMO VESSEL 036,548000036,8500367,Sierra Leone,Cargo,Fishing event,2025-03-18 08:14:00,Asia/Manila,+08:00,14.795,120.52275,16008
DEMO VESSEL 007,548000007,8500070,Philippines,Cargo,Loitering,2025-03-15 23:38:00,Asia/Manila,+08:00,14.42776,120.86274,31906
DEMO VESSEL 007,548000007,8500070,Philippines,Cargo,Port visit,2025-03-06 17:39:00,Asia/Manila,+08:00,14.43684,120.56907,13339
DEMO VESSEL 013,548000013,8500135,Philippines,Other,Port visit,2025-03-24 23:58:00,Asia/Manila,+08:00,14.85987,120.58597,957
DEMO VESSEL 006,548000006,64,Philippines,Dredging,Loitering,2025-03-05 10:10:00,Asia/Manila,+08:00,14.8473,120.67894,7087
DEMOVESSEL026,548000026,8500264,Philippines,Cargo,Port visit,2025-03-21 17:12:00,UTC,+00:00,14.78196,120.46325,38633
DEMO VESSEL 035,548000035,8500355,Philippines,Other,Loitering,2025-03-15 08:42:00,Asia/Manila,+08:00,14.26159,120.63212,29238
DEMO VESSEL 012,548000012,8500123,Philippines,Dredging,Encounter,2025-03-23 14:16:00,Asia/Manila,+08:00,14.61588,120.43226,37753
DEMO VESSEL 035,548000035,8500355,Philippines,Other,Encounter,18/03/2025 14:59,Asia/Manila,+08:00,14.57522,120.52126,26760
DEMO VESSEL 010,548000010,8500109,Belize,Other,Encounter,2025-03-26 12:05:00,Asia/Manila,+08:00,14.7528,120.62793,20362
DEMO VESSEL 021 ,548000021,8500214,Belize,Dredging,Fishing event,2025-03-20 22:16:00,UTC,+00:00,14.74576,120.42267,19910
DEMO VESSEL 011,548000011,8500111,Philippines,Other,Encounter,15/03/2025 18:33,Asia/Manila,+08:00,14.81608,120.75658,15912
DEMO VESSEL 030,548000030,8500305,Philippines,Cargo,Fishing event,2025-03-06 18:27:00,Asia/Manila,+08:00,14.59316,120.82095,31828
demo vessel 006,548000006,64,Philippines,Dredging,Fishing event,2025-03-27 09:32:00,Asia/Manila,+08:00,14.52821,120.60429,483
DEMO VESSEL 002,548000002,8500020,Philippines,Cargo,Fishing event,2025-03-05 08:23:00,Asia/Manila,+08:00,14.76775,120.35514,21579
DEMO VESSEL 040,548000040,8500408,Philippines,Other,Fishing event,2025-03-11 21:13:00,Asia/Manila,+08:00,14.88906,120.34133,19235
DEMO VESSEL 033,548000033,8500331,Philippines,Cargo,Port visit,19/03/2025 10:47,Asia/Manila,+08:00,14.21437,120.4541,6030
DEMO VESSEL 027,548000027,8500276,Philippines,Cargo,Port visit,2025-03-06 09:49:00,Asia/Manila,+08:00,14.43889,120.67891,18859
DEMO VESSEL 025,548000025,8500252,Philippines,Dredging,Fishing event,24/03/2025 03:13,Asia/Manila,+08:00,14.32314,120.85457,34153
DEMO VESSEL 008,548000008,8500082,Belize,Dredging,Fishing event,2025-03-08 11:04:00,Asia/Manila,+08:00,14.46197,120.69119,7739
DEMO VESSEL 010,548000010,8500109,Belize,Other,Encounter,2025-03-07 14:00:00,Asia/Manila,+08:00,14.27709,120.76865,24011
DEMO VESSEL 031,548000031,8500317,Philippines,Cargo,Port visit,2025-03-13 05:07:00,Asia/Manila,+08:00,14.6695,120.62387,37370
DEMO VESSEL 002,548000002,8500020,Philippines,Cargo,Fishing event,2025-03-15 09:52:00,Asia/Manila,+08:00,14.51786,120.76555,24160
DEMO VESSEL 030,548000030,8500305,Philippines,Cargo,Loitering,05/03/2025 19:52,Asia/Manila,+08:00,14.59116,120.40013,38628
DEMO VESSEL 007,667000007,8500070,Sierra Leone,Cargo,Loitering,2025-03-23 05:05:00,Asia/Manila,+08:00,14.75639,120.71002,22422
DEMO VESSEL 028,548000028,8500288,Philippines,Other,Port visit,2025-03-05 17:07:00,Asia/Manila,+08:00,14.34203,120.64121,14131
DEMO VESSEL 038,548000038,8500381,Philippines,Dredging,Port visit,2025-03-18 00:29:00,Asia/Manila,+08:00,14.78754,120.76559,33010
DEMO VESSEL 007,667000007,8500070,Sierra Leone,Cargo,Loitering,14/03/2025 08:43,Asia/Manila,+08:00,14.74095,120.56547,37759
DEMO VESSEL 008,548000008,8500082,Belize,Dredging,Encounter,2025-03-01 08:48:00,Asia/Manila,+08:00,14.23962,120.71408,6834
DEMO VESSEL 010,548000010,8500109,Belize,Other,Loitering,2025-03-13 05:26:00,Asia/Manila,+08:00,14.62514,120.5386,465
DEMO VESSEL 029,548000029,8500290,Philippines,Other,Fishing event,2025-03-04 03:33:00,Asia/Manila,+08:00,14.22589,120.44677,20225
DEMO VESSEL 037,548000037,8500379,Belize,Cargo,Port visit,2025-03-22 20:05:00,Asia/Manila,+08:00,14.58,120.31099,14031
AIS TEST SHIP,100900301,,,,Encounter,2025-03-24 23:32:00,UTC,+00:00,14.21618,120.438,6615
demo vessel 005,548000005,1234568,Sierra Leone,Dredging,Port visit,2025-03-16 03:34:00,UTC,+00:00,14.78302,120.76475,22430
DEMO VESSEL 007,548000007,8500070,Philippines,Cargo,Loitering,22/03/2025 05:05,Asia/Manila,+08:00,14.74539,120.4421,32717
DEMO VESSEL 008,548000008,8500082,Belize,Dredging,Encounter,09/03/2025 01:12,Asia/Manila,+08:00,14.24396,120.71465,6466
DEMO VESSEL 031,548000031,8500317,Philippines,Cargo,Fishing event,2025-03-03 14:01:00,Asia/Manila,+08:00,14.4262,120.5776,4314
DEMO VESSEL 016,548000016,8500161,Philippines,Dredging,Encounter,13/03/2025 17:45,UTC,+00:00,14.54119,120.83103,39262
DEMO VESSEL 026,548000026,8500264,Philippines,Cargo,Loitering,2025-03-09 18:58:00,UTC,+00:00,14.86723,120.76768,31380
DEMO VESSEL 037,548000037,8500379,Belize,Cargo,Encounter,2025-03-04 04:54:00,Asia/Manila,+08:00,14.43021,120.54312,2151
DEMO VESSEL 029,548000029,8500290,Philippines,Other,Port visit,2025-03-18 20:51:00,Asia/Manila,+08:00,14.87116,120.58206,27225
DEMO VESSEL 009,548000009,8500094,Belize,Cargo,Loitering,2025-03-08 02:43:00,Asia/Manila,+08:00,14.63824,120.70785,28321
DEMO VESSEL 020,548000020,8500202,Philippines,Other,Loitering,24/03/2025 02:11,UTC,+00:00,14.38305,120.48797,33701
DEMO VESSEL 004,548000004,,Philippines,Dredging,Encounter,2025-03-11 21:04:00,Asia/Manila,+08:00,14.82991,120.3851,1664
DEMO VESSEL 006,548000006,64,Philippines,Dredging,Loitering,2025-03-05 10:35:00,UTC,+00:00,14.86888,120.81842,35618
DEMO VESSEL 007,667000007,8500070,Sierra Leone,Cargo,Encounter,07/03/2025 13:28,Asia/Manila,+08:00,14.31269,120.34223,8077
DEMO VESSEL 015,548000015,8500159,Philippines,Cargo,Port visit,2025-03-09 20:35:00,Asia/Manila,+08:00,14.37087,120.53128,14731
DEMO VESSEL 003,548000003,8500032,Philippines,Cargo,Loitering,2025-03-15 12:30:00,Asia/Manila,+08:00,14.86378,120.85348,31402
AIS TEST SHIP,100900301,,,,Loitering,14/03/2025 16:30,UTC,+00:00,14.51521,120.44381,8082
DEMO VESSEL 038,548000038,8500381,Philippines,Dredging,Loitering,05/03/2025 11:33,Asia/Manila,+08:00,14.71358,120.72798,12235
DEMO VESSEL 022 ,548000022,8500226,Sierra Leone,Dredging,Port visit,2025-03-15 04:14:00,Asia/Manila,+08:00,14.38925,120.87823,34265
demo vessel 032,548000032,8500329,Philippines,Cargo,Loitering,2025-03-02 08:58:00,Asia/Manila,+08:00,14.73328,120.74163,38740
DEMO VESSEL 021,548000021,8500214,Belize,Dredging,Fishing event,2025-03-24 19:00:00,Asia/Manila,+08:00,14.35013,120.4845,32525
DEMO VESSEL 021,548000021,8500214,Belize,Dredging,Port visit,2025-03-11 23:42:00,Asia/Manila,+08:00,14.49925,120.76236,15721
DEMO VESSEL 040,548000040,8500408,Philippines,Other,Port visit,2025-03-13 22:27:00,Asia/Manila,+08:00,14.5363,120.63312,31925
DEMO VESSEL 021,548000021,8500214,Belize,Dredging,Port visit,09/03/2025 12:29,UTC,+00:00,14.75753,120.31166,22923
DEMO VESSEL 036,548000036,8500367,Sierra Leone,Cargo,Encounter,2025-03-26 08:51:00,UTC,+00:00,14.25291,120.37671,33589
DEMO VESSEL 012 ,548000012,8500123,Philippines,Dredging,Port visit,2025-03-03 21:13:00,Asia/Manila,+08:00,14.87496,120.73624,15602
DEMO VESSEL 030,548000030,8500305,Philippines,Cargo,Loitering,2025-03-09 08:58:00,UTC,+00:00,14.61264,120.67677,19339
DEMO VESSEL 013,548000013,8500135,Philippines,Other,Encounter,2025-03-13 16:08:00,Asia/Manila,+08:00,14.27453,120.81091,2357
demo vessel 030,548000030,8500305,Philippines,Cargo,Port visit,2025-03-02 01:00:00,Asia/Manila,+08:00,14.2083,120.35356,36940
DEMO VESSEL 038,548000038,8500381,Philippines,Dredging,Loitering,2025-03-10 00:42:00,Asia/Manila,+08:00,14.68384,120.69002,34748
DEMO VESSEL 011,548000011,8500111,Philippines,Other,Fishing event,16/03/2025 12:39,Asia/Manila,+08:00,14.76722,120.81331,9786
DEMO VESSEL 007,548000007,8500070,Philippines,Cargo,Encounter,2025-03-19 19:01:00,UTC,+00:00,14.53263,120.7589,4424
DEMO VESSEL 026,548000026,8500264,Philippines,Cargo,Encounter,2025-03-07 12:20:00,Asia/Manila,+08:00,14.25564,120.83321,1149
DEMO VESSEL 040,548000040,8500408,Philippines,Other,Encounter,14/03/2025 10:20,Asia/Manila,+08:00,14.81487,120.69466,34175
DEMO VESSEL 037,548000037,8500379,Belize,Cargo,Port visit,2025-03-17 07:05:00,Asia/Manila,+08:00,14.20387,120.41266,39481
DEMO VESSEL 007,667000007,8500070,Sierra Leone,Cargo,Encounter,06/03/2025 07:57,Asia/Manila,+08:00,14.434,120.75644,36646
DEMO VESSEL 038,548000038,8500381,Philippines,Dredging,Encounter,27/03/2025 05:46,Asia/Manila,+08:00,14.8129,120.34274,25199
DEMO VESSEL 023,548000023,8500238,Belize,Cargo,Loitering,2025-03-11 00:32:00,Asia/Manila,+08:00,14.74169,120.67943,20298
DEMO VESSEL 006,548000006,64,Philippines,Dredging,Port visit,2025-03-25 08:32:00,Asia/Manila,+08:00,14.82639,120.53628,16154
DEMO VESSEL 036,548000036,8500367,Sierra Leone,Cargo,Fishing event,2025-03-06 02:37:00,Asia/Manila,+08:00,0.0,0.0,31854
demo vessel 026,548000026,8500264,Philippines,Cargo,Encounter,2025-03-03 17:23:00,Asia/Manila,+08:00,14.29581,120.33892,25842
DEMO VESSEL 026,548000026,8500264,Philippines,Cargo,Loitering,20/03/2025 03:58,Asia/Manila,+08:00,14.55155,120.37427,18517
DEMO VESSEL 033 ,548000033,8500331,Philippines,Cargo,Encounter,2025-03-18 00:31:00,Asia/Manila,+08:00,14.66426,120.57489,35906
DEMO VESSEL 029,548000029,8500290,Philippines,Other,Port visit,2025-03-27 22:01:00,UTC,+00:00,14.89649,120.89276,18562
DEMO VESSEL 002,548000002,8500020,Philippines,Cargo,Port visit,15/03/2025 20:28,Asia/Manila,+08:00,14.27922,120.76724,26060
DEMO VESSEL 028,548000028,8500288,Philippines,Other,Port visit,2025-03-21 13:58:00,Asia/Manila,+08:00,14.28267,120.49868,711
DEMO VESSEL 017,548000017,8500173,Philippines,Other,Fishing event,2025-03-13 11:39:00,UTC,+00:00,14.20516,120.33436,32368
AIS TEST SHIP,100900301,,,,Loitering,12/03/2025 09:12,UTC,+00:00,14.85453,120.58813,9016
DEMO VESSEL 018,548000018,8500185,Philippines,Cargo,Port visit,19/03/2025 09:09,Asia/Manila,+08:00,14.26271,120.7977,22660
DEMO VESSEL 007,548000007,8500070,Philippines,Cargo,Encounter,24/03/2025 11:06,Asia/Manila,+08:00,14.34283,120.81826,34953
DEMO VESSEL 032,548000032,8500329,Philippines,Cargo,Encounter,18/03/2025 12:31,Asia/Manila,+08:00,14.49064,120.3179,3267
DEMO VESSEL 020,548000020,8500202,Philippines,Other,Encounter,2025-03-04 16:54:00,UTC,+00:00,14.88641,120.69571,21663
DEMO VESSEL 007,548000007,8500070,Philippines,Cargo,Loitering,2025-03-17 02:24:00,Asia/Manila,+08:00,14.7719,120.70977,21489
DEMO VESSEL 040,548000040,8500408,Philippines,Other,Fishing event,2025-03-15 08:16:00,UTC,+00:00,14.22752,120.84406,33106
DEMO VESSEL 029,548000029,8500290,Philippines,Other,Loitering,16/03/2025 10:32,Asia/Manila,+08:00,14.84102,120.59323,39856
DEMO VESSEL 018,548000018,8500185,Philippines,Cargo,Fishing event,2025-03-20 08:52:00,Asia/Manila,+08:00,14.49702,120.61509,35641
DEMO VESSEL 023,548000023,8500238,Belize,Cargo,Encounter,25/03/2025 01:19,Asia/Manila,+08:00,14.898,120.81369,9587
DEMO VESSEL 021,548000021,8500214,Belize,Dredging,Fishing event,2025-03-26 13:06:00,Asia/Manila,+08:00,14.75593,120.86265,5689
DEMO VESSEL 014,548000014,8500147,Philippines,Cargo,Fishing event,16/03/2025 04:34,Asia/Manila,+08:00,14.79064,120.33194,36037
DEMO VESSEL 013,548000013,8500135,Philippines,Other,Encounter,2025-02-24 04:58:00,UTC,+00:00,14.53528,120.55461,14379
DEMO VESSEL 003,548000003,8500032,Philippines,Cargo,Port visit,2025-03-13 06:41:00,Asia/Manila,+08:00,14.70772,120.89313,18527
DEMO VESSEL 023,548000023,8500238,Belize,Cargo,Fishing event,2025-03-12 07:58:00,Asia/Manila,+08:00,14.45024,120.75428,20211
DEMO VESSEL 027,548000027,8500276,Philippines,Cargo,Port visit,2025-03-25 03:44:00,Asia/Manila,+08:00,14.8505,120.3182,38950
DEMO VESSEL 008,548000008,8500082,Belize,Dredging,Encounter,2025-03-04 11:58:00,Asia/Manila,+08:00,14.70379,120.75819,26794
DEMO VESSEL 007,667000007,8500070,Sierra Leone,Cargo,Port visit,2025-02-01 15:14:00,Asia/Manila,+08:00,14.33154,120.43702,20123
DEMO VESSEL 005,548000005,1234568,Sierra Leone,Dredging,Loitering,02/03/2025 14:26,Asia/Manila,+08:00,14.28752,120.6759,30484
DEMO VESSEL 025,548000025,8500252,Philippines,Dredging,Port visit,2025-03-01 23:44:00,Asia/Manila,+08:00,14.49366,120.8249,20184
DEMO VESSEL 017,548000017,8500173,Philippines,Other,Encounter,2025-03-18 21:15:00,Asia/Manila,+08:00,14.29821,120.37842,18700
AIS TEST SHIP,100900301,,,,Fishing event,2025-03-16 06:03:00,UTC,+00:00,14.74186,120.44628,12765
DEMO VESSEL 025,548000025,8500252,Philippines,Dredging,Encounter,22/03/2025 06:52,Asia/Manila,+08:00,14.84053,120.55068,23362
DEMO VESSEL 009,548000009,8500094,Belize,Cargo,Fishing event,03/03/2025 01:52,Asia/Manila,+08:00,14.39506,120.41608,23158
DEMO VESSEL 007,667000007,8500070,Sierra Leone,Cargo,Fishing event,2025-03-04 21:57:00,Asia/Manila,+08:00,14.76372,120.87226,31190
DEMO VESSEL 025,548000025,8500252,Philippines,Dredging,Port visit,2025-03-04 12:54:00,UTC,+00:00,14.46911,120.83815,31598
DEMO VESSEL 033,548000033,8500331,Philippines,Cargo,Fishing event,2025-03-26 10:45:00,Asia/Manila,+08:00,14.68348,120.47355,33061
DEMO VESSEL 002,548000002,8500020,Philippines,Cargo,Loitering,2025-03-03 18:01:00,Asia/Manila,+08:00,14.3924,120.62257,36326
DEMO VESSEL 024,548000024,8500240,Philippines,Cargo,Fishing event,2025-03-12 20:37:00,Asia/Manila,+08:00,14.76615,120.84796,21363
DEMO VESSEL 029,548000029,8500290,Philippines,Other,Fishing event,2025-03-12 18:31:00,Asia/Manila,+08:00,14.49021,120.78137,3098
DEMO VESSEL 013,548000013,8500135,Philippines,Other,Loitering,08/03/2025 21:21,Asia/Manila,+08:00,14.29045,120.82191,28884
demo vessel 029,548000029,8500290,Philippines,Other,Loitering,2025-03-04 01:27:00,Asia/Manila,+08:00,14.58679,120.50777,14983
AIS TEST SHIP,100900301,,,,Fishing event,2025-03-06 23:07:00,UTC,+00:00,14.49705,120.45761,20849
DEMO VESSEL 006,548000006,64,Philippines,Dredging,Port visit,2025-03-12 15:29:00,Asia/Manila,+08:00,14.88131,120.63722,37735
DEMO VESSEL 007,667000007,8500070,Sierra Leone,Cargo,Fishing event,15/03/2025 10:14,Asia/Manila,+08:00,14.74053,120.43462,12316
DEMO VESSEL 013,548000013,8500135,Philippines,Other,Loitering,2025-03-06 00:27:00,Asia/Manila,+08:00,14.58781,120.7154,15514
DEMO VESSEL 034,548000034,8500343,Belize,Cargo,Fishing event,06/03/2025 22:11,Asia/Manila,+08:00,14.89498,120.53476,29476
DEMO VESSEL 006,548000006,64,Philippines,Dredging,Fishing event,2025-03-04 01:23:00,Asia/Manila,+08:00,14.87966,120.74511,19794
DEMO VESSEL 006 ,548000006,64,Philippines,Dredging,Port visit,06/03/2025 07:54,Asia/Manila,+08:00,14.88541,120.51874,6354
DEMO VESSEL 029,548000029,8500290,Philippines,Other,Encounter,2025-03-01 21:39:00,UTC,+00:00,14.47309,120.42082,22453
AIS TEST SHIP,100900301,,,,Loitering,05/03/2025 13:31,UTC,+00:00,14.6564,120.64156,17500
DEMO VESSEL 030,548000030,8500305,Philippines,Cargo,Fishing event,07/03/2025 21:57,UTC,+00:00,14.41735,120.4178,8099
DEMO VESSEL 037,548000037,8500379,Belize,Cargo,Fishing event,14/03/2025 02:28,UTC,+00:00,14.67271,120.86444,37503
DEMO VESSEL 027,548000027,8500276,Philippines,Cargo,Port visit,11/03/2025 00:57,Asia/Manila,+08:00,14.33472,120.62646,31468
AIS TEST SHIP,100900301,,,,Encounter,02/03/2025 20:21,Asia/Manila,+08:00,14.57443,120.4376,19098
DEMO VESSEL 007,548000007,8500070,Philippines,Cargo,Encounter,2025-03-19 23:33:00,Asia/Manila,+08:00,14.74961,120.4582,4683
DEMO VESSEL 017,548000017,8500173,Philippines,Other,Loitering,2025-03-10 17:28:00,Asia/Manila,+08:00,14.48189,120.42844,4902
DEMO VESSEL 020,548000020,8500202,Philippines,Other,Encounter,2025-03-01 18:06:00,Asia/Manila,+08:00,14.41466,120.88767,10757
DEMO VESSEL 012,548000012,8500123,Philippines,Dredging,Encounter,2025-03-03 06:17:00,Asia/Manila,+08:00,14.29434,120.63752,3009
DEMO VESSEL 033,548000033,8500331,Philippines,Cargo,Loitering,2025-02-09 22:43:00,Asia/Manila,+08:00,14.56363,120.53095,5194
DEMO VESSEL 025,548000025,8500252,Philippines,Dredging,Loitering,2025-03-12 20:46:00,Asia/Manila,+08:00,14.89912,120.48924,6498
DEMO VESSEL 039,548000039,8500393,Philippines,Dredging,Fishing event,2025-03-17 19:49:00,Asia/Manila,+08:00,14.65257,120.44509,23726
DEMO VESSEL 015,548000015,8500159,Philippines,Cargo,Fishing event,11/03/2025 01:54,Asia/Manila,+08:00,14.53406,120.43678,15483
DEMO VESSEL 031,548000031,8500317,Philippines,Cargo,Port visit,20/03/2025 17:57,Asia/Manila,+08:00,14.31316,120.3073,6420
DEMO VESSEL 022,548000022,8500226,Sierra Leone,Dredging,Port visit,2025-03-15 14:16:00,UTC,+00:00,14.20513,120.43803,31548
DEMO VESSEL 019,548000019,8500197,Philippines,Cargo,Loitering,2025-03-26 15:20:00,UTC,+00:00,14.60963,120.59685,34542
DEMO VESSEL 012,548000012,8500123,Philippines,Dredging,Fishing event,2025-03-24 12:42:00,Asia/Manila,+08:00,14.86712,120.52273,30541
DEMO VESSEL 030,548000030,8500305,Philippines,Cargo,Encounter,13/03/2025 18:24,UTC,+00:00,14.76465,120.89571,22075
DEMO VESSEL 009,548000009,8500094,Belize,Cargo,Encounter,2025-03-09 05:23:00,UTC,+00:00,14.89772,120.42774,39607
DEMO VESSEL 031,548000031,8500317,Philippines,Cargo,Loitering,24/03/2025 19:21,Asia/Manila,+08:00,14.71717,120.69732,34044
DEMO VESSEL 036,548000036,8500367,Sierra Leone,Cargo,Port visit,09/03/2025 01:07,Asia/Manila,+08:00,14.32091,120.41534,23722
DEMO VESSEL 024,548000024,8500240,Philippines,Cargo,Port visit,2025-03-08 10:09:00,Asia/Manila,+08:00,14.60161,120.3803,35333
AIS TEST SHIP,100900301,,,,Port visit,2025-03-09 07:02:00,Asia/Manila,+08:00,14.86786,120.60191,33381
DEMO VESSEL 011 ,548000011,8500111,Philippines,Other,Port visit,2025-03-17 15:35:00,Asia/Manila,+08:00,14.33869,120.79634,16439
DEMO VESSEL 014,548000014,8500147,Philippines,Cargo,Encounter,2025-03-07 02:59:00,Asia/Manila,+08:00,14.77818,120.6823,619
DEMO VESSEL 007,548000007,8500070,Philippines,Cargo,Fishing event,2025-03-24 06:40:00,Asia/Manila,+08:00,14.55194,120.75119,38187
DEMO VESSEL 017,548000017,8500173,Philippines,Other,Fishing event,2025-03-18 03:28:00,Asia/Manila,+08:00,14.3479,120.80869,2023
DEMO VESSEL 039,548000039,8500393,Philippines,Dredging,Loitering,03/03/2025 13:30,Asia/Manila,+08:00,14.80557,120.48258,35770
DEMO VESSEL 013,548000013,8500135,Philippines,Other,Loitering,2025-03-17 01:39:00,Asia/Manila,+08:00,14.80681,120.63245,17098
DEMO VESSEL 012,548000012,8500123,Philippines,Dredging,Fishing event,2025-03-23 01:14:00,Asia/Manila,+08:00,14.22026,120.3704,24936
DEMO VESSEL 003,548000003,8500032,Philippines,Cargo,Loitering,2025-03-01 02:29:00,UTC,+00:00,14.86864,120.65652,21593
DEMO VESSEL 009,548000009,8500094,Belize,Cargo,Fishing event,2025-03-27 00:41:00,UTC,+00:00,14.48125,120.72916,3385
DEMO VESSEL 003,548000003,8500032,Philippines,Cargo,Fishing event,17/03/2025 15:59,Asia/Manila,+08:00,14.29234,120.49039,20830
DEMO VESSEL 036,548000036,8500367,Sierra Leone,Cargo,Port visit,2025-03-21 20:14:00,Asia/Manila,+08:00,14.53972,120.72913,24618
DEMO VESSEL 037,548000037,8500379,Belize,Cargo,Fishing event,25/03/2025 20:53,Asia/Manila,+08:00,14.21301,120.76014,36262
DEMO VESSEL 014,548000014,8500147,Philippines,Cargo,Port visit,16/03/2025 05:35,UTC,+00:00,14.87357,120.60686,4237
DEMO VESSEL 002,548000002,8500020,Philippines,Cargo,Loitering,19/03/2025 18:23,Asia/Manila,+08:00,14.31805,120.48793,18432
DEMO VESSEL 029,548000029,8500290,Philippines,Other,Loitering,09/03/2025 21:18,UTC,+00:00,14.86944,120.50014,29834
DEMO VESSEL 025,548000025,8500252,Philippines,Dredging,Loitering,08/03/2025 03:05,UTC,+00:00,14.4632,120.79728,14887
DEMO VESSEL 034,548000034,8500343,Belize,Cargo,Encounter,05/03/2025 05:05,Asia/Manila,+08:00,14.83224,120.70386,8767
DEMO VESSEL 020,548000020,8500202,Philippines,Other,Encounter,2025-03-13 03:03:00,Asia/Manila,+08:00,14.39576,120.63366,7422
DEMO VESSEL 001,548000001,8500018,Philippines,Dredging,Encounter,2025-03-24 16:41:00,Asia/Manila,+08:00,14.84373,120.76478,21422
DEMO VESSEL 002,548000002,8500020,Philippines,Cargo,Port visit,2025-03-21 21:09:00,Asia/Manila,+08:00,14.20593,120.69001,27281
DEMO VESSEL 001,548000001,8500018,Philippines,Dredging,Encounter,26/03/2025 22:06,UTC,+00:00,14.80102,120.43346,15215
DEMO VESSEL 008,548000008,8500082,Belize,Dredging,Loitering,2025-03-07 16:27:00,UTC,+00:00,14.48451,120.70309,39052
DEMO VESSEL 032,548000032,8500329,Philippines,Cargo,Fishing event,2025-03-25 03:57:00,UTC,+00:00,14.39535,120.85574,6280
DEMO VESSEL 006,548000006,64,Philippines,Dredging,Loitering,2025-03-25 06:05:00,UTC,+00:00,14.35417,120.32641,37609
DEMO VESSEL 019,548000019,8500197,Philippines,Cargo,Loitering,2025-03-14 08:24:00,UTC,+00:00,14.23247,120.73769,26988
DEMO VESSEL 039 ,548000039,8500393,Philippines,Dredging,Port visit,2025-03-22 02:16:00,Asia/Manila,+08:00,14.40458,120.40511,23330
DEMO VESSEL 007,548000007,8500070,Philippines,Cargo,Loitering,2025-03-18 10:06:00,UTC,+00:00,14.88686,120.51334,18336
DEMO VESSEL 013,548000013,8500135,Philippines,Other,Encounter,2025-03-24 03:31:00,UTC,+00:00,14.51449,120.88823,22129
DEMO VESSEL 028,548000028,8500288,Philippines,Other,Fishing event,2025-03-06 21:19:00,UTC,+00:00,14.24146,120.8827,19364
DEMO VESSEL 001,548000001,8500018,Philippines,Dredging,Encounter,2025-03-03 07:49:00,Asia/Manila,+08:00,14.86463,120.31943,24680
DEMO VESSEL 040,548000040,8500408,Philippines,Other,Encounter,25/03/2025 14:28,Asia/Manila,+08:00,14.25562,120.40981,33726
DEMO VESSEL 021,548000021,8500214,Belize,Dredging,Port visit,2025-03-27 22:55:00,UTC,+00:00,14.86587,120.58009,3389
DEMO VESSEL 033,548000033,8500331,Philippines,Cargo,Encounter,2025-03-05 18:58:00,UTC,+00:00,14.85439,120.60766,21476
DEMO VESSEL 017,548000017,8500173,Philippines,Other,Port visit,2025-03-23 18:15:00,UTC,+00:00,14.42537,120.79286,34685
DEMO VESSEL 021,548000021,8500214,Belize,Dredging,Encounter,2025-03-05 05:13:00,Asia/Manila,+08:00,14.64405,120.77899,35418
DEMO VESSEL 021,548000021,8500214,Belize,Dredging,Fishing event,2025-03-03 07:13:00,Asia/Manila,+08:00,14.55977,120.56329,11073
DEMO VESSEL 007,667000007,8500070,Sierra Leone,Cargo,Encounter,2025-03-22 18:37:00,Asia/Manila,+08:00,14.47909,120.8175,3181
DEMO VESSEL 038,548000038,8500381,Philippines,Dredging,Loitering,2025-03-13 01:32:00,Asia/Manila,+08:00,14.58457,120.60347,8069
DEMO VESSEL 029,548000029,8500290,Philippines,Other,Fishing event,2025-03-15 22:45:00,Asia/Manila,+08:00,14.62843,120.7976,26011
DEMO VESSEL 011,548000011,8500111,Philippines,Other,Loitering,2025-03-17 19:31:00,Asia/Manila,+08:00,14.56531,120.77907,21750
DEMO VESSEL 039,548000039,8500393,Philippines,Dredging,Fishing event,2025-03-16 21:25:00,UTC,+00:00,14.31178,120.80943,30516
DEMO VESSEL 003,548000003,8500032,Philippines,Cargo,Port visit,2025-03-22 17:07:00,Asia/Manila,+08:00,14.63227,120.43222,38535
DEMO VESSEL 031,548000031,8500317,Philippines,Cargo,Fishing event,2025-03-17 03:19:00,UTC,+00:00,14.36635,120.70629,22518
DEMO VESSEL 007,667000007,8500070,Sierra Leone,Cargo,Encounter,2025-03-03 02:47:00,Asia/Manila,+08:00,14.22393,120.62516,25770
DEMO VESSEL 028,548000028,8500288,Philippines,Other,Fishing event,2025-03-21 06:05:00,Asia/Manila,+08:00,14.65229,120.36091,37614
DEMO VESSEL 018,548000018,8500185,Philippines,Cargo,Port visit,2025-03-06 16:54:00,Asia/Manila,+08:00,14.7045,120.34963,11004
DEMO VESSEL 036,548000036,8500367,Sierra Leone,Cargo,Fishing event,2025-03-18 16:19:00,Asia/Manila,+08:00,14.45989,120.87037,19913
DEMO VESSEL 027,548000027,8500276,Philippines,Cargo,Fishing event,2025-03-14 21:22:00,Asia/Manila,+08:00,14.64268,120.8674,7567
DEMO VESSEL 018,548000018,8500185,Philippines,Cargo,Port visit,2025-03-05 03:30:00,Asia/Manila,+08:00,14.41384,120.45869,37427
AIS TEST SHIP,100900301,,,,Port visit,18/03/2025 10:00,Asia/Manila,+08:00,14.52092,120.51771,25598
DEMO VESSEL 015,548000015,8500159,Philippines,Cargo,Encounter,2025-03-15 06:47:00,Asia/Manila,+08:00,14.61208,120.59125,7830
DEMO VESSEL 009,548000009,8500094,Belize,Cargo,Fishing event,2025-03-17 08:18:00,Asia/Manila,+08:00,14.40785,120.69591,31971
DEMO VESSEL 013,548000013,8500135,Philippines,Other,Fishing event,23/03/2025 18:32,UTC,+00:00,14.48753,120.89706,18594
DEMO VESSEL 009,548000009,8500094,Belize,Cargo,Port visit,23/03/2025 06:49,UTC,+00:00,14.5979,120.71767,26017
DEMO VESSEL 013,548000013,8500135,Philippines,Other,Loitering,2025-03-15 23:20:00,Asia/Manila,+08:00,14.82248,120.51375,36335
DEMO VESSEL 006,548000006,64,Philippines,Dredging,Loitering,2025-03-04 08:14:00,Asia/Manila,+08:00,14.67847,120.31454,3078
DEMO VESSEL 013,548000013,8500135,Philippines,Other,Encounter,08/03/2025 23:25,Asia/Manila,+08:00,14.59899,120.37643,7014
DEMOVESSEL029,548000029,8500290,Philippines,Other,Fishing event,04/03/2025 05:00,Asia/Manila,+08:00,14.74629,120.746,20090
DEMO VESSEL 002,548000002,8500020,Philippines,Cargo,Encounter,2025-03-19 20:17:00,UTC,+00:00,14.25286,120.77676,24487
DEMO VESSEL 021 ,548000021,8500214,Belize,Dredging,Port visit,2025-03-15 09:37:00,Asia/Manila,+08:00,14.77905,120.65333,2794
DEMO VESSEL 007,667000007,8500070,Sierra Leone,Cargo,Fishing event,2025-03-11 16:39:00,Asia/Manila,+08:00,14.40989,120.50211,24505
DEMO VESSEL 029,548000029,8500290,Philippines,Other,Fishing event,2025-03-25 01:03:00,Asia/Manila,+08:00,14.48289,120.85999,24410
demo vessel 003,548000003,8500032,Philippines,Cargo,Fishing event,21/03/2025 01:57,Asia/Manila,+08:00,14.2681,120.66674,7782
DEMO VESSEL 019,548000019,8500197,Philippines,Cargo,Loitering,2025-03-10 04:35:00,Asia/Manila,+08:00,14.2231,120.31355,30790
DEMO VESSEL 009,548000009,8500094,Belize,Cargo,Port visit,2025-03-19 05:11:00,UTC,+00:00,14.5107,120.79848,29630
DEMO VESSEL 028,548000028,8500288,Philippines,Other,Port visit,2025-03-27 07:41:00,UTC,+00:00,14.74248,120.7517,4974
DEMO VESSEL 021,548000021,8500214,Belize,Dredging,Fishing event,2025-03-08 22:11:00,Asia/Manila,+08:00,14.57176,120.36838,11140
DEMO VESSEL 036,548000036,8500367,Sierra Leone,Cargo,Port visit,2025-03-04 12:52:00,Asia/Manila,+08:00,14.52796,120.76623,23234
DEMO VESSEL 021,548000021,8500214,Belize,Dredging,Encounter,2025-03-21 19:32:00,UTC,+00:00,14.57215,120.79851,7380
DEMO VESSEL 007,548000007,8500070,Philippines,Cargo,Port visit,2025-03-14 08:34:00,Asia/Manila,+08:00,14.58898,120.72742,38602
DEMO VESSEL 010,548000010,8500109,Belize,Other,Fishing event,2025-03-24 19:23:00,Asia/Manila,+08:00,14.65794,120.71343,33001
DEMO VESSEL 004,548000004,,Philippines,Dredging,Port visit,2025-03-12 04:05:00,Asia/Manila,+08:00,14.59843,120.78823,34866
DEMO VESSEL 010,548000010,8500109,Belize,Other,Fishing event,2025-03-02 09:34:00,UTC,+00:00,14.65974,120.36179,15123
DEMO VESSEL 027,548000027,8500276,Philippines,Cargo,Port visit,2025-03-27 05:58:00,Asia/Manila,+08:00,14.56423,120.3431,9070
DEMO VESSEL 022,548000022,8500226,Sierra Leone,Dredging,Fishing event,2025-03-03 04:15:00,Asia/Manila,+08:00,14.22445,120.66135,25981
DEMO VESSEL 005,548000005,1234568,Sierra Leone,Dredging,Loitering,2025-03-26 15:04:00,Asia/Manila,+08:00,14.31716,120.74406,18965
DEMO VESSEL 032,548000032,8500329,Philippines,Cargo,Loitering,04/03/2025 07:57,Asia/Manila,+08:00,14.4933,120.62112,14620
DEMO VESSEL 035,548000035,8500355,Philippines,Other,Port visit,2025-03-06 04:20:00,Asia/Manila,+08:00,14.83153,120.69012,9208
DEMO VESSEL 015,548000015,8500159,Philippines,Cargo,Loitering,21/03/2025 20:07,UTC,+00:00,14.39428,120.50096,5102
DEMO VESSEL 017,548000017,8500173,Philippines,Other,Fishing event,21/03/2025 23:57,Asia/Manila,+08:00,14.62046,120.71271,11003
DEMO VESSEL 003,548000003,8500032,Philippines,Cargo,Loitering,2025-03-19 04:19:00,Asia/Manila,+08:00,14.66119,120.5128,35532
DEMO VESSEL 036,548000036,8500367,Sierra Leone,Cargo,Encounter,2025-03-10 21:14:00,Asia/Manila,+08:00,14.51369,120.33135,28438
DEMO VESSEL 031,548000031,8500317,Philippines,Cargo,Fishing event,18/03/2025 10:39,UTC,+00:00,14.36079,120.45705,3945
DEMOVESSEL036,548000036,8500367,Sierra Leone,Cargo,Loitering,2025-03-03 01:27:00,UTC,+00:00,14.52723,120.44047,25836
DEMO VESSEL 023,548000023,8500238,Belize,Cargo,Port visit,2025-03-04 03:26:00,UTC,+00:00,14.66505,120.326,34684
DEMO VESSEL 005,548000005,1234568,Sierra Leone,Dredging,Encounter,2025-03-17 18:46:00,Asia/Manila,+08:00,14.34675,120.86442,27505
DEMO VESSEL 037,548000037,8500379,Belize,Cargo,Fishing event,2025-03-05 13:53:00,Asia/Manila,+08:00,14.27629,120.39164,6493
DEMO VESSEL 028,548000028,8500288,Philippines,Other,Fishing event,2025-03-22 12:27:00,Asia/Manila,+08:00,14.84868,120.67448,909
DEMO VESSEL 040,548000040,8500408,Philippines,Other,Loitering,2025-03-22 15:57:00,Asia/Manila,+08:00,14.30764,120.66359,3477
DEMO VESSEL 004,548000004,,Philippines,Dredging,Loitering,2025-03-08 01:34:00,Asia/Manila,+08:00,14.28615,120.79495,9595
DEMO VESSEL 017 ,548000017,8500173,Philippines,Other,Fishing event,2025-03-22 08:03:00,Asia/Manila,+08:00,14.42069,120.46166,26613
DEMO VESSEL 007,548000007,8500070,Philippines,Cargo,Encounter,2025-03-07 23:36:00,Asia/Manila,+08:00,14.30445,120.64631,1874
AIS TEST SHIP,100900301,,,,Port visit,2025-03-21 17:45:00,Asia/Manila,+08:00,14.74785,120.42729,26095
DEMO VESSEL 012,548000012,8500123,Philippines,Dredging,Fishing event,2025-03-26 22:05:00,Asia/Manila,+08:00,14.78132,120.39886,2063
DEMO VESSEL 004,548000004,,Philippines,Dredging,Port visit,2025-03-25 12:22:00,Asia/Manila,+08:00,14.5369,120.88371,16415
DEMO VESSEL 007,548000007,8500070,Philippines,Cargo,Loitering,2025-03-03 02:03:00,Asia/Manila,+08:00,14.87621,120.32518,3576
demo vessel 027,548000027,8500276,Philippines,Cargo,Encounter,2025-03-27 00:02:00,Asia/Manila,+08:00,14.42445,120.48992,1637
DEMO VESSEL 021,548000021,8500214,Belize,Dredging,Fishing event,04/03/2025 14:20,Asia/Manila,+08:00,14.59295,120.63867,8002
AIS TEST SHIP,100900301,,,,Fishing event,2025-03-06 22:20:00,Asia/Manila,+08:00,14.62676,120.43418,3028
DEMO VESSEL 004,548000004,,Philippines,Dredging,Loitering,2025-03-11 04:48:00,UTC,+00:00,14.66776,120.61306,18685
DEMO VESSEL 006,548000006,64,Philippines,Dredging,Fishing event,01/03/2025 17:37,Asia/Manila,+08:00,14.32029,120.87984,10811
DEMO VESSEL 008,548000008,8500082,Belize,Dredging,Loitering,2025-03-07 04:14:00,UTC,+00:00,14.48226,120.57816,18892
demo vessel 027,548000027,8500276,Philippines,Cargo,Encounter,2025-03-11 01:31:00,Asia/Manila,+08:00,14.74096,120.3075,34305
DEMO VESSEL 003,548000003,8500032,Philippines,Cargo,Fishing event,21/03/2025 01:46,UTC,+00:00,14.23873,120.8379,26973
DEMO VESSEL 011,548000011,8500111,Philippines,Other,Fishing event,2025-03-13 20:49:00,Asia/Manila,+08:00,14.36258,120.76116,25924
DEMO VESSEL 007,667000007,8500070,Sierra Leone,Cargo,Loitering,08/03/2025 16:20,Asia/Manila,+08:00,14.32619,120.71198,17026
AIS TEST SHIP,100900301,,,,Loitering,2025-03-17 23:13:00,Asia/Manila,+08:00,14.70196,120.55902,19839
DEMO VESSEL 007,667000007,8500070,Sierra Leone,Cargo,Fishing event,16/03/2025 19:15,Asia/Manila,+08:00,14.53051,120.84569,35932
DEMO VESSEL 012,548000012,8500123,Philippines,Dredging,Loitering,2025-03-05 03:20:00,Asia/Manila,+08:00,14.48031,120.84453,15232
DEMO VESSEL 015,548000015,8500159,Philippines,Cargo,Encounter,2025-03-21 01:43:00,Asia/Manila,+08:00,14.21501,120.71622,2450
DEMO VESSEL 025,548000025,8500252,Philippines,Dredging,Port visit,2025-03-14 16:18:00,UTC,+00:00,14.88973,120.62549,22755
DEMO VESSEL 013,548000013,8500135,Philippines,Other,Loitering,2025-03-14 08:45:00,Asia/Manila,+08:00,14.33829,120.30666,37650
DEMO VESSEL 030,548000030,8500305,Philippines,Cargo,Encounter,2025-03-09 07:40:00,Asia/Manila,+08:00,14.60267,120.57788,37321
DEMO VESSEL 021,548000021,8500214,Belize,Dredging,Fishing event,2025-03-24 05:02:00,Asia/Manila,+08:00,14.45155,120.89153,19401
DEMO VESSEL 036,548000036,8500367,Sierra Leone,Cargo,Loitering,2025-03-12 22:00:00,Asia/Manila,+08:00,14.38417,120.38402,25720
DEMO VESSEL 008,548000008,8500082,Belize,Dredging,Loitering,27/03/2025 03:25,Asia/Manila,+08:00,14.46912,120.70133,17311
DEMO VESSEL 032,548000032,8500329,Philippines,Cargo,Fishing event,23/03/2025 13:47,Asia/Manila,+08:00,14.75116,120.7854,21952
DEMO VESSEL 039,548000039,8500393,Philippines,Dredging,Fishing event,2025-03-27 02:09:00,Asia/Manila,+08:00,14.86733,120.30839,24093
DEMO VESSEL 010,548000010,8500109,Belize,Other,Port visit,2025-03-08 16:35:00,UTC,+00:00,14.84872,120.56568,5154
DEMO VESSEL 022,548000022,8500226,Sierra Leone,Dredging,Fishing event,16/03/2025 05:23,Asia/Manila,+08:00,14.67421,120.64206,16505
DEMO VESSEL 036,548000036,8500367,Sierra Leone,Cargo,Encounter,2025-03-02 18:33:00,Asia/Manila,+08:00,14.28196,120.83172,1047
DEMO VESSEL 007,667000007,8500070,Sierra Leone,Cargo,Loitering,2025-03-17 20:03:00,UTC,+00:00,14.51989,120.3543,28763
DEMO VESSEL 001,548000001,8500018,Philippines,Dredging,Fishing event,17/03/2025 03:55,Asia/Manila,+08:00,14.55536,120.41935,39552
DEMO VESSEL 021,548000021,8500214,Belize,Dredging,Encounter,01/03/2025 11:23,Asia/Manila,+08:00,14.31391,120.53799,23355
DEMO VESSEL 021 ,548000021,8500214,Belize,Dredging,Loitering,2025-03-07 21:42:00,Asia/Manila,+08:00,14.39743,120.76376,20634
DEMOVESSEL029,548000029,8500290,Philippines,Other,Port visit,17/03/2025 18:27,Asia/Manila,+08:00,14.63254,120.63753,27912
DEMO VESSEL 038,548000038,8500381,Philippines,Dredging,Fishing event,03/03/2025 11:57,Asia/Manila,+08:00,14.74891,120.6147,20717
DEMO VESSEL 039,548000039,8500393,Philippines,Dredging,Fishing event,07/03/2025 14:14,Asia/Manila,+08:00,14.22543,120.68246,24107
DEMO VESSEL 015,548000015,8500159,Philippines,Cargo,Loitering,20/03/2025 17:53,UTC,+00:00,14.4032,120.81905,20260
DEMO VESSEL 035,548000035,8500355,Philippines,Other,Loitering,09/03/2025 20:43,Asia/Manila,+08:00,14.72493,120.76288,13604
DEMO VESSEL 004,548000004,,Philippines,Dredging,Encounter,2025-03-01 05:36:00,Asia/Manila,+08:00,14.2062,120.85718,20184
DEMO VESSEL 002,548000002,8500020,Philippines,Cargo,Port visit,05/03/2025 06:21,UTC,+00:00,14.82499,120.89199,5596
DEMO VESSEL 019,548000019,8500197,Philippines,Cargo,Loitering,17/03/2025 02:03,Asia/Manila,+08:00,14.81694,120.57233,21712
DEMO VESSEL 029,548000029,8500290,Philippines,Other,Port visit,2025-03-06 07:44:00,Asia/Manila,+08:00,14.22588,120.57208,11250
DEMO VESSEL 027,548000027,8500276,Philippines,Cargo,Encounter,2025-03-15 07:06:00,UTC,+00:00,14.78209,120.87819,9771
DEMO VESSEL 007,667000007,8500070,Sierra Leone,Cargo,Loitering,05/03/2025 04:02,Asia/Manila,+08:00,14.58192,120.45488,18000
DEMO VESSEL 009,548000009,8500094,Belize,Cargo,Port visit,2025-03-27 09:08:00,UTC,+00:00,14.45517,120.7682,8635
DEMO VESSEL 030,548000030,8500305,Philippines,Cargo,Encounter,17/03/2025 10:47,Asia/Manila,+08:00,14.75748,120.62689,32219
DEMO VESSEL 022,548000022,8500226,Sierra Leone,Dredging,Fishing event,2025-02-12 17:33:00,Asia/Manila,+08:00,14.25034,120.60168,5489
DEMO VESSEL 001,548000001,8500018,Philippines,Dredging,Encounter,2025-03-03 22:49:00,UTC,+00:00,14.34111,120.77467,34076
DEMO VESSEL 008,548000008,8500082,Belize,Dredging,Encounter,2025-03-23 00:56:00,UTC,+00:00,14.76606,120.43714,20970
DEMO VESSEL 027,548000027,8500276,Philippines,Cargo,Fishing event,2025-03-26 20:42:00,Asia/Manila,+08:00,14.26595,120.56224,411
DEMO VESSEL 007,548000007,8500070,Philippines,Cargo,Encounter,07/03/2025 04:17,UTC,+00:00,14.55217,120.85173,631
DEMO VESSEL 006,548000006,64,Philippines,Dredging,Fishing event,05/03/2025 18:36,Asia/Manila,+08:00,14.81709,120.87321,20170
DEMO VESSEL 028,548000028,8500288,Philippines,Other,Encounter,2025-03-15 03:26:00,UTC,+00:00,14.29094,120.30568,17522
AIS TEST SHIP,100900301,,,,Port visit,2025-03-16 22:02:00,Asia/Manila,+08:00,14.56323,120.56198,585
DEMO VESSEL 001,548000001,8500018,Philippines,Dredging,Port visit,2025-03-26 05:56:00,UTC,+00:00,14.7156,120.49931,17785
DEMO VESSEL 015,548000015,8500159,Philippines,Cargo,Fishing event,2025-03-14 03:20:00,Asia/Manila,+08:00,14.20779,120.74104,24166
DEMO VESSEL 003,548000003,8500032,Philippines,Cargo,Loitering,2025-03-06 21:59:00,Asia/Manila,+08:00,14.45494,120.42575,3138
DEMO VESSEL 004,548000004,,Philippines,Dredging,Port visit,2025-03-05 11:47:00,UTC,+00:00,14.8185,120.72553,26156
DEMO VESSEL 018,548000018,8500185,Philippines,Cargo,Loitering,27/03/2025 08:12,Asia/Manila,+08:00,14.5449,120.59861,30366
DEMO VESSEL 040,548000040,8500408,Philippines,Other,Port visit,2025-03-15 13:29:00,Asia/Manila,+08:00,14.60244,120.87606,12589
DEMO VESSEL 015,548000015,8500159,Philippines,Cargo,Fishing event,2025-03-17 10:15:00,Asia/Manila,+08:00,14.2382,120.89447,27804
DEMO VESSEL 032,548000032,8500329,Philippines,Cargo,Encounter,02/03/2025 19:28,UTC,+00:00,14.89564,120.44925,12071
DEMO VESSEL 033,548000033,8500331,Philippines,Cargo,Loitering,2025-03-09 08:40:00,UTC,+00:00,14.88967,120.4824,18122
demo vessel 036,548000036,8500367,Sierra Leone,Cargo,Loitering,2025-03-18 06:27:00,Asia/Manila,+08:00,14.2767,120.40931,16235
DEMO VESSEL 039,548000039,8500393,Philippines,Dredging,Loitering,2025-03-03 23:42:00,UTC,+00:00,14.30286,120.79597,35605
DEMO VESSEL 036,548000036,8500367,Sierra Leone,Cargo,Encounter,2025-03-02 13:24:00,UTC,+00:00,14.79237,120.7541,24289
DEMO VESSEL 040,548000040,8500408,Philippines,Other,Fishing event,2025-03-17 22:44:00,Asia/Manila,+08:00,14.2106,120.42357,1205
DEMOVESSEL025,548000025,8500252,Philippines,Dredging,Loitering,18/03/2025 20:30,Asia/Manila,+08:00,14.75695,120.80348,7952
DEMO VESSEL 013,548000013,8500135,Philippines,Other,Fishing event,2025-03-07 06:35:00,Asia/Manila,+08:00,14.22839,120.88902,32482
DEMO VESSEL 028,548000028,8500288,Philippines,Other,Port visit,2025-03-01 02:04:00,Asia/Manila,+08:00,14.86438,120.43807,30104
DEMO VESSEL 003,548000003,8500032,Philippines,Cargo,Loitering,2025-03-17 12:48:00,Asia/Manila,+08:00,14.52499,120.49309,31348
DEMO VESSEL 038,548000038,8500381,Philippines,Dredging,Encounter,2025-03-27 14:01:00,Asia/Manila,+08:00,14.86897,120.36645,33187
DEMO VESSEL 008,548000008,8500082,Belize,Dredging,Fishing event,2025-03-09 07:22:00,UTC,+00:00,14.89942,120.62085,8571
DEMO VESSEL 003,548000003,8500032,Philippines,Cargo,Port visit,05/03/2025 16:08,UTC,+00:00,14.29057,120.72271,30147
DEMO VESSEL 038,548000038,8500381,Philippines,Dredging,Encounter,27/03/2025 00:41,Asia/Manila,+08:00,14.87871,120.70688,12850
DEMO VESSEL 007,548000007,8500070,Philippines,Cargo,Port visit,2025-03-12 21:03:00,Asia/Manila,+08:00,14.35744,120.45645,5382
DEMO VESSEL 003,548000003,8500032,Philippines,Cargo,Port visit,2025-03-23 21:21:00,Asia/Manila,+08:00,14.22118,120.5852,18798
DEMO VESSEL 038,548000038,8500381,Philippines,Dredging,Encounter,2025-03-18 07:01:00,Asia/Manila,+08:00,14.4939,120.57568,13989
DEMO VESSEL 025,548000025,8500252,Philippines,Dredging,Port visit,27/03/2025 01:45,Asia/Manila,+08:00,14.29868,120.72097,26734
DEMO VESSEL 011,548000011,8500111,Philippines,Other,Loitering,2025-03-26 08:44:00,Asia/Manila,+08:00,14.58095,120.53573,15681
DEMO VESSEL 007,667000007,8500070,Sierra Leone,Cargo,Port visit,12/03/2025 19:28,Asia/Manila,+08:00,14.28443,120.48909,23821
DEMO VESSEL 018 ,548000018,8500185,Philippines,Cargo,Loitering,2025-03-08 05:47:00,Asia/Manila,+08:00,14.53744,120.63574,39818
DEMO VESSEL 009,548000009,8500094,Belize,Cargo,Encounter,2025-03-18 04:18:00,Asia/Manila,+08:00,14.52973,120.8198,2393
demo vessel 036,548000036,8500367,Sierra Leone,Cargo,Port visit,2025-03-20 07:09:00,UTC,+00:00,14.69295,120.7795,28022
DEMO VESSEL 022,548000022,8500226,Sierra Leone,Dredging,Fishing event,2025-03-13 12:56:00,Asia/Manila,+08:00,14.77555,120.37547,3254
DEMO VESSEL 009,548000009,8500094,Belize,Cargo,Loitering,2025-03-04 09:36:00,UTC,+00:00,14.2639,120.45129,25684
DEMO VESSEL 029,548000029,8500290,Philippines,Other,Loitering,13/03/2025 15:07,Asia/Manila,+08:00,14.57594,120.80245,27480
demo vessel 024,548000024,8500240,Philippines,Cargo,Fishing event,2025-03-07 21:21:00,UTC,+00:00,14.84576,120.30272,31838
DEMO VESSEL 021,548000021,8500214,Belize,Dredging,Port visit,2025-03-03 19:43:00,Asia/Manila,+08:00,14.34313,120.37689,3964
DEMO VESSEL 032,548000032,8500329,Philippines,Cargo,Encounter,2025-03-11 18:58:00,UTC,+00:00,14.60376,120.72481,32691
DEMO VESSEL 033,548000033,8500331,Philippines,Cargo,Port visit,10/03/2025 14:21,Asia/Manila,+08:00,14.86057,120.78085,36782
DEMO VESSEL 011,548000011,8500111,Philippines,Other,Fishing event,2025-03-07 13:16:00,Asia/Manila,+08:00,14.50545,120.44324,27420
DEMO VESSEL 009,548000009,8500094,Belize,Cargo,Port visit,2025-03-08 23:38:00,Asia/Manila,+08:00,14.80194,120.70756,33107
DEMO VESSEL 011,548000011,8500111,Philippines,Other,Encounter,05/03/2025 20:52,Asia/Manila,+08:00,14.47529,120.34272,6041
DEMO VESSEL 030,548000030,8500305,Philippines,Cargo,Encounter,02/03/2025 14:32,Asia/Manila,+08:00,14.43123,120.83515,3749
DEMO VESSEL 017,548000017,8500173,Philippines,Other,Port visit,02/03/2025 14:10,Asia/Manila,+08:00,14.49003,120.81589,15451
DEMO VESSEL 018,548000018,8500185,Philippines,Cargo,Port visit,2025-03-23 22:45:00,UTC,+00:00,14.82696,120.36115,21277
DEMO VESSEL 003,548000003,8500032,Philippines,Cargo,Encounter,2025-03-16 22:41:00,Asia/Manila,+08:00,14.7353,120.59583,38380
DEMO VESSEL 001,548000001,8500018,Philippines,Dredging,Fishing event,2025-03-19 07:36:00,UTC,+00:00,14.57839,120.53031,33119
DEMO VESSEL 027,548000027,8500276,Philippines,Cargo,Loitering,2025-03-27 05:12:00,UTC,+00:00,14.55448,120.35733,37196
DEMO VESSEL 006,548000006,64,Philippines,Dredging,Loitering,09/03/2025 13:05,UTC,+00:00,14.43419,120.32522,18509
DEMO VESSEL 039,548000039,8500393,Philippines,Dredging,Port visit,25/03/2025 14:58,Asia/Manila,+08:00,14.71322,120.79028,22696
DEMO VESSEL 006,548000006,64,Philippines,Dredging,Loitering,17/03/2025 17:26,Asia/Manila,+08:00,14.64133,120.76681,28393
DEMOVESSEL006,548000006,64,Philippines,Dredging,Loitering,2025-03-01 03:05:00,Asia/Manila,+08:00,14.82051,120.71695,4447
AIS TEST SHIP,100900301,,,,Port visit,2025-03-17 21:34:00,Asia/Manila,+08:00,14.42489,120.41442,9482
DEMO VESSEL 010,548000010,8500109,Belize,Other,Port visit,2025-03-20 10:32:00,UTC,+00:00,14.47762,120.44264,18200
DEMO VESSEL 011 ,548000011,8500111,Philippines,Other,Loitering,2025-03-09 19:44:00,Asia/Manila,+08:00,14.87801,120.4474,21909
DEMO VESSEL 010,548000010,8500109,Belize,Other,Port visit,2025-03-16 05:34:00,Asia/Manila,+08:00,14.33986,120.56536,5993
demo vessel 002,548000002,8500020,Philippines,Cargo,Fishing event,24/03/2025 08:46,Asia/Manila,+08:00,14.22055,120.78426,32815
DEMO VESSEL 016,548000016,8500161,Philippines,Dredging,Encounter,2025-03-12 23:01:00,Asia/Manila,+08:00,14.8739,120.45363,30334
DEMO VESSEL 019,548000019,8500197,Philippines,Cargo,Fishing event,2025-03-11 04:45:00,UTC,+00:00,14.4226,120.3103,16684
DEMO VESSEL 028,548000028,8500288,Philippines,Other,Loitering,2025-03-24 14:15:00,Asia/Manila,+08:00,14.87987,120.30974,9818
DEMO VESSEL 007,548000007,8500070,Philippines,Cargo,Port visit,2025-03-06 02:12:00,Asia/Manila,+08:00,14.68312,120.32728,7690
AIS TEST SHIP,100900301,,,,Loitering,10/03/2025 02:04,Asia/Manila,+08:00,14.46177,120.6187,9556
DEMO VESSEL 013,548000013,8500135,Philippines,Other,Encounter,2025-03-14 09:14:00,Asia/Manila,+08:00,14.55624,120.53217,24094
DEMO VESSEL 022,548000022,8500226,Sierra Leone,Dredging,Fishing event,2025-03-08 06:20:00,Asia/Manila,+08:00,14.76327,120.81611,24549
DEMO VESSEL 021,548000021,8500214,Belize,Dredging,Loitering,05/03/2025 17:32,Asia/Manila,+08:00,14.60362,120.87651,25737
DEMO VESSEL 002,548000002,8500020,Philippines,Cargo,Encounter,2025-03-19 13:52:00,UTC,+00:00,14.46791,120.556,18640
DEMO VESSEL 021 ,548000021,8500214,Belize,Dredging,Fishing event,04/03/2025 17:34,Asia/Manila,+08:00,14.68468,120.47422,39155
DEMO VESSEL 022,548000022,8500226,Sierra Leone,Dredging,Loitering,2025-03-14 10:03:00,UTC,+00:00,14.43451,120.7886,35615
DEMO VESSEL 027,548000027,8500276,Philippines,Cargo,Port visit,2025-03-14 11:55:00,UTC,+00:00,14.23974,120.54631,9869
DEMO VESSEL 032,548000032,8500329,Philippines,Cargo,Port visit,2025-03-27 18:41:00,Asia/Manila,+08:00,14.36086,120.87032,13350
demo vessel 013,548000013,8500135,Philippines,Other,Port visit,2025-03-26 06:08:00,Asia/Manila,+08:00,14.45931,120.43799,22140
DEMO VESSEL 031,548000031,8500317,Philippines,Cargo,Fishing event,2025-03-20 03:11:00,UTC,+00:00,14.84931,120.43916,4256
DEMO VESSEL 039,548000039,8500393,Philippines,Dredging,Encounter,2025-03-04 03:59:00,Asia/Manila,+08:00,14.63632,120.67774,32368
DEMO VESSEL 012,548000012,8500123,Philippines,Dredging,Fishing event,2025-03-18 07:15:00,Asia/Manila,+08:00,14.63719,120.49228,2802
DEMO VESSEL 004,548000004,,Philippines,Dredging,Encounter,2025-03-22 16:55:00,UTC,+00:00,14.22937,120.73041,17171
DEMO VESSEL 022,548000022,8500226,Sierra Leone,Dredging,Encounter,2025-03-11 14:23:00,Asia/Manila,+08:00,14.32666,120.78704,33639
DEMO VESSEL 035 ,548000035,8500355,Philippines,Other,Encounter,2025-03-24 07:59:00,Asia/Manila,+08:00,14.60478,120.82272,37568
DEMO VESSEL 017,548000017,8500173,Philippines,Other,Loitering,19/03/2025 09:00,Asia/Manila,+08:00,14.55555,120.79166,17041
DEMO VESSEL 037,548000037,8500379,Belize,Cargo,Fishing event,2025-03-07 11:33:00,UTC,+00:00,14.3673,120.86118,17858
DEMO VESSEL 025,548000025,8500252,Philippines,Dredging,Loitering,2025-03-15 13:55:00,Asia/Manila,+08:00,14.88664,120.73336,16491
DEMO VESSEL 018,548000018,8500185,Philippines,Cargo,Port visit,21/03/2025 12:19,Asia/Manila,+08:00,14.7242,120.42962,10387
DEMO VESSEL 012,548000012,8500123,Philippines,Dredging,Port visit,2025-03-03 08:27:00,Asia/Manila,+08:00,14.54933,120.6212,12157
DEMO VESSEL 035,548000035,8500355,Philippines,Other,Encounter,2025-03-21 16:56:00,Asia/Manila,+08:00,14.47672,120.48172,13861
AIS TEST SHIP,100900301,,,,Encounter,13/03/2025 22:02,Asia/Manila,+08:00,14.44077,120.51628,14181
DEMO VESSEL 024,548000024,8500240,Philippines,Cargo,Port visit,19/03/2025 09:08,UTC,+00:00,14.7354,120.84606,29921
DEMO VESSEL 006,548000006,64,Philippines,Dredging,Fishing event,2025-03-06 02:00:00,Asia/Manila,+08:00,14.81473,120.83656,12973
DEMO VESSEL 015,548000015,8500159,Philippines,Cargo,Encounter,04/03/2025 07:24,UTC,+00:00,14.73005,120.84757,24698
DEMOVESSEL027,548000027,8500276,Philippines,Cargo,Fishing event,2025-03-24 18:18:00,Asia/Manila,+08:00,14.27363,120.74821,10034
AIS TEST SHIP,100900301,,,,Port visit,2025-03-17 18:43:00,UTC,+00:00,14.74917,120.80484,26908
DEMO VESSEL 033,548000033,8500331,Philippines,Cargo,Encounter,2025-03-20 05:26:00,UTC,+00:00,14.89946,120.87075,18105
DEMO VESSEL 020,548000020,8500202,Philippines,Other,Loitering,2025-03-03 08:20:00,Asia/Manila,+08:00,14.82242,120.78321,9144
DEMO VESSEL 037,548000037,8500379,Belize,Cargo,Encounter,2025-03-01 23:54:00,UTC,+00:00,14.24425,120.56508,36479
DEMO VESSEL 003,548000003,8500032,Philippines,Cargo,Fishing event,02/03/2025 22:59,Asia/Manila,+08:00,14.59459,120.33685,19420
DEMO VESSEL 022,548000022,8500226,Sierra Leone,Dredging,Port visit,23/03/2025 05:41,Asia/Manila,+08:00,14.53668,120.3234,37986
DEMO VESSEL 022,548000022,8500226,Sierra Leone,Dredging,Encounter,04/03/2025 17:03,UTC,+00:00,14.81196,120.3759,16974
DEMO VESSEL 007,548000007,8500070,Philippines,Cargo,Fishing event,06/03/2025 04:57,UTC,+00:00,14.72391,120.44986,23939
DEMO VESSEL 017,548000017,8500173,Philippines,Other,Port visit,2025-03-02 20:47:00,Asia/Manila,+08:00,14.68728,120.64285,23292
DEMO VESSEL 031,548000031,8500317,Philippines,Cargo,Fishing event,2025-03-23 12:07:00,Asia/Manila,+08:00,14.28899,120.56399,16768
DEMO VESSEL 018,548000018,8500185,Philippines,Cargo,Fishing event,2025-03-07 23:36:00,Asia/Manila,+08:00,14.26109,120.45785,27221
DEMO VESSEL 031,548000031,8500317,Philippines,Cargo,Loitering,2025-03-18 12:24:00,Asia/Manila,+08:00,14.29575,120.60719,8672
DEMO VESSEL 034,548000034,8500343,Belize,Cargo,Port visit,2025-03-08 16:53:00,UTC,+00:00,14.41048,120.64267,10451
DEMO VESSEL 012,548000012,8500123,Philippines,Dredging,Port visit,04/03/2025 03:09,Asia/Manila,+08:00,14.63347,120.82971,2884
DEMO VESSEL 016,548000016,8500161,Philippines,Dredging,Fishing event,2025-03-19 04:05:00,Asia/Manila,+08:00,14.27138,120.83289,7306
DEMO VESSEL 003,548000003,8500032,Philippines,Cargo,Port visit,2025-03-10 03:34:00,UTC,+00:00,14.66997,120.30673,14499
DEMO VESSEL 032,548000032,8500329,Philippines,Cargo,Fishing event,2025-03-07 06:33:00,Asia/Manila,+08:00,14.49369,120.75774,27577
DEMO VESSEL 013,548000013,8500135,Philippines,Other,Port visit,2025-03-20 19:42:00,UTC,+00:00,14.35326,120.87564,23776
DEMO VESSEL 015,548000015,8500159,Philippines,Cargo,Loitering,12/03/2025 06:24,Asia/Manila,+08:00,14.8185,120.49555,32387
DEMO VESSEL 013,548000013,8500135,Philippines,Other,Fishing event,2025-03-07 08:41:00,Asia/Manila,+08:00,14.43804,120.78682,7670
DEMO VESSEL 001,548000001,8500018,Philippines,Dredging,Loitering,09/03/2025 06:11,Asia/Manila,+08:00,14.65886,120.40629,37294
DEMO VESSEL 024,548000024,8500240,Philippines,Cargo,Port visit,03/03/2025 06:27,Asia/Manila,+08:00,14.53612,120.35583,11673
DEMO VESSEL 004,548000004,,Philippines,Dredging,Fishing event,2025-03-09 02:10:00,Asia/Manila,+08:00,14.87868,120.6499,3260
DEMO VESSEL 030,548000030,8500305,Philippines,Cargo,Port visit,2025-03-08 22:34:00,UTC,+00:00,14.41416,120.31287,10485
DEMO VESSEL 036,548000036,8500367,Sierra Leone,Cargo,Loitering,2025-03-10 10:28:00,Asia/Manila,+08:00,14.28215,120.78011,2468
DEMO VESSEL 023,548000023,8500238,Belize,Cargo,Fishing event,09/03/2025 15:51,UTC,+00:00,14.52372,120.32911,2861
DEMO VESSEL 006,548000006,64,Philippines,Dredging,Loitering,01/03/2025 12:07,Asia/Manila,+08:00,14.36658,120.60798,36090
DEMO VESSEL 002,548000002,8500020,Philippines,Cargo,Fishing event,2025-03-08 08:41:00,Asia/Manila,+08:00,14.6207,120.73271,20068
DEMO VESSEL 029,548000029,8500290,Philippines,Other,Loitering,2025-03-06 07:07:00,Asia/Manila,+08:00,14.88397,120.86736,23280
DEMO VESSEL 038,548000038,8500381,Philippines,Dredging,Encounter,05/03/2025 01:56,Asia/Manila,+08:00,14.54568,120.88924,9292
AIS TEST SHIP,100900301,,,,Fishing event,2025-03-25 09:34:00,Asia/Manila,+08:00,14.28379,120.50034,33113
AIS TEST SHIP,100900301,,,,Encounter,26/03/2025 20:22,Asia/Manila,+08:00,14.55326,120.757,17064
DEMO VESSEL 017,548000017,8500173,Philippines,Other,Loitering,16/03/2025 17:36,Asia/Manila,+08:00,14.69233,120.88622,35355
DEMO VESSEL 040,548000040,8500408,Philippines,Other,Port visit,20/03/2025 11:11,Asia/Manila,+08:00,14.68382,120.84221,11823
DEMO VESSEL 011,548000011,8500111,Philippines,Other,Encounter,04/03/2025 06:12,UTC,+00:00,14.61658,120.52558,30348
DEMOVESSEL025,548000025,8500252,Philippines,Dredging,Loitering,05/03/2025 06:16,Asia/Manila,+08:00,14.23834,120.7888,5212
DEMO VESSEL 006,548000006,64,Philippines,Dredging,Fishing event,2025-03-22 08:54:00,Asia/Manila,+08:00,14.73584,120.76803,5781
DEMO VESSEL 030,548000030,8500305,Philippines,Cargo,Loitering,27/03/2025 04:00,Asia/Manila,+08:00,14.80877,120.76199,38636
DEMO VESSEL 032,548000032,8500329,Philippines,Cargo,Encounter,2025-03-06 12:38:00,Asia/Manila,+08:00,14.86609,120.7466,26013
DEMOVESSEL021,548000021,8500214,Belize,Dredging,Loitering,14/03/2025 03:22,Asia/Manila,+08:00,14.81005,120.71091,36314
DEMO VESSEL 039,548000039,8500393,Philippines,Dredging,Encounter,2025-03-27 00:34:00,Asia/Manila,+08:00,14.61395,120.47845,12971
DEMO VESSEL 035,548000035,8500355,Philippines,Other,Encounter,2025-03-12 03:21:00,UTC,+00:00,14.55821,120.84103,37564
AIS TEST SHIP,100900301,,,,Loitering,2025-03-13 18:48:00,Asia/Manila,+08:00,14.78436,120.78025,35715
DEMO VESSEL 004,548000004,,Philippines,Dredging,Port visit,2025-03-19 13:15:00,UTC,+00:00,14.6511,120.79713,25886
DEMO VESSEL 008,548000008,8500082,Belize,Dredging,Encounter,2025-03-19 23:59:00,UTC,+00:00,14.2627,120.31762,1055
DEMO VESSEL 017,548000017,8500173,Philippines,Other,Loitering,2025-03-03 03:08:00,UTC,+00:00,14.48327,120.36342,27534
DEMO VESSEL 013,548000013,8500135,Philippines,Other,Loitering,2025-03-06 09:40:00,Asia/Manila,+08:00,14.47955,120.52978,16886
DEMO VESSEL 040,548000040,8500408,Philippines,Other,Port visit,2025-03-10 04:02:00,Asia/Manila,+08:00,14.50634,120.31885,14550
DEMO VESSEL 014,548000014,8500147,Philippines,Cargo,Loitering,2025-03-17 04:27:00,UTC,+00:00,14.66742,120.82265,23911
DEMO VESSEL 022,548000022,8500226,Sierra Leone,Dredging,Encounter,2025-03-17 21:21:00,Asia/Manila,+08:00,14.22097,120.36916,14965
DEMOVESSEL018,548000018,8500185,Philippines,Cargo,Fishing event,22/03/2025 17:45,Asia/Manila,+08:00,14.44119,120.86134,3081
DEMO VESSEL 035,548000035,8500355,Philippines,Other,Encounter,2025-03-03 14:43:00,Asia/Manila,+08:00,14.59612,120.47019,10787
DEMO VESSEL 004,548000004,,Philippines,Dredging,Encounter,2025-03-12 16:54:00,Asia/Manila,+08:00,14.69436,120.53437,37206
DEMO VESSEL 018,548000018,8500185,Philippines,Cargo,Loitering,06/03/2025 21:16,Asia/Manila,+08:00,14.8287,120.61228,1221
DEMO VESSEL 031,548000031,8500317,Philippines,Cargo,Encounter,2025-03-24 15:22:00,UTC,+00:00,14.61676,120.59541,7270
DEMO VESSEL 016,548000016,8500161,Philippines,Dredging,Fishing event,2025-03-16 20:33:00,Asia/Manila,+08:00,14.51881,120.45773,21313
DEMO VESSEL 036,548000036,8500367,Sierra Leone,Cargo,Encounter,2025-03-08 13:23:00,Asia/Manila,+08:00,14.3386,120.66771,32571
DEMO VESSEL 014,548000014,8500147,Philippines,Cargo,Port visit,2025-03-17 02:41:00,Asia/Manila,+08:00,14.86616,120.49582,13476
DEMO VESSEL 038,548000038,8500381,Philippines,Dredging,Encounter,2025-03-01 10:51:00,Asia/Manila,+08:00,14.69536,120.39739,7261
DEMO VESSEL 035,548000035,8500355,Philippines,Other,Loitering,2025-03-25 15:13:00,Asia/Manila,+08:00,14.87879,120.44951,2367
DEMO VESSEL 019,548000019,8500197,Philippines,Cargo,Encounter,2025-03-18 04:47:00,Asia/Manila,+08:00,14.59719,120.45437,33518
DEMOVESSEL016,548000016,8500161,Philippines,Dredging,Fishing event,14/03/2025 05:04,Asia/Manila,+08:00,14.3115,120.73558,27558
DEMO VESSEL 032,548000032,8500329,Philippines,Cargo,Encounter,26/03/2025 01:05,UTC,+00:00,14.8886,120.75241,23309
DEMO VESSEL 013 ,548000013,8500135,Philippines,Other,Loitering,11/02/2025 22:31,Asia/Manila,+08:00,14.4097,120.52166,19062
DEMO VESSEL 024,548000024,8500240,Philippines,Cargo,Port visit,2025-03-15 08:56:00,UTC,+00:00,0.0,0.0,34912
DEMO VESSEL 037,548000037,8500379,Belize,Cargo,Fishing event,2025-03-01 20:06:00,UTC,+00:00,14.46773,120.53088,14356
DEMO VESSEL 016,548000016,8500161,Philippines,Dredging,Port visit,2025-03-10 15:35:00,Asia/Manila,+08:00,14.84654,120.50213,28235
DEMO VESSEL 013,548000013,8500135,Philippines,Other,Encounter,11/03/2025 07:43,Asia/Manila,+08:00,14.21015,120.33219,4595
DEMO VESSEL 003,548000003,8500032,Philippines,Cargo,Port visit,2025-03-04 14:56:00,Asia/Manila,+08:00,14.84397,120.68326,15964
DEMO VESSEL 027,548000027,8500276,Philippines,Cargo,Port visit,2025-03-22 04:42:00,UTC,+00:00,14.87209,120.73336,2579
DEMO VESSEL 003,548000003,8500032,Philippines,Cargo,Loitering,21/03/2025 13:55,UTC,+00:00,14.68677,120.85819,36479
DEMO VESSEL 011,548000011,8500111,Philippines,Other,Port visit,2025-03-13 12:44:00,Asia/Manila,+08:00,14.38319,120.39227,3776
DEMO VESSEL 025,548000025,8500252,Philippines,Dredging,Loitering,13/03/2025 19:27,UTC,+00:00,14.35799,120.67157,4366
DEMO VESSEL 002,548000002,8500020,Philippines,Cargo,Fishing event,13/03/2025 03:06,Asia/Manila,+08:00,14.53123,120.3323,7111
DEMO VESSEL 027,548000027,8500276,Philippines,Cargo,Port visit,06/03/2025 23:26,Asia/Manila,+08:00,14.53722,120.46446,18862
DEMO VESSEL 030,548000030,8500305,Philippines,Cargo,Port visit,2025-03-11 18:44:00,Asia/Manila,+08:00,14.82133,120.41537,12325
DEMO VESSEL 011,548000011,8500111,Philippines,Other,Fishing event,08/03/2025 18:06,UTC,+00:00,14.21856,120.42667,3930
DEMO VESSEL 036,548000036,8500367,Sierra Leone,Cargo,Port visit,10/03/2025 06:04,Asia/Manila,+08:00,14.21065,120.60374,14304
DEMO VESSEL 022,548000022,8500226,Sierra Leone,Dredging,Fishing event,2025-03-11 15:50:00,Asia/Manila,+08:00,14.83646,120.5018,10556
DEMO VESSEL 012,548000012,8500123,Philippines,Dredging,Fishing event,2025-03-17 10:58:00,Asia/Manila,+08:00,14.58529,120.5026,14165
DEMO VESSEL 029,548000029,8500290,Philippines,Other,Encounter,2025-03-06 14:42:00,Asia/Manila,+08:00,14.61364,120.45295,32025
DEMO VESSEL 013,548000013,8500135,Philippines,Other,Port visit,2025-03-16 13:48:00,Asia/Manila,+08:00,14.42334,120.41117,33807
DEMO VESSEL 015,548000015,8500159,Philippines,Cargo,Encounter,2025-03-13 16:36:00,Asia/Manila,+08:00,14.38327,120.31183,5263
DEMO VESSEL 023,548000023,8500238,Belize,Cargo,Encounter,2025-03-01 10:16:00,Asia/Manila,+08:00,14.29015,120.3158,30746
DEMO VESSEL 020,548000020,8500202,Philippines,Other,Encounter,2025-03-12 14:23:00,Asia/Manila,+08:00,14.29669,120.55294,498
DEMO VESSEL 006,548000006,64,Philippines,Dredging,Fishing event,2025-03-18 03:49:00,UTC,+00:00,14.45825,120.40735,21630
DEMO VESSEL 011,548000011,8500111,Philippines,Other,Encounter,11/03/2025 07:32,Asia/Manila,+08:00,14.73949,120.34522,1697
DEMO VESSEL 012,548000012,8500123,Philippines,Dredging,Loitering,2025-03-21 20:28:00,UTC,+00:00,14.73686,120.34253,24423
DEMO VESSEL 011,548000011,8500111,Philippines,Other,Loitering,2025-03-10 03:07:00,Asia/Manila,+08:00,14.77268,120.69252,6769
DEMO VESSEL 038,548000038,8500381,Philippines,Dredging,Loitering,2025-03-08 03:01:00,Asia/Manila,+08:00,14.82694,120.48834,1442
DEMO VESSEL 026,548000026,8500264,Philippines,Cargo,Fishing event,2025-03-12 12:09:00,Asia/Manila,+08:00,14.52278,120.78,28076
DEMO VESSEL 034,548000034,8500343,Belize,Cargo,Port visit,2025-03-22 02:10:00,Asia/Manila,+08:00,14.39174,120.85711,10305
DEMO VESSEL 039,548000039,8500393,Philippines,Dredging,Encounter,07/03/2025 12:35,Asia/Manila,+08:00,14.36734,120.34735,11442
demo vessel 030,548000030,8500305,Philippines,Cargo,Loitering,2025-03-04 17:36:00,Asia/Manila,+08:00,14.65275,120.51782,24453
DEMO VESSEL 030,548000030,8500305,Philippines,Cargo,Encounter,2025-03-22 07:48:00,UTC,+00:00,14.73796,120.51948,8935
DEMO VESSEL 033,548000033,8500331,Philippines,Cargo,Port visit,2025-03-08 07:04:00,UTC,+00:00,14.80536,120.55925,14076
DEMO VESSEL 002,548000002,8500020,Philippines,Cargo,Loitering,2025-03-13 15:30:00,Asia/Manila,+08:00,14.35839,120.54515,14885
DEMO VESSEL 009,548000009,8500094,Belize,Cargo,Encounter,19/03/2025 03:19,UTC,+00:00,14.65972,120.84062,32637
DEMO VESSEL 005,548000005,1234568,Sierra Leone,Dredging,Loitering,2025-03-21 12:36:00,Asia/Manila,+08:00,14.42154,120.44742,21023
DEMO VESSEL 029,548000029,8500290,Philippines,Other,Encounter,27/03/2025 07:21,Asia/Manila,+08:00,14.88315,120.37926,30142
DEMO VESSEL 013,548000013,8500135,Philippines,Other,Fishing event,2025-03-25 20:37:00,Asia/Manila,+08:00,14.87979,120.49258,6902
DEMO VESSEL 014,548000014,8500147,Philippines,Cargo,Port visit,2025-03-16 18:48:00,Asia/Manila,+08:00,14.59383,120.75647,13998
DEMO VESSEL 005,548000005,1234568,Sierra Leone,Dredging,Loitering,10/03/2025 20:46,Asia/Manila,+08:00,14.47192,120.45433,19951
DEMO VESSEL 033,548000033,8500331,Philippines,Cargo,Fishing event,2025-03-17 11:36:00,Asia/Manila,+08:00,14.39817,120.78109,5209
DEMO VESSEL 021,548000021,8500214,Belize,Dredging,Port visit,2025-02-05 01:59:00,UTC,+00:00,14.56562,120.69428,24366
DEMO VESSEL 040,548000040,8500408,Philippines,Other,Port visit,16/03/2025 21:55,UTC,+00:00,14.39348,120.77929,37646
DEMO VESSEL 033,548000033,8500331,Philippines,Cargo,Port visit,2025-03-26 06:59:00,Asia/Manila,+08:00,14.52574,120.6615,38269
DEMO VESSEL 003,548000003,8500032,Philippines,Cargo,Loitering,2025-03-02 07:11:00,Asia/Manila,+08:00,14.31449,120.58028,2973
DEMO VESSEL 022,548000022,8500226,Sierra Leone,Dredging,Loitering,2025-03-09 18:58:00,Asia/Manila,+08:00,14.84489,120.45494,38405
DEMO VESSEL 036,548000036,8500367,Sierra Leone,Cargo,Encounter,2025-03-27 04:01:00,Asia/Manila,+08:00,14.53626,120.65956,24363
DEMO VESSEL 040,548000040,8500408,Philippines,Other,Loitering,2025-03-14 20:57:00,Asia/Manila,+08:00,14.24591,120.52859,7087
DEMO VESSEL 025,548000025,8500252,Philippines,Dredging,Encounter,2025-03-06 18:50:00,Asia/Manila,+08:00,14.67019,120.47322,35301
DEMO VESSEL 005 ,548000005,1234568,Sierra Leone,Dredging,Loitering,2025-03-16 00:20:00,UTC,+00:00,14.32516,120.75626,22741
DEMO VESSEL 003,548000003,8500032,Philippines,Cargo,Encounter,2025-03-09 00:21:00,UTC,+00:00,14.78968,120.64259,20911
DEMO VESSEL 037,548000037,8500379,Belize,Cargo,Fishing event,2025-02-17 03:04:00,Asia/Manila,+08:00,14.83525,120.59057,38953
DEMO VESSEL 020,548000020,8500202,Philippines,Other,Loitering,2025-03-24 04:26:00,UTC,+00:00,14.26172,120.33395,35577
DEMO VESSEL 006,548000006,64,Philippines,Dredging,Encounter,27/03/2025 19:34,Asia/Manila,+08:00,14.49742,120.66657,14334
DEMO VESSEL 012,548000012,8500123,Philippines,Dredging,Loitering,2025-03-26 07:31:00,Asia/Manila,+08:00,14.72564,120.42474,3786
DEMO VESSEL 018,548000018,8500185,Philippines,Cargo,Fishing event,18/03/2025 12:06,Asia/Manila,+08:00,14.35141,120.63226,17966
DEMO VESSEL 029,548000029,8500290,Philippines,Other,Encounter,2025-03-25 21:25:00,Asia/Manila,+08:00,14.89535,120.65615,35038
DEMO VESSEL 040,548000040,8500408,Philippines,Other,Loitering,2025-03-10 03:31:00,Asia/Manila,+08:00,14.7253,120.41101,26335
AIS TEST SHIP,100900301,,,,Loitering,07/03/2025 10:25,Asia/Manila,+08:00,14.63481,120.51449,39193
DEMO VESSEL 002,548000002,8500020,Philippines,Cargo,Port visit,2025-03-11 19:03:00,Asia/Manila,+08:00,14.60087,120.51485,12350
DEMO VESSEL 030,548000030,8500305,Philippines,Cargo,Fishing event,2025-03-22 17:40:00,Asia/Manila,+08:00,14.66068,120.56496,21652
DEMO VESSEL 013,548000013,8500135,Philippines,Other,Encounter,2025-03-22 06:48:00,Asia/Manila,+08:00,14.39214,120.3789,12402
DEMO VESSEL 034,548000034,8500343,Belize,Cargo,Fishing event,2025-03-12 14:33:00,UTC,+00:00,14.6479,120.68726,37286
DEMO VESSEL 031,548000031,8500317,Philippines,Cargo,Encounter,25/03/2025 15:17,UTC,+00:00,14.40695,120.49259,22417
DEMO VESSEL 029,548000029,8500290,Philippines,Other,Loitering,2025-03-16 12:25:00,Asia/Manila,+08:00,14.3524,120.60114,10238
DEMO VESSEL 009,548000009,8500094,Belize,Cargo,Fishing event,05/03/2025 08:02,Asia/Manila,+08:00,14.36248,120.88639,24708
DEMO VESSEL 033,548000033,8500331,Philippines,Cargo,Loitering,2025-03-27 03:32:00,UTC,+00:00,14.66391,120.47525,33918
DEMO VESSEL 030,548000030,8500305,Philippines,Cargo,Port visit,2025-03-06 01:04:00,Asia/Manila,+08:00,14.24999,120.31491,34873
DEMO VESSEL 006,548000006,64,Philippines,Dredging,Port visit,19/03/2025 05:25,Asia/Manila,+08:00,14.35559,120.61784,33361
DEMO VESSEL 032,548000032,8500329,Philippines,Cargo,Port visit,2025-03-27 18:41:00,Asia/Manila,+08:00,14.36086,120.87032,13350
DEMO VESSEL 002,548000002,8500020,Philippines,Cargo,Encounter,2025-03-02 21:36:00,Asia/Manila,+08:00,14.26139,120.36533,39291
DEMO VESSEL 010,548000010,8500109,Belize,Other,Encounter,15/03/2025 05:34,Asia/Manila,+08:00,14.20799,120.30097,31017
DEMO VESSEL 007,548000007,8500070,Philippines,Cargo,Encounter,2025-03-06 04:40:00,UTC,+00:00,14.63116,120.83617,24128
DEMO VESSEL 015,548000015,8500159,Philippines,Cargo,Encounter,2025-03-20 11:02:00,UTC,+00:00,14.82264,120.46016,38748
DEMO VESSEL 011,548000011,8500111,Philippines,Other,Loitering,19/03/2025 03:21,Asia/Manila,+08:00,14.76739,120.3464,5757
DEMO VESSEL 022,548000022,8500226,Sierra Leone,Dredging,Port visit,07/03/2025 01:57,Asia/Manila,+08:00,14.32816,120.33399,2309
DEMO VESSEL 038,548000038,8500381,Philippines,Dredging,Fishing event,2025-03-20 22:20:00,Asia/Manila,+08:00,14.6625,120.86513,5567
DEMO VESSEL 013,548000013,8500135,Philippines,Other,Fishing event,09/03/2025 08:00,Asia/Manila,+08:00,14.34155,120.31443,36820
DEMO VESSEL 020,548000020,8500202,Philippines,Other,Loitering,2025-03-06 03:45:00,Asia/Manila,+08:00,14.43678,120.51803,39379
DEMO VESSEL 022,548000022,8500226,Sierra Leone,Dredging,Encounter,2025-03-11 07:31:00,Asia/Manila,+08:00,14.6187,120.48005,31465
AISTESTSHIP,100900301,,,,Port visit,09/03/2025 07:14,UTC,+00:00,14.54463,120.53872,11444
DEMO VESSEL 007,667000007,8500070,Sierra Leone,Cargo,Port visit,2025-03-06 16:34:00,Asia/Manila,+08:00,14.28489,120.83845,10529
DEMO VESSEL 029,548000029,8500290,Philippines,Other,Fishing event,01/03/2025 04:03,Asia/Manila,+08:00,14.31442,120.33708,17297
AIS TEST SHIP,100900301,,,,Loitering,2025-03-25 03:08:00,Asia/Manila,+08:00,14.47504,120.67045,9456
DEMO VESSEL 036,548000036,8500367,Sierra Leone,Cargo,Port visit,2025-03-08 00:42:00,Asia/Manila,+08:00,14.25871,120.7736,19708
DEMO VESSEL 012,548000012,8500123,Philippines,Dredging,Encounter,26/03/2025 15:59,Asia/Manila,+08:00,14.60348,120.82576,17017
DEMO VESSEL 013,548000013,8500135,Philippines,Other,Encounter,04/03/2025 18:53,Asia/Manila,+08:00,14.55241,120.81913,29159
DEMO VESSEL 001,548000001,8500018,Philippines,Dredging,Encounter,2025-03-18 08:51:00,Asia/Manila,+08:00,14.80651,120.37908,1334
DEMO VESSEL 006,548000006,64,Philippines,Dredging,Encounter,2025-03-04 14:21:00,Asia/Manila,+08:00,14.78463,120.62076,5757
DEMO VESSEL 032,548000032,8500329,Philippines,Cargo,Loitering,2025-03-11 14:27:00,UTC,+00:00,14.66164,120.54347,39107
DEMO VESSEL 021,548000021,8500214,Belize,Dredging,Loitering,2025-03-02 02:38:00,UTC,+00:00,14.77083,120.31373,28075
DEMO VESSEL 006,548000006,64,Philippines,Dredging,Port visit,2025-03-07 19:09:00,Asia/Manila,+08:00,14.63685,120.33539,27521
DEMO VESSEL 018,548000018,8500185,Philippines,Cargo,Encounter,11/03/2025 04:06,Asia/Manila,+08:00,14.8131,120.46139,6546
DEMO VESSEL 027,548000027,8500276,Philippines,Cargo,Encounter,2025-03-23 06:36:00,Asia/Manila,+08:00,14.41608,120.54512,22397
DEMO VESSEL 011,548000011,8500111,Philippines,Other,Loitering,02/03/2025 15:29,Asia/Manila,+08:00,14.23837,120.79621,36211
DEMO VESSEL 008,548000008,8500082,Belize,Dredging,Fishing event,2025-03-03 15:53:00,Asia/Manila,+08:00,14.21313,120.43896,37978
DEMO VESSEL 013,548000013,8500135,Philippines,Other,Port visit,2025-03-22 01:57:00,UTC,+00:00,14.87664,120.31948,6493
DEMO VESSEL 007,548000007,8500070,Philippines,Cargo,Loitering,2025-03-04 01:52:00,Asia/Manila,+08:00,14.36101,120.83338,30532
DEMO VESSEL 027,548000027,8500276,Philippines,Cargo,Fishing event,2025-03-15 02:42:00,Asia/Manila,+08:00,14.44802,120.76378,26717
DEMO VESSEL 017,548000017,8500173,Philippines,Other,Fishing event,2025-03-10 17:34:00,Asia/Manila,+08:00,14.21083,120.4134,32229
DEMO VESSEL 030,548000030,8500305,Philippines,Cargo,Fishing event,2025-03-10 19:59:00,Asia/Manila,+08:00,14.65312,120.64772,25095
DEMO VESSEL 028,548000028,8500288,Philippines,Other,Port visit,2025-03-17 09:32:00,Asia/Manila,+08:00,14.25272,120.54208,9526
DEMO VESSEL 034,548000034,8500343,Belize,Cargo,Loitering,2025-03-18 16:28:00,UTC,+00:00,14.71719,120.44154,27467
DEMO VESSEL 003,548000003,8500032,Philippines,Cargo,Fishing event,24/03/2025 02:08,Asia/Manila,+08:00,14.79884,120.8286,35226
DEMO VESSEL 002,548000002,8500020,Philippines,Cargo,Port visit,2025-03-11 12:42:00,Asia/Manila,+08:00,14.46754,120.87636,27650
DEMO VESSEL 025,548000025,8500252,Philippines,Dredging,Fishing event,11/03/2025 02:18,Asia/Manila,+08:00,14.66199,120.73001,8848
DEMO VESSEL 033,548000033,8500331,Philippines,Cargo,Port visit,18/03/2025 18:36,Asia/Manila,+08:00,14.26623,120.69701,24534
DEMO VESSEL 032,548000032,8500329,Philippines,Cargo,Encounter,2025-03-25 12:21:00,Asia/Manila,+08:00,14.63819,120.34725,33927
DEMO VESSEL 037,548000037,8500379,Belize,Cargo,Fishing event,2025-03-09 02:22:00,UTC,+00:00,14.3181,120.49718,37890
DEMO VESSEL 004,548000004,,Philippines,Dredging,Encounter,2025-03-06 13:33:00,Asia/Manila,+08:00,14.6756,120.39013,23131
DEMO VESSEL 025,548000025,8500252,Philippines,Dredging,Port visit,2025-03-10 17:21:00,Asia/Manila,+08:00,14.66145,120.61524,5081
DEMO VESSEL 030,548000030,8500305,Philippines,Cargo,Port visit,07/03/2025 18:43,UTC,+00:00,14.39609,120.88189,9898
DEMO VESSEL 036,548000036,8500367,Sierra Leone,Cargo,Port visit,26/03/2025 10:31,Asia/Manila,+08:00,14.55853,120.52801,36692
DEMO VESSEL 032,548000032,8500329,Philippines,Cargo,Port visit,2025-03-13 04:58:00,Asia/Manila,+08:00,14.42439,120.80706,13844
DEMO VESSEL 039,548000039,8500393,Philippines,Dredging,Loitering,2025-03-17 01:10:00,Asia/Manila,+08:00,14.67915,120.4645,27639
DEMO VESSEL 021,548000021,8500214,Belize,Dredging,Port visit,2025-03-06 09:11:00,Asia/Manila,+08:00,14.87175,120.35494,12923
DEMO VESSEL 029,548000029,8500290,Philippines,Other,Fishing event,2025-03-09 11:10:00,Asia/Manila,+08:00,14.82948,120.68919,34202
DEMO VESSEL 022,548000022,8500226,Sierra Leone,Dredging,Encounter,12/03/2025 21:21,UTC,+00:00,14.56205,120.78765,17750
DEMO VESSEL 016,548000016,8500161,Philippines,Dredging,Fishing event,2025-03-01 22:59:00,Asia/Manila,+08:00,14.64237,120.32503,22006
AIS TEST SHIP,100900301,,,,Loitering,2025-03-11 13:30:00,Asia/Manila,+08:00,14.25623,120.39336,7030
DEMO VESSEL 003,548000003,8500032,Philippines,Cargo,Fishing event,2025-03-23 00:36:00,Asia/Manila,+08:00,14.28665,120.63561,37671
DEMO VESSEL 040,548000040,8500408,Philippines,Other,Port visit,2025-03-07 16:31:00,Asia/Manila,+08:00,14.66773,120.30399,17717
DEMO VESSEL 005,548000005,1234568,Sierra Leone,Dredging,Encounter,05/03/2025 19:19,UTC,+00:00,14.27768,120.86102,19459
DEMO VESSEL 007,548000007,8500070,Philippines,Cargo,Port visit,2025-03-06 22:32:00,Asia/Manila,+08:00,14.72807,120.47522,12367
DEMOVESSEL037,548000037,8500379,Belize,Cargo,Loitering,16/03/2025 01:56,UTC,+00:00,14.64699,120.38383,6526
DEMO VESSEL 029,548000029,8500290,Philippines,Other,Loitering,2025-03-11 03:11:00,Asia/Manila,+08:00,14.5628,120.81658,3698
demo vessel 007,548000007,8500070,Philippines,Cargo,Fishing event,2025-03-16 01:27:00,Asia/Manila,+08:00,14.31337,120.43848,29339
DEMO VESSEL 040,548000040,8500408,Philippines,Other,Loitering,2025-03-16 10:25:00,Asia/Manila,+08:00,14.66118,120.64379,32359
DEMO VESSEL 033,548000033,8500331,Philippines,Cargo,Loitering,09/03/2025 16:35,Asia/Manila,+08:00,14.22242,120.47001,13842
DEMO VESSEL 016,548000016,8500161,Philippines,Dredging,Port visit,2025-03-15 22:59:00,Asia/Manila,+08:00,14.66964,120.61537,35452
DEMO VESSEL 024,548000024,8500240,Philippines,Cargo,Encounter,17/03/2025 23:49,Asia/Manila,+08:00,14.57282,120.60674,25330
DEMO VESSEL 035,548000035,8500355,Philippines,Other,Loitering,2025-03-22 20:22:00,Asia/Manila,+08:00,14.64596,120.64229,36655
DEMO VESSEL 029,548000029,8500290,Philippines,Other,Fishing event,2025-03-24 01:36:00,UTC,+00:00,14.37113,120.73579,28552
DEMO VESSEL 037,548000037,8500379,Belize,Cargo,Loitering,2025-03-25 17:59:00,Asia/Manila,+08:00,14.72586,120.87515,7742
DEMO VESSEL 023,548000023,8500238,Belize,Cargo,Encounter,10/03/2025 01:26,Asia/Manila,+08:00,14.70559,120.88175,28993
DEMO VESSEL 014,548000014,8500147,Philippines,Cargo,Encounter,2025-03-06 10:52:00,Asia/Manila,+08:00,14.75518,120.80742,11434
AIS TEST SHIP,100900301,,,,Encounter,2025-03-12 18:36:00,Asia/Manila,+08:00,14.46615,120.34846,28802
DEMO VESSEL 018,548000018,8500185,Philippines,Cargo,Encounter,2025-03-25 18:13:00,Asia/Manila,+08:00,14.64703,120.3249,1464
DEMOVESSEL023,548000023,8500238,Belize,Cargo,Port visit,2025-03-14 02:55:00,UTC,+00:00,14.48272,120.44777,20326
DEMO VESSEL 004,548000004,,Philippines,Dredging,Fishing event,2025-03-11 09:23:00,UTC,+00:00,14.69893,120.70972,10287
DEMO VESSEL 016,548000016,8500161,Philippines,Dredging,Encounter,01/03/2025 13:10,Asia/Manila,+08:00,14.46825,120.71195,8849
DEMO VESSEL 022,548000022,8500226,Sierra Leone,Dredging,Port visit,2025-03-16 04:14:00,Asia/Manila,+08:00,14.38755,120.83917,36750
DEMO VESSEL 007,667000007,8500070,Sierra Leone,Cargo,Encounter,2025-03-16 12:59:00,UTC,+00:00,14.50409,120.76974,6311
DEMO VESSEL 027,548000027,8500276,Philippines,Cargo,Encounter,05/03/2025 07:49,Asia/Manila,+08:00,14.88307,120.53098,37484
DEMO VESSEL 002,548000002,8500020,Philippines,Cargo,Encounter,08/03/2025 13:38,Asia/Manila,+08:00,14.77432,120.40913,30018
DEMO VESSEL 030,548000030,8500305,Philippines,Cargo,Fishing event,2025-03-05 10:31:00,UTC,+00:00,14.70976,120.43273,18287
DEMO VESSEL 018,548000018,8500185,Philippines,Cargo,Port visit,21/03/2025 04:43,UTC,+00:00,14.69237,120.67326,32985
DEMO VESSEL 001,548000001,8500018,Philippines,Dredging,Loitering,2025-03-24 09:56:00,Asia/Manila,+08:00,14.59757,120.36438,9094
DEMO VESSEL 025,548000025,8500252,Philippines,Dredging,Loitering,2025-03-14 20:45:00,Asia/Manila,+08:00,14.82084,120.43482,18787
DEMO VESSEL 013,548000013,8500135,Philippines,Other,Loitering,03/03/2025 08:12,Asia/Manila,+08:00,14.68784,120.53122,22796
DEMO VESSEL 024,548000024,8500240,Philippines,Cargo,Encounter,2025-03-24 22:38:00,Asia/Manila,+08:00,14.70964,120.71306,38684
DEMO VESSEL 006,548000006,64,Philippines,Dredging,Port visit,2025-03-01 07:57:00,UTC,+00:00,14.47947,120.72773,27549
DEMO VESSEL 010,548000010,8500109,Belize,Other,Loitering,2025-03-26 23:07:00,UTC,+00:00,14.49218,120.60207,23620
DEMO VESSEL 018,548000018,8500185,Philippines,Cargo,Port visit,2025-03-26 18:04:00,UTC,+00:00,14.86089,120.75766,23116
DEMO VESSEL 006 ,548000006,64,Philippines,Dredging,Fishing event,2025-03-18 07:51:00,Asia/Manila,+08:00,14.23553,120.81498,22524
DEMO VESSEL 037,548000037,8500379,Belize,Cargo,Loitering,2025-03-21 06:40:00,UTC,+00:00,14.82647,120.43005,29593
DEMO VESSEL 027,548000027,8500276,Philippines,Cargo,Encounter,2025-03-14 21:21:00,UTC,+00:00,14.61743,120.39411,6672
DEMO VESSEL 018,548000018,8500185,Philippines,Cargo,Loitering,2025-03-04 09:42:00,UTC,+00:00,14.46987,120.79756,5074
DEMO VESSEL 038,548000038,8500381,Philippines,Dredging,Loitering,2025-03-22 19:02:00,UTC,+00:00,14.83766,120.40064,8260
DEMO VESSEL 004,548000004,,Philippines,Dredging,Port visit,2025-03-22 23:58:00,UTC,+00:00,14.34523,120.79655,4701
AISTESTSHIP,100900301,,,,Loitering,2025-03-27 00:20:00,Asia/Manila,+08:00,14.83193,120.83725,38330
DEMO VESSEL 033,548000033,8500331,Philippines,Cargo,Encounter,20/03/2025 13:40,UTC,+00:00,14.49234,120.38057,32527
DEMO VESSEL 007,548000007,8500070,Philippines,Cargo,Fishing event,27/03/2025 14:59,Asia/Manila,+08:00,14.82275,120.56209,34681
demo vessel 039,548000039,8500393,Philippines,Dredging,Fishing event,2025-03-23 18:04:00,Asia/Manila,+08:00,14.52467,120.84829,1146
DEMO VESSEL 038,548000038,8500381,Philippines,Dredging,Port visit,2025-03-15 06:04:00,Asia/Manila,+08:00,14.62183,120.39569,33667
DEMO VESSEL 007,548000007,8500070,Philippines,Cargo,Port visit,11/03/2025 00:36,Asia/Manila,+08:00,14.30509,120.47203,24333
DEMO VESSEL 008,548000008,8500082,Belize,Dredging,Encounter,2025-03-22 11:13:00,UTC,+00:00,14.6099,120.86327,16595
DEMO VESSEL 013,548000013,8500135,Philippines,Other,Encounter,2025-03-04 15:56:00,UTC,+00:00,14.33537,120.47754,7287
DEMO VESSEL 005,548000005,1234568,Sierra Leone,Dredging,Fishing event,27/03/2025 23:56,Asia/Manila,+08:00,14.25357,120.60271,1266
DEMO VESSEL 019,548000019,8500197,Philippines,Cargo,Loitering,2025-03-19 22:22:00,Asia/Manila,+08:00,14.71526,120.48231,11866
AIS TEST SHIP,100900301,,,,Encounter,2025-03-17 03:37:00,UTC,+00:00,14.60863,120.68066,35187
DEMO VESSEL 016,548000016,8500161,Philippines,Dredging,Port visit,07/03/2025 00:17,Asia/Manila,+08:00,14.34713,120.78776,7092
DEMO VESSEL 013,548000013,8500135,Philippines,Other,Loitering,2025-03-11 07:59:00,Asia/Manila,+08:00,14.57583,120.56461,2242
DEMO VESSEL 031,548000031,8500317,Philippines,Cargo,Encounter,20/03/2025 01:14,Asia/Manila,+08:00,14.66119,120.50055,24294
DEMO VESSEL 003,548000003,8500032,Philippines,Cargo,Loitering,2025-03-27 12:18:00,UTC,+00:00,14.77837,120.80075,15014
demo vessel 006,548000006,64,Philippines,Dredging,Port visit,2025-03-01 21:48:00,Asia/Manila,+08:00,14.45502,120.73752,11655
DEMO VESSEL 032,548000032,8500329,Philippines,Cargo,Fishing event,2025-03-20 09:41:00,Asia/Manila,+08:00,14.22945,120.38637,32670
DEMO VESSEL 004,548000004,,Philippines,Dredging,Port visit,2025-03-20 22:11:00,Asia/Manila,+08:00,14.76036,120.37383,6055
DEMO VESSEL 021,548000021,8500214,Belize,Dredging,Encounter,25/03/2025 02:21,Asia/Manila,+08:00,14.6518,120.60469,2400
DEMO VESSEL 005,548000005,1234568,Sierra Leone,Dredging,Encounter,01/03/2025 17:28,Asia/Manila,+08:00,14.53364,120.72379,37639
DEMO VESSEL 023,548000023,8500238,Belize,Cargo,Fishing event,2025-03-04 00:34:00,Asia/Manila,+08:00,14.34455,120.41199,20212
DEMO VESSEL 029,548000029,8500290,Philippines,Other,Fishing event,2025-03-08 18:23:00,Asia/Manila,+08:00,14.88325,120.36845,27100
DEMO VESSEL 030,548000030,8500305,Philippines,Cargo,Encounter,08/03/2025 21:18,Asia/Manila,+08:00,14.5013,120.67542,28560
DEMO VESSEL 004,548000004,,Philippines,Dredging,Encounter,2025-03-10 00:57:00,Asia/Manila,+08:00,14.64185,120.81289,32013
DEMO VESSEL 008,548000008,8500082,Belize,Dredging,Port visit,18/03/2025 13:12,Asia/Manila,+08:00,14.65228,120.35438,18225
DEMO VESSEL 036,548000036,8500367,Sierra Leone,Cargo,Loitering,2025-03-18 20:06:00,Asia/Manila,+08:00,14.86272,120.7879,16051
DEMO VESSEL 003,548000003,8500032,Philippines,Cargo,Encounter,23/03/2025 14:54,Asia/Manila,+08:00,14.52463,120.38317,30728
DEMO VESSEL 026,548000026,8500264,Philippines,Cargo,Fishing event,2025-03-05 16:44:00,Asia/Manila,+08:00,14.73255,120.43222,2040
DEMO VESSEL 009,548000009,8500094,Belize,Cargo,Port visit,2025-03-11 23:25:00,Asia/Manila,+08:00,14.76792,120.85303,9058
DEMO VESSEL 023,548000023,8500238,Belize,Cargo,Loitering,2025-03-21 08:13:00,Asia/Manila,+08:00,14.56857,120.60683,3975
DEMO VESSEL 023,548000023,8500238,Belize,Cargo,Port visit,2025-03-17 19:51:00,UTC,+00:00,14.88091,120.39157,6809
DEMO VESSEL 035 ,548000035,8500355,Philippines,Other,Port visit,10/03/2025 15:47,Asia/Manila,+08:00,14.64645,120.71202,32799
DEMO VESSEL 022,548000022,8500226,Sierra Leone,Dredging,Fishing event,24/03/2025 19:48,Asia/Manila,+08:00,14.31326,120.33746,23994
DEMO VESSEL 003,548000003,8500032,Philippines,Cargo,Fishing event,2025-03-07 05:38:00,UTC,+00:00,14.49119,120.89626,1488
DEMO VESSEL 031,548000031,8500317,Philippines,Cargo,Encounter,2025-03-05 00:19:00,Asia/Manila,+08:00,14.20655,120.3149,18278
DEMO VESSEL 040,548000040,8500408,Philippines,Other,Encounter,2025-03-12 10:43:00,Asia/Manila,+08:00,14.64745,120.80619,15914
DEMO VESSEL 040,548000040,8500408,Philippines,Other,Encounter,2025-03-13 16:01:00,Asia/Manila,+08:00,14.22288,120.88821,3182
DEMO VESSEL 027,548000027,8500276,Philippines,Cargo,Encounter,2025-03-07 00:30:00,Asia/Manila,+08:00,14.4298,120.48345,7245
DEMO VESSEL 003,548000003,8500032,Philippines,Cargo,Encounter,26/03/2025 23:57,UTC,+00:00,14.48994,120.80131,31404
DEMO VESSEL 039,548000039,8500393,Philippines,Dredging,Loitering,2025-03-23 00:36:00,UTC,+00:00,14.82688,120.76705,37962
DEMO VESSEL 029,548000029,8500290,Philippines,Other,Port visit,2025-03-01 15:03:00,Asia/Manila,+08:00,14.54014,120.63434,31378
DEMOVESSEL030,548000030,8500305,Philippines,Cargo,Loitering,05/03/2025 00:10,Asia/Manila,+08:00,14.6374,120.80223,17470
DEMO VESSEL 030,548000030,8500305,Philippines,Cargo,Port visit,09/03/2025 03:57,Asia/Manila,+08:00,14.22192,120.7232,13724
DEMO VESSEL 033,548000033,8500331,Philippines,Cargo,Loitering,26/03/2025 15:30,Asia/Manila,+08:00,14.77532,120.43926,15386
DEMO VESSEL 025,548000025,8500252,Philippines,Dredging,Fishing event,2025-03-08 15:07:00,Asia/Manila,+08:00,14.49315,120.88474,18416
DEMO VESSEL 005,548000005,1234568,Sierra Leone,Dredging,Port visit,05/03/2025 21:21,Asia/Manila,+08:00,14.41649,120.75949,30485
DEMO VESSEL 029,548000029,8500290,Philippines,Other,Encounter,2025-03-09 00:45:00,Asia/Manila,+08:00,14.82263,120.59879,5540
AIS TEST SHIP,100900301,,,,Fishing event,2025-03-17 18:24:00,UTC,+00:00,14.62989,120.49022,13663
DEMO VESSEL 005,548000005,1234568,Sierra Leone,Dredging,Fishing event,10/03/2025 10:46,Asia/Manila,+08:00,14.42074,120.48481,26781
DEMO VESSEL 028,548000028,8500288,Philippines,Other,Port visit,02/03/2025 17:31,Asia/Manila,+08:00,14.41341,120.3833,19735
DEMO VESSEL 031,548000031,8500317,Philippines,Cargo,Loitering,2025-03-25 04:10:00,Asia/Manila,+08:00,14.31945,120.34458,14065
DEMO VESSEL 031,548000031,8500317,Philippines,Cargo,Encounter,2025-03-26 09:05:00,UTC,+00:00,14.34079,120.44357,29818
DEMO VESSEL 013,548000013,8500135,Philippines,Other,Encounter,08/03/2025 06:25,Asia/Manila,+08:00,14.87762,120.50385,30032
DEMO VESSEL 038,548000038,8500381,Philippines,Dredging,Port visit,2025-03-24 14:10:00,UTC,+00:00,14.31229,120.76191,12945
DEMO VESSEL 021,548000021,8500214,Belize,Dredging,Fishing event,13/03/2025 11:49,Asia/Manila,+08:00,14.59799,120.74042,38263
DEMO VESSEL 027,548000027,8500276,Philippines,Cargo,Port visit,26/03/2025 15:10,Asia/Manila,+08:00,14.75897,120.31705,8228
DEMO VESSEL 012,548000012,8500123,Philippines,Dredging,Loitering,18/03/2025 18:22,Asia/Manila,+08:00,14.20068,120.61664,25277
DEMO VESSEL 027,548000027,8500276,Philippines,Cargo,Loitering,09/03/2025 15:51,UTC,+00:00,14.88949,120.4956,20099
DEMO VESSEL 008,548000008,8500082,Belize,Dredging,Port visit,20/03/2025 01:10,Asia/Manila,+08:00,14.83288,120.76598,2434
DEMO VESSEL 033,548000033,8500331,Philippines,Cargo,Fishing event,2025-03-15 17:06:00,UTC,+00:00,14.75919,120.70334,13126
DEMO VESSEL 002,548000002,8500020,Philippines,Cargo,Encounter,2025-03-18 12:32:00,Asia/Manila,+08:00,14.57373,120.65995,24661
DEMO VESSEL 024,548000024,8500240,Philippines,Cargo,Encounter,2025-03-26 15:43:00,Asia/Manila,+08:00,14.80302,120.64164,17812
DEMO VESSEL 020,548000020,8500202,Philippines,Other,Loitering,2025-03-08 08:16:00,Asia/Manila,+08:00,14.45892,120.38531,11515
DEMO VESSEL 017,548000017,8500173,Philippines,Other,Port visit,2025-03-15 10:26:00,Asia/Manila,+08:00,14.6907,120.31496,1049
DEMO VESSEL 038,548000038,8500381,Philippines,Dredging,Loitering,03/03/2025 05:26,Asia/Manila,+08:00,14.31239,120.71808,28192
DEMO VESSEL 002,548000002,8500020,Philippines,Cargo,Port visit,2025-03-27 01:44:00,Asia/Manila,+08:00,14.57882,120.51521,37083
DEMO VESSEL 009,548000009,8500094,Belize,Cargo,Loitering,2025-03-02 13:06:00,Asia/Manila,+08:00,14.36755,120.44611,5854
DEMO VESSEL 011,548000011,8500111,Philippines,Other,Port visit,2025-03-24 12:25:00,Asia/Manila,+08:00,14.33318,120.60523,21237
DEMO VESSEL 036,548000036,8500367,Sierra Leone,Cargo,Port visit,2025-03-01 11:16:00,Asia/Manila,+08:00,14.33847,120.48733,22821
DEMO VESSEL 038,548000038,8500381,Philippines,Dredging,Loitering,13/03/2025 18:30,Asia/Manila,+08:00,14.34426,120.53408,9363
DEMO VESSEL 018,548000018,8500185,Philippines,Cargo,Port visit,23/03/2025 01:53,Asia/Manila,+08:00,14.55948,120.55162,29078
DEMO VESSEL 028,548000028,8500288,Philippines,Other,Encounter,2025-03-09 01:35:00,Asia/Manila,+08:00,14.46783,120.72039,25303
DEMO VESSEL 006,548000006,64,Philippines,Dredging,Port visit,10/03/2025 10:06,Asia/Manila,+08:00,0.0,0.0,25915
DEMO VESSEL 007 ,548000007,8500070,Philippines,Cargo,Encounter,16/03/2025 06:51,Asia/Manila,+08:00,14.25785,120.84102,22076
DEMO VESSEL 008,548000008,8500082,Belize,Dredging,Loitering,14/03/2025 12:00,Asia/Manila,+08:00,14.8243,120.79682,13027
DEMO VESSEL 019,548000019,8500197,Philippines,Cargo,Encounter,2025-03-09 09:41:00,Asia/Manila,+08:00,14.22612,120.53034,9694
DEMO VESSEL 026,548000026,8500264,Philippines,Cargo,Loitering,08/03/2025 12:08,Asia/Manila,+08:00,14.89426,120.43926,28948
DEMO VESSEL 033,548000033,8500331,Philippines,Cargo,Port visit,2025-03-27 18:30:00,Asia/Manila,+08:00,14.26204,120.84486,28922
DEMO VESSEL 002,548000002,8500020,Philippines,Cargo,Fishing event,2025-03-19 19:29:00,UTC,+00:00,14.64767,120.4858,29257
DEMO VESSEL 024,548000024,8500240,Philippines,Cargo,Encounter,2025-03-11 22:28:00,Asia/Manila,+08:00,14.81851,120.32974,10984
DEMO VESSEL 033,548000033,8500331,Philippines,Cargo,Loitering,2025-03-16 07:24:00,Asia/Manila,+08:00,14.71801,120.71374,5733
DEMO VESSEL 010,548000010,8500109,Belize,Other,Loitering,02/03/2025 13:19,Asia/Manila,+08:00,14.84215,120.78221,25238
DEMO VESSEL 017,548000017,8500173,Philippines,Other,Encounter,2025-03-11 07:50:00,Asia/Manila,+08:00,14.42092,120.46372,18090
DEMO VESSEL 015 ,548000015,8500159,Philippines,Cargo,Port visit,2025-03-14 22:07:00,Asia/Manila,+08:00,14.39769,120.49533,9696
DEMO VESSEL 014,548000014,8500147,Philippines,Cargo,Encounter,2025-03-12 17:11:00,Asia/Manila,+08:00,14.73656,120.66155,39841
DEMO VESSEL 023,548000023,8500238,Belize,Cargo,Loitering,13/03/2025 11:44,Asia/Manila,+08:00,14.54802,120.58624,26085
DEMO VESSEL 023,548000023,8500238,Belize,Cargo,Fishing event,21/03/2025 20:06,Asia/Manila,+08:00,14.826,120.40161,38115
DEMO VESSEL 040,548000040,8500408,Philippines,Other,Fishing event,2025-03-13 11:34:00,Asia/Manila,+08:00,14.47188,120.38853,33666
DEMO VESSEL 013,548000013,8500135,Philippines,Other,Port visit,20/03/2025 15:12,Asia/Manila,+08:00,14.71945,120.61032,30044
DEMO VESSEL 030,548000030,8500305,Philippines,Cargo,Port visit,2025-03-07 10:00:00,UTC,+00:00,14.86844,120.60736,4670
demo vessel 004,548000004,,Philippines,Dredging,Fishing event,03/03/2025 06:46,Asia/Manila,+08:00,14.57629,120.30296,7561
DEMO VESSEL 013,548000013,8500135,Philippines,Other,Fishing event,2025-03-24 06:26:00,Asia/Manila,+08:00,14.3094,120.34475,466
DEMO VESSEL 038,548000038,8500381,Philippines,Dredging,Encounter,24/03/2025 01:41,UTC,+00:00,14.27134,120.83629,34278
DEMO VESSEL 033,548000033,8500331,Philippines,Cargo,Encounter,2025-03-11 19:38:00,UTC,+00:00,14.59563,120.61626,22194
DEMO VESSEL 020,548000020,8500202,Philippines,Other,Loitering,2025-03-13 12:27:00,Asia/Manila,+08:00,14.74864,120.70023,14706
DEMO VESSEL 032,548000032,8500329,Philippines,Cargo,Encounter,2025-03-12 13:52:00,Asia/Manila,+08:00,14.32129,120.57923,1189
DEMO VESSEL 027,548000027,8500276,Philippines,Cargo,Port visit,2025-03-14 19:08:00,Asia/Manila,+08:00,14.84548,120.32388,29929
DEMO VESSEL 024,548000024,8500240,Philippines,Cargo,Fishing event,2025-03-13 13:08:00,Asia/Manila,+08:00,14.48833,120.58649,5989
DEMO VESSEL 035,548000035,8500355,Philippines,Other,Port visit,2025-03-20 18:16:00,Asia/Manila,+08:00,14.45031,120.72964,37465
DEMO VESSEL 033,548000033,8500331,Philippines,Cargo,Fishing event,2025-03-01 00:35:00,Asia/Manila,+08:00,14.29577,120.57342,3283
DEMO VESSEL 007,667000007,8500070,Sierra Leone,Cargo,Port visit,25/03/2025 17:16,UTC,+00:00,14.63035,120.31448,31553
DEMO VESSEL 020,548000020,8500202,Philippines,Other,Loitering,10/03/2025 20:56,Asia/Manila,+08:00,14.41062,120.44044,37464
DEMO VESSEL 012,548000012,8500123,Philippines,Dredging,Fishing event,2025-03-11 00:25:00,UTC,+00:00,14.83806,120.68961,26728
DEMO VESSEL 038,548000038,8500381,Philippines,Dredging,Loitering,2025-03-08 11:05:00,Asia/Manila,+08:00,14.55269,120.66642,33752
DEMO VESSEL 011,548000011,8500111,Philippines,Other,Fishing event,2025-03-12 18:06:00,Asia/Manila,+08:00,14.71081,120.87272,27330
DEMO VESSEL 008,548000008,8500082,Belize,Dredging,Encounter,2025-03-02 09:10:00,Asia/Manila,+08:00,14.38774,120.63149,11816
DEMO VESSEL 016,548000016,8500161,Philippines,Dredging,Encounter,2025-03-24 02:50:00,Asia/Manila,+08:00,14.55785,120.5402,6709
DEMO VESSEL 030,548000030,8500305,Philippines,Cargo,Loitering,2025-03-18 17:43:00,Asia/Manila,+08:00,14.64914,120.36188,31260
DEMO VESSEL 034,548000034,8500343,Belize,Cargo,Fishing event,2025-03-22 21:58:00,UTC,+00:00,14.81749,120.89484,17427
DEMO VESSEL 018,548000018,8500185,Philippines,Cargo,Port visit,2025-03-07 12:17:00,Asia/Manila,+08:00,14.60135,120.77922,29811
DEMO VESSEL 021,548000021,8500214,Belize,Dredging,Fishing event,2025-03-21 08:27:00,Asia/Manila,+08:00,14.34177,120.66577,8674
DEMO VESSEL 021,548000021,8500214,Belize,Dredging,Loitering,2025-03-16 18:14:00,Asia/Manila,+08:00,14.5738,120.82704,20848
DEMO VESSEL 011,548000011,8500111,Philippines,Other,Loitering,10/03/2025 20:36,UTC,+00:00,14.36494,120.8544,11562
DEMO VESSEL 037,548000037,8500379,Belize,Cargo,Fishing event,2025-03-27 05:32:00,Asia/Manila,+08:00,14.44731,120.8121,39642
DEMO VESSEL 008,548000008,8500082,Belize,Dredging,Encounter,05/03/2025 08:04,UTC,+00:00,14.48614,120.62747,31318
DEMO VESSEL 015,548000015,8500159,Philippines,Cargo,Port visit,06/03/2025 09:23,Asia/Manila,+08:00,14.84141,120.35837,23203
demo vessel 014,548000014,8500147,Philippines,Cargo,Loitering,2025-03-24 16:24:00,UTC,+00:00,14.43116,120.59623,32286
DEMO VESSEL 010,548000010,8500109,Belize,Other,Encounter,2025-03-25 20:24:00,Asia/Manila,+08:00,14.58847,120.32053,3923
DEMO VESSEL 038,548000038,8500381,Philippines,Dredging,Port visit,2025-03-01 00:52:00,Asia/Manila,+08:00,14.4383,120.78063,19659
DEMO VESSEL 024,548000024,8500240,Philippines,Cargo,Port visit,2025-03-01 02:51:00,Asia/Manila,+08:00,14.46285,120.31685,24760
DEMO VESSEL 007,667000007,8500070,Sierra Leone,Cargo,Encounter,14/03/2025 00:43,Asia/Manila,+08:00,14.43703,120.72208,7386
DEMO VESSEL 004,548000004,,Philippines,Dredging,Encounter,17/03/2025 05:00,UTC,+00:00,14.67593,120.82559,15197
DEMO VESSEL 004,548000004,,Philippines,Dredging,Port visit,2025-03-15 11:51:00,UTC,+00:00,14.39308,120.55666,20300
DEMO VESSEL 026,548000026,8500264,Philippines,Cargo,Loitering,2025-03-16 17:13:00,UTC,+00:00,14.3954,120.59421,7792
DEMO VESSEL 036,548000036,8500367,Sierra Leone,Cargo,Loitering,16/03/2025 15:12,Asia/Manila,+08:00,14.52424,120.87267,21035
DEMO VESSEL 008,548000008,8500082,Belize,Dredging,Port visit,2025-03-13 04:02:00,Asia/Manila,+08:00,14.24902,120.45725,23795
DEMO VESSEL 030,548000030,8500305,Philippines,Cargo,Loitering,2025-03-25 22:39:00,UTC,+00:00,14.5663,120.79166,33157
DEMO VESSEL 032 ,548000032,8500329,Philippines,Cargo,Loitering,01/03/2025 12:17,Asia/Manila,+08:00,14.88518,120.8915,1208
DEMO VESSEL 018,548000018,8500185,Philippines,Cargo,Port visit,12/03/2025 01:03,Asia/Manila,+08:00,14.88197,120.74086,12055
DEMO VESSEL 019,548000019,8500197,Philippines,Cargo,Fishing event,17/02/2025 19:17,Asia/Manila,+08:00,14.70908,120.63406,34887
DEMO VESSEL 006,548000006,64,Philippines,Dredging,Fishing event,10/03/2025 19:58,Asia/Manila,+08:00,14.76869,120.55686,2882
DEMO VESSEL 024,548000024,8500240,Philippines,Cargo,Encounter,2025-03-19 17:23:00,Asia/Manila,+08:00,14.40452,120.56748,25851
DEMO VESSEL 039,548000039,8500393,Philippines,Dredging,Port visit,2025-03-16 08:46:00,Asia/Manila,+08:00,14.69257,120.31918,30657
DEMO VESSEL 040,548000040,8500408,Philippines,Other,Port visit,2025-03-01 19:28:00,UTC,+00:00,14.37618,120.77768,14366
DEMO VESSEL 036,548000036,8500367,Sierra Leone,Cargo,Port visit,2025-03-17 21:10:00,Asia/Manila,+08:00,14.40137,120.80517,15999
DEMO VESSEL 034,548000034,8500343,Belize,Cargo,Loitering,09/03/2025 01:55,UTC,+00:00,14.50438,120.55212,16862
DEMO VESSEL 005,548000005,1234568,Sierra Leone,Dredging,Loitering,2025-03-17 14:27:00,UTC,+00:00,14.55026,120.37038,31395
AIS TEST SHIP,100900301,,,,Fishing event,2025-03-13 03:52:00,Asia/Manila,+08:00,14.67029,120.38402,28224
DEMO VESSEL 030,548000030,8500305,Philippines,Cargo,Port visit,2025-03-04 00:12:00,UTC,+00:00,14.43397,120.83444,28182
DEMO VESSEL 012 ,548000012,8500123,Philippines,Dredging,Loitering,16/03/2025 04:14,UTC,+00:00,14.5301,120.46023,13909
DEMO VESSEL 036,548000036,8500367,Sierra Leone,Cargo,Fishing event,2025-03-24 13:30:00,Asia/Manila,+08:00,14.58666,120.44547,39665
DEMO VESSEL 019,548000019,8500197,Philippines,Cargo,Encounter,2025-03-04 04:17:00,Asia/Manila,+08:00,14.74253,120.5265,14264
DEMO VESSEL 007,667000007,8500070,Sierra Leone,Cargo,Fishing event,2025-03-11 16:39:00,Asia/Manila,+08:00,14.40989,120.50211,24505
DEMO VESSEL 012,548000012,8500123,Philippines,Dredging,Fishing event,2025-03-25 05:25:00,UTC,+00:00,14.60989,120.6687,10025
DEMO VESSEL 036,548000036,8500367,Sierra Leone,Cargo,Port visit,2025-03-01 11:16:00,Asia/Manila,+08:00,14.33847,120.48733,22821
DEMO VESSEL 011,548000011,8500111,Philippines,Other,Encounter,26/03/2025 17:09,UTC,+00:00,14.83806,120.40488,39950
DEMO VESSEL 029,548000029,8500290,Philippines,Other,Fishing event,15/03/2025 04:35,UTC,+00:00,14.27868,120.73488,20240
DEMO VESSEL 019,548000019,8500197,Philippines,Cargo,Loitering,2025-03-02 08:05:00,UTC,+00:00,14.33676,120.66952,36472
DEMO VESSEL 031 ,548000031,8500317,Philippines,Cargo,Encounter,2025-03-07 10:35:00,Asia/Manila,+08:00,14.38589,120.89458,19666
DEMO VESSEL 007,667000007,8500070,Sierra Leone,Cargo,Port visit,2025-03-02 16:10:00,Asia/Manila,+08:00,14.82494,120.35261,15692
DEMO VESSEL 003 ,548000003,8500032,Philippines,Cargo,Loitering,2025-03-25 13:10:00,Asia/Manila,+08:00,14.50706,120.85541,10638
DEMO VESSEL 004,548000004,,Philippines,Dredging,Loitering,2025-03-02 00:03:00,Asia/Manila,+08:00,14.53044,120.84509,24127
DEMO VESSEL 020,548000020,8500202,Philippines,Other,Encounter,2025-03-21 02:15:00,Asia/Manila,+08:00,14.85295,120.87937,12001
DEMO VESSEL 007,667000007,8500070,Sierra Leone,Cargo,Encounter,2025-03-16 01:00:00,Asia/Manila,+08:00,14.52451,120.71758,34215
DEMO VESSEL 007,548000007,8500070,Philippines,Cargo,Loitering,2025-03-13 01:14:00,Asia/Manila,+08:00,14.76287,120.40751,24551
DEMO VESSEL 013,548000013,8500135,Philippines,Other,Encounter,26/03/2025 01:19,Asia/Manila,+08:00,14.22277,120.44251,19785
DEMO VESSEL 031,548000031,8500317,Philippines,Cargo,Encounter,20/03/2025 00:27,Asia/Manila,+08:00,14.5971,120.79715,14247
DEMO VESSEL 010,548000010,8500109,Belize,Other,Loitering,23/03/2025 17:57,Asia/Manila,+08:00,14.27755,120.431,33720
DEMO VESSEL 026,548000026,8500264,Philippines,Cargo,Fishing event,2025-03-21 10:01:00,Asia/Manila,+08:00,14.46893,120.5369,27581
DEMO VESSEL 016,548000016,8500161,Philippines,Dredging,Encounter,2025-03-12 10:14:00,Asia/Manila,+08:00,14.68543,120.87723,3975
DEMO VESSEL 025,548000025,8500252,Philippines,Dredging,Port visit,2025-03-26 04:59:00,Asia/Manila,+08:00,14.58672,120.35438,26623
DEMO VESSEL 010,548000010,8500109,Belize,Other,Loitering,2025-03-25 04:35:00,UTC,+00:00,14.34087,120.38746,17819
DEMO VESSEL 017,548000017,8500173,Philippines,Other,Port visit,2025-03-18 00:44:00,Asia/Manila,+08:00,14.21181,120.65067,7342
DEMO VESSEL 013,548000013,8500135,Philippines,Other,Fishing event,24/03/2025 03:35,Asia/Manila,+08:00,14.26886,120.33698,23847
DEMO VESSEL 040,548000040,8500408,Philippines,Other,Port visit,2025-03-11 22:35:00,Asia/Manila,+08:00,14.78854,120.80398,32298
AIS TEST SHIP,100900301,,,,Encounter,13/03/2025 06:54,Asia/Manila,+08:00,14.64686,120.60107,16711
DEMO VESSEL 031,548000031,8500317,Philippines,Cargo,Port visit,11/03/2025 12:32,UTC,+00:00,14.75962,120.33096,23233
DEMO VESSEL 005,548000005,1234568,Sierra Leone,Dredging,Fishing event,2025-03-17 01:30:00,UTC,+00:00,14.36005,120.79986,16143
DEMO VESSEL 038,548000038,8500381,Philippines,Dredging,Port visit,2025-03-06 11:05:00,Asia/Manila,+08:00,14.3954,120.47819,28178
DEMO VESSEL 015,548000015,8500159,Philippines,Cargo,Fishing event,2025-03-22 08:57:00,UTC,+00:00,14.67356,120.35687,11298
DEMO VESSEL 027,548000027,8500276,Philippines,Cargo,Fishing event,2025-03-16 10:28:00,Asia/Manila,+08:00,14.61675,120.33766,26871
DEMO VESSEL 030,548000030,8500305,Philippines,Cargo,Loitering,2025-03-27 11:11:00,Asia/Manila,+08:00,14.66295,120.81189,14547
DEMO VESSEL 028,548000028,8500288,Philippines,Other,Fishing event,21/03/2025 14:35,UTC,+00:00,14.86733,120.70523,17616
DEMO VESSEL 017,548000017,8500173,Philippines,Other,Fishing event,2025-03-16 22:03:00,Asia/Manila,+08:00,14.52527,120.68037,3214
DEMO VESSEL 033,548000033,8500331,Philippines,Cargo,Port visit,2025-03-15 00:38:00,Asia/Manila,+08:00,14.23168,120.85036,26697
DEMO VESSEL 014,548000014,8500147,Philippines,Cargo,Port visit,2025-03-19 07:01:00,Asia/Manila,+08:00,14.5345,120.58154,25855
DEMO VESSEL 009,548000009,8500094,Belize,Cargo,Fishing event,2025-03-15 20:46:00,Asia/Manila,+08:00,14.4728,120.37996,17273
DEMO VESSEL 025,548000025,8500252,Philippines,Dredging,Port visit,2025-03-24 17:35:00,Asia/Manila,+08:00,14.68903,120.46206,24622
DEMO VESSEL 018,548000018,8500185,Philippines,Cargo,Port visit,22/03/2025 12:31,Asia/Manila,+08:00,14.25386,120.59483,30060
AIS TEST SHIP,100900301,,,,Encounter,2025-03-18 14:20:00,Asia/Manila,+08:00,14.87999,120.44782,10109
DEMO VESSEL 016 ,548000016,8500161,Philippines,Dredging,Port visit,10/03/2025 22:51,Asia/Manila,+08:00,14.82079,120.87969,29376
AIS TEST SHIP,100900301,,,,Port visit,2025-03-06 14:37:00,Asia/Manila,+08:00,14.2519,120.5416,4716
DEMO VESSEL 027,548000027,8500276,Philippines,Cargo,Encounter,2025-03-23 13:19:00,Asia/Manila,+08:00,14.50958,120.47824,2540
DEMO VESSEL 037,548000037,8500379,Belize,Cargo,Port visit,2025-03-13 15:59:00,Asia/Manila,+08:00,14.30037,120.64335,6406
DEMO VESSEL 023,548000023,8500238,Belize,Cargo,Loitering,2025-03-25 23:32:00,Asia/Manila,+08:00,14.27393,120.46775,29679
DEMO VESSEL 014,548000014,8500147,Philippines,Cargo,Encounter,2025-03-14 14:14:00,Asia/Manila,+08:00,14.22856,120.64402,13978
DEMO VESSEL 029,548000029,8500290,Philippines,Other,Encounter,2025-03-04 13:12:00,Asia/Manila,+08:00,14.84696,120.6755,2188
DEMO VESSEL 021,548000021,8500214,Belize,Dredging,Fishing event,14/03/2025 00:05,UTC,+00:00,14.87073,120.40404,13670
DEMO VESSEL 004,548000004,,Philippines,Dredging,Loitering,24/03/2025 12:48,UTC,+00:00,14.24335,120.45029,24831
DEMO VESSEL 024,548000024,8500240,Philippines,Cargo,Encounter,17/03/2025 23:49,Asia/Manila,+08:00,14.57282,120.60674,25330
DEMOVESSEL021,548000021,8500214,Belize,Dredging,Port visit,2025-03-24 01:55:00,Asia/Manila,+08:00,14.21493,120.58436,11509
DEMO VESSEL 036,548000036,8500367,Sierra Leone,Cargo,Loitering,2025-03-24 00:38:00,UTC,+00:00,14.82266,120.4083,36464
DEMO VESSEL 030,548000030,8500305,Philippines,Cargo,Fishing event,02/03/2025 03:07,Asia/Manila,+08:00,14.78296,120.63484,38471
DEMO VESSEL 011,548000011,8500111,Philippines,Other,Encounter,2025-03-20 09:05:00,Asia/Manila,+08:00,14.36971,120.72924,16933
DEMO VESSEL 016,548000016,8500161,Philippines,Dredging,Loitering,16/03/2025 12:38,Asia/Manila,+08:00,14.69195,120.46442,28940
DEMO VESSEL 018,548000018,8500185,Philippines,Cargo,Fishing event,2025-03-21 03:51:00,UTC,+00:00,14.55925,120.70089,15542
DEMO VESSEL 032,548000032,8500329,Philippines,Cargo,Loitering,15/03/2025 11:28,UTC,+00:00,14.66624,120.63183,29976
DEMO VESSEL 009 ,548000009,8500094,Belize,Cargo,Loitering,2025-03-07 12:51:00,Asia/Manila,+08:00,14.5801,120.64436,8977
AIS TEST SHIP,100900301,,,,Loitering,06/03/2025 15:01,UTC,+00:00,14.5545,120.58057,31859
DEMO VESSEL 029,548000029,8500290,Philippines,Other,Fishing event,23/03/2025 13:49,UTC,+00:00,14.31486,120.53124,22368
DEMO VESSEL 024,548000024,8500240,Philippines,Cargo,Port visit,2025-03-22 12:35:00,Asia/Manila,+08:00,14.74539,120.52958,23447
DEMO VESSEL 031,548000031,8500317,Philippines,Cargo,Loitering,2025-03-08 21:50:00,Asia/Manila,+08:00,14.65633,120.86499,35598
DEMO VESSEL 039,548000039,8500393,Philippines,Dredging,Loitering,2025-03-22 07:09:00,Asia/Manila,+08:00,14.24822,120.85447,31398
DEMO VESSEL 026 ,548000026,8500264,Philippines,Cargo,Encounter,2025-03-01 13:41:00,UTC,+00:00,14.63127,120.60074,5698
DEMO VESSEL 003,548000003,8500032,Philippines,Cargo,Loitering,2025-03-26 16:55:00,Asia/Manila,+08:00,14.25908,120.38704,27362
DEMO VESSEL 029 ,548000029,8500290,Philippines,Other,Loitering,2025-03-15 23:27:00,Asia/Manila,+08:00,14.37813,120.39076,19697
DEMO VESSEL 037,548000037,8500379,Belize,Cargo,Encounter,26/03/2025 06:22,Asia/Manila,+08:00,14.74506,120.74295,19620
DEMO VESSEL 020,548000020,8500202,Philippines,Other,Encounter,2025-03-01 03:52:00,Asia/Manila,+08:00,14.26694,120.56123,5319
DEMO VESSEL 023,548000023,8500238,Belize,Cargo,Encounter,18/03/2025 20:00,Asia/Manila,+08:00,14.59269,120.38685,19579
DEMO VESSEL 014,548000014,8500147,Philippines,Cargo,Fishing event,2025-03-07 21:43:00,Asia/Manila,+08:00,14.37598,120.82668,23462
DEMO VESSEL 018,548000018,8500185,Philippines,Cargo,Loitering,2025-03-10 23:43:00,UTC,+00:00,14.58188,120.73379,11591
DEMOVESSEL004,548000004,,Philippines,Dredging,Port visit,2025-03-02 03:32:00,Asia/Manila,+08:00,14.87881,120.67618,26294
DEMO VESSEL 003,548000003,8500032,Philippines,Cargo,Port visit,03/03/2025 23:38,Asia/Manila,+08:00,14.27443,120.62063,31568
DEMO VESSEL 031,548000031,8500317,Philippines,Cargo,Encounter,04/03/2025 04:22,Asia/Manila,+08:00,14.54377,120.39167,33484
DEMO VESSEL 003,548000003,8500032,Philippines,Cargo,Loitering,14/03/2025 04:01,Asia/Manila,+08:00,14.36484,120.57059,5918
DEMOVESSEL003,548000003,8500032,Philippines,Cargo,Port visit,2025-03-27 05:47:00,Asia/Manila,+08:00,14.6642,120.42744,27590
DEMO VESSEL 008,548000008,8500082,Belize,Dredging,Port visit,01/03/2025 17:02,Asia/Manila,+08:00,14.36808,120.37203,27908
DEMO VESSEL 038,548000038,8500381,Philippines,Dredging,Loitering,2025-03-20 18:10:00,UTC,+00:00,14.23522,120.67968,31267
DEMO VESSEL 023,548000023,8500238,Belize,Cargo,Loitering,2025-03-05 04:55:00,Asia/Manila,+08:00,14.46941,120.77663,29907
DEMOVESSEL001,548000001,8500018,Philippines,Dredging,Fishing event,2025-03-05 01:18:00,UTC,+00:00,14.29715,120.72332,1545
demo vessel 028,548000028,8500288,Philippines,Other,Loitering,2025-03-16 10:58:00,Asia/Manila,+08:00,14.47263,120.65712,13941
DEMO VESSEL 008,548000008,8500082,Belize,Dredging,Fishing event,2025-03-20 13:35:00,Asia/Manila,+08:00,14.73928,120.79975,1560
DEMO VESSEL 025,548000025,8500252,Philippines,Dredging,Loitering,2025-03-09 04:03:00,UTC,+00:00,14.21248,120.75304,9860
DEMO VESSEL 026,548000026,8500264,Philippines,Cargo,Port visit,2025-03-08 21:31:00,UTC,+00:00,14.70874,120.81027,39151
DEMO VESSEL 021,548000021,8500214,Belize,Dredging,Loitering,05/03/2025 20:55,UTC,+00:00,14.87364,120.31292,19289
DEMO VESSEL 032,548000032,8500329,Philippines,Cargo,Fishing event,18/03/2025 10:36,Asia/Manila,+08:00,14.89606,120.34156,6317
AIS TEST SHIP,100900301,,,,Port visit,2025-03-14 16:41:00,UTC,+00:00,0.0,0.0,8704
DEMO VESSEL 004,548000004,,Philippines,Dredging,Fishing event,2025-03-04 07:06:00,Asia/Manila,+08:00,14.63099,120.37101,39916
DEMOVESSEL025,548000025,8500252,Philippines,Dredging,Encounter,2025-03-04 07:16:00,Asia/Manila,+08:00,14.87105,120.35306,32242
DEMO VESSEL 019,548000019,8500197,Philippines,Cargo,Fishing event,07/03/2025 13:12,UTC,+00:00,14.43114,120.36793,13772
DEMO VESSEL 013,548000013,8500135,Philippines,Other,Loitering,2025-03-21 02:35:00,Asia/Manila,+08:00,14.39833,120.86348,29975
DEMO VESSEL 037,548000037,8500379,Belize,Cargo,Fishing event,2025-03-06 13:56:00,UTC,+00:00,14.64874,120.37812,17883
DEMO VESSEL 035,548000035,8500355,Philippines,Other,Port visit,2025-03-12 19:06:00,Asia/Manila,+08:00,14.88048,120.4433,26503
DEMO VESSEL 009,548000009,8500094,Belize,Cargo,Port visit,2025-03-23 17:37:00,Asia/Manila,+08:00,14.83716,120.49773,16780
DEMO VESSEL 024,548000024,8500240,Philippines,Cargo,Port visit,2025-03-19 08:43:00,Asia/Manila,+08:00,14.75653,120.53205,39742
DEMO VESSEL 013,548000013,8500135,Philippines,Other,Loitering,2025-03-21 23:11:00,UTC,+00:00,14.66315,120.39607,4550
DEMO VESSEL 002,548000002,8500020,Philippines,Cargo,Loitering,18/03/2025 05:21,UTC,+00:00,14.3623,120.54303,26224
AIS TEST SHIP,100900301,,,,Loitering,2025-03-27 01:27:00,UTC,+00:00,14.45291,120.46424,8667
DEMO VESSEL 003,548000003,8500032,Philippines,Cargo,Encounter,2025-03-19 01:09:00,Asia/Manila,+08:00,14.6853,120.51443,3492
demo vessel 027,548000027,8500276,Philippines,Cargo,Encounter,2025-03-04 09:35:00,Asia/Manila,+08:00,14.4174,120.80886,13115
DEMO VESSEL 038,548000038,8500381,Philippines,Dredging,Encounter,2025-03-21 19:52:00,Asia/Manila,+08:00,14.34493,120.72624,25513
DEMO VESSEL 039,548000039,8500393,Philippines,Dredging,Fishing event,2025-03-15 07:07:00,Asia/Manila,+08:00,14.33568,120.88777,18513
DEMO VESSEL 028,548000028,8500288,Philippines,Other,Port visit,27/03/2025 16:05,Asia/Manila,+08:00,14.53974,120.36787,31849
DEMO VESSEL 038,548000038,8500381,Philippines,Dredging,Encounter,2025-03-23 12:44:00,UTC,+00:00,14.81407,120.71069,12736
DEMO VESSEL 024,548000024,8500240,Philippines,Cargo,Encounter,2025-03-08 11:06:00,Asia/Manila,+08:00,14.60996,120.72619,23997
DEMO VESSEL 013,548000013,8500135,Philippines,Other,Encounter,2025-03-03 16:09:00,Asia/Manila,+08:00,14.37698,120.62638,27999
DEMO VESSEL 029,548000029,8500290,Philippines,Other,Encounter,02/03/2025 13:49,Asia/Manila,+08:00,14.20934,120.4288,10898
DEMO VESSEL 015,548000015,8500159,Philippines,Cargo,Port visit,2025-03-01 19:12:00,Asia/Manila,+08:00,14.61596,120.85854,31444
DEMO VESSEL 011,548000011,8500111,Philippines,Other,Encounter,2025-03-12 11:19:00,Asia/Manila,+08:00,14.20452,120.44855,8951
DEMO VESSEL 003,548000003,8500032,Philippines,Cargo,Loitering,2025-03-07 16:40:00,Asia/Manila,+08:00,14.8787,120.62486,1707
DEMOVESSEL033,548000033,8500331,Philippines,Cargo,Encounter,2025-03-23 15:26:00,Asia/Manila,+08:00,14.69241,120.62482,10456
DEMO VESSEL 034,548000034,8500343,Belize,Cargo,Encounter,18/03/2025 02:00,UTC,+00:00,14.5416,120.53811,26234
DEMO VESSEL 033,548000033,8500331,Philippines,Cargo,Encounter,2025-03-20 05:29:00,Asia/Manila,+08:00,14.2933,120.71276,17590
DEMO VESSEL 021,548000021,8500214,Belize,Dredging,Encounter,20/03/2025 13:45,Asia/Manila,+08:00,14.75201,120.71336,35706
DEMO VESSEL 025,548000025,8500252,Philippines,Dredging,Loitering,2025-03-26 21:12:00,UTC,+00:00,14.5124,120.34511,23410
DEMO VESSEL 007,548000007,8500070,Philippines,Cargo,Fishing event,2025-03-24 11:25:00,Asia/Manila,+08:00,14.77474,120.67076,25833
DEMO VESSEL 037,548000037,8500379,Belize,Cargo,Encounter,2025-03-22 05:17:00,Asia/Manila,+08:00,14.60298,120.83161,12486
demo vessel 007,548000007,8500070,Philippines,Cargo,Port visit,2025-03-16 17:30:00,Asia/Manila,+08:00,14.77905,120.56088,8310
DEMO VESSEL 010,548000010,8500109,Belize,Other,Encounter,2025-03-17 08:48:00,Asia/Manila,+08:00,14.66397,120.40044,28866
DEMO VESSEL 035,548000035,8500355,Philippines,Other,Loitering,2025-03-04 10:17:00,Asia/Manila,+08:00,14.57191,120.6646,22035
DEMO VESSEL 017,548000017,8500173,Philippines,Other,Encounter,2025-03-09 07:31:00,Asia/Manila,+08:00,14.80321,120.66948,27108
DEMO VESSEL 006,548000006,64,Philippines,Dredging,Encounter,2025-03-01 03:09:00,Asia/Manila,+08:00,14.55665,120.6784,30465
DEMO VESSEL 037,548000037,8500379,Belize,Cargo,Port visit,16/03/2025 12:38,Asia/Manila,+08:00,14.50584,120.53464,8776
DEMOVESSEL005,548000005,1234568,Sierra Leone,Dredging,Fishing event,01/03/2025 07:13,Asia/Manila,+08:00,14.63045,120.386,3720
DEMO VESSEL 030,548000030,8500305,Philippines,Cargo,Loitering,2025-03-20 11:03:00,UTC,+00:00,14.80406,120.47813,29369
DEMO VESSEL 001,548000001,8500018,Philippines,Dredging,Fishing event,2025-03-09 01:08:00,UTC,+00:00,14.72197,120.58575,29922
