Vessel Name,MMSI,IMO,Flag,Type,Event,Start Date Time,Time Zone,Offset,Latitude,Longitude,Event Duration (s)
DEMO VESSEL 002 ,548000002,8500020,Philippines,Cargo,Loitering,2025-12-25 22:36:00,Asia/Manila,+08:00,14.37816,120.75952,17195
DEMO VESSEL 026,548000026,8500264,Philippines,Cargo,Fishing event,27/12/2025 17:39,Asia/Manila,+08:00,14.31999,120.37584,6681
DEMO VESSEL 029,548000029,8500290,Philippines,Other,Port visit,06/12/2025 08:52,Asia/Manila,+08:00,14.45344,120.72705,20940
DEMO VESSEL 010,548000010,8500109,Belize,Other,Port visit,20/12/2025 02:01,Asia/Manila,+08:00,14.82173,120.80989,16687
DEMO VESSEL 040,548000040,8500408,Philippines,Other,Encounter,2025-12-14 22:52:00,UTC,+00:00,14.51993,120.63651,17598
DEMO VESSEL 007,667000007,8500070,Sierra Leone,Cargo,Fishing event,24/12/2025 14:57,UTC,+00:00,14.20271,120.66637,32749
demo vessel 004,548000004,,Philippines,Dredging,Encounter,2025-12-07 22:54:00,UTC,+00:00,14.42639,120.77477,30284
DEMO VESSEL 022,548000022,8500226,Sierra Leone,Dredging,Encounter,22/12/2025 12:30,Asia/Manila,+08:00,14.44901,120.61129,30958
DEMO VESSEL 006,548000006,64,Philippines,Dredging,Loitering,18/12/2025 16:23,UTC,+00:00,14.4935,120.49873,4646
DEMO VESSEL 034,548000034,8500343,Belize,Cargo,Port visit,05/12/2025 03:17,UTC,+00:00,14.79687,120.89803,35512
DEMO VESSEL 007,548000007,8500070,Philippines,Cargo,Port visit,2025-12-21 15:50:00,Asia/Manila,+08:00,14.7034,120.87982,15676
DEMO VESSEL 013,548000013,8500135,Philippines,Other,Encounter,14/12/2025 23:21,Asia/Manila,+08:00,14.71668,120.79216,11239
DEMO VESSEL 005,548000005,1234568,Sierra Leone,Dredging,Encounter,2025-12-08 21:31:00,Asia/Manila,+08:00,14.89158,120.57299,14969
DEMO VESSEL 027,548000027,8500276,Philippines,Cargo,Port visit,2025-12-05 15:31:00,Asia/Manila,+08:00,14.83808,120.41467,32471
DEMO VESSEL 007,667000007,8500070,Sierra Leone,Cargo,Fishing event,15/12/2025 16:23,Asia/Manila,+08:00,14.42053,120.30207,39358
DEMO VESSEL 007,667000007,8500070,Sierra Leone,Cargo,Loitering,23/12/2025 13:31,Asia/Manila,+08:00,14.76396,120.77057,22643
DEMO VESSEL 023,548000023,8500238,Belize,Cargo,Encounter,2025-12-22 02:16:00,Asia/Manila,+08:00,14.56538,120.4055,38193
DEMO VESSEL 022,548000022,8500226,Sierra Leone,Dredging,Encounter,2025-12-23 00:04:00,Asia/Manila,+08:00,14.64664,120.49977,31751
DEMO VESSEL 024,548000024,8500240,Philippines,Cargo,Fishing event,2025-12-02 17:07:00,Asia/Manila,+08:00,14.89896,120.43014,2502
demo vessel 033,548000033,8500331,Philippines,Cargo,Encounter,2025-12-07 18:21:00,Asia/Manila,+08:00,14.71847,120.58829,23763
DEMO VESSEL 028 ,548000028,8500288,Philippines,Other,Encounter,2025-12-22 20:42:00,UTC,+00:00,14.65763,120.67832,30722
DEMO VESSEL 026,548000026,8500264,Philippines,Cargo,Fishing event,2025-12-10 15:20:00,Asia/Manila,+08:00,14.40647,120.36767,31548
DEMO VESSEL 033,548000033,8500331,Philippines,Cargo,Loitering,2025-12-20 02:25:00,Asia/Manila,+08:00,14.25597,120.78027,16399
DEMO VESSEL 040,548000040,8500408,Philippines,Other,Loitering,2025-12-07 20:14:00,UTC,+00:00,14.70393,120.42772,29532
DEMO VESSEL 031,548000031,8500317,Philippines,Cargo,Encounter,2025-12-17 05:21:00,Asia/Manila,+08:00,14.23374,120.38893,24561
DEMO VESSEL 028,548000028,8500288,Philippines,Other,Fishing event,02/12/2025 00:33,Asia/Manila,+08:00,14.68252,120.70783,37622
DEMO VESSEL 020,548000020,8500202,Philippines,Other,Port visit,2025-12-06 07:49:00,Asia/Manila,+08:00,14.46618,120.66609,11451
DEMO VESSEL 018,548000018,8500185,Philippines,Cargo,Loitering,2025-12-03 16:08:00,Asia/Manila,+08:00,14.59865,120.6775,36478
DEMO VESSEL 023,548000023,8500238,Belize,Cargo,Encounter,2025-12-22 08:52:00,UTC,+00:00,14.33168,120.8628,38835
DEMO VESSEL 008,548000008,8500082,Belize,Dredging,Port visit,2025-12-18 03:26:00,UTC,+00:00,14.8492,120.53182,7764
DEMO VESSEL 005,548000005,1234568,Sierra Leone,Dredging,Port visit,2025-12-19 19:26:00,Asia/Manila,+08:00,14.34646,120.63745,21391
DEMO VESSEL 011,548000011,8500111,Philippines,Other,Fishing event,2025-12-14 11:32:00,Asia/Manila,+08:00,14.81673,120.59464,28256
DEMO VESSEL 011,548000011,8500111,Philippines,Other,Port visit,2025-12-17 22:09:00,Asia/Manila,+08:00,14.89596,120.63517,7550
DEMO VESSEL 009,548000009,8500094,Belize,Cargo,Encounter,2025-12-07 14:32:00,Asia/Manila,+08:00,14.24536,120.59647,33718
DEMO VESSEL 006,548000006,64,Philippines,Dredging,Encounter,2025-12-06 16:36:00,Asia/Manila,+08:00,14.31102,120.44563,34924
DEMO VESSEL 023,548000023,8500238,Belize,Cargo,Encounter,2025-12-26 12:37:00,UTC,+00:00,14.68719,120.38258,16335
DEMO VESSEL 033,548000033,8500331,Philippines,Cargo,Encounter,23/12/2025 04:18,Asia/Manila,+08:00,14.25958,120.80387,37626
DEMO VESSEL 008,548000008,8500082,Belize,Dredging,Loitering,2025-12-20 23:35:00,Asia/Manila,+08:00,14.72605,120.74088,32768
DEMO VESSEL 027,548000027,8500276,Philippines,Cargo,Fishing event,05/12/2025 16:35,Asia/Manila,+08:00,14.24804,120.80035,6189
DEMO VESSEL 003,548000003,8500032,Philippines,Cargo,Loitering,24/12/2025 18:08,Asia/Manila,+08:00,14.76109,120.46977,6365
DEMO VESSEL 021,548000021,8500214,Belize,Dredging,Fishing event,2025-12-13 16:33:00,Asia/Manila,+08:00,14.50073,120.32324,28134
demo vessel 025,548000025,8500252,Philippines,Dredging,Fishing event,2025-12-07 15:54:00,UTC,+00:00,14.52727,120.69437,28348
DEMO VESSEL 033,548000033,8500331,Philippines,Cargo,Fishing event,2025-12-15 02:24:00,Asia/Manila,+08:00,14.85539,120.32309,6698
DEMO VESSEL 026,548000026,8500264,Philippines,Cargo,Encounter,26/12/2025 16:23,Asia/Manila,+08:00,14.72113,120.33066,15771
AIS TEST SHIP,100900301,,,,Encounter,2025-12-07 01:07:00,UTC,+00:00,14.23986,120.70963,31195
DEMO VESSEL 023,548000023,8500238,Belize,Cargo,Loitering,2025-12-06 08:10:00,UTC,+00:00,14.74782,120.34327,7245
DEMO VESSEL 025,548000025,8500252,Philippines,Dredging,Fishing event,2025-12-08 03:32:00,Asia/Manila,+08:00,14.38013,120.75792,8318
DEMO VESSEL 040,548000040,8500408,Philippines,Other,Loitering,2025-12-09 04:50:00,Asia/Manila,+08:00,14.22057,120.43783,18337
demo vessel 037,548000037,8500379,Belize,Cargo,Encounter,2025-12-02 11:10:00,Asia/Manila,+08:00,14.73434,120.82794,38104
DEMO VESSEL 037,548000037,8500379,Belize,Cargo,Port visit,09/12/2025 12:30,Asia/Manila,+08:00,14.77947,120.68719,7259
DEMO VESSEL 002,548000002,8500020,Philippines,Cargo,Port visit,2025-12-05 06:44:00,Asia/Manila,+08:00,14.66317,120.69749,27748
demo vessel 013,548000013,8500135,Philippines,Other,Fishing event,17/12/2025 10:40,Asia/Manila,+08:00,14.60148,120.38561,21467
DEMO VESSEL 014,548000014,8500147,Philippines,Cargo,Port visit,26/12/2025 10:08,Asia/Manila,+08:00,14.78734,120.34852,1143
DEMO VESSEL 037,548000037,8500379,Belize,Cargo,Loitering,2025-12-13 07:42:00,Asia/Manila,+08:00,14.40004,120.53339,9917
DEMO VESSEL 038,548000038,8500381,Philippines,Dredging,Loitering,2025-12-10 00:21:00,Asia/Manila,+08:00,14.631,120.33998,38739
DEMO VESSEL 023,548000023,8500238,Belize,Cargo,Fishing event,2025-12-10 00:10:00,UTC,+00:00,14.58475,120.67025,11146
DEMO VESSEL 008,548000008,8500082,Belize,Dredging,Fishing event,16/12/2025 11:48,UTC,+00:00,14.21519,120.32676,37330
DEMO VESSEL 006,548000006,64,Philippines,Dredging,Port visit,02/12/2025 23:11,Asia/Manila,+08:00,14.33835,120.477,2363
DEMO VESSEL 029,548000029,8500290,Philippines,Other,Loitering,2025-12-08 09:52:00,Asia/Manila,+08:00,14.52944,120.4447,33897
DEMO VESSEL 010,548000010,8500109,Belize,Other,Port visit,2025-12-05 06:43:00,Asia/Manila,+08:00,14.87299,120.48116,32690
DEMO VESSEL 003 ,548000003,8500032,Philippines,Cargo,Loitering,2025-12-02 14:24:00,Asia/Manila,+08:00,14.85264,120.71223,3323
DEMO VESSEL 037,548000037,8500379,Belize,Cargo,Encounter,2025-12-06 12:58:00,Asia/Manila,+08:00,14.82618,120.48499,20849
DEMO VESSEL 037,548000037,8500379,Belize,Cargo,Port visit,2025-12-22 17:41:00,Asia/Manila,+08:00,14.31987,120.6599,25355
demo vessel 007,667000007,8500070,Sierra Leone,Cargo,Fishing event,2025-12-12 12:10:00,Asia/Manila,+08:00,14.6105,120.38013,26077
DEMO VESSEL 014,548000014,8500147,Philippines,Cargo,Port visit,2025-12-13 18:31:00,Asia/Manila,+08:00,14.59975,120.79637,5888
DEMO VESSEL 022,548000022,8500226,Sierra Leone,Dredging,Encounter,2025-12-13 15:36:00,Asia/Manila,+08:00,14.76921,120.34097,28254
DEMO VESSEL 012,548000012,8500123,Philippines,Dredging,Encounter,23/12/2025 05:37,Asia/Manila,+08:00,14.50556,120.47374,6214
DEMO VESSEL 025,548000025,8500252,Philippines,Dredging,Loitering,2025-12-14 06:16:00,Asia/Manila,+08:00,14.79017,120.48222,9711
DEMO VESSEL 009,548000009,8500094,Belize,Cargo,Encounter,26/12/2025 10:31,Asia/Manila,+08:00,14.73385,120.48305,27039
DEMO VESSEL 036,548000036,8500367,Sierra Leone,Cargo,Fishing event,16/12/2025 12:48,Asia/Manila,+08:00,14.71938,120.67556,18152
DEMOVESSEL013,548000013,8500135,Philippines,Other,Port visit,2025-12-03 11:22:00,Asia/Manila,+08:00,14.51035,120.45164,16892
DEMO VESSEL 002,548000002,8500020,Philippines,Cargo,Fishing event,2025-12-17 00:02:00,Asia/Manila,+08:00,14.53024,120.52979,36532
DEMO VESSEL 032,548000032,8500329,Philippines,Cargo,Fishing event,2025-12-11 14:25:00,Asia/Manila,+08:00,14.33462,120.87981,35416
DEMO VESSEL 028,548000028,8500288,Philippines,Other,Fishing event,2025-12-11 20:02:00,UTC,+00:00,14.24716,120.37068,28778
DEMO VESSEL 009,548000009,8500094,Belize,Cargo,Loitering,2025-12-03 06:17:00,Asia/Manila,+08:00,14.50328,120.33973,9142
DEMO VESSEL 023,548000023,8500238,Belize,Cargo,Encounter,2025-12-27 10:19:00,UTC,+00:00,14.7269,120.38005,9584
DEMO VESSEL 038,548000038,8500381,Philippines,Dredging,Fishing event,2025-12-27 09:32:00,Asia/Manila,+08:00,14.43761,120.59308,22903
DEMO VESSEL 036,548000036,8500367,Sierra Leone,Cargo,Encounter,2025-12-14 05:25:00,Asia/Manila,+08:00,14.78731,120.49667,36658
DEMO VESSEL 015,548000015,8500159,Philippines,Cargo,Loitering,2025-12-21 18:19:00,UTC,+00:00,14.22599,120.33596,8146
DEMO VESSEL 013,548000013,8500135,Philippines,Other,Loitering,2025-12-13 21:10:00,Asia/Manila,+08:00,14.79081,120.701,32790
DEMO VESSEL 037,548000037,8500379,Belize,Cargo,Loitering,2025-12-13 04:32:00,UTC,+00:00,14.54921,120.66258,5611
DEMO VESSEL 002 ,548000002,8500020,Philippines,Cargo,Fishing event,24/12/2025 13:41,Asia/Manila,+08:00,14.30763,120.57554,11964
DEMO VESSEL 029,548000029,8500290,Philippines,Other,Fishing event,2025-12-15 10:03:00,UTC,+00:00,14.60456,120.50166,30164
AIS TEST SHIP,100900301,,,,Fishing event,2025-12-26 22:32:00,Asia/Manila,+08:00,14.81789,120.32123,38430
DEMO VESSEL 001,548000001,8500018,Philippines,Dredging,Encounter,2025-12-15 02:57:00,Asia/Manila,+08:00,14.30383,120.37571,25262
DEMO VESSEL 033,548000033,8500331,Philippines,Cargo,Encounter,2025-12-17 21:25:00,Asia/Manila,+08:00,14.80455,120.53269,22688
DEMO VESSEL 013,548000013,8500135,Philippines,Other,Encounter,21/12/2025 02:31,Asia/Manila,+08:00,14.46306,120.68615,19959
DEMO VESSEL 009,548000009,8500094,Belize,Cargo,Fishing event,2025-12-03 19:13:00,UTC,+00:00,14.55705,120.59452,15952
DEMO VESSEL 025,548000025,8500252,Philippines,Dredging,Fishing event,2025-12-23 23:33:00,Asia/Manila,+08:00,14.76088,120.47988,14713
DEMO VESSEL 038,548000038,8500381,Philippines,Dredging,Fishing event,12/12/2025 16:34,UTC,+00:00,14.21917,120.45183,17689
DEMO VESSEL 001,548000001,8500018,Philippines,Dredging,Encounter,03/12/2025 17:34,Asia/Manila,+08:00,14.79595,120.72709,33641
DEMO VESSEL 013,548000013,8500135,Philippines,Other,Encounter,10/12/2025 17:32,Asia/Manila,+08:00,14.26897,120.66408,16540
DEMO VESSEL 023,548000023,8500238,Belize,Cargo,Port visit,2025-12-07 20:49:00,Asia/Manila,+08:00,14.54345,120.42273,12431
DEMO VESSEL 035,548000035,8500355,Philippines,Other,Fishing event,2025-12-03 19:35:00,Asia/Manila,+08:00,14.77707,120.68986,37948
DEMO VESSEL 025 ,548000025,8500252,Philippines,Dredging,Encounter,15/12/2025 06:41,Asia/Manila,+08:00,14.61401,120.66027,23405
DEMO VESSEL 005,548000005,1234568,Sierra Leone,Dredging,Encounter,15/12/2025 20:12,UTC,+00:00,14.37622,120.5443,33545
DEMO VESSEL 009,548000009,8500094,Belize,Cargo,Fishing event,14/11/2025 22:58,UTC,+00:00,14.59701,120.35306,27280
DEMO VESSEL 004,548000004,,Philippines,Dredging,Fishing event,06/12/2025 02:08,UTC,+00:00,14.44806,120.54139,22373
DEMO VESSEL 040,548000040,8500408,Philippines,Other,Port visit,2025-12-25 11:28:00,Asia/Manila,+08:00,14.8376,120.3605,3473
DEMO VESSEL 006,548000006,64,Philippines,Dredging,Fishing event,2025-12-21 03:18:00,Asia/Manila,+08:00,14.4477,120.57398,39079
DEMO VESSEL 037,548000037,8500379,Belize,Cargo,Encounter,2025-12-17 12:28:00,Asia/Manila,+08:00,14.341,120.87905,33276
DEMO VESSEL 034,548000034,8500343,Belize,Cargo,Encounter,05/12/2025 04:04,Asia/Manila,+08:00,14.85902,120.7787,7044
DEMO VESSEL 004,548000004,,Philippines,Dredging,Port visit,2025-12-01 22:27:00,Asia/Manila,+08:00,14.27421,120.64896,2278
DEMO VESSEL 033,548000033,8500331,Philippines,Cargo,Loitering,2025-12-18 06:04:00,Asia/Manila,+08:00,14.37747,120.65713,9439
DEMO VESSEL 001,548000001,8500018,Philippines,Dredging,Loitering,2025-12-05 00:13:00,UTC,+00:00,14.63248,120.70005,1330
DEMO VESSEL 011,548000011,8500111,Philippines,Other,Encounter,2025-12-11 22:49:00,Asia/Manila,+08:00,14.45513,120.82757,37231
DEMO VESSEL 040 ,548000040,8500408,Philippines,Other,Encounter,24/12/2025 16:51,Asia/Manila,+08:00,14.23331,120.8938,33812
DEMO VESSEL 027,548000027,8500276,Philippines,Cargo,Port visit,15/11/2025 07:08,Asia/Manila,+08:00,14.42866,120.64019,12686
DEMO VESSEL 031 ,548000031,8500317,Philippines,Cargo,Encounter,2025-12-01 17:05:00,UTC,+00:00,14.47869,120.86282,8738
DEMO VESSEL 027,548000027,8500276,Philippines,Cargo,Fishing event,2025-12-06 02:42:00,Asia/Manila,+08:00,14.23495,120.70228,3480
DEMO VESSEL 038,548000038,8500381,Philippines,Dredging,Loitering,2025-12-12 16:59:00,Asia/Manila,+08:00,0.0,0.0,31325
DEMO VESSEL 038,548000038,8500381,Philippines,Dredging,Fishing event,04/12/2025 22:43,Asia/Manila,+08:00,14.62186,120.80033,722
DEMO VESSEL 002 ,548000002,8500020,Philippines,Cargo,Encounter,2025-12-24 20:26:00,Asia/Manila,+08:00,14.49138,120.73217,8125
DEMO VESSEL 003,548000003,8500032,Philippines,Cargo,Encounter,2025-12-20 00:18:00,UTC,+00:00,14.55392,120.81087,18336
DEMO VESSEL 004,548000004,,Philippines,Dredging,Loitering,2025-12-14 17:08:00,Asia/Manila,+08:00,14.828,120.88952,4096
DEMO VESSEL 003,548000003,8500032,Philippines,Cargo,Port visit,10/12/2025 10:37,UTC,+00:00,14.51496,120.7847,14132
DEMO VESSEL 001,548000001,8500018,Philippines,Dredging,Encounter,03/12/2025 17:34,Asia/Manila,+08:00,14.79595,120.72709,33641
DEMO VESSEL 032,548000032,8500329,Philippines,Cargo,Port visit,03/12/2025 09:36,Asia/Manila,+08:00,14.63848,120.67222,18378
DEMO VESSEL 006,548000006,64,Philippines,Dredging,Loitering,2025-12-21 11:26:00,Asia/Manila,+08:00,14.46048,120.89011,35838
DEMO VESSEL 028,548000028,8500288,Philippines,Other,Loitering,2025-12-08 12:44:00,Asia/Manila,+08:00,14.70498,120.87784,14326
DEMO VESSEL 007,548000007,8500070,Philippines,Cargo,Port visit,2025-12-13 18:13:00,Asia/Manila,+08:00,14.54766,120.78291,1490
DEMO VESSEL 014,548000014,8500147,Philippines,Cargo,Encounter,14/12/2025 20:30,UTC,+00:00,14.39858,120.52181,30611
DEMO VESSEL 033,548000033,8500331,Philippines,Cargo,Fishing event,2025-12-21 07:46:00,Asia/Manila,+08:00,14.33757,120.76881,12191
DEMO VESSEL 037,548000037,8500379,Belize,Cargo,Port visit,07/12/2025 11:13,Asia/Manila,+08:00,14.81406,120.54924,24972
DEMO VESSEL 012,548000012,8500123,Philippines,Dredging,Fishing event,2025-12-16 11:07:00,Asia/Manila,+08:00,14.59059,120.58931,4353
DEMO VESSEL 003,548000003,8500032,Philippines,Cargo,Encounter,2025-12-02 08:26:00,Asia/Manila,+08:00,14.36635,120.57114,11769
DEMO VESSEL 004,548000004,,Philippines,Dredging,Port visit,2025-12-22 16:43:00,Asia/Manila,+08:00,14.87525,120.70471,11756
DEMO VESSEL 028,548000028,8500288,Philippines,Other,Fishing event,2025-12-06 07:25:00,UTC,+00:00,14.37345,120.62977,17401
AIS TEST SHIP,100900301,,,,Loitering,2025-12-02 14:05:00,Asia/Manila,+08:00,14.41418,120.84566,30811
DEMO VESSEL 013,548000013,8500135,Philippines,Other,Encounter,24/12/2025 13:29,Asia/Manila,+08:00,14.79182,120.36331,27941
DEMO VESSEL 037,548000037,8500379,Belize,Cargo,Encounter,2025-12-17 19:03:00,Asia/Manila,+08:00,14.73887,120.87138,24345
DEMO VESSEL 038,548000038,8500381,Philippines,Dredging,Loitering,2025-12-15 19:51:00,Asia/Manila,+08:00,14.24276,120.40767,37396
DEMO VESSEL 030,548000030,8500305,Philippines,Cargo,Encounter,2025-12-01 10:19:00,Asia/Manila,+08:00,14.75478,120.3515,39038
DEMO VESSEL 023,548000023,8500238,Belize,Cargo,Loitering,2025-12-27 07:56:00,Asia/Manila,+08:00,14.47295,120.6229,18662
DEMO VESSEL 002,548000002,8500020,Philippines,Cargo,Fishing event,2025-12-13 17:18:00,Asia/Manila,+08:00,14.82088,120.87922,36575
DEMO VESSEL 037,548000037,8500379,Belize,Cargo,Fishing event,22/12/2025 03:16,UTC,+00:00,14.64387,120.60874,21720
demo vessel 025,548000025,8500252,Philippines,Dredging,Loitering,2025-12-22 06:05:00,Asia/Manila,+08:00,14.44851,120.62178,13460
DEMO VESSEL 015,548000015,8500159,Philippines,Cargo,Fishing event,2025-12-01 16:54:00,Asia/Manila,+08:00,14.57929,120.65566,36115
DEMO VESSEL 017,548000017,8500173,Philippines,Other,Loitering,2025-12-22 02:26:00,UTC,+00:00,14.21406,120.35061,1902
DEMO VESSEL 013,548000013,8500135,Philippines,Other,Fishing event,16/12/2025 17:10,Asia/Manila,+08:00,14.32438,120.7818,7026
DEMO VESSEL 033,548000033,8500331,Philippines,Cargo,Loitering,13/12/2025 08:29,UTC,+00:00,14.85789,120.33191,30153
DEMO VESSEL 028,548000028,8500288,Philippines,Other,Loitering,2025-12-19 03:33:00,Asia/Manila,+08:00,14.75023,120.81496,36917
DEMO VESSEL 006,548000006,64,Philippines,Dredging,Loitering,2025-12-15 08:37:00,Asia/Manila,+08:00,14.6185,120.64367,19725
DEMO VESSEL 007,548000007,8500070,Philippines,Cargo,Encounter,27/12/2025 07:18,Asia/Manila,+08:00,14.57916,120.36034,31064
DEMO VESSEL 016,548000016,8500161,Philippines,Dredging,Port visit,2025-12-14 15:39:00,Asia/Manila,+08:00,14.66635,120.35934,34166
DEMO VESSEL 009,548000009,8500094,Belize,Cargo,Port visit,2025-12-09 02:21:00,Asia/Manila,+08:00,14.2354,120.74376,29364
DEMO VESSEL 025,548000025,8500252,Philippines,Dredging,Encounter,25/12/2025 03:13,Asia/Manila,+08:00,14.57817,120.85587,12530
DEMO VESSEL 012,548000012,8500123,Philippines,Dredging,Fishing event,26/12/2025 06:43,UTC,+00:00,14.5372,120.75724,10037
DEMO VESSEL 040,548000040,8500408,Philippines,Other,Fishing event,2025-12-07 23:02:00,UTC,+00:00,14.64418,120.54742,8987
DEMOVESSEL022,548000022,8500226,Sierra Leone,Dredging,Fishing event,2025-12-13 03:24:00,Asia/Manila,+08:00,14.62423,120.77194,31390
DEMO VESSEL 037,548000037,8500379,Belize,Cargo,Encounter,2025-12-09 16:33:00,Asia/Manila,+08:00,14.26691,120.70602,9690
DEMOVESSEL030,548000030,8500305,Philippines,Cargo,Encounter,2025-12-13 11:39:00,Asia/Manila,+08:00,14.39622,120.46488,36987
DEMO VESSEL 019,548000019,8500197,Philippines,Cargo,Encounter,2025-12-03 01:09:00,UTC,+00:00,14.50846,120.51776,36803
DEMO VESSEL 040,548000040,8500408,Philippines,Other,Port visit,2025-12-04 10:24:00,Asia/Manila,+08:00,14.7333,120.32725,20790
DEMO VESSEL 002,548000002,8500020,Philippines,Cargo,Encounter,2025-12-14 23:54:00,Asia/Manila,+08:00,14.26035,120.56069,11811
DEMO VESSEL 029,548000029,8500290,Philippines,Other,Port visit,2025-12-23 06:42:00,Asia/Manila,+08:00,14.53605,120.56514,38906
DEMO VESSEL 025,548000025,8500252,Philippines,Dredging,Encounter,12/12/2025 14:14,UTC,+00:00,14.52314,120.5614,7041
DEMOVESSEL003,548000003,8500032,Philippines,Cargo,Port visit,2025-12-22 15:10:00,Asia/Manila,+08:00,14.55173,120.7109,29511
DEMO VESSEL 033,548000033,8500331,Philippines,Cargo,Encounter,24/12/2025 19:30,Asia/Manila,+08:00,14.62813,120.40416,27349
DEMO VESSEL 025,548000025,8500252,Philippines,Dredging,Encounter,2025-12-25 02:38:00,Asia/Manila,+08:00,14.29937,120.3551,12037
DEMO VESSEL 016,548000016,8500161,Philippines,Dredging,Port visit,2025-12-16 16:41:00,Asia/Manila,+08:00,14.57292,120.74142,6134
DEMO VESSEL 013,548000013,8500135,Philippines,Other,Fishing event,26/12/2025 18:43,Asia/Manila,+08:00,14.7722,120.38958,13712
DEMO VESSEL 020,548000020,8500202,Philippines,Other,Fishing event,2025-12-26 23:41:00,Asia/Manila,+08:00,14.22864,120.4849,29958
DEMO VESSEL 038 ,548000038,8500381,Philippines,Dredging,Port visit,2025-12-06 08:45:00,Asia/Manila,+08:00,14.68481,120.86505,772
DEMO VESSEL 023,548000023,8500238,Belize,Cargo,Loitering,2025-12-15 04:58:00,Asia/Manila,+08:00,14.35953,120.33072,32357
DEMO VESSEL 032,548000032,8500329,Philippines,Cargo,Port visit,2025-12-27 14:08:00,Asia/Manila,+08:00,14.55759,120.41795,4035
DEMOVESSEL014,548000014,8500147,Philippines,Cargo,Encounter,2025-12-07 09:40:00,Asia/Manila,+08:00,14.34343,120.36795,39641
DEMO VESSEL 020,548000020,8500202,Philippines,Other,Port visit,2025-12-16 11:26:00,Asia/Manila,+08:00,14.61284,120.78601,19250
DEMO VESSEL 022,548000022,8500226,Sierra Leone,Dredging,Port visit,2025-12-13 23:48:00,Asia/Manila,+08:00,14.88275,120.63113,9510
DEMO VESSEL 019,548000019,8500197,Philippines,Cargo,Fishing event,13/12/2025 17:53,Asia/Manila,+08:00,14.86074,120.3251,5323
DEMO VESSEL 015,548000015,8500159,Philippines,Cargo,Encounter,23/12/2025 20:52,Asia/Manila,+08:00,14.35769,120.69325,32231
DEMO VESSEL 040,548000040,8500408,Philippines,Other,Port visit,2025-12-13 04:48:00,Asia/Manila,+08:00,14.74754,120.61988,24313
DEMO VESSEL 007,667000007,8500070,Sierra Leone,Cargo,Encounter,12/12/2025 08:58,Asia/Manila,+08:00,14.2604,120.78438,19649
DEMO VESSEL 016,548000016,8500161,Philippines,Dredging,Encounter,2025-12-22 06:08:00,UTC,+00:00,14.30705,120.87467,32483
DEMO VESSEL 025,548000025,8500252,Philippines,Dredging,Port visit,2025-12-23 12:16:00,UTC,+00:00,14.81238,120.85571,9773
DEMO VESSEL 029,548000029,8500290,Philippines,Other,Port visit,20/12/2025 16:51,UTC,+00:00,14.84349,120.83549,27037
AIS TEST SHIP,100900301,,,,Fishing event,2025-12-19 09:34:00,Asia/Manila,+08:00,14.25948,120.89743,30784
DEMO VESSEL 029,548000029,8500290,Philippines,Other,Encounter,2025-12-09 02:43:00,UTC,+00:00,14.78013,120.54307,20750
DEMO VESSEL 016,548000016,8500161,Philippines,Dredging,Loitering,25/12/2025 12:26,Asia/Manila,+08:00,14.62248,120.82599,28001
demo vessel 027,548000027,8500276,Philippines,Cargo,Fishing event,2025-12-11 00:27:00,Asia/Manila,+08:00,14.40547,120.88214,25846
DEMO VESSEL 029,548000029,8500290,Philippines,Other,Encounter,2025-12-25 06:46:00,UTC,+00:00,14.84916,120.45335,1079
DEMO VESSEL 036,548000036,8500367,Sierra Leone,Cargo,Loitering,17/12/2025 15:03,UTC,+00:00,14.83475,120.68351,31005
DEMO VESSEL 014,548000014,8500147,Philippines,Cargo,Encounter,2025-12-04 23:58:00,Asia/Manila,+08:00,14.80988,120.86041,17676
DEMO VESSEL 026,548000026,8500264,Philippines,Cargo,Encounter,01/12/2025 16:32,Asia/Manila,+08:00,14.66207,120.8476,30414
DEMO VESSEL 023,548000023,8500238,Belize,Cargo,Loitering,2025-11-09 16:55:00,Asia/Manila,+08:00,14.42407,120.46125,8121
DEMO VESSEL 031,548000031,8500317,Philippines,Cargo,Encounter,2025-12-17 05:21:00,Asia/Manila,+08:00,14.23374,120.38893,24561
DEMO VESSEL 024,548000024,8500240,Philippines,Cargo,Fishing event,2025-12-06 04:09:00,Asia/Manila,+08:00,14.8469,120.5322,38019
DEMOVESSEL010,548000010,8500109,Belize,Other,Port visit,2025-11-21 19:03:00,Asia/Manila,+08:00,14.25327,120.84109,21160
DEMO VESSEL 017,548000017,8500173,Philippines,Other,Port visit,2025-12-04 13:47:00,Asia/Manila,+08:00,14.24577,120.74427,1949
DEMO VESSEL 036,548000036,8500367,Sierra Leone,Cargo,Port visit,2025-12-17 13:50:00,Asia/Manila,+08:00,14.5038,120.64108,34537
DEMO VESSEL 035,548000035,8500355,Philippines,Other,Fishing event,2025-12-22 18:30:00,Asia/Manila,+08:00,14.35367,120.50729,33446
DEMO VESSEL 005,548000005,1234568,Sierra Leone,Dredging,Port visit,2025-12-26 02:22:00,UTC,+00:00,14.82373,120.55064,33947
DEMO VESSEL 014,548000014,8500147,Philippines,Cargo,Encounter,16/12/2025 09:15,UTC,+00:00,14.36238,120.64424,7157
DEMO VESSEL 009,548000009,8500094,Belize,Cargo,Loitering,27/12/2025 22:40,Asia/Manila,+08:00,14.2552,120.41982,25110
DEMO VESSEL 017,548000017,8500173,Philippines,Other,Fishing event,2025-12-19 14:24:00,UTC,+00:00,14.45639,120.34146,29485
DEMO VESSEL 033,548000033,8500331,Philippines,Cargo,Fishing event,2025-12-05 15:00:00,UTC,+00:00,14.74341,120.84848,9917
DEMO VESSEL 015,548000015,8500159,Philippines,Cargo,Loitering,2025-12-24 08:02:00,UTC,+00:00,14.2316,120.44307,20770
DEMO VESSEL 019,548000019,8500197,Philippines,Cargo,Loitering,06/12/2025 21:22,Asia/Manila,+08:00,14.30668,120.39584,22363
DEMO VESSEL 012,548000012,8500123,Philippines,Dredging,Fishing event,2025-12-01 15:34:00,Asia/Manila,+08:00,14.54179,120.75498,21202
DEMO VESSEL 037,548000037,8500379,Belize,Cargo,Loitering,2025-12-13 15:20:00,Asia/Manila,+08:00,14.84485,120.65943,22055
DEMO VESSEL 004,548000004,,Philippines,Dredging,Loitering,2025-12-09 05:16:00,Asia/Manila,+08:00,14.88513,120.76691,17165
DEMO VESSEL 016,548000016,8500161,Philippines,Dredging,Fishing event,2025-12-26 21:49:00,Asia/Manila,+08:00,14.88952,120.48955,26582
DEMO VESSEL 026,548000026,8500264,Philippines,Cargo,Encounter,16/12/2025 10:12,Asia/Manila,+08:00,14.59751,120.62184,37895
DEMO VESSEL 022,548000022,8500226,Sierra Leone,Dredging,Fishing event,2025-12-02 01:46:00,Asia/Manila,+08:00,14.30521,120.69704,12603
DEMO VESSEL 035,548000035,8500355,Philippines,Other,Loitering,2025-12-15 14:00:00,UTC,+00:00,14.38977,120.87031,33518
DEMO VESSEL 032,548000032,8500329,Philippines,Cargo,Fishing event,17/12/2025 15:01,Asia/Manila,+08:00,14.3054,120.84155,31363
AIS TEST SHIP,100900301,,,,Port visit,25/12/2025 09:17,Asia/Manila,+08:00,14.34923,120.71181,35211
DEMO VESSEL 029,548000029,8500290,Philippines,Other,Fishing event,2025-12-26 09:20:00,Asia/Manila,+08:00,14.81588,120.77357,18591
DEMO VESSEL 017,548000017,8500173,Philippines,Other,Encounter,2025-12-08 13:35:00,Asia/Manila,+08:00,14.74082,120.47507,14672
DEMO VESSEL 007,667000007,8500070,Sierra Leone,Cargo,Encounter,2025-12-26 06:29:00,Asia/Manila,+08:00,14.65079,120.73246,39716
DEMO VESSEL 003,548000003,8500032,Philippines,Cargo,Encounter,14/12/2025 10:45,UTC,+00:00,14.77417,120.79464,27882
DEMO VESSEL 026,548000026,8500264,Philippines,Cargo,Loitering,2025-12-17 05:36:00,UTC,+00:00,14.31741,120.7738,2093
DEMO VESSEL 006,548000006,64,Philippines,Dredging,Encounter,24/12/2025 18:32,Asia/Manila,+08:00,14.30733,120.79483,9734
DEMO VESSEL 028,548000028,8500288,Philippines,Other,Port visit,22/12/2025 00:52,Asia/Manila,+08:00,14.35642,120.66122,14191
DEMO VESSEL 010,548000010,8500109,Belize,Other,Port visit,2025-12-18 15:08:00,Asia/Manila,+08:00,14.4557,120.87715,22753
DEMO VESSEL 009,548000009,8500094,Belize,Cargo,Port visit,2025-12-07 12:00:00,Asia/Manila,+08:00,14.37724,120.85041,1874
DEMO VESSEL 036,548000036,8500367,Sierra Leone,Cargo,Fishing event,2025-12-23 02:12:00,Asia/Manila,+08:00,14.83977,120.82243,1984
DEMO VESSEL 030,548000030,8500305,Philippines,Cargo,Encounter,2025-12-05 14:50:00,UTC,+00:00,14.63705,120.53578,33142
DEMO VESSEL 036,548000036,8500367,Sierra Leone,Cargo,Loitering,2025-12-14 13:39:00,Asia/Manila,+08:00,14.82417,120.80988,22395
DEMO VESSEL 027,548000027,8500276,Philippines,Cargo,Fishing event,2025-12-04 01:14:00,Asia/Manila,+08:00,14.37365,120.60551,10931
DEMO VESSEL 008,548000008,8500082,Belize,Dredging,Loitering,2025-12-13 04:27:00,Asia/Manila,+08:00,14.3058,120.81183,7042
DEMO VESSEL 009,548000009,8500094,Belize,Cargo,Port visit,2025-12-03 14:01:00,Asia/Manila,+08:00,14.23191,120.67333,33899
DEMO VESSEL 024,548000024,8500240,Philippines,Cargo,Fishing event,2025-12-24 16:43:00,UTC,+00:00,14.75322,120.78281,12889
DEMO VESSEL 025,548000025,8500252,Philippines,Dredging,Encounter,19/12/2025 09:59,Asia/Manila,+08:00,14.83649,120.41025,33129
DEMO VESSEL 016,548000016,8500161,Philippines,Dredging,Loitering,02/12/2025 23:44,Asia/Manila,+08:00,14.68514,120.46514,23857
demo vessel 017,548000017,8500173,Philippines,Other,Fishing event,2025-12-15 06:46:00,Asia/Manila,+08:00,14.53363,120.88449,28691
DEMOVESSEL006,548000006,64,Philippines,Dredging,Encounter,2025-12-03 18:56:00,Asia/Manila,+08:00,14.78033,120.53831,17709
DEMO VESSEL 038,548000038,8500381,Philippines,Dredging,Fishing event,2025-12-12 03:56:00,Asia/Manila,+08:00,14.48063,120.8511,23027
DEMO VESSEL 007,548000007,8500070,Philippines,Cargo,Fishing event,01/12/2025 11:35,Asia/Manila,+08:00,14.78972,120.66957,4208
DEMO VESSEL 035,548000035,8500355,Philippines,Other,Loitering,2025-12-02 03:14:00,Asia/Manila,+08:00,14.89027,120.5864,18155
DEMO VESSEL 030,548000030,8500305,Philippines,Cargo,Loitering,05/12/2025 22:18,Asia/Manila,+08:00,14.45028,120.85696,28879
DEMO VESSEL 003,548000003,8500032,Philippines,Cargo,Port visit,2025-12-21 00:55:00,Asia/Manila,+08:00,14.68353,120.61855,5605
DEMO VESSEL 031 ,548000031,8500317,Philippines,Cargo,Encounter,2025-12-10 03:58:00,Asia/Manila,+08:00,14.72428,120.52841,13890
DEMO VESSEL 040,548000040,8500408,Philippines,Other,Loitering,2025-12-04 06:42:00,Asia/Manila,+08:00,14.57292,120.37477,29435
DEMO VESSEL 035,548000035,8500355,Philippines,Other,Port visit,2025-12-11 02:09:00,Asia/Manila,+08:00,14.67498,120.42929,14369
DEMO VESSEL 018,548000018,8500185,Philippines,Cargo,Port visit,2025-12-08 12:48:00,Asia/Manila,+08:00,14.25497,120.70299,3538
DEMO VESSEL 024,548000024,8500240,Philippines,Cargo,Fishing event,2025-12-12 06:34:00,Asia/Manila,+08:00,14.81349,120.46051,31085
DEMO VESSEL 002,548000002,8500020,Philippines,Cargo,Fishing event,23/12/2025 19:02,Asia/Manila,+08:00,14.42946,120.35473,19884
DEMO VESSEL 008,548000008,8500082,Belize,Dredging,Loitering,13/12/2025 00:09,Asia/Manila,+08:00,14.50459,120.74289,30615
DEMO VESSEL 010,548000010,8500109,Belize,Other,Loitering,2025-12-23 15:41:00,Asia/Manila,+08:00,14.29148,120.78861,3778
DEMO VESSEL 035,548000035,8500355,Philippines,Other,Loitering,2025-12-24 21:24:00,UTC,+00:00,14.6792,120.4526,36798
DEMO VESSEL 010,548000010,8500109,Belize,Other,Encounter,2025-12-20 09:53:00,UTC,+00:00,14.55111,120.69217,8004
DEMOVESSEL002,548000002,8500020,Philippines,Cargo,Encounter,2025-12-05 06:46:00,Asia/Manila,+08:00,14.31829,120.51995,35344
DEMO VESSEL 029,548000029,8500290,Philippines,Other,Fishing event,2025-12-18 02:07:00,Asia/Manila,+08:00,14.54614,120.6479,35865
DEMO VESSEL 013,548000013,8500135,Philippines,Other,Encounter,2025-12-22 04:03:00,UTC,+00:00,14.25058,120.8052,39895
DEMO VESSEL 022,548000022,8500226,Sierra Leone,Dredging,Port visit,07/12/2025 23:31,UTC,+00:00,14.44292,120.3041,10442
DEMO VESSEL 002,548000002,8500020,Philippines,Cargo,Encounter,2025-12-22 06:48:00,Asia/Manila,+08:00,14.84897,120.89138,30285
DEMO VESSEL 010,548000010,8500109,Belize,Other,Encounter,2025-12-06 12:55:00,Asia/Manila,+08:00,14.75271,120.67751,37850
DEMO VESSEL 037,548000037,8500379,Belize,Cargo,Port visit,2025-12-08 05:18:00,Asia/Manila,+08:00,14.47891,120.38227,25382
DEMO VESSEL 024,548000024,8500240,Philippines,Cargo,Encounter,2025-12-22 11:58:00,Asia/Manila,+08:00,14.42315,120.44811,8159
DEMO VESSEL 033,548000033,8500331,Philippines,Cargo,Encounter,04/12/2025 02:33,Asia/Manila,+08:00,14.54918,120.40021,29661
DEMO VESSEL 024,548000024,8500240,Philippines,Cargo,Encounter,2025-12-09 11:09:00,Asia/Manila,+08:00,14.45352,120.63984,39316
demo vessel 040,548000040,8500408,Philippines,Other,Port visit,20/12/2025 23:04,Asia/Manila,+08:00,14.77434,120.62571,27420
DEMO VESSEL 009,548000009,8500094,Belize,Cargo,Loitering,22/12/2025 15:54,UTC,+00:00,14.26575,120.67143,8184
DEMO VESSEL 023,548000023,8500238,Belize,Cargo,Port visit,2025-12-08 20:07:00,Asia/Manila,+08:00,14.78231,120.45312,6223
DEMO VESSEL 020,548000020,8500202,Philippines,Other,Loitering,2025-12-19 03:15:00,Asia/Manila,+08:00,14.46669,120.50557,32814
DEMO VESSEL 002,548000002,8500020,Philippines,Cargo,Port visit,2025-12-27 22:05:00,Asia/Manila,+08:00,14.23476,120.81229,15052
DEMO VESSEL 011,548000011,8500111,Philippines,Other,Encounter,24/12/2025 23:01,Asia/Manila,+08:00,14.31719,120.88562,27560
DEMO VESSEL 035,548000035,8500355,Philippines,Other,Port visit,2025-12-08 03:23:00,Asia/Manila,+08:00,14.45505,120.70829,2562
DEMO VESSEL 007,548000007,8500070,Philippines,Cargo,Port visit,2025-12-18 14:05:00,Asia/Manila,+08:00,14.34638,120.78939,28673
DEMO VESSEL 008,548000008,8500082,Belize,Dredging,Port visit,26/12/2025 15:08,UTC,+00:00,14.21259,120.60475,24051
DEMO VESSEL 004,548000004,,Philippines,Dredging,Loitering,2025-12-06 12:57:00,Asia/Manila,+08:00,14.50618,120.35975,17354
DEMO VESSEL 007,548000007,8500070,Philippines,Cargo,Fishing event,2025-12-03 16:08:00,Asia/Manila,+08:00,14.60126,120.62797,26560
DEMOVESSEL026,548000026,8500264,Philippines,Cargo,Loitering,2025-12-09 05:32:00,Asia/Manila,+08:00,14.49465,120.55882,10017
DEMO VESSEL 006,548000006,64,Philippines,Dredging,Encounter,2025-12-04 22:00:00,UTC,+00:00,14.34443,120.38663,21606
DEMO VESSEL 019,548000019,8500197,Philippines,Cargo,Fishing event,2025-12-01 05:10:00,Asia/Manila,+08:00,14.47099,120.56214,11063
DEMOVESSEL024,548000024,8500240,Philippines,Cargo,Fishing event,2025-12-13 23:11:00,UTC,+00:00,14.58137,120.57533,12200
demo vessel 004,548000004,,Philippines,Dredging,Encounter,2025-12-04 08:54:00,UTC,+00:00,14.35099,120.4749,10307
DEMO VESSEL 038,548000038,8500381,Philippines,Dredging,Loitering,2025-12-26 23:32:00,Asia/Manila,+08:00,14.48955,120.5669,12475
DEMO VESSEL 018,548000018,8500185,Philippines,Cargo,Port visit,2025-12-16 05:20:00,Asia/Manila,+08:00,14.79455,120.32162,9843
DEMO VESSEL 036,548000036,8500367,Sierra Leone,Cargo,Fishing event,2025-12-05 19:42:00,Asia/Manila,+08:00,14.34303,120.75036,24207
DEMO VESSEL 037,548000037,8500379,Belize,Cargo,Encounter,2025-12-04 16:37:00,Asia/Manila,+08:00,14.22737,120.61555,2641
DEMO VESSEL 025,548000025,8500252,Philippines,Dredging,Port visit,2025-12-07 14:34:00,Asia/Manila,+08:00,14.5762,120.30617,37809
DEMOVESSEL007,548000007,8500070,Philippines,Cargo,Port visit,2025-12-09 08:37:00,UTC,+00:00,14.60244,120.46178,9875
DEMO VESSEL 002,548000002,8500020,Philippines,Cargo,Encounter,2025-12-04 03:54:00,Asia/Manila,+08:00,14.29688,120.68832,6391
DEMO VESSEL 040,548000040,8500408,Philippines,Other,Loitering,08/12/2025 05:10,Asia/Manila,+08:00,14.23578,120.34109,14665
DEMO VESSEL 024,548000024,8500240,Philippines,Cargo,Port visit,2025-12-20 16:49:00,Asia/Manila,+08:00,0.0,0.0,14296
DEMO VESSEL 003,548000003,8500032,Philippines,Cargo,Loitering,18/12/2025 11:07,Asia/Manila,+08:00,14.36467,120.72133,26909
DEMO VESSEL 011 ,548000011,8500111,Philippines,Other,Encounter,2025-12-19 04:10:00,Asia/Manila,+08:00,14.25261,120.58832,37012
DEMO VESSEL 033,548000033,8500331,Philippines,Cargo,Port visit,16/12/2025 00:21,Asia/Manila,+08:00,14.40619,120.48826,28089
DEMO VESSEL 007,548000007,8500070,Philippines,Cargo,Loitering,2025-12-17 03:41:00,Asia/Manila,+08:00,14.33941,120.74121,27972
DEMO VESSEL 033,548000033,8500331,Philippines,Cargo,Encounter,2025-12-14 22:32:00,Asia/Manila,+08:00,14.39142,120.87373,18649
DEMO VESSEL 009,548000009,8500094,Belize,Cargo,Port visit,2025-12-23 02:13:00,Asia/Manila,+08:00,14.44121,120.69522,8610
DEMO VESSEL 039,548000039,8500393,Philippines,Dredging,Loitering,2025-12-07 05:00:00,Asia/Manila,+08:00,14.74069,120.41128,11680
DEMO VESSEL 039,548000039,8500393,Philippines,Dredging,Loitering,2025-12-09 00:04:00,Asia/Manila,+08:00,14.69712,120.3597,35336
DEMO VESSEL 002,548000002,8500020,Philippines,Cargo,Encounter,2025-12-01 01:15:00,Asia/Manila,+08:00,14.47538,120.3942,15779
DEMO VESSEL 029,548000029,8500290,Philippines,Other,Port visit,2025-12-24 04:42:00,Asia/Manila,+08:00,14.82206,120.61078,31967
AIS TEST SHIP,100900301,,,,Encounter,09/12/2025 13:01,Asia/Manila,+08:00,14.44284,120.5913,36082
DEMO VESSEL 008,548000008,8500082,Belize,Dredging,Loitering,02/12/2025 09:41,Asia/Manila,+08:00,14.88493,120.55138,1948
DEMO VESSEL 020,548000020,8500202,Philippines,Other,Loitering,2025-12-01 10:04:00,Asia/Manila,+08:00,14.41732,120.75332,24856
DEMO VESSEL 034,548000034,8500343,Belize,Cargo,Port visit,2025-12-01 10:27:00,Asia/Manila,+08:00,14.46672,120.37485,28272
DEMOVESSEL003,548000003,8500032,Philippines,Cargo,Loitering,2025-12-23 15:48:00,UTC,+00:00,14.75111,120.68946,8388
DEMO VESSEL 034,548000034,8500343,Belize,Cargo,Fishing event,2025-12-12 17:56:00,Asia/Manila,+08:00,14.79883,120.66033,24875
demo vessel 038,548000038,8500381,Philippines,Dredging,Encounter,03/12/2025 21:08,Asia/Manila,+08:00,14.54154,120.63321,1365
DEMO VESSEL 027,548000027,8500276,Philippines,Cargo,Port visit,20/12/2025 17:15,Asia/Manila,+08:00,14.34703,120.70772,21695
DEMO VESSEL 009,548000009,8500094,Belize,Cargo,Encounter,26/12/2025 10:31,Asia/Manila,+08:00,14.73385,120.48305,27039
AIS TEST SHIP,100900301,,,,Encounter,16/12/2025 03:45,Asia/Manila,+08:00,14.7206,120.82202,34478
DEMO VESSEL 004,548000004,,Philippines,Dredging,Port visit,2025-12-01 13:30:00,Asia/Manila,+08:00,14.25783,120.55737,16649
DEMO VESSEL 007,667000007,8500070,Sierra Leone,Cargo,Loitering,2025-12-11 06:57:00,Asia/Manila,+08:00,14.59198,120.49214,12737
DEMO VESSEL 027,548000027,8500276,Philippines,Cargo,Port visit,2025-12-10 00:23:00,Asia/Manila,+08:00,14.78918,120.64204,3026
DEMO VESSEL 014,548000014,8500147,Philippines,Cargo,Port visit,2025-12-13 18:31:00,Asia/Manila,+08:00,14.59975,120.79637,5888
DEMO VESSEL 009,548000009,8500094,Belize,Cargo,Port visit,2025-12-07 22:02:00,Asia/Manila,+08:00,14.26211,120.63553,15161
DEMO VESSEL 029,548000029,8500290,Philippines,Other,Encounter,2025-12-14 05:33:00,Asia/Manila,+08:00,14.89588,120.75405,39931
AIS TEST SHIP,100900301,,,,Fishing event,2025-12-25 14:30:00,UTC,+00:00,14.33336,120.51769,949
DEMO VESSEL 040,548000040,8500408,Philippines,Other,Fishing event,2025-12-23 10:12:00,Asia/Manila,+08:00,14.40703,120.49862,7649
DEMO VESSEL 004,548000004,,Philippines,Dredging,Loitering,07/12/2025 23:59,Asia/Manila,+08:00,14.2368,120.81926,19901
DEMO VESSEL 001,548000001,8500018,Philippines,Dredging,Loitering,2025-12-08 09:42:00,Asia/Manila,+08:00,14.57165,120.5553,18054
DEMO VESSEL 034,548000034,8500343,Belize,Cargo,Port visit,2025-12-20 19:58:00,Asia/Manila,+08:00,14.52496,120.50006,34300
DEMO VESSEL 029,548000029,8500290,Philippines,Other,Loitering,2025-12-04 05:46:00,Asia/Manila,+08:00,14.80384,120.38354,857
DEMO VESSEL 010 ,548000010,8500109,Belize,Other,Fishing event,2025-12-22 22:48:00,UTC,+00:00,14.84797,120.81872,13640
DEMO VESSEL 029,548000029,8500290,Philippines,Other,Loitering,2025-12-07 07:40:00,Asia/Manila,+08:00,14.42332,120.60995,15738
AIS TEST SHIP,100900301,,,,Encounter,2025-12-24 02:04:00,Asia/Manila,+08:00,14.28015,120.85764,964
DEMO VESSEL 036,548000036,8500367,Sierra Leone,Cargo,Encounter,2025-12-02 20:45:00,Asia/Manila,+08:00,14.72048,120.34058,34161
demo vessel 023,548000023,8500238,Belize,Cargo,Fishing event,06/12/2025 05:48,Asia/Manila,+08:00,14.80194,120.32312,9434
DEMOVESSEL007,548000007,8500070,Philippines,Cargo,Encounter,2025-12-05 02:19:00,Asia/Manila,+08:00,14.6638,120.86722,15157
DEMO VESSEL 006,548000006,64,Philippines,Dredging,Encounter,2025-12-25 06:31:00,Asia/Manila,+08:00,14.34771,120.70013,9226
DEMO VESSEL 022,548000022,8500226,Sierra Leone,Dredging,Fishing event,2025-12-17 00:43:00,Asia/Manila,+08:00,14.52711,120.62991,30191
DEMO VESSEL 028,548000028,8500288,Philippines,Other,Port visit,2025-12-10 04:07:00,UTC,+00:00,14.69878,120.82384,34038
DEMO VESSEL 007,667000007,8500070,Sierra Leone,Cargo,Encounter,2025-12-19 12:00:00,UTC,+00:00,14.30932,120.68861,11067
DEMOVESSEL033,548000033,8500331,Philippines,Cargo,Encounter,05/12/2025 04:16,UTC,+00:00,14.84365,120.69012,37297
DEMO VESSEL 028,548000028,8500288,Philippines,Other,Fishing event,01/12/2025 02:56,Asia/Manila,+08:00,14.46294,120.37838,11816
DEMO VESSEL 035,548000035,8500355,Philippines,Other,Port visit,2025-12-02 06:54:00,UTC,+00:00,14.47361,120.74652,39931
DEMO VESSEL 006,548000006,64,Philippines,Dredging,Port visit,2025-12-23 04:13:00,Asia/Manila,+08:00,14.4642,120.3223,1169
DEMO VESSEL 012,548000012,8500123,Philippines,Dredging,Encounter,2025-12-12 21:54:00,Asia/Manila,+08:00,14.85603,120.77146,929
DEMO VESSEL 006,548000006,64,Philippines,Dredging,Loitering,2025-12-15 22:58:00,Asia/Manila,+08:00,14.29744,120.74421,32815
DEMO VESSEL 017,548000017,8500173,Philippines,Other,Port visit,2025-12-03 13:13:00,Asia/Manila,+08:00,14.27287,120.81226,3753
DEMO VESSEL 032,548000032,8500329,Philippines,Cargo,Fishing event,26/12/2025 21:09,Asia/Manila,+08:00,14.41165,120.62524,9444
DEMO VESSEL 035,548000035,8500355,Philippines,Other,Port visit,15/12/2025 22:27,UTC,+00:00,14.39828,120.61006,8815
DEMO VESSEL 038,548000038,8500381,Philippines,Dredging,Fishing event,2025-12-07 03:25:00,UTC,+00:00,14.6833,120.38499,33988
DEMO VESSEL 012,548000012,8500123,Philippines,Dredging,Encounter,05/12/2025 22:58,Asia/Manila,+08:00,14.24347,120.86514,16836
DEMO VESSEL 038,548000038,8500381,Philippines,Dredging,Encounter,2025-12-13 19:23:00,Asia/Manila,+08:00,14.77192,120.69168,20304
DEMO VESSEL 007,548000007,8500070,Philippines,Cargo,Encounter,2025-12-13 05:37:00,UTC,+00:00,14.24571,120.48623,24946
DEMO VESSEL 009 ,548000009,8500094,Belize,Cargo,Fishing event,01/12/2025 12:25,Asia/Manila,+08:00,14.34955,120.87996,35009
DEMO VESSEL 015,548000015,8500159,Philippines,Cargo,Encounter,2025-12-19 03:59:00,Asia/Manila,+08:00,14.72207,120.476,28435
DEMO VESSEL 035,548000035,8500355,Philippines,Other,Port visit,2025-12-01 02:23:00,Asia/Manila,+08:00,14.87692,120.68112,23904
DEMO VESSEL 004,548000004,,Philippines,Dredging,Port visit,2025-12-19 12:52:00,Asia/Manila,+08:00,14.82565,120.41914,21516
AIS TEST SHIP,100900301,,,,Loitering,2025-12-11 21:26:00,Asia/Manila,+08:00,14.59021,120.36059,27208
DEMO VESSEL 024,548000024,8500240,Philippines,Cargo,Encounter,2025-11-12 21:56:00,UTC,+00:00,14.89948,120.35809,27582
DEMO VESSEL 028,548000028,8500288,Philippines,Other,Encounter,14/12/2025 15:33,UTC,+00:00,14.271,120.61902,13513
demo vessel 029,548000029,8500290,Philippines,Other,Port visit,2025-12-09 11:27:00,Asia/Manila,+08:00,14.756,120.34033,27975
DEMO VESSEL 006,548000006,64,Philippines,Dredging,Port visit,2025-12-26 00:12:00,UTC,+00:00,14.74079,120.57892,3825
DEMO VESSEL 036,548000036,8500367,Sierra Leone,Cargo,Loitering,2025-12-12 18:30:00,Asia/Manila,+08:00,14.68116,120.75235,32985
DEMO VESSEL 016,548000016,8500161,Philippines,Dredging,Encounter,2025-12-23 10:00:00,Asia/Manila,+08:00,14.72747,120.77378,18497
DEMO VESSEL 001,548000001,8500018,Philippines,Dredging,Encounter,2025-12-12 01:06:00,UTC,+00:00,14.25321,120.6631,2241
DEMO VESSEL 023,548000023,8500238,Belize,Cargo,Loitering,2025-12-18 16:29:00,Asia/Manila,+08:00,14.21798,120.65928,2736
DEMO VESSEL 008,548000008,8500082,Belize,Dredging,Encounter,2025-12-25 17:58:00,Asia/Manila,+08:00,14.30655,120.38266,373
DEMO VESSEL 018,548000018,8500185,Philippines,Cargo,Fishing event,2025-12-20 21:30:00,Asia/Manila,+08:00,14.83785,120.54799,39859
DEMO VESSEL 029,548000029,8500290,Philippines,Other,Port visit,2025-12-15 02:06:00,Asia/Manila,+08:00,14.40739,120.3318,23688
DEMO VESSEL 014,548000014,8500147,Philippines,Cargo,Encounter,2025-12-18 10:04:00,Asia/Manila,+08:00,14.62579,120.58924,27643
DEMO VESSEL 020,548000020,8500202,Philippines,Other,Port visit,11/12/2025 14:33,Asia/Manila,+08:00,14.55328,120.77811,3894
DEMOVESSEL013,548000013,8500135,Philippines,Other,Encounter,2025-12-10 05:21:00,UTC,+00:00,14.20484,120.62379,32485
DEMO VESSEL 016,548000016,8500161,Philippines,Dredging,Encounter,12/12/2025 03:13,Asia/Manila,+08:00,14.64457,120.35268,6973
demo vessel 003,548000003,8500032,Philippines,Cargo,Fishing event,2025-12-12 02:37:00,Asia/Manila,+08:00,14.5573,120.80858,355
DEMO VESSEL 002,548000002,8500020,Philippines,Cargo,Fishing event,2025-12-14 09:10:00,Asia/Manila,+08:00,14.83725,120.71292,6132
demo vessel 013,548000013,8500135,Philippines,Other,Fishing event,2025-12-05 19:17:00,Asia/Manila,+08:00,14.2357,120.3833,13911
DEMO VESSEL 018,548000018,8500185,Philippines,Cargo,Fishing event,15/12/2025 12:12,Asia/Manila,+08:00,14.32187,120.39933,23300
DEMO VESSEL 026,548000026,8500264,Philippines,Cargo,Encounter,2025-12-01 12:33:00,Asia/Manila,+08:00,14.78918,120.83063,2430
DEMO VESSEL 023,548000023,8500238,Belize,Cargo,Port visit,2025-12-22 14:43:00,UTC,+00:00,14.30396,120.59525,39913
DEMO VESSEL 034,548000034,8500343,Belize,Cargo,Fishing event,2025-12-14 03:42:00,UTC,+00:00,14.65907,120.46067,31537
DEMOVESSEL009,548000009,8500094,Belize,Cargo,Loitering,2025-12-23 21:17:00,UTC,+00:00,14.71797,120.51234,38269
DEMO VESSEL 010,548000010,8500109,Belize,Other,Fishing event,2025-12-13 13:37:00,UTC,+00:00,14.74276,120.64191,37569
DEMO VESSEL 025,548000025,8500252,Philippines,Dredging,Fishing event,2025-12-02 11:33:00,UTC,+00:00,14.56439,120.78454,36330
DEMO VESSEL 019,548000019,8500197,Philippines,Cargo,Loitering,20/12/2025 13:41,Asia/Manila,+08:00,14.61875,120.84416,8361
DEMO VESSEL 027,548000027,8500276,Philippines,Cargo,Encounter,01/12/2025 12:25,UTC,+00:00,14.23105,120.39209,22159
DEMO VESSEL 015,548000015,8500159,Philippines,Cargo,Loitering,2025-12-13 14:06:00,Asia/Manila,+08:00,14.20555,120.7279,12318
DEMO VESSEL 022,548000022,8500226,Sierra Leone,Dredging,Port visit,02/12/2025 01:25,Asia/Manila,+08:00,14.74728,120.44791,28789
DEMO VESSEL 014,548000014,8500147,Philippines,Cargo,Loitering,2025-12-05 02:23:00,UTC,+00:00,14.3788,120.71342,14179
DEMO VESSEL 008,548000008,8500082,Belize,Dredging,Loitering,13/12/2025 00:09,Asia/Manila,+08:00,14.50459,120.74289,30615
DEMO VESSEL 005,548000005,1234568,Sierra Leone,Dredging,Port visit,15/12/2025 21:18,Asia/Manila,+08:00,14.68656,120.38792,2135
DEMO VESSEL 016,548000016,8500161,Philippines,Dredging,Encounter,15/12/2025 01:40,UTC,+00:00,14.24601,120.37077,360
DEMO VESSEL 031,548000031,8500317,Philippines,Cargo,Port visit,2025-12-06 15:12:00,Asia/Manila,+08:00,14.75939,120.69422,9650
DEMO VESSEL 011,548000011,8500111,Philippines,Other,Fishing event,10/12/2025 10:29,UTC,+00:00,14.50951,120.45007,25797
DEMO VESSEL 027,548000027,8500276,Philippines,Cargo,Fishing event,2025-12-17 01:20:00,Asia/Manila,+08:00,14.78188,120.6515,18855
DEMO VESSEL 017,548000017,8500173,Philippines,Other,Port visit,2025-12-16 11:01:00,Asia/Manila,+08:00,14.65783,120.67445,21422
demo vessel 023,548000023,8500238,Belize,Cargo,Encounter,2025-12-26 00:46:00,UTC,+00:00,14.73488,120.30761,37574
DEMO VESSEL 027,548000027,8500276,Philippines,Cargo,Loitering,2025-12-15 21:56:00,Asia/Manila,+08:00,14.24523,120.33108,26926
DEMO VESSEL 032,548000032,8500329,Philippines,Cargo,Port visit,2025-12-08 13:26:00,Asia/Manila,+08:00,14.63238,120.59423,14415
DEMO VESSEL 025,548000025,8500252,Philippines,Dredging,Encounter,05/12/2025 14:05,Asia/Manila,+08:00,14.75392,120.83077,34753
DEMO VESSEL 024,548000024,8500240,Philippines,Cargo,Fishing event,2025-12-22 20:11:00,UTC,+00:00,14.53785,120.80779,36526
DEMO VESSEL 024,548000024,8500240,Philippines,Cargo,Port visit,2025-12-10 21:11:00,Asia/Manila,+08:00,14.26109,120.85408,6502
demo vessel 024,548000024,8500240,Philippines,Cargo,Encounter,2025-12-06 02:24:00,Asia/Manila,+08:00,14.7118,120.39388,4740
DEMO VESSEL 017,548000017,8500173,Philippines,Other,Loitering,2025-12-03 20:43:00,Asia/Manila,+08:00,14.75125,120.47089,25180
DEMO VESSEL 009,548000009,8500094,Belize,Cargo,Port visit,12/12/2025 05:18,UTC,+00:00,14.86428,120.85428,22455
DEMO VESSEL 038,548000038,8500381,Philippines,Dredging,Encounter,2025-12-17 12:02:00,Asia/Manila,+08:00,14.83924,120.5077,3783
DEMO VESSEL 027,548000027,8500276,Philippines,Cargo,Encounter,21/12/2025 00:11,UTC,+00:00,14.75072,120.78923,33011
DEMO VESSEL 013,548000013,8500135,Philippines,Other,Encounter,2025-12-05 01:19:00,Asia/Manila,+08:00,14.38927,120.69728,26603
DEMO VESSEL 004,548000004,,Philippines,Dredging,Port visit,2025-12-26 07:44:00,Asia/Manila,+08:00,14.27371,120.52549,25742
DEMO VESSEL 001,548000001,8500018,Philippines,Dredging,Loitering,2025-12-15 01:26:00,Asia/Manila,+08:00,14.36627,120.56652,15635
DEMO VESSEL 013,548000013,8500135,Philippines,Other,Port visit,14/12/2025 20:04,Asia/Manila,+08:00,14.53331,120.54208,7876
DEMO VESSEL 007,548000007,8500070,Philippines,Cargo,Fishing event,2025-12-04 18:03:00,Asia/Manila,+08:00,14.50878,120.65028,9321
DEMO VESSEL 007,548000007,8500070,Philippines,Cargo,Port visit,2025-12-02 12:23:00,UTC,+00:00,14.44671,120.51853,937
DEMOVESSEL018,548000018,8500185,Philippines,Cargo,Port visit,17/12/2025 14:32,Asia/Manila,+08:00,14.25578,120.84339,2414
DEMO VESSEL 035,548000035,8500355,Philippines,Other,Fishing event,2025-12-10 09:25:00,Asia/Manila,+08:00,14.43328,120.3545,32691
DEMO VESSEL 011,548000011,8500111,Philippines,Other,Port visit,2025-12-19 04:23:00,Asia/Manila,+08:00,14.78363,120.68907,25821
DEMO VESSEL 029,548000029,8500290,Philippines,Other,Encounter,2025-12-17 03:33:00,UTC,+00:00,14.50343,120.43059,29450
DEMO VESSEL 017,548000017,8500173,Philippines,Other,Port visit,2025-12-03 04:35:00,Asia/Manila,+08:00,14.50627,120.89513,27813
DEMO VESSEL 005,548000005,1234568,Sierra Leone,Dredging,Fishing event,15/12/2025 21:37,Asia/Manila,+08:00,14.29219,120.55321,25533
DEMO VESSEL 033,548000033,8500331,Philippines,Cargo,Fishing event,15/12/2025 10:08,Asia/Manila,+08:00,14.45702,120.7802,33815
DEMO VESSEL 037,548000037,8500379,Belize,Cargo,Encounter,2025-12-08 03:53:00,Asia/Manila,+08:00,14.24387,120.76048,7129
DEMO VESSEL 008,548000008,8500082,Belize,Dredging,Fishing event,25/12/2025 08:47,UTC,+00:00,14.89916,120.36658,31361
DEMO VESSEL 017,548000017,8500173,Philippines,Other,Port visit,03/12/2025 02:33,Asia/Manila,+08:00,14.69968,120.52646,25139
demo vessel 040,548000040,8500408,Philippines,Other,Fishing event,2025-12-11 07:34:00,Asia/Manila,+08:00,14.50334,120.4988,643
DEMO VESSEL 021,548000021,8500214,Belize,Dredging,Encounter,2025-11-23 19:28:00,UTC,+00:00,14.76637,120.59646,29821
DEMO VESSEL 010,548000010,8500109,Belize,Other,Encounter,2025-12-03 03:42:00,UTC,+00:00,14.88591,120.54992,7053
DEMO VESSEL 005,548000005,1234568,Sierra Leone,Dredging,Loitering,2025-12-16 06:34:00,Asia/Manila,+08:00,14.37898,120.31936,37087
DEMO VESSEL 022,548000022,8500226,Sierra Leone,Dredging,Loitering,2025-12-02 16:31:00,Asia/Manila,+08:00,14.411,120.81257,12076
DEMO VESSEL 003,548000003,8500032,Philippines,Cargo,Loitering,2025-12-20 04:54:00,Asia/Manila,+08:00,14.40963,120.79339,38307
DEMOVESSEL015,548000015,8500159,Philippines,Cargo,Loitering,2025-12-13 10:39:00,UTC,+00:00,14.5651,120.82226,1875
AISTESTSHIP,100900301,,,,Fishing event,2025-12-09 19:25:00,UTC,+00:00,14.72958,120.64467,20243
DEMO VESSEL 038,548000038,8500381,Philippines,Dredging,Loitering,18/12/2025 23:50,Asia/Manila,+08:00,14.82451,120.41495,26244
DEMO VESSEL 018,548000018,8500185,Philippines,Cargo,Loitering,2025-12-08 18:35:00,UTC,+00:00,14.81851,120.41909,39796
DEMO VESSEL 017,548000017,8500173,Philippines,Other,Encounter,2025-12-18 00:56:00,UTC,+00:00,14.8911,120.79694,30238
DEMO VESSEL 035,548000035,8500355,Philippines,Other,Fishing event,11/12/2025 05:59,Asia/Manila,+08:00,14.40034,120.38198,19281
DEMO VESSEL 037,548000037,8500379,Belize,Cargo,Port visit,27/12/2025 10:40,Asia/Manila,+08:00,14.25593,120.61948,12492
demo vessel 039,548000039,8500393,Philippines,Dredging,Port visit,2025-12-08 09:28:00,UTC,+00:00,14.39639,120.73301,12957
DEMO VESSEL 035,548000035,8500355,Philippines,Other,Fishing event,2025-12-16 17:20:00,Asia/Manila,+08:00,14.51245,120.55057,29985
DEMOVESSEL014,548000014,8500147,Philippines,Cargo,Loitering,19/12/2025 08:05,Asia/Manila,+08:00,14.69119,120.3837,12452
DEMO VESSEL 016,548000016,8500161,Philippines,Dredging,Port visit,2025-12-06 05:35:00,Asia/Manila,+08:00,14.80489,120.45537,7557
DEMO VESSEL 010,548000010,8500109,Belize,Other,Encounter,19/12/2025 12:41,Asia/Manila,+08:00,14.53632,120.70629,38084
DEMO VESSEL 039,548000039,8500393,Philippines,Dredging,Port visit,12/12/2025 07:53,Asia/Manila,+08:00,14.32525,120.65062,1709
DEMO VESSEL 037,548000037,8500379,Belize,Cargo,Encounter,2025-12-24 02:15:00,Asia/Manila,+08:00,14.43725,120.69861,7280
DEMO VESSEL 005,548000005,1234568,Sierra Leone,Dredging,Fishing event,2025-12-11 04:22:00,Asia/Manila,+08:00,14.54218,120.46,21180
DEMO VESSEL 021,548000021,8500214,Belize,Dredging,Loitering,2025-12-18 20:27:00,UTC,+00:00,14.85052,120.89006,4000
DEMO VESSEL 027,548000027,8500276,Philippines,Cargo,Port visit,2025-12-03 04:21:00,Asia/Manila,+08:00,14.43452,120.6773,28090
DEMO VESSEL 003,548000003,8500032,Philippines,Cargo,Encounter,2025-12-23 21:50:00,Asia/Manila,+08:00,14.28184,120.89626,12391
DEMO VESSEL 029,548000029,8500290,Philippines,Other,Loitering,25/12/2025 04:48,Asia/Manila,+08:00,14.27367,120.33563,1173
DEMO VESSEL 008,548000008,8500082,Belize,Dredging,Fishing event,2025-12-09 12:27:00,UTC,+00:00,14.23757,120.33514,9427
DEMO VESSEL 015,548000015,8500159,Philippines,Cargo,Port visit,2025-12-09 14:42:00,Asia/Manila,+08:00,14.229,120.79756,8827
DEMO VESSEL 024,548000024,8500240,Philippines,Cargo,Encounter,2025-12-14 17:11:00,Asia/Manila,+08:00,14.58967,120.85882,30977
DEMO VESSEL 013,548000013,8500135,Philippines,Other,Encounter,17/12/2025 12:06,UTC,+00:00,14.8352,120.45005,39804
DEMO VESSEL 035,548000035,8500355,Philippines,Other,Encounter,2025-12-08 05:02:00,Asia/Manila,+08:00,14.52813,120.43762,33996
DEMO VESSEL 001,548000001,8500018,Philippines,Dredging,Port visit,07/12/2025 14:51,Asia/Manila,+08:00,14.24841,120.80867,20146
DEMO VESSEL 034,548000034,8500343,Belize,Cargo,Port visit,08/12/2025 19:25,Asia/Manila,+08:00,14.33592,120.61034,8779
DEMOVESSEL026,548000026,8500264,Philippines,Cargo,Encounter,2025-12-26 06:53:00,Asia/Manila,+08:00,14.79287,120.4226,26634
DEMO VESSEL 035,548000035,8500355,Philippines,Other,Fishing event,2025-12-23 12:38:00,Asia/Manila,+08:00,14.38743,120.65207,39596
DEMO VESSEL 027,548000027,8500276,Philippines,Cargo,Encounter,2025-12-10 13:00:00,Asia/Manila,+08:00,14.84625,120.56522,34943
DEMO VESSEL 007,667000007,8500070,Sierra Leone,Cargo,Fishing event,2025-12-10 03:28:00,UTC,+00:00,14.40327,120.49988,27655
DEMO VESSEL 008,548000008,8500082,Belize,Dredging,Encounter,2025-12-14 23:48:00,UTC,+00:00,14.86323,120.39049,39923
DEMO VESSEL 002,548000002,8500020,Philippines,Cargo,Fishing event,18/12/2025 13:47,Asia/Manila,+08:00,14.60359,120.7047,11232
DEMO VESSEL 015,548000015,8500159,Philippines,Cargo,Loitering,2025-12-15 05:36:00,Asia/Manila,+08:00,14.34746,120.62865,30568
DEMO VESSEL 035,548000035,8500355,Philippines,Other,Port visit,2025-12-17 17:44:00,Asia/Manila,+08:00,14.8668,120.65417,15136
DEMO VESSEL 030,548000030,8500305,Philippines,Cargo,Fishing event,2025-12-22 23:29:00,Asia/Manila,+08:00,14.62963,120.80547,36274
DEMO VESSEL 007,548000007,8500070,Philippines,Cargo,Encounter,2025-12-13 04:05:00,UTC,+00:00,14.24231,120.64873,2670
DEMO VESSEL 022,548000022,8500226,Sierra Leone,Dredging,Port visit,2025-12-24 06:32:00,Asia/Manila,+08:00,14.31551,120.66908,31327
DEMO VESSEL 024,548000024,8500240,Philippines,Cargo,Loitering,2025-12-04 22:08:00,Asia/Manila,+08:00,14.88977,120.46513,24697
DEMO VESSEL 003,548000003,8500032,Philippines,Cargo,Port visit,2025-12-10 14:03:00,Asia/Manila,+08:00,14.46418,120.42104,6289
DEMO VESSEL 027,548000027,8500276,Philippines,Cargo,Fishing event,2025-12-21 17:24:00,Asia/Manila,+08:00,14.62906,120.69418,38482
DEMO VESSEL 018,548000018,8500185,Philippines,Cargo,Encounter,2025-12-07 05:45:00,Asia/Manila,+08:00,14.4331,120.75886,6836
DEMO VESSEL 006,548000006,64,Philippines,Dredging,Encounter,02/12/2025 03:15,Asia/Manila,+08:00,14.20347,120.61669,15859
DEMO VESSEL 002,548000002,8500020,Philippines,Cargo,Fishing event,2025-12-16 22:38:00,Asia/Manila,+08:00,14.26264,120.39462,4217
DEMO VESSEL 021,548000021,8500214,Belize,Dredging,Encounter,2025-12-27 10:21:00,UTC,+00:00,14.76873,120.70391,6881
DEMO VESSEL 012,548000012,8500123,Philippines,Dredging,Fishing event,2025-12-10 11:39:00,Asia/Manila,+08:00,14.4637,120.51218,34567
DEMOVESSEL023,548000023,8500238,Belize,Cargo,Loitering,2025-12-18 03:11:00,UTC,+00:00,14.87462,120.73401,31246
DEMO VESSEL 019,548000019,8500197,Philippines,Cargo,Port visit,2025-12-19 06:40:00,Asia/Manila,+08:00,14.79424,120.76185,30999
DEMO VESSEL 015,548000015,8500159,Philippines,Cargo,Port visit,19/12/2025 11:50,UTC,+00:00,14.53104,120.69986,10467
DEMO VESSEL 001,548000001,8500018,Philippines,Dredging,Loitering,2025-12-16 02:48:00,Asia/Manila,+08:00,14.5327,120.62988,14180
DEMO VESSEL 017,548000017,8500173,Philippines,Other,Encounter,2025-12-25 08:49:00,Asia/Manila,+08:00,14.39125,120.35293,35406
DEMO VESSEL 037,548000037,8500379,Belize,Cargo,Encounter,2025-12-12 22:34:00,Asia/Manila,+08:00,14.34795,120.62355,6580
DEMO VESSEL 007,667000007,8500070,Sierra Leone,Cargo,Fishing event,13/12/2025 02:23,Asia/Manila,+08:00,14.46452,120.59858,10734
DEMO VESSEL 012,548000012,8500123,Philippines,Dredging,Loitering,2025-12-25 08:16:00,Asia/Manila,+08:00,14.32478,120.36764,4785
DEMO VESSEL 033,548000033,8500331,Philippines,Cargo,Encounter,23/12/2025 22:10,Asia/Manila,+08:00,14.61128,120.42361,38993
DEMO VESSEL 015,548000015,8500159,Philippines,Cargo,Loitering,26/12/2025 08:13,UTC,+00:00,14.34224,120.61777,1728
DEMO VESSEL 006,548000006,64,Philippines,Dredging,Fishing event,04/12/2025 11:15,Asia/Manila,+08:00,14.3928,120.7353,22577
DEMO VESSEL 012,548000012,8500123,Philippines,Dredging,Loitering,2025-12-24 00:47:00,UTC,+00:00,14.8012,120.39255,36844
demo vessel 024,548000024,8500240,Philippines,Cargo,Loitering,2025-12-13 17:52:00,Asia/Manila,+08:00,14.56142,120.81319,32289
DEMO VESSEL 034,548000034,8500343,Belize,Cargo,Fishing event,23/12/2025 17:14,Asia/Manila,+08:00,14.54981,120.49233,9755
DEMO VESSEL 007,548000007,8500070,Philippines,Cargo,Loitering,2025-12-22 13:10:00,Asia/Manila,+08:00,14.30651,120.40863,31360
DEMO VESSEL 003,548000003,8500032,Philippines,Cargo,Fishing event,2025-12-02 21:34:00,Asia/Manila,+08:00,14.23343,120.68087,25899
DEMO VESSEL 033,548000033,8500331,Philippines,Cargo,Loitering,2025-12-27 16:03:00,Asia/Manila,+08:00,14.8748,120.60767,17580
DEMO VESSEL 030,548000030,8500305,Philippines,Cargo,Port visit,2025-12-09 13:00:00,Asia/Manila,+08:00,14.28532,120.51939,8195
DEMO VESSEL 022,548000022,8500226,Sierra Leone,Dredging,Loitering,16/12/2025 22:18,Asia/Manila,+08:00,14.25658,120.43551,38299
DEMO VESSEL 018,548000018,8500185,Philippines,Cargo,Encounter,11/12/2025 18:09,Asia/Manila,+08:00,14.61143,120.52984,38057
DEMO VESSEL 019,548000019,8500197,Philippines,Cargo,Encounter,12/12/2025 19:31,Asia/Manila,+08:00,14.34556,120.84665,11312
DEMO VESSEL 037,548000037,8500379,Belize,Cargo,Loitering,02/12/2025 14:51,Asia/Manila,+08:00,14.49465,120.30405,396
DEMO VESSEL 013,548000013,8500135,Philippines,Other,Encounter,2025-12-05 13:50:00,Asia/Manila,+08:00,14.79571,120.49767,35382
DEMO VESSEL 039,548000039,8500393,Philippines,Dredging,Port visit,2025-12-15 12:11:00,Asia/Manila,+08:00,14.80689,120.59706,30085
DEMOVESSEL037,548000037,8500379,Belize,Cargo,Encounter,15/12/2025 11:48,UTC,+00:00,14.35418,120.54117,28793
DEMO VESSEL 035,548000035,8500355,Philippines,Other,Port visit,2025-12-19 18:39:00,UTC,+00:00,14.4843,120.83682,25061
DEMO VESSEL 037,548000037,8500379,Belize,Cargo,Loitering,2025-12-16 06:14:00,Asia/Manila,+08:00,14.23603,120.84509,9640
DEMO VESSEL 030,548000030,8500305,Philippines,Cargo,Port visit,20/12/2025 04:29,Asia/Manila,+08:00,14.63289,120.39673,32396
DEMO VESSEL 028,548000028,8500288,Philippines,Other,Fishing event,2025-12-18 00:50:00,UTC,+00:00,14.43692,120.71309,30716
DEMO VESSEL 007,667000007,8500070,Sierra Leone,Cargo,Encounter,18/12/2025 14:53,Asia/Manila,+08:00,14.40034,120.33415,3855
DEMO VESSEL 040,548000040,8500408,Philippines,Other,Port visit,2025-12-03 00:45:00,Asia/Manila,+08:00,14.75879,120.65288,17977
DEMO VESSEL 008,548000008,8500082,Belize,Dredging,Encounter,2025-12-26 07:14:00,Asia/Manila,+08:00,14.58497,120.35608,32980
DEMO VESSEL 006,548000006,64,Philippines,Dredging,Encounter,2025-12-03 09:49:00,Asia/Manila,+08:00,14.60549,120.73118,14047
DEMO VESSEL 026,548000026,8500264,Philippines,Cargo,Loitering,26/12/2025 03:58,Asia/Manila,+08:00,14.48317,120.8137,31221
DEMO VESSEL 026,548000026,8500264,Philippines,Cargo,Loitering,03/12/2025 07:46,Asia/Manila,+08:00,14.78582,120.76823,4938
DEMO VESSEL 037,548000037,8500379,Belize,Cargo,Loitering,2025-12-25 13:59:00,Asia/Manila,+08:00,14.66502,120.58423,7480
DEMO VESSEL 006,548000006,64,Philippines,Dredging,Fishing event,2025-12-23 08:32:00,Asia/Manila,+08:00,14.4087,120.66336,5805
DEMO VESSEL 025,548000025,8500252,Philippines,Dredging,Encounter,2025-12-26 16:54:00,Asia/Manila,+08:00,14.56004,120.62881,19330
DEMO VESSEL 037,548000037,8500379,Belize,Cargo,Encounter,2025-12-17 18:14:00,Asia/Manila,+08:00,14.3822,120.82452,11113
DEMO VESSEL 006,548000006,64,Philippines,Dredging,Encounter,2025-12-03 19:53:00,UTC,+00:00,14.4828,120.43076,15431
DEMO VESSEL 015,548000015,8500159,Philippines,Cargo,Fishing event,2025-12-14 11:26:00,Asia/Manila,+08:00,14.83105,120.37199,14133
DEMO VESSEL 008,548000008,8500082,Belize,Dredging,Fishing event,24/12/2025 15:43,Asia/Manila,+08:00,14.4515,120.49731,4295
DEMO VESSEL 023,548000023,8500238,Belize,Cargo,Fishing event,2025-12-15 14:47:00,Asia/Manila,+08:00,14.52377,120.76976,12635
DEMO VESSEL 032,548000032,8500329,Philippines,Cargo,Loitering,2025-12-17 00:50:00,UTC,+00:00,14.88644,120.58258,28120
DEMO VESSEL 007,548000007,8500070,Philippines,Cargo,Loitering,2025-12-20 12:12:00,Asia/Manila,+08:00,14.6396,120.80375,5469
DEMO VESSEL 037 ,548000037,8500379,Belize,Cargo,Port visit,2025-12-13 08:17:00,Asia/Manila,+08:00,14.73802,120.39852,808
DEMO VESSEL 036,548000036,8500367,Sierra Leone,Cargo,Port visit,2025-12-09 18:05:00,Asia/Manila,+08:00,14.2351,120.68154,26239
DEMO VESSEL 027,548000027,8500276,Philippines,Cargo,Fishing event,2025-12-14 04:40:00,Asia/Manila,+08:00,14.88333,120.72768,8972
DEMO VESSEL 037,548000037,8500379,Belize,Cargo,Fishing event,2025-12-18 07:41:00,Asia/Manila,+08:00,14.69873,120.40134,19472
DEMO VESSEL 037,548000037,8500379,Belize,Cargo,Encounter,2025-12-25 00:02:00,Asia/Manila,+08:00,14.53035,120.79074,5871
DEMO VESSEL 021,548000021,8500214,Belize,Dredging,Fishing event,2025-12-25 21:10:00,Asia/Manila,+08:00,14.72629,120.79018,33858
DEMO VESSEL 011,548000011,8500111,Philippines,Other,Encounter,2025-12-09 14:51:00,Asia/Manila,+08:00,14.60265,120.68242,27645
DEMO VESSEL 006,548000006,64,Philippines,Dredging,Fishing event,02/12/2025 07:15,Asia/Manila,+08:00,14.67885,120.37978,14075
DEMO VESSEL 014,548000014,8500147,Philippines,Cargo,Loitering,2025-12-25 00:07:00,UTC,+00:00,14.88112,120.75189,16272
DEMO VESSEL 026,548000026,8500264,Philippines,Cargo,Loitering,22/12/2025 04:17,Asia/Manila,+08:00,14.31939,120.56239,24581
DEMO VESSEL 040,548000040,8500408,Philippines,Other,Port visit,2025-12-15 13:49:00,Asia/Manila,+08:00,14.48411,120.5729,23759
DEMO VESSEL 026,548000026,8500264,Philippines,Cargo,Encounter,25/12/2025 21:52,Asia/Manila,+08:00,14.75789,120.66304,39288
DEMO VESSEL 027,548000027,8500276,Philippines,Cargo,Fishing event,2025-12-26 04:46:00,UTC,+00:00,14.85824,120.81608,12998
DEMO VESSEL 030,548000030,8500305,Philippines,Cargo,Loitering,2025-12-18 22:47:00,Asia/Manila,+08:00,14.89963,120.39639,38629
DEMO VESSEL 028,548000028,8500288,Philippines,Other,Fishing event,03/12/2025 07:09,Asia/Manila,+08:00,14.73182,120.57027,38269
DEMO VESSEL 038,548000038,8500381,Philippines,Dredging,Loitering,2025-12-10 19:48:00,Asia/Manila,+08:00,14.30693,120.83753,21680
DEMO VESSEL 008,548000008,8500082,Belize,Dredging,Encounter,2025-12-25 11:10:00,Asia/Manila,+08:00,14.74996,120.31032,6063
DEMOVESSEL011,548000011,8500111,Philippines,Other,Loitering,12/12/2025 02:33,Asia/Manila,+08:00,14.85167,120.32745,22193
DEMO VESSEL 009,548000009,8500094,Belize,Cargo,Port visit,2025-12-02 23:51:00,Asia/Manila,+08:00,14.72525,120.68199,18435
DEMO VESSEL 014,548000014,8500147,Philippines,Cargo,Fishing event,10/12/2025 09:43,Asia/Manila,+08:00,14.4262,120.73218,7672
DEMO VESSEL 031,548000031,8500317,Philippines,Cargo,Encounter,2025-12-14 23:26:00,Asia/Manila,+08:00,14.82245,120.82892,1902
DEMO VESSEL 022,548000022,8500226,Sierra Leone,Dredging,Encounter,2025-12-01 23:58:00,Asia/Manila,+08:00,14.51958,120.59924,3624
DEMO VESSEL 006,548000006,64,Philippines,Dredging,Port visit,15/12/2025 00:41,Asia/Manila,+08:00,14.78477,120.56121,3399
DEMO VESSEL 012,548000012,8500123,Philippines,Dredging,Port visit,2025-12-04 08:58:00,Asia/Manila,+08:00,14.22168,120.84201,17682
DEMOVESSEL014,548000014,8500147,Philippines,Cargo,Port visit,2025-12-17 15:39:00,Asia/Manila,+08:00,14.37541,120.83648,23907
DEMO VESSEL 030,548000030,8500305,Philippines,Cargo,Loitering,2025-12-27 12:32:00,Asia/Manila,+08:00,14.56877,120.59398,29133
DEMO VESSEL 025,548000025,8500252,Philippines,Dredging,Fishing event,2025-12-02 11:33:00,UTC,+00:00,14.56439,120.78454,36330
DEMO VESSEL 026,548000026,8500264,Philippines,Cargo,Port visit,2025-12-09 02:04:00,Asia/Manila,+08:00,14.77525,120.38332,8970
DEMO VESSEL 005,548000005,1234568,Sierra Leone,Dredging,Port visit,2025-12-15 14:24:00,UTC,+00:00,14.42821,120.53933,12815
DEMO VESSEL 040,548000040,8500408,Philippines,Other,Loitering,01/12/2025 12:16,UTC,+00:00,14.84868,120.39337,13721
DEMO VESSEL 019,548000019,8500197,Philippines,Cargo,Encounter,2025-12-21 08:07:00,UTC,+00:00,14.69057,120.76124,37391
DEMO VESSEL 030,548000030,8500305,Philippines,Cargo,Encounter,20/12/2025 16:51,Asia/Manila,+08:00,14.74162,120.49218,37689
DEMO VESSEL 005,548000005,1234568,Sierra Leone,Dredging,Encounter,2025-12-22 09:21:00,Asia/Manila,+08:00,14.81318,120.86776,744
DEMO VESSEL 032,548000032,8500329,Philippines,Cargo,Port visit,11/12/2025 11:06,UTC,+00:00,14.74131,120.74794,4808
DEMO VESSEL 012,548000012,8500123,Philippines,Dredging,Encounter,2025-12-08 06:11:00,Asia/Manila,+08:00,14.24939,120.71387,35339
DEMO VESSEL 010,548000010,8500109,Belize,Other,Fishing event,2025-12-06 22:14:00,Asia/Manila,+08:00,14.32634,120.72262,20979
DEMO VESSEL 003,548000003,8500032,Philippines,Cargo,Port visit,2025-12-10 00:47:00,Asia/Manila,+08:00,14.79977,120.38542,5451
DEMO VESSEL 012,548000012,8500123,Philippines,Dredging,Loitering,2025-12-12 04:50:00,Asia/Manila,+08:00,14.53838,120.7047,32539
DEMO VESSEL 035,548000035,8500355,Philippines,Other,Fishing event,2025-12-18 11:16:00,Asia/Manila,+08:00,14.77113,120.74528,4117
DEMO VESSEL 028,548000028,8500288,Philippines,Other,Loitering,2025-12-17 00:35:00,UTC,+00:00,14.39199,120.85653,5143
DEMO VESSEL 015,548000015,8500159,Philippines,Cargo,Fishing event,24/12/2025 10:38,Asia/Manila,+08:00,14.47215,120.81719,17320
DEMO VESSEL 016,548000016,8500161,Philippines,Dredging,Encounter,2025-12-14 23:46:00,UTC,+00:00,14.42412,120.68398,14886
DEMO VESSEL 035,548000035,8500355,Philippines,Other,Encounter,2025-12-06 12:22:00,Asia/Manila,+08:00,14.89337,120.43569,3629
DEMO VESSEL 007,548000007,8500070,Philippines,Cargo,Fishing event,16/12/2025 17:08,Asia/Manila,+08:00,14.32102,120.65731,18204
DEMO VESSEL 030,548000030,8500305,Philippines,Cargo,Fishing event,04/12/2025 07:07,UTC,+00:00,14.35995,120.77464,1885
DEMO VESSEL 032,548000032,8500329,Philippines,Cargo,Loitering,2025-12-14 05:56:00,Asia/Manila,+08:00,14.8328,120.59356,11765
DEMO VESSEL 018,548000018,8500185,Philippines,Cargo,Loitering,2025-12-03 13:41:00,Asia/Manila,+08:00,14.31823,120.57974,7158
DEMO VESSEL 029,548000029,8500290,Philippines,Other,Port visit,19/12/2025 00:57,Asia/Manila,+08:00,14.67162,120.59012,1083
DEMO VESSEL 040,548000040,8500408,Philippines,Other,Encounter,2025-12-20 22:21:00,Asia/Manila,+08:00,14.62994,120.89313,16814
DEMO VESSEL 031,548000031,8500317,Philippines,Cargo,Loitering,2025-12-19 01:49:00,Asia/Manila,+08:00,14.8763,120.41402,35753
DEMO VESSEL 040,548000040,8500408,Philippines,Other,Fishing event,2025-12-19 23:19:00,UTC,+00:00,14.57808,120.75096,34229
DEMO VESSEL 036,548000036,8500367,Sierra Leone,Cargo,Encounter,2025-12-10 06:38:00,Asia/Manila,+08:00,14.45803,120.68836,29291
DEMO VESSEL 019 ,548000019,8500197,Philippines,Cargo,Port visit,2025-12-08 07:50:00,UTC,+00:00,14.81419,120.86174,11206
DEMO VESSEL 021 ,548000021,8500214,Belize,Dredging,Port visit,2025-12-27 07:53:00,Asia/Manila,+08:00,14.66235,120.63514,30844
DEMO VESSEL 002,548000002,8500020,Philippines,Cargo,Port visit,2025-12-05 15:04:00,Asia/Manila,+08:00,14.71153,120.36146,25382
DEMO VESSEL 030,548000030,8500305,Philippines,Cargo,Port visit,2025-12-26 02:01:00,Asia/Manila,+08:00,14.43872,120.72146,34229
DEMO VESSEL 018,548000018,8500185,Philippines,Cargo,Loitering,2025-12-25 12:17:00,UTC,+00:00,14.58432,120.33704,19336
DEMO VESSEL 018,548000018,8500185,Philippines,Cargo,Port visit,2025-12-14 09:03:00,Asia/Manila,+08:00,14.25137,120.57505,5217
DEMO VESSEL 038,548000038,8500381,Philippines,Dredging,Encounter,2025-12-04 23:58:00,UTC,+00:00,14.50803,120.87996,18141
DEMO VESSEL 030,548000030,8500305,Philippines,Cargo,Encounter,2025-12-03 21:58:00,Asia/Manila,+08:00,14.58058,120.79645,36469
DEMO VESSEL 010,548000010,8500109,Belize,Other,Fishing event,20/12/2025 19:55,Asia/Manila,+08:00,14.52263,120.68163,27729
DEMO VESSEL 038,548000038,8500381,Philippines,Dredging,Fishing event,2025-12-27 09:32:00,Asia/Manila,+08:00,14.43761,120.59308,22903
DEMO VESSEL 007,667000007,8500070,Sierra Leone,Cargo,Fishing event,2025-12-17 03:14:00,Asia/Manila,+08:00,14.40082,120.70396,18876
DEMO VESSEL 011,548000011,8500111,Philippines,Other,Loitering,2025-12-10 15:26:00,Asia/Manila,+08:00,14.23586,120.87202,24027
DEMO VESSEL 013,548000013,8500135,Philippines,Other,Encounter,2025-12-02 08:11:00,Asia/Manila,+08:00,14.83986,120.76396,38233
demo vessel 023,548000023,8500238,Belize,Cargo,Loitering,24/12/2025 12:27,Asia/Manila,+08:00,14.60155,120.40607,25528
DEMO VESSEL 010,548000010,8500109,Belize,Other,Port visit,2025-12-16 01:19:00,Asia/Manila,+08:00,14.43095,120.66933,27744
DEMO VESSEL 031,548000031,8500317,Philippines,Cargo,Loitering,2025-12-11 15:24:00,Asia/Manila,+08:00,14.50983,120.6968,38315
DEMO VESSEL 002,548000002,8500020,Philippines,Cargo,Encounter,2025-12-02 06:29:00,Asia/Manila,+08:00,14.88748,120.5837,10694
DEMO VESSEL 033,548000033,8500331,Philippines,Cargo,Loitering,23/12/2025 02:00,Asia/Manila,+08:00,14.6921,120.70247,30733
DEMO VESSEL 001,548000001,8500018,Philippines,Dredging,Encounter,2025-12-07 12:58:00,Asia/Manila,+08:00,14.74286,120.5284,23869
DEMO VESSEL 002,548000002,8500020,Philippines,Cargo,Port visit,2025-12-11 08:23:00,Asia/Manila,+08:00,14.85229,120.45463,38104
DEMO VESSEL 038,548000038,8500381,Philippines,Dredging,Encounter,2025-12-09 02:20:00,Asia/Manila,+08:00,14.26254,120.40612,9684
DEMO VESSEL 001,548000001,8500018,Philippines,Dredging,Port visit,2025-12-02 12:28:00,Asia/Manila,+08:00,14.72807,120.76564,38055
DEMO VESSEL 040,548000040,8500408,Philippines,Other,Port visit,2025-12-21 05:26:00,Asia/Manila,+08:00,14.26905,120.67729,15313
DEMO VESSEL 029,548000029,8500290,Philippines,Other,Fishing event,2025-12-05 12:01:00,Asia/Manila,+08:00,14.30825,120.54851,36835
DEMO VESSEL 001,548000001,8500018,Philippines,Dredging,Encounter,2025-12-24 04:56:00,UTC,+00:00,14.78359,120.66939,14538
DEMO VESSEL 002,548000002,8500020,Philippines,Cargo,Fishing event,2025-12-19 16:28:00,UTC,+00:00,14.79795,120.37502,14100
DEMO VESSEL 018,548000018,8500185,Philippines,Cargo,Encounter,02/12/2025 03:08,Asia/Manila,+08:00,14.87895,120.61423,8743
DEMO VESSEL 025,548000025,8500252,Philippines,Dredging,Port visit,24/12/2025 03:42,Asia/Manila,+08:00,14.22849,120.67218,21355
DEMO VESSEL 005,548000005,1234568,Sierra Leone,Dredging,Encounter,2025-12-24 05:55:00,Asia/Manila,+08:00,14.78385,120.37166,6688
DEMO VESSEL 013,548000013,8500135,Philippines,Other,Port visit,2025-12-24 23:23:00,Asia/Manila,+08:00,14.49967,120.3065,7426
demo vessel 004,548000004,,Philippines,Dredging,Fishing event,2025-12-10 15:26:00,Asia/Manila,+08:00,14.65139,120.30793,39895
DEMO VESSEL 022,548000022,8500226,Sierra Leone,Dredging,Fishing event,2025-12-07 17:40:00,Asia/Manila,+08:00,14.81356,120.68141,2909
DEMO VESSEL 027,548000027,8500276,Philippines,Cargo,Loitering,2025-12-04 13:38:00,UTC,+00:00,14.50236,120.61025,36659
DEMO VESSEL 009,548000009,8500094,Belize,Cargo,Fishing event,2025-12-17 21:59:00,UTC,+00:00,14.62523,120.57247,27872
DEMO VESSEL 036,548000036,8500367,Sierra Leone,Cargo,Fishing event,2025-12-12 04:36:00,UTC,+00:00,14.31398,120.68053,5638
DEMO VESSEL 030 ,548000030,8500305,Philippines,Cargo,Port visit,2025-12-22 23:54:00,Asia/Manila,+08:00,14.5302,120.35018,11949
DEMO VESSEL 033,548000033,8500331,Philippines,Cargo,Port visit,2025-12-10 03:41:00,Asia/Manila,+08:00,14.49329,120.39526,13502
DEMO VESSEL 013,548000013,8500135,Philippines,Other,Encounter,04/12/2025 19:39,Asia/Manila,+08:00,14.84129,120.5593,31136
DEMO VESSEL 013,548000013,8500135,Philippines,Other,Port visit,2025-11-18 09:13:00,Asia/Manila,+08:00,14.62309,120.65415,2665
DEMO VESSEL 033,548000033,8500331,Philippines,Cargo,Fishing event,2025-12-12 03:22:00,Asia/Manila,+08:00,14.84908,120.35651,7794
DEMO VESSEL 005,548000005,1234568,Sierra Leone,Dredging,Encounter,2025-12-27 17:38:00,Asia/Manila,+08:00,14.61174,120.53467,28162
DEMO VESSEL 021,548000021,8500214,Belize,Dredging,Loitering,25/12/2025 10:43,Asia/Manila,+08:00,14.2572,120.64892,3682
DEMO VESSEL 008,548000008,8500082,Belize,Dredging,Loitering,2025-12-21 21:13:00,Asia/Manila,+08:00,14.27552,120.79706,34761
DEMO VESSEL 016,548000016,8500161,Philippines,Dredging,Encounter,22/12/2025 20:30,UTC,+00:00,14.85767,120.70387,12341
DEMO VESSEL 033,548000033,8500331,Philippines,Cargo,Encounter,2025-12-24 07:26:00,Asia/Manila,+08:00,14.38081,120.43585,21930
DEMO VESSEL 013,548000013,8500135,Philippines,Other,Port visit,03/12/2025 01:43,Asia/Manila,+08:00,14.82474,120.6538,16510
demo vessel 003,548000003,8500032,Philippines,Cargo,Encounter,2025-12-07 23:48:00,Asia/Manila,+08:00,14.82855,120.60214,22924
DEMOVESSEL006,548000006,64,Philippines,Dredging,Loitering,2025-12-15 06:39:00,UTC,+00:00,14.67868,120.65606,4828
AIS TEST SHIP,100900301,,,,Port visit,2025-12-15 08:49:00,UTC,+00:00,14.60306,120.56119,12044
DEMO VESSEL 021,548000021,8500214,Belize,Dredging,Encounter,19/12/2025 00:21,Asia/Manila,+08:00,14.41049,120.8136,9781
DEMO VESSEL 017,548000017,8500173,Philippines,Other,Encounter,2025-12-03 11:40:00,Asia/Manila,+08:00,14.64026,120.43796,6304
DEMO VESSEL 007,548000007,8500070,Philippines,Cargo,Fishing event,24/12/2025 02:27,UTC,+00:00,14.21567,120.43692,22738
DEMO VESSEL 036,548000036,8500367,Sierra Leone,Cargo,Fishing event,2025-12-03 19:05:00,Asia/Manila,+08:00,14.31514,120.39155,27486
DEMO VESSEL 004,548000004,,Philippines,Dredging,Encounter,2025-12-18 05:38:00,UTC,+00:00,14.34683,120.4147,24141
DEMO VESSEL 034,548000034,8500343,Belize,Cargo,Encounter,2025-12-03 19:46:00,UTC,+00:00,14.26064,120.46004,36156
DEMO VESSEL 004,548000004,,Philippines,Dredging,Loitering,2025-12-07 13:37:00,Asia/Manila,+08:00,14.2225,120.85976,27993
DEMO VESSEL 015,548000015,8500159,Philippines,Cargo,Loitering,23/12/2025 04:22,Asia/Manila,+08:00,14.68524,120.59734,432
DEMO VESSEL 022,548000022,8500226,Sierra Leone,Dredging,Encounter,2025-12-16 01:09:00,Asia/Manila,+08:00,14.55482,120.68411,29081
DEMO VESSEL 001,548000001,8500018,Philippines,Dredging,Encounter,22/11/2025 15:18,Asia/Manila,+08:00,14.50165,120.82947,3265
DEMO VESSEL 013,548000013,8500135,Philippines,Other,Port visit,04/12/2025 16:14,Asia/Manila,+08:00,14.85224,120.46792,26130
DEMO VESSEL 016,548000016,8500161,Philippines,Dredging,Fishing event,2025-12-20 08:23:00,UTC,+00:00,14.28214,120.31904,19537
DEMO VESSEL 002,548000002,8500020,Philippines,Cargo,Port visit,2025-12-18 22:56:00,Asia/Manila,+08:00,14.61227,120.40521,11946
DEMO VESSEL 012,548000012,8500123,Philippines,Dredging,Encounter,25/12/2025 05:13,Asia/Manila,+08:00,14.34559,120.55955,8608
DEMOVESSEL030,548000030,8500305,Philippines,Cargo,Port visit,24/12/2025 23:35,Asia/Manila,+08:00,14.73947,120.73633,18897
DEMO VESSEL 015,548000015,8500159,Philippines,Cargo,Fishing event,2025-12-22 22:41:00,UTC,+00:00,14.40287,120.74768,34366
DEMO VESSEL 019,548000019,8500197,Philippines,Cargo,Loitering,2025-12-04 08:10:00,Asia/Manila,+08:00,14.41702,120.82391,25818
DEMO VESSEL 027 ,548000027,8500276,Philippines,Cargo,Fishing event,2025-12-23 10:40:00,UTC,+00:00,14.32883,120.31895,12274
DEMOVESSEL017,548000017,8500173,Philippines,Other,Encounter,02/12/2025 20:50,Asia/Manila,+08:00,14.3356,120.33887,32418
DEMO VESSEL 026,548000026,8500264,Philippines,Cargo,Encounter,2025-12-01 05:54:00,Asia/Manila,+08:00,14.34087,120.75056,39378
DEMO VESSEL 034,548000034,8500343,Belize,Cargo,Loitering,2025-12-27 08:04:00,UTC,+00:00,14.83493,120.41881,36544
DEMO VESSEL 007,548000007,8500070,Philippines,Cargo,Loitering,2025-12-05 06:54:00,Asia/Manila,+08:00,14.86113,120.3925,5861
DEMO VESSEL 026,548000026,8500264,Philippines,Cargo,Encounter,2025-12-24 20:26:00,UTC,+00:00,14.72503,120.3099,35947
DEMO VESSEL 021,548000021,8500214,Belize,Dredging,Port visit,2025-11-11 10:23:00,UTC,+00:00,14.37262,120.71199,4775
DEMO VESSEL 033,548000033,8500331,Philippines,Cargo,Fishing event,2025-12-03 03:50:00,Asia/Manila,+08:00,14.52345,120.84365,17688
DEMO VESSEL 037,548000037,8500379,Belize,Cargo,Port visit,2025-12-24 07:01:00,UTC,+00:00,14.73588,120.78693,18906
DEMO VESSEL 034,548000034,8500343,Belize,Cargo,Encounter,2025-12-25 09:00:00,UTC,+00:00,14.34417,120.62748,29742
DEMO VESSEL 034,548000034,8500343,Belize,Cargo,Fishing event,2025-12-03 21:14:00,UTC,+00:00,14.67265,120.56684,6602
AIS TEST SHIP ,100900301,,,,Port visit,15/12/2025 15:22,UTC,+00:00,14.53129,120.89343,35709
DEMO VESSEL 040,548000040,8500408,Philippines,Other,Encounter,11/12/2025 13:26,Asia/Manila,+08:00,14.74217,120.3882,27346
DEMO VESSEL 025,548000025,8500252,Philippines,Dredging,Port visit,2025-12-26 23:30:00,Asia/Manila,+08:00,14.21961,120.39385,13130
DEMO VESSEL 005,548000005,1234568,Sierra Leone,Dredging,Fishing event,2025-12-26 11:51:00,Asia/Manila,+08:00,14.45516,120.8553,9114
DEMO VESSEL 002,548000002,8500020,Philippines,Cargo,Port visit,01/12/2025 22:36,UTC,+00:00,14.73958,120.64049,37363
DEMO VESSEL 001,548000001,8500018,Philippines,Dredging,Loitering,2025-12-25 10:08:00,Asia/Manila,+08:00,14.43698,120.68568,12245
DEMO VESSEL 005,548000005,1234568,Sierra Leone,Dredging,Encounter,2025-12-11 17:22:00,UTC,+00:00,14.46967,120.80701,37662
DEMO VESSEL 035,548000035,8500355,Philippines,Other,Encounter,2025-12-24 00:38:00,Asia/Manila,+08:00,14.43572,120.51727,10107
demo vessel 010,548000010,8500109,Belize,Other,Fishing event,2025-12-08 09:55:00,Asia/Manila,+08:00,14.45196,120.57829,7495
DEMO VESSEL 035,548000035,8500355,Philippines,Other,Loitering,02/12/2025 11:49,Asia/Manila,+08:00,14.5413,120.49714,5740
demo vessel 023,548000023,8500238,Belize,Cargo,Encounter,2025-12-18 11:53:00,Asia/Manila,+08:00,14.77189,120.32882,6044
DEMOVESSEL031,548000031,8500317,Philippines,Cargo,Port visit,01/12/2025 00:11,Asia/Manila,+08:00,14.60473,120.58269,4684
DEMO VESSEL 021,548000021,8500214,Belize,Dredging,Encounter,15/12/2025 14:26,Asia/Manila,+08:00,14.7959,120.62731,20685
DEMO VESSEL 021,548000021,8500214,Belize,Dredging,Port visit,2025-12-06 14:54:00,UTC,+00:00,14.3468,120.32825,9323
DEMO VESSEL 001,548000001,8500018,Philippines,Dredging,Fishing event,18/12/2025 17:16,UTC,+00:00,14.47958,120.43159,3387
DEMO VESSEL 029,548000029,8500290,Philippines,Other,Port visit,2025-12-27 10:24:00,Asia/Manila,+08:00,14.36006,120.43327,6446
DEMO VESSEL 033,548000033,8500331,Philippines,Cargo,Fishing event,10/12/2025 21:33,Asia/Manila,+08:00,14.89346,120.70038,22715
DEMO VESSEL 031,548000031,8500317,Philippines,Cargo,Encounter,2025-12-17 19:07:00,Asia/Manila,+08:00,14.27349,120.58884,32696
DEMO VESSEL 019,548000019,8500197,Philippines,Cargo,Port visit,2025-12-08 04:45:00,Asia/Manila,+08:00,14.8722,120.57364,32054
DEMO VESSEL 016,548000016,8500161,Philippines,Dredging,Fishing event,26/12/2025 20:58,Asia/Manila,+08:00,14.63356,120.74546,10526
DEMO VESSEL 013,548000013,8500135,Philippines,Other,Fishing event,2025-12-24 06:58:00,Asia/Manila,+08:00,14.85462,120.56754,32365
DEMO VESSEL 021,548000021,8500214,Belize,Dredging,Fishing event,2025-12-26 23:55:00,UTC,+00:00,14.87265,120.72938,38114
DEMO VESSEL 011,548000011,8500111,Philippines,Other,Port visit,18/12/2025 17:56,UTC,+00:00,14.82346,120.86012,34283
DEMO VESSEL 037,548000037,8500379,Belize,Cargo,Encounter,2025-12-04 14:04:00,Asia/Manila,+08:00,14.25992,120.37811,19590
DEMOVESSEL012,548000012,8500123,Philippines,Dredging,Port visit,2025-12-21 14:09:00,Asia/Manila,+08:00,14.46413,120.74783,32901
DEMO VESSEL 038,548000038,8500381,Philippines,Dredging,Fishing event,2025-12-16 18:08:00,Asia/Manila,+08:00,14.70596,120.89061,1714
DEMO VESSEL 026,548000026,8500264,Philippines,Cargo,Loitering,17/12/2025 02:34,UTC,+00:00,14.34132,120.3366,21857
DEMO VESSEL 040,548000040,8500408,Philippines,Other,Port visit,2025-12-03 05:12:00,Asia/Manila,+08:00,14.50755,120.67838,18171
DEMO VESSEL 020,548000020,8500202,Philippines,Other,Fishing event,23/12/2025 21:50,Asia/Manila,+08:00,14.72514,120.54529,36335
DEMO VESSEL 040,548000040,8500408,Philippines,Other,Fishing event,2025-12-25 23:26:00,UTC,+00:00,14.64781,120.77499,37344
DEMO VESSEL 007,667000007,8500070,Sierra Leone,Cargo,Port visit,22/12/2025 09:44,UTC,+00:00,14.81203,120.65996,13448
demo vessel 033,548000033,8500331,Philippines,Cargo,Port visit,2025-12-26 01:35:00,UTC,+00:00,14.64576,120.48555,39198
DEMO VESSEL 022,548000022,8500226,Sierra Leone,Dredging,Encounter,2025-12-17 02:39:00,Asia/Manila,+08:00,14.67184,120.39654,24492
AIS TEST SHIP,100900301,,,,Encounter,2025-12-17 17:13:00,Asia/Manila,+08:00,14.38229,120.48774,10116
DEMO VESSEL 032,548000032,8500329,Philippines,Cargo,Port visit,23/12/2025 08:11,Asia/Manila,+08:00,14.72499,120.77326,27422
DEMO VESSEL 036,548000036,8500367,Sierra Leone,Cargo,Fishing event,2025-12-12 14:17:00,Asia/Manila,+08:00,14.56284,120.88188,36030
DEMO VESSEL 021,548000021,8500214,Belize,Dredging,Fishing event,10/12/2025 11:44,Asia/Manila,+08:00,14.70312,120.8984,17762
DEMO VESSEL 021,548000021,8500214,Belize,Dredging,Loitering,18/12/2025 04:16,UTC,+00:00,14.55625,120.31505,34208
DEMOVESSEL038,548000038,8500381,Philippines,Dredging,Loitering,2025-12-27 04:52:00,Asia/Manila,+08:00,14.61037,120.83074,9706
DEMO VESSEL 009,548000009,8500094,Belize,Cargo,Loitering,2025-12-10 22:25:00,Asia/Manila,+08:00,14.47184,120.37383,17591
DEMO VESSEL 012,548000012,8500123,Philippines,Dredging,Port visit,2025-12-13 16:15:00,UTC,+00:00,14.37884,120.80958,33056
DEMO VESSEL 023,548000023,8500238,Belize,Cargo,Port visit,04/12/2025 04:33,Asia/Manila,+08:00,14.85411,120.66369,8490
DEMO VESSEL 023,548000023,8500238,Belize,Cargo,Loitering,2025-12-01 11:27:00,Asia/Manila,+08:00,14.77828,120.69936,3424
DEMO VESSEL 033,548000033,8500331,Philippines,Cargo,Loitering,23/12/2025 02:00,Asia/Manila,+08:00,14.6921,120.70247,30733
DEMO VESSEL 021,548000021,8500214,Belize,Dredging,Loitering,2025-12-01 23:39:00,Asia/Manila,+08:00,14.31076,120.31031,14145
DEMO VESSEL 003,548000003,8500032,Philippines,Cargo,Fishing event,24/12/2025 23:57,Asia/Manila,+08:00,14.48789,120.75712,33356
DEMO VESSEL 029,548000029,8500290,Philippines,Other,Loitering,2025-12-03 17:26:00,UTC,+00:00,14.79503,120.42713,21475
DEMO VESSEL 022,548000022,8500226,Sierra Leone,Dredging,Port visit,22/12/2025 06:15,Asia/Manila,+08:00,14.84248,120.74973,26814
DEMO VESSEL 033,548000033,8500331,Philippines,Cargo,Port visit,2025-12-25 18:02:00,Asia/Manila,+08:00,14.78936,120.42082,30418
AIS TEST SHIP,100900301,,,,Encounter,2025-12-24 12:37:00,Asia/Manila,+08:00,14.78755,120.38241,20491
DEMO VESSEL 015,548000015,8500159,Philippines,Cargo,Encounter,12/11/2025 08:59,Asia/Manila,+08:00,14.6399,120.76364,26643
DEMO VESSEL 022,548000022,8500226,Sierra Leone,Dredging,Fishing event,2025-12-06 13:32:00,Asia/Manila,+08:00,14.44929,120.54357,25881
DEMO VESSEL 036,548000036,8500367,Sierra Leone,Cargo,Encounter,2025-12-19 14:55:00,UTC,+00:00,14.73118,120.85058,24203
DEMO VESSEL 021,548000021,8500214,Belize,Dredging,Fishing event,26/12/2025 22:22,Asia/Manila,+08:00,14.6358,120.571,4803
DEMO VESSEL 026,548000026,8500264,Philippines,Cargo,Fishing event,2025-12-05 21:13:00,Asia/Manila,+08:00,14.27587,120.30479,32640
DEMO VESSEL 001,548000001,8500018,Philippines,Dredging,Port visit,19/12/2025 16:38,Asia/Manila,+08:00,14.78284,120.47775,18277
DEMO VESSEL 006,548000006,64,Philippines,Dredging,Encounter,2025-12-20 10:43:00,UTC,+00:00,14.22144,120.3749,24845
DEMO VESSEL 013,548000013,8500135,Philippines,Other,Encounter,22/12/2025 14:23,Asia/Manila,+08:00,14.54779,120.65622,19322
DEMO VESSEL 029,548000029,8500290,Philippines,Other,Loitering,25/12/2025 04:48,Asia/Manila,+08:00,14.27367,120.33563,1173
DEMO VESSEL 007,667000007,8500070,Sierra Leone,Cargo,Loitering,2025-12-04 09:40:00,Asia/Manila,+08:00,14.38384,120.6672,30074
DEMO VESSEL 016,548000016,8500161,Philippines,Dredging,Loitering,2025-12-09 09:41:00,Asia/Manila,+08:00,14.74299,120.88516,34726
DEMO VESSEL 030,548000030,8500305,Philippines,Cargo,Loitering,2025-12-19 16:19:00,Asia/Manila,+08:00,14.25548,120.68433,6713
DEMO VESSEL 030,548000030,8500305,Philippines,Cargo,Port visit,20/12/2025 18:01,Asia/Manila,+08:00,14.2328,120.88196,28652
DEMO VESSEL 016 ,548000016,8500161,Philippines,Dredging,Fishing event,2025-12-11 15:14:00,Asia/Manila,+08:00,14.23514,120.31095,30459
DEMO VESSEL 015,548000015,8500159,Philippines,Cargo,Loitering,2025-12-15 01:36:00,UTC,+00:00,14.54847,120.30835,26926
DEMO VESSEL 024,548000024,8500240,Philippines,Cargo,Port visit,2025-12-14 01:29:00,UTC,+00:00,14.27086,120.65068,27084
DEMO VESSEL 036,548000036,8500367,Sierra Leone,Cargo,Encounter,2025-12-10 19:46:00,Asia/Manila,+08:00,14.50962,120.6281,14065
DEMO VESSEL 021,548000021,8500214,Belize,Dredging,Encounter,09/12/2025 16:38,Asia/Manila,+08:00,14.29855,120.68883,27854
DEMO VESSEL 014,548000014,8500147,Philippines,Cargo,Fishing event,2025-12-01 12:51:00,UTC,+00:00,14.51211,120.48571,34304
DEMOVESSEL030,548000030,8500305,Philippines,Cargo,Loitering,2025-12-08 18:17:00,Asia/Manila,+08:00,14.80335,120.66046,4601
DEMO VESSEL 006 ,548000006,64,Philippines,Dredging,Fishing event,2025-12-06 06:38:00,Asia/Manila,+08:00,14.5159,120.50111,19564
DEMO VESSEL 040,548000040,8500408,Philippines,Other,Loitering,2025-12-08 16:44:00,Asia/Manila,+08:00,14.89358,120.59636,35759
DEMO VESSEL 028,548000028,8500288,Philippines,Other,Loitering,2025-12-13 21:17:00,UTC,+00:00,14.56471,120.81514,25157
DEMO VESSEL 001,548000001,8500018,Philippines,Dredging,Fishing event,2025-12-07 22:45:00,UTC,+00:00,14.44416,120.86022,37883
DEMO VESSEL 038,548000038,8500381,Philippines,Dredging,Encounter,12/12/2025 21:46,Asia/Manila,+08:00,14.3998,120.32029,15669
DEMO VESSEL 033 ,548000033,8500331,Philippines,Cargo,Port visit,2025-12-22 07:43:00,Asia/Manila,+08:00,14.56549,120.31506,38738
DEMO VESSEL 020 ,548000020,8500202,Philippines,Other,Fishing event,25/12/2025 07:18,UTC,+00:00,14.7727,120.87615,9299
DEMO VESSEL 015,548000015,8500159,Philippines,Cargo,Loitering,2025-12-24 17:55:00,UTC,+00:00,14.316,120.48971,7475
DEMO VESSEL 019,548000019,8500197,Philippines,Cargo,Fishing event,2025-12-22 08:31:00,UTC,+00:00,14.25381,120.66115,13820
DEMOVESSEL016,548000016,8500161,Philippines,Dredging,Port visit,2025-12-21 13:52:00,UTC,+00:00,14.48682,120.5542,30753
DEMOVESSEL038,548000038,8500381,Philippines,Dredging,Loitering,2025-12-27 20:50:00,UTC,+00:00,14.77144,120.47849,27304
DEMO VESSEL 007,667000007,8500070,Sierra Leone,Cargo,Port visit,2025-12-16 18:05:00,UTC,+00:00,14.53764,120.52286,28418
DEMO VESSEL 021,548000021,8500214,Belize,Dredging,Fishing event,2025-12-09 03:43:00,UTC,+00:00,14.47283,120.57453,5748
DEMO VESSEL 005,548000005,1234568,Sierra Leone,Dredging,Port visit,2025-12-22 12:51:00,UTC,+00:00,14.53209,120.80836,28504
DEMO VESSEL 027,548000027,8500276,Philippines,Cargo,Fishing event,2025-12-11 23:50:00,UTC,+00:00,14.46748,120.49455,13642
DEMO VESSEL 009,548000009,8500094,Belize,Cargo,Fishing event,2025-12-04 11:47:00,Asia/Manila,+08:00,14.65521,120.85295,28132
DEMO VESSEL 005,548000005,1234568,Sierra Leone,Dredging,Port visit,2025-12-04 17:29:00,Asia/Manila,+08:00,14.63748,120.65667,22907
DEMO VESSEL 029,548000029,8500290,Philippines,Other,Fishing event,2025-12-25 22:20:00,UTC,+00:00,14.64515,120.72515,11668
DEMO VESSEL 029,548000029,8500290,Philippines,Other,Loitering,2025-12-24 01:39:00,Asia/Manila,+08:00,14.72336,120.32381,17486
DEMO VESSEL 025,548000025,8500252,Philippines,Dredging,Encounter,19/12/2025 02:04,Asia/Manila,+08:00,14.20942,120.62552,34897
DEMO VESSEL 009,548000009,8500094,Belize,Cargo,Fishing event,25/12/2025 18:43,UTC,+00:00,14.78705,120.72484,17187
DEMO VESSEL 010,548000010,8500109,Belize,Other,Loitering,20/12/2025 15:17,UTC,+00:00,14.26089,120.7115,10555
DEMO VESSEL 013,548000013,8500135,Philippines,Other,Fishing event,2025-12-13 10:42:00,Asia/Manila,+08:00,14.31436,120.52666,23251
DEMO VESSEL 021,548000021,8500214,Belize,Dredging,Fishing event,2025-12-08 02:02:00,Asia/Manila,+08:00,14.80788,120.31853,3449
DEMO VESSEL 040,548000040,8500408,Philippines,Other,Fishing event,23/12/2025 02:48,Asia/Manila,+08:00,14.83641,120.89258,11025
demo vessel 033,548000033,8500331,Philippines,Cargo,Port visit,11/12/2025 18:21,Asia/Manila,+08:00,14.56534,120.44159,12160
DEMOVESSEL031,548000031,8500317,Philippines,Cargo,Encounter,2025-12-13 00:40:00,Asia/Manila,+08:00,14.83141,120.84677,970
DEMO VESSEL 004,548000004,,Philippines,Dredging,Encounter,2025-12-03 02:31:00,Asia/Manila,+08:00,14.66935,120.58089,13974
DEMO VESSEL 012,548000012,8500123,Philippines,Dredging,Loitering,19/12/2025 00:28,Asia/Manila,+08:00,14.54119,120.76603,28784
DEMO VESSEL 029,548000029,8500290,Philippines,Other,Fishing event,2025-12-08 09:11:00,Asia/Manila,+08:00,14.4517,120.41089,1377
DEMO VESSEL 040,548000040,8500408,Philippines,Other,Loitering,2025-12-05 11:33:00,Asia/Manila,+08:00,14.39619,120.69551,31128
DEMO VESSEL 009 ,548000009,8500094,Belize,Cargo,Port visit,2025-12-20 08:17:00,Asia/Manila,+08:00,14.76612,120.32658,22066
DEMO VESSEL 039,548000039,8500393,Philippines,Dredging,Loitering,2025-12-10 04:17:00,Asia/Manila,+08:00,14.79699,120.7744,11529
DEMO VESSEL 012,548000012,8500123,Philippines,Dredging,Loitering,2025-12-26 11:53:00,Asia/Manila,+08:00,14.8469,120.54492,28773
demo vessel 019,548000019,8500197,Philippines,Cargo,Fishing event,2025-12-02 02:35:00,Asia/Manila,+08:00,14.41135,120.6451,19117
DEMO VESSEL 007,667000007,8500070,Sierra Leone,Cargo,Encounter,2025-12-22 03:51:00,Asia/Manila,+08:00,14.41111,120.61696,25429
DEMO VESSEL 018,548000018,8500185,Philippines,Cargo,Encounter,2025-12-06 22:16:00,Asia/Manila,+08:00,14.58197,120.34512,32770
DEMO VESSEL 014,548000014,8500147,Philippines,Cargo,Encounter,19/12/2025 21:52,Asia/Manila,+08:00,14.86989,120.63763,12732
DEMO VESSEL 019,548000019,8500197,Philippines,Cargo,Fishing event,18/12/2025 23:30,UTC,+00:00,14.2791,120.60952,8163
DEMO VESSEL 008,548000008,8500082,Belize,Dredging,Fishing event,20/12/2025 16:48,UTC,+00:00,14.21685,120.8063,20136
DEMOVESSEL021,548000021,8500214,Belize,Dredging,Port visit,08/12/2025 20:30,UTC,+00:00,14.22021,120.8656,10304
DEMO VESSEL 022,548000022,8500226,Sierra Leone,Dredging,Port visit,2025-12-22 01:29:00,UTC,+00:00,14.57867,120.82758,17482
DEMO VESSEL 002,548000002,8500020,Philippines,Cargo,Port visit,24/12/2025 03:05,Asia/Manila,+08:00,14.64385,120.35118,25117
DEMO VESSEL 039,548000039,8500393,Philippines,Dredging,Loitering,2025-12-08 11:58:00,Asia/Manila,+08:00,14.6585,120.74353,35293
DEMO VESSEL 031,548000031,8500317,Philippines,Cargo,Encounter,2025-12-07 08:57:00,UTC,+00:00,14.6784,120.35289,24284
DEMO VESSEL 037,548000037,8500379,Belize,Cargo,Port visit,2025-12-17 15:08:00,UTC,+00:00,14.24852,120.71847,3058
DEMO VESSEL 025,548000025,8500252,Philippines,Dredging,Encounter,2025-12-11 23:53:00,Asia/Manila,+08:00,14.31491,120.37214,25278
DEMO VESSEL 035,548000035,8500355,Philippines,Other,Encounter,2025-12-27 00:22:00,Asia/Manila,+08:00,14.36593,120.30585,10135
DEMO VESSEL 022,548000022,8500226,Sierra Leone,Dredging,Port visit,2025-12-22 01:29:00,UTC,+00:00,14.57867,120.82758,17482
DEMO VESSEL 030,548000030,8500305,Philippines,Cargo,Encounter,2025-12-27 20:56:00,Asia/Manila,+08:00,14.89437,120.69536,30756
DEMO VESSEL 010 ,548000010,8500109,Belize,Other,Encounter,2025-12-17 15:14:00,Asia/Manila,+08:00,14.61559,120.44771,29309
DEMO VESSEL 032,548000032,8500329,Philippines,Cargo,Loitering,2025-12-06 16:39:00,Asia/Manila,+08:00,14.28051,120.50952,761
DEMO VESSEL 039,548000039,8500393,Philippines,Dredging,Port visit,12/12/2025 07:53,Asia/Manila,+08:00,14.32525,120.65062,1709
DEMO VESSEL 001,548000001,8500018,Philippines,Dredging,Fishing event,2025-12-07 02:26:00,UTC,+00:00,14.52615,120.33736,38028
DEMO VESSEL 036 ,548000036,8500367,Sierra Leone,Cargo,Loitering,2025-12-03 10:37:00,UTC,+00:00,14.35942,120.37202,24235
DEMO VESSEL 015,548000015,8500159,Philippines,Cargo,Encounter,2025-12-01 22:20:00,Asia/Manila,+08:00,14.4186,120.87862,9524
DEMO VESSEL 004,548000004,,Philippines,Dredging,Port visit,19/12/2025 21:32,Asia/Manila,+08:00,14.56138,120.63723,20019
DEMO VESSEL 031,548000031,8500317,Philippines,Cargo,Encounter,2025-12-04 19:02:00,Asia/Manila,+08:00,14.21977,120.40695,9839
DEMO VESSEL 034,548000034,8500343,Belize,Cargo,Loitering,2025-12-11 08:51:00,UTC,+00:00,14.62489,120.32529,32280
DEMO VESSEL 018,548000018,8500185,Philippines,Cargo,Port visit,2025-12-20 22:12:00,Asia/Manila,+08:00,14.52136,120.36776,13880
demo vessel 004,548000004,,Philippines,Dredging,Encounter,2025-12-19 03:43:00,Asia/Manila,+08:00,14.88789,120.70767,31355
DEMO VESSEL 032,548000032,8500329,Philippines,Cargo,Encounter,2025-12-15 00:55:00,Asia/Manila,+08:00,14.48665,120.33558,11036
DEMO VESSEL 022,548000022,8500226,Sierra Leone,Dredging,Loitering,21/12/2025 09:18,Asia/Manila,+08:00,14.37334,120.39697,20960
DEMO VESSEL 032,548000032,8500329,Philippines,Cargo,Loitering,2025-12-17 14:02:00,Asia/Manila,+08:00,14.78371,120.61762,26951
DEMO VESSEL 037,548000037,8500379,Belize,Cargo,Fishing event,2025-12-06 02:46:00,Asia/Manila,+08:00,14.55118,120.86717,31452
DEMO VESSEL 020,548000020,8500202,Philippines,Other,Port visit,22/12/2025 04:37,Asia/Manila,+08:00,14.22463,120.39147,24659
DEMO VESSEL 019,548000019,8500197,Philippines,Cargo,Encounter,21/12/2025 06:18,UTC,+00:00,14.35548,120.36512,15671
DEMOVESSEL015,548000015,8500159,Philippines,Cargo,Encounter,2025-12-25 20:42:00,UTC,+00:00,14.66126,120.51227,35243
DEMO VESSEL 016,548000016,8500161,Philippines,Dredging,Encounter,18/12/2025 07:06,UTC,+00:00,14.42207,120.87426,7902
DEMO VESSEL 004,548000004,,Philippines,Dredging,Port visit,10/12/2025 17:59,UTC,+00:00,14.20749,120.86904,31734
DEMO VESSEL 007,548000007,8500070,Philippines,Cargo,Encounter,2025-12-03 17:38:00,UTC,+00:00,14.40336,120.47249,30303
DEMO VESSEL 020,548000020,8500202,Philippines,Other,Port visit,2025-12-18 04:14:00,Asia/Manila,+08:00,14.6321,120.51562,38478
DEMO VESSEL 015,548000015,8500159,Philippines,Cargo,Encounter,22/12/2025 01:11,UTC,+00:00,14.40734,120.65468,13358
DEMO VESSEL 005,548000005,1234568,Sierra Leone,Dredging,Port visit,2025-12-04 09:00:00,Asia/Manila,+08:00,14.84067,120.49845,24665
DEMO VESSEL 040,548000040,8500408,Philippines,Other,Fishing event,2025-12-19 19:43:00,Asia/Manila,+08:00,14.89739,120.54819,21344
DEMO VESSEL 040,548000040,8500408,Philippines,Other,Fishing event,2025-12-13 03:02:00,Asia/Manila,+08:00,14.5972,120.47153,17924
DEMO VESSEL 040,548000040,8500408,Philippines,Other,Port visit,2025-12-16 21:12:00,UTC,+00:00,14.4674,120.59386,29643
DEMO VESSEL 021,548000021,8500214,Belize,Dredging,Loitering,2025-12-10 02:51:00,UTC,+00:00,14.84092,120.65527,35066
DEMO VESSEL 007,667000007,8500070,Sierra Leone,Cargo,Fishing event,2025-12-13 07:32:00,Asia/Manila,+08:00,14.58002,120.58505,17139
DEMO VESSEL 025,548000025,8500252,Philippines,Dredging,Loitering,2025-12-23 22:06:00,Asia/Manila,+08:00,14.44075,120.53433,4536
DEMO VESSEL 004,548000004,,Philippines,Dredging,Port visit,2025-12-15 03:04:00,Asia/Manila,+08:00,14.53194,120.75659,12863
DEMO VESSEL 025,548000025,8500252,Philippines,Dredging,Encounter,04/12/2025 21:25,Asia/Manila,+08:00,14.82095,120.8522,30645
DEMO VESSEL 039,548000039,8500393,Philippines,Dredging,Port visit,2025-12-22 06:08:00,Asia/Manila,+08:00,14.79598,120.74038,26176
DEMO VESSEL 038,548000038,8500381,Philippines,Dredging,Port visit,2025-12-19 23:41:00,Asia/Manila,+08:00,14.51479,120.77012,24188
DEMO VESSEL 020,548000020,8500202,Philippines,Other,Fishing event,2025-12-16 13:40:00,Asia/Manila,+08:00,14.20462,120.40929,38525
AIS TEST SHIP,100900301,,,,Encounter,2025-12-08 05:31:00,Asia/Manila,+08:00,14.37689,120.62609,841
DEMO VESSEL 036,548000036,8500367,Sierra Leone,Cargo,Fishing event,2025-12-16 02:39:00,Asia/Manila,+08:00,14.65504,120.86082,27307
DEMO VESSEL 007,667000007,8500070,Sierra Leone,Cargo,Fishing event,2025-12-20 04:52:00,Asia/Manila,+08:00,14.35152,120.35512,12764
DEMO VESSEL 038,548000038,8500381,Philippines,Dredging,Fishing event,2025-12-12 23:31:00,Asia/Manila,+08:00,14.81917,120.36796,24415
DEMO VESSEL 019,548000019,8500197,Philippines,Cargo,Fishing event,2025-12-09 01:14:00,UTC,+00:00,14.46505,120.50178,38433
DEMO VESSEL 019,548000019,8500197,Philippines,Cargo,Encounter,20/12/2025 10:58,Asia/Manila,+08:00,14.44903,120.47063,32318
DEMO VESSEL 039,548000039,8500393,Philippines,Dredging,Fishing event,2025-12-06 12:05:00,UTC,+00:00,14.44568,120.7573,25818
DEMO VESSEL 014,548000014,8500147,Philippines,Cargo,Loitering,2025-12-07 05:16:00,Asia/Manila,+08:00,14.29718,120.74162,10797
DEMO VESSEL 017,548000017,8500173,Philippines,Other,Encounter,12/12/2025 22:22,UTC,+00:00,14.82168,120.48092,29304
DEMO VESSEL 027,548000027,8500276,Philippines,Cargo,Fishing event,2025-12-08 19:24:00,Asia/Manila,+08:00,14.60168,120.63903,12245
DEMO VESSEL 015,548000015,8500159,Philippines,Cargo,Fishing event,08/12/2025 21:38,Asia/Manila,+08:00,14.71074,120.45591,18206
DEMO VESSEL 001,548000001,8500018,Philippines,Dredging,Encounter,05/12/2025 16:13,Asia/Manila,+08:00,14.53486,120.52609,36100
DEMO VESSEL 039,548000039,8500393,Philippines,Dredging,Encounter,2025-12-26 12:48:00,Asia/Manila,+08:00,14.77484,120.75635,31359
DEMO VESSEL 016,548000016,8500161,Philippines,Dredging,Encounter,2025-12-02 22:57:00,UTC,+00:00,14.87149,120.81108,13785
DEMO VESSEL 039,548000039,8500393,Philippines,Dredging,Fishing event,16/12/2025 01:08,UTC,+00:00,14.22842,120.83066,30504
DEMO VESSEL 011,548000011,8500111,Philippines,Other,Port visit,26/12/2025 17:52,Asia/Manila,+08:00,14.46328,120.49774,31702
DEMOVESSEL006,548000006,64,Philippines,Dredging,Fishing event,03/12/2025 03:43,UTC,+00:00,14.35451,120.42872,38802
DEMO VESSEL 030,548000030,8500305,Philippines,Cargo,Encounter,2025-12-22 20:24:00,Asia/Manila,+08:00,14.50648,120.81276,24719
DEMO VESSEL 013,548000013,8500135,Philippines,Other,Port visit,16/12/2025 09:53,Asia/Manila,+08:00,14.37848,120.52479,19336
DEMO VESSEL 013,548000013,8500135,Philippines,Other,Loitering,07/12/2025 13:17,Asia/Manila,+08:00,14.23574,120.52961,28106
DEMO VESSEL 017,548000017,8500173,Philippines,Other,Port visit,2025-12-07 16:47:00,Asia/Manila,+08:00,14.20473,120.43753,18465
DEMO VESSEL 025 ,548000025,8500252,Philippines,Dredging,Encounter,15/12/2025 06:41,Asia/Manila,+08:00,14.61401,120.66027,23405
DEMO VESSEL 007,548000007,8500070,Philippines,Cargo,Loitering,17/12/2025 13:50,Asia/Manila,+08:00,14.77425,120.43354,26534
DEMO VESSEL 031,548000031,8500317,Philippines,Cargo,Fishing event,08/12/2025 09:45,Asia/Manila,+08:00,14.76372,120.76073,36787
DEMO VESSEL 022,548000022,8500226,Sierra Leone,Dredging,Port visit,2025-12-04 19:12:00,Asia/Manila,+08:00,14.29137,120.88057,32234
DEMO VESSEL 002,548000002,8500020,Philippines,Cargo,Port visit,23/12/2025 07:43,UTC,+00:00,14.67031,120.60439,19553
DEMO VESSEL 007,548000007,8500070,Philippines,Cargo,Fishing event,16/12/2025 19:43,Asia/Manila,+08:00,14.85121,120.38851,39673
DEMO VESSEL 033,548000033,8500331,Philippines,Cargo,Loitering,2025-12-26 10:44:00,UTC,+00:00,14.78971,120.46004,18749
DEMO VESSEL 021,548000021,8500214,Belize,Dredging,Encounter,2025-12-15 01:59:00,Asia/Manila,+08:00,14.83533,120.84893,20875
DEMO VESSEL 025,548000025,8500252,Philippines,Dredging,Loitering,2025-12-23 22:06:00,Asia/Manila,+08:00,14.44075,120.53433,4536
DEMO VESSEL 007,548000007,8500070,Philippines,Cargo,Encounter,19/12/2025 15:52,Asia/Manila,+08:00,14.3602,120.57224,36324
DEMO VESSEL 019,548000019,8500197,Philippines,Cargo,Encounter,02/12/2025 16:09,Asia/Manila,+08:00,14.41367,120.61144,7654
DEMO VESSEL 032,548000032,8500329,Philippines,Cargo,Port visit,2025-12-13 10:17:00,UTC,+00:00,14.61823,120.60594,567
DEMO VESSEL 001,548000001,8500018,Philippines,Dredging,Fishing event,25/12/2025 09:54,Asia/Manila,+08:00,14.59615,120.32464,33458
DEMO VESSEL 003,548000003,8500032,Philippines,Cargo,Fishing event,14/12/2025 16:07,Asia/Manila,+08:00,14.38183,120.6045,29708
DEMO VESSEL 007,548000007,8500070,Philippines,Cargo,Encounter,2025-12-19 03:00:00,Asia/Manila,+08:00,14.85638,120.82697,4521
DEMOVESSEL013,548000013,8500135,Philippines,Other,Encounter,02/12/2025 11:00,UTC,+00:00,14.89766,120.30198,37415
DEMO VESSEL 023,548000023,8500238,Belize,Cargo,Port visit,2025-12-24 07:00:00,Asia/Manila,+08:00,14.63645,120.63315,25803
DEMO VESSEL 036,548000036,8500367,Sierra Leone,Cargo,Fishing event,20/12/2025 12:52,UTC,+00:00,14.74554,120.34676,1439
DEMO VESSEL 029,548000029,8500290,Philippines,Other,Port visit,26/12/2025 10:59,Asia/Manila,+08:00,14.52723,120.71128,39833
DEMO VESSEL 038,548000038,8500381,Philippines,Dredging,Encounter,2025-12-15 10:44:00,Asia/Manila,+08:00,14.70449,120.55593,1366
DEMO VESSEL 037,548000037,8500379,Belize,Cargo,Encounter,20/12/2025 03:16,Asia/Manila,+08:00,14.49196,120.54181,4975
DEMO VESSEL 008,548000008,8500082,Belize,Dredging,Fishing event,03/12/2025 16:23,Asia/Manila,+08:00,14.30441,120.58523,1026
DEMO VESSEL 014,548000014,8500147,Philippines,Cargo,Port visit,2025-12-18 13:42:00,UTC,+00:00,14.75232,120.39331,15679
DEMO VESSEL 028,548000028,8500288,Philippines,Other,Port visit,2025-12-10 20:08:00,Asia/Manila,+08:00,14.89659,120.73636,7420
DEMO VESSEL 007,548000007,8500070,Philippines,Cargo,Fishing event,16/12/2025 17:08,Asia/Manila,+08:00,14.32102,120.65731,18204
DEMO VESSEL 035,548000035,8500355,Philippines,Other,Fishing event,12/12/2025 14:57,Asia/Manila,+08:00,14.30975,120.492,22409
DEMO VESSEL 007,667000007,8500070,Sierra Leone,Cargo,Fishing event,2025-12-13 17:35:00,UTC,+00:00,14.69794,120.73876,1662
AIS TEST SHIP,100900301,,,,Loitering,17/12/2025 04:33,UTC,+00:00,14.60825,120.31349,16927
DEMO VESSEL 010,548000010,8500109,Belize,Other,Fishing event,2025-12-12 22:08:00,Asia/Manila,+08:00,14.88457,120.6517,18402
demo vessel 005,548000005,1234568,Sierra Leone,Dredging,Loitering,11/12/2025 11:02,Asia/Manila,+08:00,0.0,0.0,37455
AIS TEST SHIP,100900301,,,,Loitering,2025-12-09 17:50:00,Asia/Manila,+08:00,14.42835,120.70051,23575
DEMO VESSEL 006,548000006,64,Philippines,Dredging,Encounter,2025-12-10 23:48:00,UTC,+00:00,14.76322,120.65172,6597
DEMO VESSEL 013,548000013,8500135,Philippines,Other,Fishing event,2025-12-06 05:57:00,Asia/Manila,+08:00,14.43565,120.41769,21756
DEMO VESSEL 026,548000026,8500264,Philippines,Cargo,Port visit,2025-12-04 15:26:00,Asia/Manila,+08:00,14.55508,120.61549,30799
DEMO VESSEL 038,548000038,8500381,Philippines,Dredging,Encounter,15/12/2025 03:46,Asia/Manila,+08:00,14.52885,120.45738,13925
DEMO VESSEL 036,548000036,8500367,Sierra Leone,Cargo,Fishing event,2025-12-23 12:17:00,Asia/Manila,+08:00,14.2233,120.55536,4436
DEMO VESSEL 003,548000003,8500032,Philippines,Cargo,Loitering,2025-12-25 15:30:00,UTC,+00:00,14.70944,120.78737,31892
DEMO VESSEL 009,548000009,8500094,Belize,Cargo,Fishing event,2025-12-03 17:56:00,Asia/Manila,+08:00,14.59695,120.77347,33772
demo vessel 005,548000005,1234568,Sierra Leone,Dredging,Encounter,2025-12-01 04:07:00,UTC,+00:00,14.76425,120.77886,1361
DEMO VESSEL 016,548000016,8500161,Philippines,Dredging,Encounter,2025-12-05 12:25:00,Asia/Manila,+08:00,14.34384,120.82726,5343
DEMO VESSEL 010,548000010,8500109,Belize,Other,Encounter,2025-12-19 16:21:00,UTC,+00:00,14.68147,120.42254,28573
DEMO VESSEL 036,548000036,8500367,Sierra Leone,Cargo,Encounter,01/12/2025 06:01,UTC,+00:00,14.69163,120.32604,12444
DEMO VESSEL 039,548000039,8500393,Philippines,Dredging,Port visit,23/12/2025 12:19,UTC,+00:00,14.5654,120.60787,5197
DEMO VESSEL 017,548000017,8500173,Philippines,Other,Loitering,2025-12-20 21:27:00,Asia/Manila,+08:00,14.81583,120.82224,11091
DEMO VESSEL 011,548000011,8500111,Philippines,Other,Port visit,24/12/2025 06:07,Asia/Manila,+08:00,14.69584,120.52349,36520
DEMO VESSEL 010,548000010,8500109,Belize,Other,Fishing event,08/12/2025 22:53,Asia/Manila,+08:00,14.60366,120.40867,11288
DEMO VESSEL 034,548000034,8500343,Belize,Cargo,Fishing event,2025-12-03 01:28:00,Asia/Manila,+08:00,14.53912,120.52149,31044
DEMO VESSEL 011,548000011,8500111,Philippines,Other,Loitering,03/12/2025 08:51,Asia/Manila,+08:00,14.59717,120.77832,38142
DEMO VESSEL 003,548000003,8500032,Philippines,Cargo,Port visit,2025-12-15 09:10:00,Asia/Manila,+08:00,14.3235,120.44938,18116
DEMO VESSEL 010,548000010,8500109,Belize,Other,Loitering,2025-12-20 08:41:00,Asia/Manila,+08:00,14.41414,120.89039,6974
DEMO VESSEL 004,548000004,,Philippines,Dredging,Fishing event,2025-12-20 03:05:00,Asia/Manila,+08:00,14.2115,120.8595,29404
