vessel_name,mmsi,imo,flag,type,event,start_date_time,time_zone,offset,latitude,longitude,event_duration_s
DEMO VESSEL 037,548000037,8500379,Belize,Cargo,Fishing event,2025-10-16 16:16:00,Asia/Manila,+08:00,14.33673,120.41093,6005
DEMO VESSEL 024,548000024,8500240,Philippines,Cargo,Loitering,24/10/2025 22:28,UTC,+00:00,14.56867,120.73567,18244
DEMO VESSEL 029,548000029,8500290,Philippines,Other,Fishing event,09/10/2025 09:09,Asia/Manila,+08:00,14.26326,120.6087,10672
DEMO VESSEL 004,548000004,,Philippines,Dredging,Loitering,2025-10-19 18:30:00,Asia/Manila,+08:00,14.26619,120.65573,19853
DEMO VESSEL 030,548000030,8500305,Philippines,Cargo,Encounter,07/10/2025 04:32,UTC,+00:00,14.88097,120.8734,9268
DEMO VESSEL 007,548000007,8500070,Philippines,Cargo,Fishing event,2025-10-13 12:10:00,Asia/Manila,+08:00,14.76102,120.42181,24344
ais test ship,100900301,,,,Encounter,2025-10-18 15:14:00,Asia/Manila,+08:00,14.48653,120.8907,33367
DEMO VESSEL 027,548000027,8500276,Philippines,Cargo,Fishing event,19/10/2025 08:36,Asia/Manila,+08:00,14.3878,120.72577,24154
DEMO VESSEL 018,548000018,8500185,Philippines,Cargo,Encounter,2025-10-21 23:17:00,Asia/Manila,+08:00,14.45299,120.50734,31560
DEMO VESSEL 030,548000030,8500305,Philippines,Cargo,Encounter,2025-10-10 07:50:00,Asia/Manila,+08:00,14.58405,120.33293,12679
DEMO VESSEL 029,548000029,8500290,Philippines,Other,Port visit,2025-10-01 20:26:00,Asia/Manila,+08:00,14.49915,120.43255,14033
DEMO VESSEL 022,548000022,8500226,Sierra Leone,Dredging,Fishing event,2025-10-05 18:05:00,UTC,+00:00,14.33512,120.76112,35933
DEMO VESSEL 019,548000019,8500197,Philippines,Cargo,Port visit,2025-10-11 07:59:00,Asia/Manila,+08:00,14.67017,120.83687,39283
DEMO VESSEL 014,548000014,8500147,Philippines,Cargo,Port visit,21/10/2025 11:02,Asia/Manila,+08:00,14.6716,120.86651,36803
demo vessel 021,548000021,8500214,Belize,Dredging,Encounter,14/10/2025 03:37,Asia/Manila,+08:00,14.33217,120.60039,21410
DEMO VESSEL 011,548000011,8500111,Philippines,Other,Fishing event,2025-10-19 17:27:00,Asia/Manila,+08:00,14.46172,120.44609,6668
DEMO VESSEL 003,548000003,8500032,Philippines,Cargo,Loitering,2025-10-06 11:16:00,Asia/Manila,+08:00,14.25882,120.5667,33871
DEMO VESSEL 034,548000034,8500343,Belize,Cargo,Fishing event,2025-10-02 08:06:00,Asia/Manila,+08:00,14.39679,120.81285,18697
DEMO VESSEL 033,548000033,8500331,Philippines,Cargo,Loitering,10/10/2025 13:06,Asia/Manila,+08:00,14.42186,120.52269,22795
DEMO VESSEL 028,548000028,8500288,Philippines,Other,Port visit,2025-10-03 14:51:00,Asia/Manila,+08:00,14.35541,120.72511,29595
DEMO VESSEL 016,548000016,8500161,Philippines,Dredging,Loitering,2025-10-11 16:50:00,Asia/Manila,+08:00,14.79117,120.75739,19582
DEMO VESSEL 030,548000030,8500305,Philippines,Cargo,Encounter,20/10/2025 03:38,Asia/Manila,+08:00,14.64412,120.71513,14623
DEMO VESSEL 025,548000025,8500252,Philippines,Dredging,Encounter,2025-10-04 05:25:00,Asia/Manila,+08:00,14.37068,120.46237,13956
DEMO VESSEL 039,548000039,8500393,Philippines,Dredging,Fishing event,2025-10-22 03:55:00,Asia/Manila,+08:00,14.31857,120.50418,13890
DEMO VESSEL 011,548000011,8500111,Philippines,Other,Loitering,2025-10-27 13:09:00,UTC,+00:00,14.52791,120.41024,4871
DEMOVESSEL007,667000007,8500070,Sierra Leone,Cargo,Fishing event,14/10/2025 15:53,Asia/Manila,+08:00,14.48259,120.50822,9911
DEMO VESSEL 024,548000024,8500240,Philippines,Cargo,Loitering,16/10/2025 02:52,Asia/Manila,+08:00,14.29762,120.85223,23676
DEMO VESSEL 007,667000007,8500070,Sierra Leone,Cargo,Loitering,2025-10-09 13:34:00,Asia/Manila,+08:00,14.60781,120.74221,6486
DEMO VESSEL 022 ,548000022,8500226,Sierra Leone,Dredging,Fishing event,2025-10-15 22:49:00,Asia/Manila,+08:00,14.21489,120.39099,1583
DEMO VESSEL 012,548000012,8500123,Philippines,Dredging,Loitering,17/10/2025 22:41,Asia/Manila,+08:00,14.68096,120.3682,35712
DEMO VESSEL 007,667000007,8500070,Sierra Leone,Cargo,Loitering,2025-10-17 01:25:00,Asia/Manila,+08:00,14.30329,120.51825,632
DEMO VESSEL 014,548000014,8500147,Philippines,Cargo,Fishing event,03/10/2025 20:05,UTC,+00:00,14.36768,120.81194,15290
DEMO VESSEL 025,548000025,8500252,Philippines,Dredging,Encounter,2025-10-18 06:34:00,UTC,+00:00,14.59806,120.71383,27608
DEMO VESSEL 024,548000024,8500240,Philippines,Cargo,Encounter,2025-10-15 18:58:00,UTC,+00:00,14.59306,120.82546,11322
DEMO VESSEL 018,548000018,8500185,Philippines,Cargo,Port visit,2025-10-07 22:26:00,Asia/Manila,+08:00,14.81161,120.67128,29961
DEMO VESSEL 017,548000017,8500173,Philippines,Other,Encounter,27/10/2025 16:39,Asia/Manila,+08:00,14.55709,120.66097,14194
DEMO VESSEL 009,548000009,8500094,Belize,Cargo,Loitering,2025-10-25 22:40:00,UTC,+00:00,14.77874,120.42606,13758
DEMO VESSEL 005,548000005,1234568,Sierra Leone,Dredging,Fishing event,2025-10-25 19:33:00,Asia/Manila,+08:00,14.75087,120.35145,22025
DEMO VESSEL 036,548000036,8500367,Sierra Leone,Cargo,Port visit,12/10/2025 06:19,Asia/Manila,+08:00,14.23773,120.53606,15439
DEMO VESSEL 013,548000013,8500135,Philippines,Other,Port visit,2025-10-15 11:02:00,Asia/Manila,+08:00,14.54551,120.7437,2300
AIS TEST SHIP,100900301,,,,Encounter,2025-10-02 07:38:00,Asia/Manila,+08:00,14.62023,120.67119,19228
DEMOVESSEL022,548000022,8500226,Sierra Leone,Dredging,Loitering,2025-10-07 03:35:00,Asia/Manila,+08:00,14.26658,120.51541,12954
DEMO VESSEL 017,548000017,8500173,Philippines,Other,Encounter,25/10/2025 19:45,Asia/Manila,+08:00,14.8591,120.61755,10932
DEMO VESSEL 020,548000020,8500202,Philippines,Other,Port visit,2025-10-20 02:44:00,Asia/Manila,+08:00,14.49392,120.73031,23939
DEMO VESSEL 036,548000036,8500367,Sierra Leone,Cargo,Encounter,19/10/2025 23:04,Asia/Manila,+08:00,14.69873,120.45452,23792
DEMO VESSEL 006,548000006,64,Philippines,Dredging,Fishing event,2025-10-23 17:19:00,Asia/Manila,+08:00,14.48255,120.85847,22140
DEMO VESSEL 032,548000032,8500329,Philippines,Cargo,Loitering,2025-10-24 06:25:00,Asia/Manila,+08:00,14.64935,120.50187,15250
DEMO VESSEL 012,548000012,8500123,Philippines,Dredging,Encounter,06/10/2025 12:47,Asia/Manila,+08:00,14.43919,120.72557,11798
DEMO VESSEL 037,548000037,8500379,Belize,Cargo,Loitering,2025-10-23 03:34:00,Asia/Manila,+08:00,14.85165,120.7921,33903
DEMO VESSEL 037,548000037,8500379,Belize,Cargo,Encounter,2025-10-01 11:02:00,Asia/Manila,+08:00,14.47891,120.60522,27164
DEMO VESSEL 032,548000032,8500329,Philippines,Cargo,Fishing event,2025-10-14 13:19:00,Asia/Manila,+08:00,14.58241,120.88118,35303
DEMO VESSEL 032,548000032,8500329,Philippines,Cargo,Encounter,2025-10-23 22:42:00,Asia/Manila,+08:00,14.53995,120.42626,38149
DEMO VESSEL 008,548000008,8500082,Belize,Dredging,Loitering,2025-10-22 03:20:00,Asia/Manila,+08:00,14.50091,120.82851,17031
DEMO VESSEL 029,548000029,8500290,Philippines,Other,Fishing event,2025-10-04 06:13:00,Asia/Manila,+08:00,14.49609,120.31228,37177
DEMO VESSEL 029,548000029,8500290,Philippines,Other,Encounter,23/10/2025 15:21,Asia/Manila,+08:00,14.24882,120.76736,1040
DEMO VESSEL 029,548000029,8500290,Philippines,Other,Loitering,25/10/2025 07:25,UTC,+00:00,14.64728,120.55892,23763
DEMO VESSEL 024,548000024,8500240,Philippines,Cargo,Port visit,2025-10-11 06:54:00,UTC,+00:00,14.45726,120.61035,24464
DEMO VESSEL 007,667000007,8500070,Sierra Leone,Cargo,Loitering,2025-10-19 20:32:00,Asia/Manila,+08:00,14.73342,120.57343,9573
DEMOVESSEL003,548000003,8500032,Philippines,Cargo,Loitering,2025-10-11 13:28:00,UTC,+00:00,14.45726,120.59853,15621
DEMO VESSEL 008,548000008,8500082,Belize,Dredging,Port visit,2025-10-27 14:48:00,UTC,+00:00,14.72445,120.83078,23550
DEMO VESSEL 022,548000022,8500226,Sierra Leone,Dredging,Fishing event,2025-10-07 20:41:00,Asia/Manila,+08:00,14.83468,120.32326,770
DEMO VESSEL 016,548000016,8500161,Philippines,Dredging,Encounter,2025-10-17 04:13:00,Asia/Manila,+08:00,14.23226,120.61433,38279
DEMO VESSEL 033,548000033,8500331,Philippines,Cargo,Port visit,2025-10-20 23:23:00,Asia/Manila,+08:00,14.74961,120.33579,28788
DEMO VESSEL 029,548000029,8500290,Philippines,Other,Fishing event,2025-10-14 23:47:00,Asia/Manila,+08:00,14.61196,120.71868,567
DEMO VESSEL 013,548000013,8500135,Philippines,Other,Fishing event,2025-10-03 11:18:00,Asia/Manila,+08:00,14.34572,120.71326,1998
DEMO VESSEL 035,548000035,8500355,Philippines,Other,Loitering,2025-10-15 07:59:00,Asia/Manila,+08:00,14.66095,120.69762,32617
DEMO VESSEL 006,548000006,64,Philippines,Dredging,Fishing event,2025-10-12 21:31:00,Asia/Manila,+08:00,14.87394,120.75543,5737
DEMO VESSEL 033,548000033,8500331,Philippines,Cargo,Encounter,10/10/2025 08:24,Asia/Manila,+08:00,14.45344,120.57897,9084
DEMOVESSEL020,548000020,8500202,Philippines,Other,Fishing event,02/10/2025 14:59,Asia/Manila,+08:00,14.70642,120.5311,749
DEMO VESSEL 034,548000034,8500343,Belize,Cargo,Fishing event,2025-10-17 09:47:00,Asia/Manila,+08:00,14.37629,120.51914,13224
DEMO VESSEL 037 ,548000037,8500379,Belize,Cargo,Port visit,2025-10-12 07:16:00,UTC,+00:00,14.44437,120.58992,28957
DEMO VESSEL 030,548000030,8500305,Philippines,Cargo,Loitering,05/10/2025 20:42,Asia/Manila,+08:00,14.65131,120.77827,12690
DEMO VESSEL 036,548000036,8500367,Sierra Leone,Cargo,Encounter,2025-10-07 21:44:00,UTC,+00:00,14.57765,120.52667,2671
DEMO VESSEL 015,548000015,8500159,Philippines,Cargo,Encounter,2025-10-03 08:22:00,UTC,+00:00,14.88355,120.54581,38350
DEMO VESSEL 040,548000040,8500408,Philippines,Other,Fishing event,03/10/2025 11:21,Asia/Manila,+08:00,14.74576,120.33389,22470
DEMO VESSEL 002 ,548000002,8500020,Philippines,Cargo,Loitering,2025-10-24 16:15:00,Asia/Manila,+08:00,14.74374,120.49405,28057
DEMO VESSEL 025,548000025,8500252,Philippines,Dredging,Fishing event,26/10/2025 09:28,UTC,+00:00,14.247,120.56056,1177
DEMO VESSEL 025,548000025,8500252,Philippines,Dredging,Fishing event,2025-10-21 02:12:00,Asia/Manila,+08:00,14.62516,120.8649,10898
DEMO VESSEL 029,548000029,8500290,Philippines,Other,Fishing event,2025-10-20 04:56:00,UTC,+00:00,14.56229,120.31563,1365
DEMO VESSEL 027,548000027,8500276,Philippines,Cargo,Port visit,2025-10-04 14:52:00,Asia/Manila,+08:00,14.34821,120.608,37589
DEMO VESSEL 001,548000001,8500018,Philippines,Dredging,Loitering,14/10/2025 07:55,Asia/Manila,+08:00,14.85363,120.73268,32986
DEMO VESSEL 032,548000032,8500329,Philippines,Cargo,Loitering,10/10/2025 15:07,Asia/Manila,+08:00,14.39661,120.66715,10425
DEMO VESSEL 017,548000017,8500173,Philippines,Other,Port visit,04/10/2025 17:48,Asia/Manila,+08:00,14.59396,120.81263,39931
DEMO VESSEL 017 ,548000017,8500173,Philippines,Other,Encounter,02/10/2025 00:39,UTC,+00:00,14.23499,120.55365,20504
DEMO VESSEL 021,548000021,8500214,Belize,Dredging,Fishing event,2025-10-17 20:20:00,UTC,+00:00,14.34143,120.5242,16724
DEMO VESSEL 016,548000016,8500161,Philippines,Dredging,Fishing event,2025-10-06 03:14:00,Asia/Manila,+08:00,14.86243,120.63234,39363
DEMO VESSEL 020,548000020,8500202,Philippines,Other,Encounter,2025-10-16 03:47:00,Asia/Manila,+08:00,14.89038,120.33298,2605
DEMO VESSEL 007,667000007,8500070,Sierra Leone,Cargo,Loitering,2025-10-08 12:52:00,Asia/Manila,+08:00,14.49051,120.89563,15215
DEMO VESSEL 003,548000003,8500032,Philippines,Cargo,Encounter,2025-10-14 22:04:00,Asia/Manila,+08:00,14.84691,120.77694,21137
DEMO VESSEL 012,548000012,8500123,Philippines,Dredging,Fishing event,2025-10-22 08:10:00,UTC,+00:00,14.54173,120.31442,5879
DEMO VESSEL 015,548000015,8500159,Philippines,Cargo,Loitering,2025-10-09 14:13:00,UTC,+00:00,14.49576,120.54062,23439
DEMO VESSEL 029,548000029,8500290,Philippines,Other,Encounter,2025-10-04 08:09:00,Asia/Manila,+08:00,14.54925,120.76537,16566
DEMO VESSEL 002,548000002,8500020,Philippines,Cargo,Fishing event,19/10/2025 04:36,Asia/Manila,+08:00,14.76728,120.88223,6215
DEMO VESSEL 013,548000013,8500135,Philippines,Other,Loitering,03/10/2025 01:40,UTC,+00:00,14.45436,120.83187,2647
DEMO VESSEL 030 ,548000030,8500305,Philippines,Cargo,Loitering,2025-10-05 23:15:00,Asia/Manila,+08:00,14.58302,120.65007,480
DEMOVESSEL040,548000040,8500408,Philippines,Other,Port visit,2025-10-03 15:58:00,UTC,+00:00,14.28924,120.35803,33273
DEMO VESSEL 020,548000020,8500202,Philippines,Other,Port visit,2025-10-14 16:18:00,Asia/Manila,+08:00,14.7513,120.53267,806
AIS TEST SHIP,100900301,,,,Loitering,2025-10-21 15:55:00,Asia/Manila,+08:00,14.39419,120.36528,22125
DEMO VESSEL 015,548000015,8500159,Philippines,Cargo,Encounter,17/10/2025 13:13,UTC,+00:00,14.2549,120.4349,21797
DEMO VESSEL 002,548000002,8500020,Philippines,Cargo,Loitering,2025-10-26 00:14:00,Asia/Manila,+08:00,14.8601,120.72764,23153
DEMO VESSEL 030,548000030,8500305,Philippines,Cargo,Fishing event,2025-10-24 13:34:00,Asia/Manila,+08:00,14.60946,120.69296,38725
DEMO VESSEL 017,548000017,8500173,Philippines,Other,Port visit,2025-10-01 21:40:00,UTC,+00:00,14.63697,120.76935,29111
DEMO VESSEL 004,548000004,,Philippines,Dredging,Encounter,2025-10-13 15:42:00,Asia/Manila,+08:00,14.25346,120.86302,14736
DEMO VESSEL 020,548000020,8500202,Philippines,Other,Encounter,2025-10-24 12:00:00,Asia/Manila,+08:00,14.21832,120.87262,9359
DEMO VESSEL 033,548000033,8500331,Philippines,Cargo,Fishing event,2025-10-15 19:33:00,Asia/Manila,+08:00,14.74231,120.32062,5190
DEMO VESSEL 036,548000036,8500367,Sierra Leone,Cargo,Loitering,2025-10-27 04:03:00,Asia/Manila,+08:00,14.64658,120.41657,31807
DEMOVESSEL030,548000030,8500305,Philippines,Cargo,Encounter,20/10/2025 12:07,Asia/Manila,+08:00,14.66008,120.55936,13646
DEMO VESSEL 014,548000014,8500147,Philippines,Cargo,Port visit,2025-10-22 11:48:00,Asia/Manila,+08:00,14.6794,120.52545,28055
DEMO VESSEL 011,548000011,8500111,Philippines,Other,Encounter,2025-10-23 18:27:00,Asia/Manila,+08:00,14.41996,120.60443,27604
DEMO VESSEL 021,548000021,8500214,Belize,Dredging,Port visit,2025-10-17 08:22:00,Asia/Manila,+08:00,14.46572,120.858,3881
DEMOVESSEL012,548000012,8500123,Philippines,Dredging,Fishing event,2025-10-17 05:32:00,Asia/Manila,+08:00,14.61019,120.59905,13002
DEMO VESSEL 034,548000034,8500343,Belize,Cargo,Fishing event,2025-10-10 23:16:00,Asia/Manila,+08:00,14.72975,120.52729,34006
DEMO VESSEL 029,548000029,8500290,Philippines,Other,Port visit,2025-10-14 04:43:00,UTC,+00:00,14.77715,120.43905,36064
DEMO VESSEL 021,548000021,8500214,Belize,Dredging,Encounter,2025-10-21 18:06:00,Asia/Manila,+08:00,14.86751,120.8425,31236
DEMO VESSEL 020,548000020,8500202,Philippines,Other,Fishing event,2025-10-14 05:47:00,Asia/Manila,+08:00,14.32813,120.60346,996
DEMO VESSEL 014,548000014,8500147,Philippines,Cargo,Loitering,2025-10-16 05:24:00,UTC,+00:00,14.79519,120.42643,10709
DEMO VESSEL 035,548000035,8500355,Philippines,Other,Fishing event,05/10/2025 11:43,Asia/Manila,+08:00,14.28867,120.32443,10485
DEMO VESSEL 004,548000004,,Philippines,Dredging,Port visit,25/10/2025 16:32,Asia/Manila,+08:00,14.41828,120.57241,14638
DEMO VESSEL 035,548000035,8500355,Philippines,Other,Loitering,26/10/2025 12:15,Asia/Manila,+08:00,14.62076,120.51748,26334
DEMOVESSEL014,548000014,8500147,Philippines,Cargo,Fishing event,2025-10-20 15:35:00,Asia/Manila,+08:00,14.40074,120.70147,33758
DEMO VESSEL 037,548000037,8500379,Belize,Cargo,Encounter,2025-10-16 23:37:00,Asia/Manila,+08:00,14.40824,120.34102,23015
DEMO VESSEL 034,548000034,8500343,Belize,Cargo,Encounter,27/10/2025 22:50,UTC,+00:00,14.58725,120.76093,11260
DEMO VESSEL 009,548000009,8500094,Belize,Cargo,Encounter,2025-09-26 02:02:00,UTC,+00:00,14.87944,120.69457,11396
DEMO VESSEL 028,548000028,8500288,Philippines,Other,Loitering,16/10/2025 13:41,Asia/Manila,+08:00,14.34984,120.51536,34444
DEMO VESSEL 014,548000014,8500147,Philippines,Cargo,Port visit,11/10/2025 11:13,Asia/Manila,+08:00,14.57615,120.73895,5690
DEMO VESSEL 027,548000027,8500276,Philippines,Cargo,Encounter,26/10/2025 09:05,Asia/Manila,+08:00,14.54715,120.76104,33565
DEMO VESSEL 038,548000038,8500381,Philippines,Dredging,Loitering,10/10/2025 22:44,Asia/Manila,+08:00,14.81733,120.58302,34941
demo vessel 037,548000037,8500379,Belize,Cargo,Fishing event,2025-10-01 07:20:00,Asia/Manila,+08:00,14.70339,120.53165,28730
DEMO VESSEL 011,548000011,8500111,Philippines,Other,Loitering,2025-10-15 03:31:00,UTC,+00:00,14.54015,120.3161,4034
DEMO VESSEL 023,548000023,8500238,Belize,Cargo,Encounter,2025-10-21 22:11:00,Asia/Manila,+08:00,14.60973,120.71435,2094
DEMO VESSEL 007,667000007,8500070,Sierra Leone,Cargo,Fishing event,2025-10-25 12:44:00,Asia/Manila,+08:00,14.43989,120.31325,7666
DEMO VESSEL 015,548000015,8500159,Philippines,Cargo,Port visit,2025-10-11 05:21:00,UTC,+00:00,14.53371,120.4666,14866
DEMO VESSEL 009,548000009,8500094,Belize,Cargo,Fishing event,2025-10-21 10:22:00,Asia/Manila,+08:00,14.54018,120.5632,19871
AIS TEST SHIP,100900301,,,,Port visit,2025-10-07 13:55:00,UTC,+00:00,14.20268,120.54895,25138
AIS TEST SHIP,100900301,,,,Encounter,2025-10-21 09:02:00,Asia/Manila,+08:00,14.79296,120.69396,22391
DEMO VESSEL 003,548000003,8500032,Philippines,Cargo,Loitering,2025-10-01 10:24:00,UTC,+00:00,14.26841,120.59302,33249
DEMO VESSEL 010,548000010,8500109,Belize,Other,Encounter,2025-10-14 14:25:00,Asia/Manila,+08:00,14.33856,120.55706,34849
DEMO VESSEL 031,548000031,8500317,Philippines,Cargo,Fishing event,2025-10-20 14:43:00,Asia/Manila,+08:00,14.52447,120.45925,5253
DEMO VESSEL 039,548000039,8500393,Philippines,Dredging,Fishing event,2025-10-22 13:13:00,UTC,+00:00,14.66661,120.5983,642
DEMO VESSEL 008,548000008,8500082,Belize,Dredging,Port visit,2025-10-15 20:08:00,Asia/Manila,+08:00,14.88168,120.52462,6422
DEMO VESSEL 010,548000010,8500109,Belize,Other,Port visit,2025-10-17 10:01:00,Asia/Manila,+08:00,14.83653,120.68743,32050
DEMO VESSEL 002,548000002,8500020,Philippines,Cargo,Encounter,2025-10-02 19:03:00,Asia/Manila,+08:00,14.21382,120.71385,31390
DEMO VESSEL 010,548000010,8500109,Belize,Other,Encounter,2025-10-24 03:11:00,Asia/Manila,+08:00,14.30832,120.84276,26617
DEMOVESSEL028,548000028,8500288,Philippines,Other,Encounter,18/09/2025 19:46,UTC,+00:00,14.67467,120.89727,9405
DEMO VESSEL 034,548000034,8500343,Belize,Cargo,Fishing event,2025-10-22 00:17:00,Asia/Manila,+08:00,14.56591,120.40502,28088
DEMO VESSEL 021,548000021,8500214,Belize,Dredging,Loitering,2025-10-14 02:26:00,Asia/Manila,+08:00,14.51155,120.88004,21158
DEMO VESSEL 031,548000031,8500317,Philippines,Cargo,Port visit,2025-10-10 11:53:00,UTC,+00:00,14.27274,120.31834,1775
DEMO VESSEL 038,548000038,8500381,Philippines,Dredging,Port visit,2025-10-11 15:58:00,UTC,+00:00,14.21628,120.84336,3406
DEMO VESSEL 035,548000035,8500355,Philippines,Other,Fishing event,2025-10-18 18:47:00,Asia/Manila,+08:00,14.52698,120.32911,24288
DEMO VESSEL 024,548000024,8500240,Philippines,Cargo,Port visit,2025-10-15 07:55:00,Asia/Manila,+08:00,14.23217,120.8534,18253
DEMO VESSEL 020,548000020,8500202,Philippines,Other,Encounter,2025-10-14 20:32:00,UTC,+00:00,14.41107,120.74694,35613
DEMO VESSEL 003,548000003,8500032,Philippines,Cargo,Port visit,2025-10-24 17:47:00,Asia/Manila,+08:00,14.21915,120.33126,501
DEMO VESSEL 007,548000007,8500070,Philippines,Cargo,Port visit,2025-10-04 19:28:00,Asia/Manila,+08:00,14.77578,120.45847,2024
DEMO VESSEL 029,548000029,8500290,Philippines,Other,Encounter,01/10/2025 01:41,Asia/Manila,+08:00,14.61258,120.75956,17653
DEMO VESSEL 030,548000030,8500305,Philippines,Cargo,Loitering,2025-09-14 14:47:00,Asia/Manila,+08:00,14.35514,120.46588,5767
DEMO VESSEL 007,667000007,8500070,Sierra Leone,Cargo,Port visit,01/10/2025 15:44,Asia/Manila,+08:00,14.52769,120.37028,33979
DEMO VESSEL 019,548000019,8500197,Philippines,Cargo,Port visit,2025-10-21 00:41:00,Asia/Manila,+08:00,14.45565,120.58755,22581
DEMO VESSEL 039,548000039,8500393,Philippines,Dredging,Port visit,2025-10-27 22:39:00,Asia/Manila,+08:00,14.73358,120.49714,19680
DEMO VESSEL 017,548000017,8500173,Philippines,Other,Loitering,2025-10-20 12:46:00,Asia/Manila,+08:00,14.24057,120.48417,5234
DEMO VESSEL 002,548000002,8500020,Philippines,Cargo,Fishing event,2025-10-17 02:14:00,UTC,+00:00,14.47603,120.37931,36223
DEMO VESSEL 013,548000013,8500135,Philippines,Other,Port visit,2025-10-11 18:48:00,Asia/Manila,+08:00,14.23017,120.67117,25913
DEMO VESSEL 003,548000003,8500032,Philippines,Cargo,Port visit,14/10/2025 20:15,Asia/Manila,+08:00,14.61113,120.81266,3790
DEMO VESSEL 007,548000007,8500070,Philippines,Cargo,Encounter,2025-10-22 12:16:00,Asia/Manila,+08:00,14.43718,120.44365,30507
DEMO VESSEL 039,548000039,8500393,Philippines,Dredging,Encounter,2025-10-04 09:50:00,Asia/Manila,+08:00,14.84266,120.48494,39547
DEMO VESSEL 040,548000040,8500408,Philippines,Other,Fishing event,2025-10-15 09:08:00,Asia/Manila,+08:00,14.8336,120.70701,32566
DEMOVESSEL017,548000017,8500173,Philippines,Other,Port visit,2025-10-04 13:05:00,Asia/Manila,+08:00,14.87202,120.63305,38770
DEMO VESSEL 019,548000019,8500197,Philippines,Cargo,Encounter,14/10/2025 07:13,UTC,+00:00,14.59517,120.6661,491
DEMO VESSEL 014,548000014,8500147,Philippines,Cargo,Encounter,2025-10-20 01:23:00,Asia/Manila,+08:00,14.22902,120.48888,31404
DEMO VESSEL 030,548000030,8500305,Philippines,Cargo,Port visit,2025-10-10 05:22:00,Asia/Manila,+08:00,14.29605,120.51669,2186
DEMO VESSEL 005,548000005,1234568,Sierra Leone,Dredging,Fishing event,2025-09-02 12:52:00,UTC,+00:00,14.21795,120.64016,19454
DEMO VESSEL 028,548000028,8500288,Philippines,Other,Fishing event,13/10/2025 04:55,Asia/Manila,+08:00,14.767,120.45694,23873
DEMO VESSEL 002,548000002,8500020,Philippines,Cargo,Encounter,2025-10-20 00:15:00,Asia/Manila,+08:00,14.59028,120.79515,2706
DEMO VESSEL 035,548000035,8500355,Philippines,Other,Port visit,2025-10-13 02:03:00,Asia/Manila,+08:00,14.49827,120.31272,15868
DEMO VESSEL 016,548000016,8500161,Philippines,Dredging,Fishing event,2025-10-11 19:01:00,Asia/Manila,+08:00,14.43674,120.31292,32888
DEMO VESSEL 007,667000007,8500070,Sierra Leone,Cargo,Loitering,2025-10-11 21:01:00,Asia/Manila,+08:00,14.41451,120.84603,20133
DEMO VESSEL 021,548000021,8500214,Belize,Dredging,Fishing event,2025-10-13 17:26:00,Asia/Manila,+08:00,14.76152,120.69918,37845
DEMO VESSEL 025 ,548000025,8500252,Philippines,Dredging,Fishing event,2025-10-12 08:20:00,Asia/Manila,+08:00,14.62181,120.40955,29969
AIS TEST SHIP,100900301,,,,Fishing event,2025-10-12 15:23:00,Asia/Manila,+08:00,14.5851,120.43326,30367
DEMO VESSEL 003,548000003,8500032,Philippines,Cargo,Loitering,2025-10-11 23:59:00,Asia/Manila,+08:00,14.837,120.51839,2978
DEMO VESSEL 009,548000009,8500094,Belize,Cargo,Loitering,2025-10-10 22:49:00,Asia/Manila,+08:00,14.39478,120.64555,37422
DEMO VESSEL 023,548000023,8500238,Belize,Cargo,Fishing event,2025-10-25 06:05:00,UTC,+00:00,14.2622,120.88126,25749
DEMO VESSEL 039,548000039,8500393,Philippines,Dredging,Fishing event,01/10/2025 13:14,UTC,+00:00,14.47695,120.73791,25844
DEMO VESSEL 006,548000006,64,Philippines,Dredging,Fishing event,2025-10-27 11:36:00,Asia/Manila,+08:00,14.51846,120.72613,4695
DEMO VESSEL 021 ,548000021,8500214,Belize,Dredging,Encounter,2025-10-14 17:09:00,Asia/Manila,+08:00,14.26522,120.38171,24265
DEMO VESSEL 011,548000011,8500111,Philippines,Other,Loitering,2025-10-07 01:17:00,UTC,+00:00,14.47011,120.44584,35404
DEMO VESSEL 011,548000011,8500111,Philippines,Other,Fishing event,2025-10-24 23:20:00,Asia/Manila,+08:00,14.6791,120.31169,33937
DEMO VESSEL 029,548000029,8500290,Philippines,Other,Fishing event,2025-10-22 11:22:00,Asia/Manila,+08:00,14.4218,120.85705,29607
DEMO VESSEL 010,548000010,8500109,Belize,Other,Encounter,2025-10-05 17:21:00,Asia/Manila,+08:00,14.38829,120.50402,10988
DEMO VESSEL 007,667000007,8500070,Sierra Leone,Cargo,Fishing event,2025-10-07 12:54:00,Asia/Manila,+08:00,14.22894,120.34619,8411
DEMO VESSEL 032,548000032,8500329,Philippines,Cargo,Loitering,02/10/2025 15:47,Asia/Manila,+08:00,14.52546,120.51385,12216
DEMO VESSEL 005,548000005,1234568,Sierra Leone,Dredging,Loitering,2025-10-08 05:36:00,UTC,+00:00,14.86629,120.31363,36479
DEMO VESSEL 006,548000006,64,Philippines,Dredging,Encounter,20/10/2025 19:12,UTC,+00:00,14.71189,120.32366,35610
DEMO VESSEL 013,548000013,8500135,Philippines,Other,Loitering,25/10/2025 17:37,UTC,+00:00,14.83436,120.7939,24618
DEMO VESSEL 007,667000007,8500070,Sierra Leone,Cargo,Fishing event,2025-10-04 11:36:00,Asia/Manila,+08:00,14.47176,120.47447,35093
DEMO VESSEL 037,548000037,8500379,Belize,Cargo,Encounter,10/10/2025 07:17,UTC,+00:00,14.5218,120.63694,12318
DEMO VESSEL 033,548000033,8500331,Philippines,Cargo,Encounter,2025-10-17 02:50:00,Asia/Manila,+08:00,14.29301,120.69072,21189
DEMO VESSEL 011,548000011,8500111,Philippines,Other,Encounter,2025-10-26 00:56:00,Asia/Manila,+08:00,14.56519,120.37552,34869
AIS TEST SHIP,100900301,,,,Loitering,2025-10-11 23:58:00,Asia/Manila,+08:00,14.75639,120.44107,6053
DEMO VESSEL 035,548000035,8500355,Philippines,Other,Encounter,2025-10-07 01:55:00,Asia/Manila,+08:00,14.61979,120.62144,4241
DEMO VESSEL 017 ,548000017,8500173,Philippines,Other,Fishing event,2025-10-22 23:23:00,Asia/Manila,+08:00,14.68589,120.45364,7980
DEMO VESSEL 018,548000018,8500185,Philippines,Cargo,Loitering,07/10/2025 23:25,UTC,+00:00,14.31508,120.73657,31178
DEMO VESSEL 006,548000006,64,Philippines,Dredging,Encounter,2025-10-13 14:48:00,Asia/Manila,+08:00,14.57398,120.70912,36130
AIS TEST SHIP ,100900301,,,,Encounter,2025-10-10 05:52:00,Asia/Manila,+08:00,14.61203,120.32793,11412
DEMO VESSEL 016,548000016,8500161,Philippines,Dredging,Port visit,2025-10-27 03:15:00,UTC,+00:00,14.56875,120.51195,31739
DEMO VESSEL 020,548000020,8500202,Philippines,Other,Loitering,16/10/2025 22:27,Asia/Manila,+08:00,14.68432,120.83827,39250
DEMO VESSEL 027,548000027,8500276,Philippines,Cargo,Encounter,2025-10-03 14:06:00,Asia/Manila,+08:00,14.29376,120.8823,34512
DEMO VESSEL 036,548000036,8500367,Sierra Leone,Cargo,Loitering,2025-10-24 10:27:00,UTC,+00:00,14.60131,120.58703,33898
DEMO VESSEL 013,548000013,8500135,Philippines,Other,Encounter,2025-10-14 15:19:00,Asia/Manila,+08:00,14.36127,120.81634,39975
DEMO VESSEL 017 ,548000017,8500173,Philippines,Other,Encounter,2025-10-19 12:38:00,Asia/Manila,+08:00,14.53525,120.55433,8308
DEMO VESSEL 036,548000036,8500367,Sierra Leone,Cargo,Fishing event,01/10/2025 05:46,Asia/Manila,+08:00,14.28029,120.79012,7791
DEMO VESSEL 029,548000029,8500290,Philippines,Other,Encounter,2025-10-21 07:39:00,Asia/Manila,+08:00,14.35412,120.48056,32526
DEMO VESSEL 040 ,548000040,8500408,Philippines,Other,Loitering,2025-10-21 10:55:00,Asia/Manila,+08:00,14.46216,120.61514,8673
DEMO VESSEL 035,548000035,8500355,Philippines,Other,Port visit,02/10/2025 18:05,Asia/Manila,+08:00,14.82953,120.44428,24784
DEMO VESSEL 019,548000019,8500197,Philippines,Cargo,Port visit,2025-10-16 11:30:00,Asia/Manila,+08:00,14.84978,120.46992,14110
DEMO VESSEL 007,667000007,8500070,Sierra Leone,Cargo,Fishing event,22/10/2025 11:43,Asia/Manila,+08:00,14.44367,120.82613,7743
DEMO VESSEL 039,548000039,8500393,Philippines,Dredging,Encounter,26/10/2025 00:40,Asia/Manila,+08:00,14.60131,120.31347,17368
DEMO VESSEL 019,548000019,8500197,Philippines,Cargo,Encounter,2025-10-16 16:49:00,Asia/Manila,+08:00,14.37879,120.51195,9555
DEMO VESSEL 007,667000007,8500070,Sierra Leone,Cargo,Port visit,25/10/2025 17:17,UTC,+00:00,14.4324,120.60075,7501
DEMO VESSEL 019,548000019,8500197,Philippines,Cargo,Loitering,2025-10-02 18:13:00,UTC,+00:00,0.0,0.0,38262
DEMO VESSEL 031,548000031,8500317,Philippines,Cargo,Fishing event,2025-10-11 14:11:00,UTC,+00:00,14.56354,120.52478,3444
DEMO VESSEL 019,548000019,8500197,Philippines,Cargo,Loitering,2025-10-16 05:45:00,Asia/Manila,+08:00,14.24014,120.55642,37543
DEMO VESSEL 033,548000033,8500331,Philippines,Cargo,Fishing event,19/10/2025 04:56,Asia/Manila,+08:00,14.37241,120.87126,8202
DEMO VESSEL 040 ,548000040,8500408,Philippines,Other,Loitering,27/10/2025 09:17,Asia/Manila,+08:00,14.3867,120.33559,18545
demo vessel 008,548000008,8500082,Belize,Dredging,Loitering,2025-10-01 09:42:00,UTC,+00:00,14.2222,120.57879,27064
DEMO VESSEL 035,548000035,8500355,Philippines,Other,Fishing event,2025-10-20 06:20:00,Asia/Manila,+08:00,14.28201,120.43662,1907
DEMO VESSEL 011,548000011,8500111,Philippines,Other,Loitering,2025-10-11 06:15:00,UTC,+00:00,14.38121,120.75363,30760
DEMO VESSEL 022,548000022,8500226,Sierra Leone,Dredging,Loitering,2025-10-10 04:34:00,Asia/Manila,+08:00,14.65313,120.61521,26517
demo vessel 031,548000031,8500317,Philippines,Cargo,Fishing event,2025-10-15 04:37:00,Asia/Manila,+08:00,14.44532,120.51886,34346
AIS TEST SHIP,100900301,,,,Port visit,2025-10-06 01:55:00,UTC,+00:00,14.77618,120.77186,23902
DEMO VESSEL 037,548000037,8500379,Belize,Cargo,Port visit,2025-10-05 06:07:00,Asia/Manila,+08:00,14.32484,120.55218,31250
DEMO VESSEL 011,548000011,8500111,Philippines,Other,Encounter,2025-10-12 23:28:00,UTC,+00:00,14.30617,120.84721,4715
DEMO VESSEL 028 ,548000028,8500288,Philippines,Other,Encounter,2025-10-09 10:40:00,Asia/Manila,+08:00,14.82935,120.85794,10639
AIS TEST SHIP,100900301,,,,Port visit,2025-10-19 03:46:00,Asia/Manila,+08:00,14.22598,120.39079,39319
DEMO VESSEL 029,548000029,8500290,Philippines,Other,Port visit,12/10/2025 03:04,Asia/Manila,+08:00,14.62464,120.79057,9838
DEMO VESSEL 001,548000001,8500018,Philippines,Dredging,Port visit,2025-10-17 09:29:00,UTC,+00:00,14.69125,120.81168,28485
DEMO VESSEL 021,548000021,8500214,Belize,Dredging,Fishing event,2025-10-27 21:50:00,Asia/Manila,+08:00,14.88942,120.74829,20659
DEMO VESSEL 008,548000008,8500082,Belize,Dredging,Port visit,09/10/2025 09:47,UTC,+00:00,14.53212,120.40818,27868
DEMO VESSEL 029,548000029,8500290,Philippines,Other,Fishing event,2025-10-16 19:45:00,Asia/Manila,+08:00,14.22797,120.42583,26817
DEMO VESSEL 004,548000004,,Philippines,Dredging,Port visit,2025-10-20 17:00:00,Asia/Manila,+08:00,14.37815,120.37296,14475
DEMO VESSEL 011,548000011,8500111,Philippines,Other,Loitering,25/10/2025 02:45,Asia/Manila,+08:00,14.64067,120.33519,16141
DEMO VESSEL 019,548000019,8500197,Philippines,Cargo,Loitering,2025-10-20 06:06:00,Asia/Manila,+08:00,14.71076,120.50323,7573
DEMO VESSEL 028,548000028,8500288,Philippines,Other,Encounter,2025-10-16 17:53:00,Asia/Manila,+08:00,14.81123,120.59631,9053
DEMO VESSEL 025,548000025,8500252,Philippines,Dredging,Fishing event,23/10/2025 07:21,Asia/Manila,+08:00,14.78008,120.71176,22708
DEMO VESSEL 036,548000036,8500367,Sierra Leone,Cargo,Fishing event,2025-10-05 08:26:00,Asia/Manila,+08:00,14.39203,120.42579,11480
demo vessel 012,548000012,8500123,Philippines,Dredging,Loitering,2025-10-07 08:01:00,Asia/Manila,+08:00,14.84311,120.51643,17314
DEMO VESSEL 038,548000038,8500381,Philippines,Dredging,Port visit,2025-10-18 02:33:00,Asia/Manila,+08:00,14.46401,120.64019,16072
DEMO VESSEL 036,548000036,8500367,Sierra Leone,Cargo,Fishing event,2025-10-14 22:19:00,UTC,+00:00,14.46138,120.33223,32360
DEMO VESSEL 033,548000033,8500331,Philippines,Cargo,Port visit,15/10/2025 08:33,Asia/Manila,+08:00,14.58454,120.63868,7650
DEMO VESSEL 022,548000022,8500226,Sierra Leone,Dredging,Port visit,2025-10-04 15:47:00,Asia/Manila,+08:00,14.58332,120.81382,14890
DEMO VESSEL 006,548000006,64,Philippines,Dredging,Loitering,2025-10-04 00:54:00,Asia/Manila,+08:00,14.80002,120.86807,37531
DEMO VESSEL 040,548000040,8500408,Philippines,Other,Port visit,01/10/2025 13:14,Asia/Manila,+08:00,14.69055,120.37114,23248
DEMOVESSEL017,548000017,8500173,Philippines,Other,Encounter,2025-10-04 08:24:00,Asia/Manila,+08:00,14.5823,120.88895,27425
DEMO VESSEL 006,548000006,64,Philippines,Dredging,Port visit,2025-10-17 09:31:00,Asia/Manila,+08:00,14.22164,120.3398,2918
DEMO VESSEL 038,548000038,8500381,Philippines,Dredging,Port visit,2025-10-15 17:24:00,Asia/Manila,+08:00,14.73208,120.30467,11234
DEMO VESSEL 037,548000037,8500379,Belize,Cargo,Port visit,2025-10-12 19:14:00,Asia/Manila,+08:00,14.29832,120.34855,38037
DEMO VESSEL 007,548000007,8500070,Philippines,Cargo,Fishing event,23/10/2025 03:49,Asia/Manila,+08:00,14.57036,120.67653,13306
DEMO VESSEL 031,548000031,8500317,Philippines,Cargo,Port visit,2025-10-03 22:53:00,Asia/Manila,+08:00,14.2362,120.62771,396
AIS TEST SHIP,100900301,,,,Loitering,2025-10-03 12:02:00,Asia/Manila,+08:00,14.34885,120.33413,15638
DEMO VESSEL 005,548000005,1234568,Sierra Leone,Dredging,Loitering,2025-10-04 03:25:00,Asia/Manila,+08:00,14.27744,120.47361,36349
DEMO VESSEL 027,548000027,8500276,Philippines,Cargo,Fishing event,2025-10-03 14:51:00,Asia/Manila,+08:00,14.237,120.69166,22225
DEMO VESSEL 032,548000032,8500329,Philippines,Cargo,Encounter,2025-10-15 22:31:00,Asia/Manila,+08:00,14.35192,120.3076,38194
DEMO VESSEL 005,548000005,1234568,Sierra Leone,Dredging,Port visit,2025-09-23 15:00:00,Asia/Manila,+08:00,14.30524,120.34023,13359
DEMO VESSEL 007,667000007,8500070,Sierra Leone,Cargo,Encounter,2025-10-17 16:20:00,UTC,+00:00,14.41258,120.73482,23838
DEMO VESSEL 040,548000040,8500408,Philippines,Other,Encounter,2025-10-18 04:57:00,Asia/Manila,+08:00,14.43879,120.30208,27006
DEMO VESSEL 005,548000005,1234568,Sierra Leone,Dredging,Encounter,06/10/2025 14:57,Asia/Manila,+08:00,14.86262,120.64007,4814
DEMO VESSEL 029,548000029,8500290,Philippines,Other,Port visit,2025-10-14 04:31:00,UTC,+00:00,14.22449,120.65202,12520
DEMO VESSEL 029,548000029,8500290,Philippines,Other,Fishing event,2025-10-21 12:13:00,Asia/Manila,+08:00,14.88479,120.86793,30695
demo vessel 026,548000026,8500264,Philippines,Cargo,Fishing event,2025-10-11 11:17:00,UTC,+00:00,14.53293,120.89476,11706
DEMO VESSEL 031,548000031,8500317,Philippines,Cargo,Port visit,2025-10-05 17:52:00,Asia/Manila,+08:00,14.51478,120.67741,3037
DEMO VESSEL 021,548000021,8500214,Belize,Dredging,Fishing event,2025-10-01 08:00:00,Asia/Manila,+08:00,14.85261,120.82499,7249
DEMO VESSEL 012,548000012,8500123,Philippines,Dredging,Loitering,2025-10-21 22:12:00,UTC,+00:00,14.62983,120.67806,4119
DEMO VESSEL 026 ,548000026,8500264,Philippines,Cargo,Port visit,2025-10-11 02:18:00,Asia/Manila,+08:00,14.31354,120.82511,22970
DEMO VESSEL 036,548000036,8500367,Sierra Leone,Cargo,Fishing event,19/10/2025 03:45,Asia/Manila,+08:00,14.69372,120.39166,1813
DEMO VESSEL 007,548000007,8500070,Philippines,Cargo,Fishing event,2025-10-24 05:09:00,Asia/Manila,+08:00,14.42581,120.81881,10237
DEMO VESSEL 021,548000021,8500214,Belize,Dredging,Encounter,04/10/2025 08:27,Asia/Manila,+08:00,14.31633,120.69371,30025
DEMO VESSEL 021,548000021,8500214,Belize,Dredging,Loitering,2025-10-09 03:06:00,UTC,+00:00,14.89468,120.83884,16559
DEMO VESSEL 016,548000016,8500161,Philippines,Dredging,Port visit,2025-10-14 08:01:00,Asia/Manila,+08:00,14.41867,120.3186,21722
DEMO VESSEL 013,548000013,8500135,Philippines,Other,Port visit,2025-10-19 16:57:00,Asia/Manila,+08:00,14.59423,120.31429,9384
DEMO VESSEL 015,548000015,8500159,Philippines,Cargo,Port visit,2025-10-13 04:50:00,Asia/Manila,+08:00,14.55408,120.46903,31877
DEMO VESSEL 030,548000030,8500305,Philippines,Cargo,Encounter,2025-10-17 13:08:00,Asia/Manila,+08:00,14.48507,120.86755,15940
DEMO VESSEL 029,548000029,8500290,Philippines,Other,Loitering,11/10/2025 16:04,Asia/Manila,+08:00,14.51602,120.36712,32422
DEMO VESSEL 024,548000024,8500240,Philippines,Cargo,Fishing event,2025-10-05 02:41:00,UTC,+00:00,14.41808,120.81551,19584
AIS TEST SHIP ,100900301,,,,Encounter,2025-10-23 18:52:00,Asia/Manila,+08:00,14.55025,120.63796,21784
DEMO VESSEL 009,548000009,8500094,Belize,Cargo,Port visit,2025-10-02 00:13:00,Asia/Manila,+08:00,14.32523,120.78095,18065
demo vessel 020,548000020,8500202,Philippines,Other,Fishing event,2025-10-22 11:58:00,Asia/Manila,+08:00,14.42934,120.7993,20876
DEMO VESSEL 029 ,548000029,8500290,Philippines,Other,Loitering,2025-10-23 03:00:00,UTC,+00:00,14.51704,120.79709,13271
DEMO VESSEL 032,548000032,8500329,Philippines,Cargo,Loitering,04/10/2025 04:43,Asia/Manila,+08:00,14.25424,120.68619,27068
DEMO VESSEL 012,548000012,8500123,Philippines,Dredging,Loitering,2025-10-03 19:51:00,Asia/Manila,+08:00,14.26701,120.86289,8391
DEMO VESSEL 010,548000010,8500109,Belize,Other,Encounter,2025-10-19 01:50:00,Asia/Manila,+08:00,14.23256,120.81066,26411
DEMO VESSEL 021,548000021,8500214,Belize,Dredging,Port visit,08/10/2025 08:24,Asia/Manila,+08:00,14.63185,120.6357,12331
DEMOVESSEL039,548000039,8500393,Philippines,Dredging,Loitering,2025-10-26 12:09:00,Asia/Manila,+08:00,14.89555,120.68423,38806
DEMO VESSEL 009,548000009,8500094,Belize,Cargo,Encounter,2025-10-19 20:11:00,Asia/Manila,+08:00,14.53138,120.44205,9520
DEMO VESSEL 001,548000001,8500018,Philippines,Dredging,Encounter,2025-10-20 21:41:00,Asia/Manila,+08:00,14.66048,120.71608,22570
DEMO VESSEL 019,548000019,8500197,Philippines,Cargo,Fishing event,2025-10-16 10:04:00,Asia/Manila,+08:00,14.47666,120.69335,18843
DEMO VESSEL 033,548000033,8500331,Philippines,Cargo,Port visit,2025-10-19 06:33:00,UTC,+00:00,14.57403,120.87837,17993
DEMO VESSEL 037,548000037,8500379,Belize,Cargo,Encounter,20/10/2025 21:42,Asia/Manila,+08:00,14.518,120.41498,13401
DEMO VESSEL 009,548000009,8500094,Belize,Cargo,Loitering,18/10/2025 18:53,Asia/Manila,+08:00,14.8495,120.44134,8101
DEMO VESSEL 007,667000007,8500070,Sierra Leone,Cargo,Loitering,2025-10-10 17:01:00,Asia/Manila,+08:00,14.48083,120.30337,9751
DEMO VESSEL 028,548000028,8500288,Philippines,Other,Port visit,2025-10-01 15:39:00,Asia/Manila,+08:00,14.56814,120.42173,13328
DEMO VESSEL 002,548000002,8500020,Philippines,Cargo,Loitering,2025-10-22 14:55:00,Asia/Manila,+08:00,14.27033,120.75147,20911
DEMO VESSEL 040 ,548000040,8500408,Philippines,Other,Encounter,2025-10-07 19:17:00,Asia/Manila,+08:00,14.36723,120.74583,19897
DEMO VESSEL 010 ,548000010,8500109,Belize,Other,Port visit,2025-10-14 01:31:00,Asia/Manila,+08:00,14.29299,120.623,15404
DEMO VESSEL 037,548000037,8500379,Belize,Cargo,Port visit,2025-10-02 20:33:00,Asia/Manila,+08:00,14.66962,120.68772,7636
DEMO VESSEL 014 ,548000014,8500147,Philippines,Cargo,Encounter,2025-10-14 15:30:00,Asia/Manila,+08:00,14.47377,120.57035,39424
DEMOVESSEL037,548000037,8500379,Belize,Cargo,Port visit,18/10/2025 20:02,UTC,+00:00,14.28179,120.75997,33728
DEMO VESSEL 015,548000015,8500159,Philippines,Cargo,Loitering,2025-10-13 03:49:00,Asia/Manila,+08:00,14.74132,120.45049,35783
DEMO VESSEL 030,548000030,8500305,Philippines,Cargo,Port visit,2025-10-25 06:31:00,Asia/Manila,+08:00,14.4435,120.78969,32818
DEMO VESSEL 029,548000029,8500290,Philippines,Other,Encounter,2025-10-06 01:02:00,Asia/Manila,+08:00,14.62205,120.61538,1787
DEMO VESSEL 017,548000017,8500173,Philippines,Other,Encounter,2025-10-21 01:55:00,UTC,+00:00,14.26782,120.67063,2458
DEMO VESSEL 020,548000020,8500202,Philippines,Other,Fishing event,2025-10-17 14:05:00,Asia/Manila,+08:00,14.67713,120.87194,560
DEMO VESSEL 030,548000030,8500305,Philippines,Cargo,Fishing event,2025-10-01 16:18:00,Asia/Manila,+08:00,14.35154,120.45959,29834
DEMO VESSEL 024,548000024,8500240,Philippines,Cargo,Loitering,10/10/2025 01:04,Asia/Manila,+08:00,14.40191,120.71972,33998
DEMO VESSEL 004,548000004,,Philippines,Dredging,Loitering,2025-10-07 02:55:00,Asia/Manila,+08:00,14.56748,120.7201,31704
DEMO VESSEL 036,548000036,8500367,Sierra Leone,Cargo,Encounter,27/10/2025 13:05,Asia/Manila,+08:00,14.20627,120.32557,29506
DEMO VESSEL 007,667000007,8500070,Sierra Leone,Cargo,Port visit,2025-10-25 00:52:00,Asia/Manila,+08:00,14.71086,120.60702,18278
DEMO VESSEL 014,548000014,8500147,Philippines,Cargo,Port visit,2025-10-14 07:03:00,Asia/Manila,+08:00,14.63888,120.45592,12124
DEMO VESSEL 015,548000015,8500159,Philippines,Cargo,Loitering,2025-10-24 14:04:00,Asia/Manila,+08:00,14.78805,120.66065,20094
DEMO VESSEL 012,548000012,8500123,Philippines,Dredging,Encounter,15/10/2025 19:58,UTC,+00:00,14.67386,120.61073,1797
DEMO VESSEL 038,548000038,8500381,Philippines,Dredging,Fishing event,2025-10-18 11:56:00,Asia/Manila,+08:00,14.66226,120.47886,28762
DEMO VESSEL 007,667000007,8500070,Sierra Leone,Cargo,Fishing event,2025-10-13 15:04:00,Asia/Manila,+08:00,14.5106,120.43675,18431
DEMO VESSEL 023,548000023,8500238,Belize,Cargo,Loitering,07/10/2025 01:24,Asia/Manila,+08:00,14.54133,120.41926,23414
DEMO VESSEL 002,548000002,8500020,Philippines,Cargo,Loitering,21/10/2025 20:34,Asia/Manila,+08:00,14.39923,120.49505,5438
DEMO VESSEL 007,667000007,8500070,Sierra Leone,Cargo,Loitering,2025-10-14 00:41:00,Asia/Manila,+08:00,14.27128,120.87789,20666
DEMO VESSEL 033,548000033,8500331,Philippines,Cargo,Encounter,11/10/2025 01:25,Asia/Manila,+08:00,14.69204,120.83047,21662
DEMO VESSEL 040,548000040,8500408,Philippines,Other,Encounter,2025-10-02 21:33:00,UTC,+00:00,14.87299,120.39677,38654
DEMO VESSEL 029,548000029,8500290,Philippines,Other,Port visit,22/10/2025 16:42,Asia/Manila,+08:00,14.50919,120.42653,37053
DEMO VESSEL 035,548000035,8500355,Philippines,Other,Fishing event,2025-10-27 04:34:00,UTC,+00:00,14.31742,120.87739,9673
DEMO VESSEL 008,548000008,8500082,Belize,Dredging,Encounter,2025-10-24 07:21:00,Asia/Manila,+08:00,14.70254,120.83848,13941
DEMO VESSEL 037,548000037,8500379,Belize,Cargo,Loitering,2025-10-12 08:41:00,Asia/Manila,+08:00,14.23769,120.55751,5321
DEMO VESSEL 017,548000017,8500173,Philippines,Other,Port visit,2025-10-27 03:40:00,Asia/Manila,+08:00,14.26333,120.32085,7456
DEMO VESSEL 010,548000010,8500109,Belize,Other,Encounter,2025-10-20 08:22:00,Asia/Manila,+08:00,14.34554,120.76354,25833
DEMO VESSEL 009,548000009,8500094,Belize,Cargo,Loitering,09/10/2025 13:56,UTC,+00:00,14.89846,120.37936,481
DEMO VESSEL 003,548000003,8500032,Philippines,Cargo,Port visit,2025-10-22 22:33:00,UTC,+00:00,14.59708,120.83897,32035
DEMO VESSEL 027,548000027,8500276,Philippines,Cargo,Loitering,2025-10-21 21:58:00,Asia/Manila,+08:00,14.67195,120.88275,17930
DEMO VESSEL 039,548000039,8500393,Philippines,Dredging,Fishing event,2025-10-25 17:00:00,UTC,+00:00,14.83185,120.67235,29021
DEMO VESSEL 025,548000025,8500252,Philippines,Dredging,Port visit,2025-10-01 18:35:00,Asia/Manila,+08:00,14.23418,120.58924,3361
DEMO VESSEL 027,548000027,8500276,Philippines,Cargo,Fishing event,18/10/2025 21:42,Asia/Manila,+08:00,14.31614,120.41393,13353
DEMO VESSEL 031,548000031,8500317,Philippines,Cargo,Port visit,2025-10-27 16:36:00,Asia/Manila,+08:00,14.32714,120.84899,25284
DEMO VESSEL 019,548000019,8500197,Philippines,Cargo,Fishing event,19/10/2025 01:45,Asia/Manila,+08:00,14.4254,120.44438,16844
AIS TEST SHIP,100900301,,,,Port visit,2025-10-17 21:47:00,Asia/Manila,+08:00,14.85538,120.48199,14892
demo vessel 038,548000038,8500381,Philippines,Dredging,Loitering,2025-10-20 01:56:00,UTC,+00:00,14.44783,120.62437,9842
DEMO VESSEL 037,548000037,8500379,Belize,Cargo,Port visit,2025-10-26 12:19:00,Asia/Manila,+08:00,14.51402,120.4151,18966
DEMO VESSEL 012,548000012,8500123,Philippines,Dredging,Port visit,08/10/2025 05:02,UTC,+00:00,14.75613,120.72378,18188
DEMO VESSEL 015,548000015,8500159,Philippines,Cargo,Loitering,2025-10-21 08:56:00,Asia/Manila,+08:00,14.79884,120.84714,30048
DEMO VESSEL 038 ,548000038,8500381,Philippines,Dredging,Port visit,2025-10-27 08:14:00,Asia/Manila,+08:00,14.80249,120.75722,13898
DEMO VESSEL 037,548000037,8500379,Belize,Cargo,Encounter,2025-10-15 11:18:00,UTC,+00:00,14.68946,120.60395,29629
DEMO VESSEL 010,548000010,8500109,Belize,Other,Port visit,09/10/2025 23:02,UTC,+00:00,14.45338,120.47278,25447
DEMO VESSEL 010,548000010,8500109,Belize,Other,Loitering,12/10/2025 06:28,UTC,+00:00,14.81472,120.82153,25812
DEMO VESSEL 030,548000030,8500305,Philippines,Cargo,Port visit,2025-10-15 13:17:00,UTC,+00:00,14.7417,120.50577,310
DEMO VESSEL 025,548000025,8500252,Philippines,Dredging,Fishing event,24/10/2025 08:55,Asia/Manila,+08:00,14.88571,120.76451,30636
DEMO VESSEL 004,548000004,,Philippines,Dredging,Fishing event,2025-10-16 23:11:00,Asia/Manila,+08:00,14.31404,120.40664,9705
DEMO VESSEL 007,548000007,8500070,Philippines,Cargo,Port visit,20/10/2025 06:04,Asia/Manila,+08:00,14.58679,120.41349,5847
DEMO VESSEL 030,548000030,8500305,Philippines,Cargo,Port visit,2025-10-26 03:01:00,Asia/Manila,+08:00,14.58136,120.72947,27799
DEMO VESSEL 015,548000015,8500159,Philippines,Cargo,Loitering,2025-10-18 23:50:00,UTC,+00:00,14.76108,120.48944,2547
DEMO VESSEL 005,548000005,1234568,Sierra Leone,Dredging,Port visit,2025-10-07 07:53:00,Asia/Manila,+08:00,14.87435,120.46573,13789
DEMO VESSEL 006,548000006,64,Philippines,Dredging,Encounter,2025-10-07 13:30:00,Asia/Manila,+08:00,14.49838,120.81094,10109
DEMO VESSEL 002,548000002,8500020,Philippines,Cargo,Fishing event,06/10/2025 17:22,Asia/Manila,+08:00,14.39273,120.79881,35108
DEMO VESSEL 003,548000003,8500032,Philippines,Cargo,Encounter,06/10/2025 06:48,UTC,+00:00,14.73989,120.75095,4081
DEMO VESSEL 035,548000035,8500355,Philippines,Other,Fishing event,2025-10-27 18:36:00,Asia/Manila,+08:00,14.73884,120.5409,27124
DEMO VESSEL 031,548000031,8500317,Philippines,Cargo,Encounter,2025-10-04 19:22:00,Asia/Manila,+08:00,14.79329,120.48493,32543
DEMO VESSEL 009,548000009,8500094,Belize,Cargo,Encounter,2025-10-15 17:03:00,Asia/Manila,+08:00,14.88147,120.78258,17562
DEMO VESSEL 033,548000033,8500331,Philippines,Cargo,Loitering,15/10/2025 19:29,Asia/Manila,+08:00,14.43769,120.59134,25341
DEMO VESSEL 006,548000006,64,Philippines,Dredging,Port visit,02/10/2025 21:04,Asia/Manila,+08:00,14.70321,120.42162,15689
DEMO VESSEL 013,548000013,8500135,Philippines,Other,Fishing event,2025-10-16 08:07:00,Asia/Manila,+08:00,14.74779,120.72523,3797
DEMO VESSEL 007,548000007,8500070,Philippines,Cargo,Port visit,12/10/2025 14:10,Asia/Manila,+08:00,14.82288,120.49716,34268
DEMO VESSEL 005,548000005,1234568,Sierra Leone,Dredging,Loitering,14/10/2025 06:17,Asia/Manila,+08:00,14.86423,120.4779,30971
DEMO VESSEL 040,548000040,8500408,Philippines,Other,Port visit,05/10/2025 19:33,Asia/Manila,+08:00,14.28234,120.38451,14212
DEMO VESSEL 026,548000026,8500264,Philippines,Cargo,Fishing event,2025-10-19 02:04:00,UTC,+00:00,14.55311,120.60639,21457
DEMO VESSEL 020,548000020,8500202,Philippines,Other,Encounter,2025-10-13 18:36:00,Asia/Manila,+08:00,14.86549,120.89915,37128
AIS TEST SHIP,100900301,,,,Encounter,2025-10-02 01:14:00,Asia/Manila,+08:00,14.63682,120.79543,28880
DEMO VESSEL 039,548000039,8500393,Philippines,Dredging,Port visit,16/10/2025 17:40,UTC,+00:00,14.64649,120.87275,26556
DEMO VESSEL 034,548000034,8500343,Belize,Cargo,Loitering,2025-10-17 07:35:00,UTC,+00:00,14.5858,120.80888,13146
DEMO VESSEL 001,548000001,8500018,Philippines,Dredging,Loitering,2025-10-14 19:40:00,Asia/Manila,+08:00,14.63901,120.4738,19792
DEMO VESSEL 026,548000026,8500264,Philippines,Cargo,Port visit,13/10/2025 16:58,Asia/Manila,+08:00,14.80983,120.83181,38098
DEMO VESSEL 004,548000004,,Philippines,Dredging,Fishing event,07/10/2025 10:32,Asia/Manila,+08:00,14.46519,120.64961,5366
DEMO VESSEL 013,548000013,8500135,Philippines,Other,Fishing event,07/10/2025 12:41,Asia/Manila,+08:00,14.63859,120.76624,31633
DEMO VESSEL 016,548000016,8500161,Philippines,Dredging,Encounter,2025-10-23 19:18:00,Asia/Manila,+08:00,14.88427,120.69751,15125
DEMO VESSEL 011,548000011,8500111,Philippines,Other,Port visit,10/10/2025 02:08,Asia/Manila,+08:00,14.68905,120.30289,36690
DEMO VESSEL 013,548000013,8500135,Philippines,Other,Port visit,2025-10-26 04:15:00,Asia/Manila,+08:00,14.59213,120.38242,15399
DEMO VESSEL 004,548000004,,Philippines,Dredging,Port visit,2025-10-16 01:22:00,Asia/Manila,+08:00,14.42999,120.51234,26649
DEMO VESSEL 009,548000009,8500094,Belize,Cargo,Loitering,2025-10-16 11:28:00,Asia/Manila,+08:00,14.69231,120.38838,36971
DEMO VESSEL 005,548000005,1234568,Sierra Leone,Dredging,Fishing event,2025-10-19 11:43:00,UTC,+00:00,14.50701,120.6052,15521
DEMO VESSEL 019,548000019,8500197,Philippines,Cargo,Port visit,02/10/2025 06:23,Asia/Manila,+08:00,14.40346,120.85959,13662
DEMO VESSEL 029,548000029,8500290,Philippines,Other,Encounter,2025-10-17 19:17:00,UTC,+00:00,14.62974,120.80226,25918
DEMO VESSEL 037,548000037,8500379,Belize,Cargo,Loitering,07/10/2025 21:51,Asia/Manila,+08:00,14.53633,120.73873,39935
DEMO VESSEL 038,548000038,8500381,Philippines,Dredging,Fishing event,10/10/2025 07:16,Asia/Manila,+08:00,14.5461,120.83544,29615
DEMO VESSEL 035,548000035,8500355,Philippines,Other,Loitering,2025-10-01 17:31:00,Asia/Manila,+08:00,14.86291,120.41255,23714
DEMO VESSEL 025,548000025,8500252,Philippines,Dredging,Fishing event,2025-10-19 14:38:00,Asia/Manila,+08:00,14.36909,120.69874,7379
DEMO VESSEL 023,548000023,8500238,Belize,Cargo,Encounter,2025-10-10 06:02:00,UTC,+00:00,14.52023,120.76293,7956
DEMO VESSEL 011,548000011,8500111,Philippines,Other,Port visit,2025-10-05 03:56:00,Asia/Manila,+08:00,14.4373,120.53592,24613
DEMOVESSEL029,548000029,8500290,Philippines,Other,Fishing event,2025-10-12 23:02:00,Asia/Manila,+08:00,14.36221,120.81101,27289
DEMOVESSEL009,548000009,8500094,Belize,Cargo,Port visit,21/10/2025 12:02,Asia/Manila,+08:00,14.7591,120.70334,39662
DEMO VESSEL 010,548000010,8500109,Belize,Other,Encounter,2025-10-26 22:05:00,Asia/Manila,+08:00,14.59809,120.38349,32561
DEMO VESSEL 015,548000015,8500159,Philippines,Cargo,Loitering,2025-10-08 19:08:00,Asia/Manila,+08:00,14.45206,120.75851,30196
DEMO VESSEL 037,548000037,8500379,Belize,Cargo,Fishing event,15/10/2025 13:25,Asia/Manila,+08:00,14.77372,120.81133,27058
DEMO VESSEL 037,548000037,8500379,Belize,Cargo,Loitering,13/10/2025 07:04,Asia/Manila,+08:00,14.47579,120.85814,4939
DEMO VESSEL 037,548000037,8500379,Belize,Cargo,Encounter,11/10/2025 22:26,Asia/Manila,+08:00,14.37246,120.61259,11759
DEMO VESSEL 016,548000016,8500161,Philippines,Dredging,Encounter,2025-10-22 20:36:00,Asia/Manila,+08:00,14.25152,120.83759,27370
DEMO VESSEL 039,548000039,8500393,Philippines,Dredging,Encounter,05/10/2025 22:53,Asia/Manila,+08:00,14.36589,120.81084,31697
DEMO VESSEL 036,548000036,8500367,Sierra Leone,Cargo,Encounter,02/10/2025 17:34,Asia/Manila,+08:00,14.2183,120.62649,37682
DEMO VESSEL 038,548000038,8500381,Philippines,Dredging,Encounter,2025-10-09 06:49:00,UTC,+00:00,14.81577,120.38148,28201
DEMO VESSEL 009,548000009,8500094,Belize,Cargo,Encounter,2025-10-02 18:07:00,Asia/Manila,+08:00,14.71855,120.68346,22514
DEMO VESSEL 003,548000003,8500032,Philippines,Cargo,Fishing event,2025-10-15 21:09:00,Asia/Manila,+08:00,14.60484,120.69756,25488
DEMO VESSEL 009,548000009,8500094,Belize,Cargo,Loitering,2025-10-04 06:58:00,UTC,+00:00,14.42675,120.58833,7902
DEMO VESSEL 014,548000014,8500147,Philippines,Cargo,Encounter,2025-10-20 01:23:00,Asia/Manila,+08:00,14.22902,120.48888,31404
DEMO VESSEL 033,548000033,8500331,Philippines,Cargo,Port visit,2025-10-21 07:17:00,UTC,+00:00,14.83442,120.37874,1460
DEMO VESSEL 002,548000002,8500020,Philippines,Cargo,Loitering,13/10/2025 11:39,Asia/Manila,+08:00,14.81597,120.73637,7701
DEMO VESSEL 007,548000007,8500070,Philippines,Cargo,Encounter,2025-10-09 12:48:00,Asia/Manila,+08:00,14.7633,120.3538,4521
DEMO VESSEL 004,548000004,,Philippines,Dredging,Loitering,2025-10-18 18:56:00,Asia/Manila,+08:00,14.79158,120.37556,3861
DEMO VESSEL 032,548000032,8500329,Philippines,Cargo,Loitering,22/10/2025 08:04,Asia/Manila,+08:00,14.28639,120.83633,13211
DEMOVESSEL014,548000014,8500147,Philippines,Cargo,Fishing event,2025-10-13 15:16:00,Asia/Manila,+08:00,14.77395,120.69886,4156
DEMO VESSEL 004,548000004,,Philippines,Dredging,Fishing event,2025-10-21 15:06:00,Asia/Manila,+08:00,14.80932,120.62828,32996
DEMO VESSEL 038,548000038,8500381,Philippines,Dredging,Encounter,2025-10-06 02:33:00,Asia/Manila,+08:00,14.79226,120.5815,29485
DEMO VESSEL 033,548000033,8500331,Philippines,Cargo,Port visit,2025-10-15 20:10:00,Asia/Manila,+08:00,14.47603,120.56616,9106
DEMO VESSEL 021,548000021,8500214,Belize,Dredging,Fishing event,02/10/2025 04:43,UTC,+00:00,14.59454,120.46274,39286
DEMO VESSEL 029,548000029,8500290,Philippines,Other,Fishing event,26/10/2025 07:26,Asia/Manila,+08:00,14.64888,120.59088,27789
DEMO VESSEL 036,548000036,8500367,Sierra Leone,Cargo,Port visit,19/10/2025 20:34,Asia/Manila,+08:00,14.47106,120.74609,24408
DEMO VESSEL 026,548000026,8500264,Philippines,Cargo,Fishing event,2025-10-07 17:50:00,Asia/Manila,+08:00,14.55783,120.31759,29085
DEMO VESSEL 002,548000002,8500020,Philippines,Cargo,Fishing event,04/10/2025 05:30,Asia/Manila,+08:00,14.572,120.75143,28578
DEMO VESSEL 003,548000003,8500032,Philippines,Cargo,Encounter,2025-10-02 20:45:00,Asia/Manila,+08:00,14.82005,120.72047,22854
DEMO VESSEL 038,548000038,8500381,Philippines,Dredging,Fishing event,2025-10-06 18:00:00,Asia/Manila,+08:00,14.37519,120.79319,7034
DEMO VESSEL 034,548000034,8500343,Belize,Cargo,Fishing event,2025-10-14 20:38:00,Asia/Manila,+08:00,14.8866,120.6134,7059
DEMOVESSEL037,548000037,8500379,Belize,Cargo,Port visit,2025-10-26 10:38:00,Asia/Manila,+08:00,14.61201,120.63263,36737
DEMO VESSEL 029,548000029,8500290,Philippines,Other,Fishing event,26/10/2025 08:01,Asia/Manila,+08:00,14.52523,120.3886,9400
DEMOVESSEL018,548000018,8500185,Philippines,Cargo,Fishing event,12/10/2025 06:24,Asia/Manila,+08:00,14.20243,120.41353,25997
DEMO VESSEL 003,548000003,8500032,Philippines,Cargo,Port visit,2025-10-18 04:09:00,UTC,+00:00,14.44003,120.5213,4056
DEMO VESSEL 007,548000007,8500070,Philippines,Cargo,Fishing event,02/10/2025 17:59,Asia/Manila,+08:00,14.42719,120.3255,39627
DEMO VESSEL 023 ,548000023,8500238,Belize,Cargo,Fishing event,2025-10-01 07:01:00,Asia/Manila,+08:00,14.75367,120.77774,19938
DEMO VESSEL 038,548000038,8500381,Philippines,Dredging,Encounter,15/10/2025 20:04,UTC,+00:00,14.66755,120.81726,33961
DEMO VESSEL 014,548000014,8500147,Philippines,Cargo,Encounter,2025-10-09 09:36:00,Asia/Manila,+08:00,14.40217,120.75919,12072
DEMO VESSEL 001,548000001,8500018,Philippines,Dredging,Fishing event,2025-10-23 02:19:00,UTC,+00:00,14.42993,120.37668,28048
DEMO VESSEL 017,548000017,8500173,Philippines,Other,Fishing event,2025-10-11 20:42:00,Asia/Manila,+08:00,14.33097,120.65748,18311
DEMO VESSEL 023,548000023,8500238,Belize,Cargo,Fishing event,2025-10-06 07:47:00,Asia/Manila,+08:00,14.86858,120.33912,31678
DEMO VESSEL 030,548000030,8500305,Philippines,Cargo,Fishing event,2025-10-01 16:18:00,Asia/Manila,+08:00,14.35154,120.45959,29834
DEMO VESSEL 010,548000010,8500109,Belize,Other,Fishing event,2025-10-08 02:38:00,UTC,+00:00,14.75307,120.44092,28862
DEMO VESSEL 021,548000021,8500214,Belize,Dredging,Encounter,18/10/2025 01:56,Asia/Manila,+08:00,14.20336,120.54592,15714
DEMO VESSEL 031,548000031,8500317,Philippines,Cargo,Encounter,2025-10-09 16:05:00,Asia/Manila,+08:00,14.71205,120.87267,4076
DEMO VESSEL 029,548000029,8500290,Philippines,Other,Port visit,24/10/2025 14:59,Asia/Manila,+08:00,14.83595,120.76202,18796
DEMO VESSEL 027,548000027,8500276,Philippines,Cargo,Port visit,21/10/2025 01:45,Asia/Manila,+08:00,14.49826,120.72784,37353
DEMO VESSEL 021,548000021,8500214,Belize,Dredging,Port visit,23/10/2025 03:39,Asia/Manila,+08:00,14.47049,120.70285,26115
DEMO VESSEL 028,548000028,8500288,Philippines,Other,Port visit,2025-10-01 07:27:00,Asia/Manila,+08:00,14.49641,120.61162,5023
AIS TEST SHIP,100900301,,,,Loitering,2025-10-08 13:51:00,UTC,+00:00,14.34497,120.84977,17763
DEMO VESSEL 018,548000018,8500185,Philippines,Cargo,Fishing event,20/10/2025 12:28,Asia/Manila,+08:00,14.69458,120.414,29325
DEMO VESSEL 001,548000001,8500018,Philippines,Dredging,Fishing event,2025-10-14 05:42:00,Asia/Manila,+08:00,14.45242,120.87204,25888
DEMO VESSEL 021,548000021,8500214,Belize,Dredging,Loitering,05/10/2025 16:40,UTC,+00:00,14.26611,120.71163,36047
DEMO VESSEL 035,548000035,8500355,Philippines,Other,Port visit,23/10/2025 19:43,Asia/Manila,+08:00,14.71031,120.75163,11918
DEMO VESSEL 015,548000015,8500159,Philippines,Cargo,Fishing event,2025-10-06 05:00:00,Asia/Manila,+08:00,14.67003,120.62932,33658
DEMO VESSEL 037,548000037,8500379,Belize,Cargo,Loitering,2025-10-22 06:28:00,Asia/Manila,+08:00,14.40626,120.80394,38733
DEMO VESSEL 001,548000001,8500018,Philippines,Dredging,Fishing event,2025-10-02 21:05:00,Asia/Manila,+08:00,14.49681,120.66425,22921
DEMO VESSEL 015,548000015,8500159,Philippines,Cargo,Loitering,10/10/2025 07:03,Asia/Manila,+08:00,14.6816,120.40126,16723
DEMO VESSEL 029,548000029,8500290,Philippines,Other,Loitering,2025-10-18 22:02:00,UTC,+00:00,14.35925,120.6767,9889
DEMO VESSEL 016,548000016,8500161,Philippines,Dredging,Fishing event,15/10/2025 17:51,UTC,+00:00,14.77565,120.84361,35415
DEMO VESSEL 007,548000007,8500070,Philippines,Cargo,Port visit,2025-10-11 10:48:00,UTC,+00:00,14.37105,120.70103,19741
DEMO VESSEL 003,548000003,8500032,Philippines,Cargo,Port visit,2025-10-11 13:12:00,Asia/Manila,+08:00,14.27709,120.43667,24910
demo vessel 019,548000019,8500197,Philippines,Cargo,Port visit,2025-10-21 12:12:00,Asia/Manila,+08:00,14.73646,120.80836,12170
DEMO VESSEL 002,548000002,8500020,Philippines,Cargo,Fishing event,2025-10-12 17:17:00,Asia/Manila,+08:00,14.69284,120.4736,9185
DEMO VESSEL 024,548000024,8500240,Philippines,Cargo,Encounter,24/10/2025 11:36,Asia/Manila,+08:00,14.24908,120.7167,14502
demo vessel 039,548000039,8500393,Philippines,Dredging,Encounter,2025-10-17 20:47:00,Asia/Manila,+08:00,14.33514,120.32662,11358
demo vessel 004,548000004,,Philippines,Dredging,Encounter,2025-10-27 02:52:00,UTC,+00:00,14.65689,120.54306,28101
DEMO VESSEL 024,548000024,8500240,Philippines,Cargo,Loitering,2025-10-25 01:02:00,Asia/Manila,+08:00,14.57724,120.75936,23756
DEMO VESSEL 040,548000040,8500408,Philippines,Other,Loitering,2025-10-11 20:13:00,Asia/Manila,+08:00,14.32874,120.30317,29986
DEMO VESSEL 008,548000008,8500082,Belize,Dredging,Fishing event,2025-10-14 06:11:00,Asia/Manila,+08:00,14.8943,120.80519,17668
DEMO VESSEL 002,548000002,8500020,Philippines,Cargo,Port visit,2025-10-02 23:24:00,UTC,+00:00,14.5647,120.72696,32698
DEMO VESSEL 017,548000017,8500173,Philippines,Other,Loitering,2025-10-04 08:17:00,Asia/Manila,+08:00,14.86589,120.3463,24970
DEMO VESSEL 012,548000012,8500123,Philippines,Dredging,Loitering,2025-10-18 03:42:00,Asia/Manila,+08:00,14.29696,120.83116,6582
DEMO VESSEL 040,548000040,8500408,Philippines,Other,Fishing event,2025-10-21 08:24:00,Asia/Manila,+08:00,14.35072,120.3891,37163
DEMO VESSEL 038,548000038,8500381,Philippines,Dredging,Port visit,2025-10-10 20:32:00,UTC,+00:00,14.4368,120.88057,26333
DEMO VESSEL 007,548000007,8500070,Philippines,Cargo,Port visit,13/10/2025 02:48,Asia/Manila,+08:00,14.55763,120.59981,39615
DEMO VESSEL 033,548000033,8500331,Philippines,Cargo,Port visit,2025-10-26 05:25:00,Asia/Manila,+08:00,14.62138,120.73049,6126
DEMO VESSEL 017,548000017,8500173,Philippines,Other,Fishing event,2025-10-22 05:48:00,Asia/Manila,+08:00,14.47787,120.68234,5225
DEMO VESSEL 013,548000013,8500135,Philippines,Other,Port visit,2025-10-19 06:37:00,Asia/Manila,+08:00,14.31789,120.49287,2300
DEMO VESSEL 003,548000003,8500032,Philippines,Cargo,Encounter,2025-10-24 19:59:00,UTC,+00:00,14.24249,120.31141,27637
DEMOVESSEL014,548000014,8500147,Philippines,Cargo,Port visit,2025-10-17 09:51:00,Asia/Manila,+08:00,14.40858,120.30504,31021
DEMO VESSEL 006,548000006,64,Philippines,Dredging,Encounter,2025-10-04 15:40:00,UTC,+00:00,14.59296,120.84145,19331
DEMO VESSEL 012,548000012,8500123,Philippines,Dredging,Encounter,20/10/2025 08:39,Asia/Manila,+08:00,14.40232,120.42064,27481
DEMO VESSEL 017,548000017,8500173,Philippines,Other,Loitering,2025-10-18 11:23:00,Asia/Manila,+08:00,14.85457,120.58233,16173
DEMO VESSEL 007,548000007,8500070,Philippines,Cargo,Fishing event,08/10/2025 17:49,Asia/Manila,+08:00,14.59404,120.71996,20946
DEMO VESSEL 007,548000007,8500070,Philippines,Cargo,Port visit,2025-10-14 18:54:00,Asia/Manila,+08:00,14.40924,120.69644,25910
DEMO VESSEL 028,548000028,8500288,Philippines,Other,Port visit,18/10/2025 02:07,UTC,+00:00,14.50277,120.7576,17982
DEMO VESSEL 022,548000022,8500226,Sierra Leone,Dredging,Encounter,23/10/2025 14:43,Asia/Manila,+08:00,14.29146,120.6175,27374
DEMO VESSEL 001,548000001,8500018,Philippines,Dredging,Fishing event,2025-10-07 22:21:00,Asia/Manila,+08:00,14.79704,120.60325,6348
DEMO VESSEL 034,548000034,8500343,Belize,Cargo,Encounter,02/10/2025 17:29,Asia/Manila,+08:00,14.26279,120.66865,33879
DEMO VESSEL 007,548000007,8500070,Philippines,Cargo,Fishing event,2025-10-13 21:50:00,Asia/Manila,+08:00,14.53856,120.84008,35842
DEMO VESSEL 036,548000036,8500367,Sierra Leone,Cargo,Fishing event,2025-10-03 04:03:00,Asia/Manila,+08:00,14.58368,120.5428,22372
DEMO VESSEL 011,548000011,8500111,Philippines,Other,Encounter,14/10/2025 10:38,UTC,+00:00,14.37808,120.75605,11163
DEMO VESSEL 039 ,548000039,8500393,Philippines,Dredging,Loitering,2025-10-15 21:16:00,Asia/Manila,+08:00,14.28251,120.474,19783
DEMOVESSEL030,548000030,8500305,Philippines,Cargo,Loitering,2025-10-14 22:52:00,UTC,+00:00,14.33836,120.42425,26160
DEMO VESSEL 008,548000008,8500082,Belize,Dredging,Fishing event,2025-09-19 01:17:00,UTC,+00:00,14.561,120.74037,39334
DEMO VESSEL 024,548000024,8500240,Philippines,Cargo,Fishing event,2025-10-03 07:01:00,Asia/Manila,+08:00,14.30852,120.35153,17683
DEMO VESSEL 003,548000003,8500032,Philippines,Cargo,Loitering,2025-10-27 06:11:00,Asia/Manila,+08:00,14.32791,120.7555,29183
DEMO VESSEL 017,548000017,8500173,Philippines,Other,Fishing event,2025-10-23 18:27:00,UTC,+00:00,14.23513,120.72252,33978
DEMO VESSEL 039,548000039,8500393,Philippines,Dredging,Port visit,2025-10-05 00:25:00,Asia/Manila,+08:00,14.53379,120.53628,39467
DEMO VESSEL 006,548000006,64,Philippines,Dredging,Fishing event,11/10/2025 15:49,Asia/Manila,+08:00,14.35694,120.4165,7718
DEMO VESSEL 007,667000007,8500070,Sierra Leone,Cargo,Port visit,2025-10-06 20:30:00,UTC,+00:00,14.50634,120.30815,9843
DEMO VESSEL 022,548000022,8500226,Sierra Leone,Dredging,Encounter,27/10/2025 01:29,Asia/Manila,+08:00,14.37583,120.60981,34671
DEMO VESSEL 027,548000027,8500276,Philippines,Cargo,Encounter,26/10/2025 12:05,Asia/Manila,+08:00,14.40773,120.33628,14756
DEMO VESSEL 003,548000003,8500032,Philippines,Cargo,Loitering,21/10/2025 03:58,UTC,+00:00,14.2723,120.34375,1529
DEMO VESSEL 036,548000036,8500367,Sierra Leone,Cargo,Encounter,2025-10-10 13:29:00,Asia/Manila,+08:00,14.85132,120.36382,14226
DEMO VESSEL 010 ,548000010,8500109,Belize,Other,Fishing event,2025-10-23 09:41:00,UTC,+00:00,14.32893,120.32565,3600
DEMO VESSEL 007,667000007,8500070,Sierra Leone,Cargo,Port visit,2025-10-16 18:44:00,Asia/Manila,+08:00,14.27227,120.63144,30705
DEMO VESSEL 008,548000008,8500082,Belize,Dredging,Encounter,07/10/2025 05:17,Asia/Manila,+08:00,14.36814,120.6305,6774
DEMO VESSEL 029,548000029,8500290,Philippines,Other,Encounter,2025-10-21 19:45:00,Asia/Manila,+08:00,14.63769,120.53689,38093
DEMO VESSEL 013,548000013,8500135,Philippines,Other,Port visit,2025-10-27 17:57:00,Asia/Manila,+08:00,14.73975,120.45813,6584
DEMO VESSEL 027,548000027,8500276,Philippines,Cargo,Port visit,11/10/2025 09:15,Asia/Manila,+08:00,14.39381,120.80502,35410
DEMO VESSEL 028,548000028,8500288,Philippines,Other,Encounter,2025-10-01 02:02:00,Asia/Manila,+08:00,14.87199,120.46293,19074
DEMO VESSEL 012,548000012,8500123,Philippines,Dredging,Encounter,2025-10-22 00:38:00,Asia/Manila,+08:00,14.84292,120.47558,36949
demo vessel 017,548000017,8500173,Philippines,Other,Port visit,2025-10-25 20:52:00,UTC,+00:00,14.38853,120.49428,15353
DEMO VESSEL 028,548000028,8500288,Philippines,Other,Encounter,01/10/2025 16:41,Asia/Manila,+08:00,14.52243,120.33454,19750
DEMO VESSEL 016,548000016,8500161,Philippines,Dredging,Fishing event,2025-10-24 17:55:00,Asia/Manila,+08:00,14.66982,120.3991,35172
DEMO VESSEL 013,548000013,8500135,Philippines,Other,Loitering,2025-10-16 03:42:00,Asia/Manila,+08:00,14.67742,120.67084,766
DEMO VESSEL 026,548000026,8500264,Philippines,Cargo,Encounter,2025-10-06 19:14:00,UTC,+00:00,14.57352,120.79824,39233
DEMO VESSEL 022,548000022,8500226,Sierra Leone,Dredging,Loitering,22/10/2025 20:39,UTC,+00:00,14.74059,120.39918,13449
DEMO VESSEL 011,548000011,8500111,Philippines,Other,Port visit,2025-10-11 11:04:00,Asia/Manila,+08:00,14.51601,120.70931,25958
DEMO VESSEL 033,548000033,8500331,Philippines,Cargo,Fishing event,2025-10-23 03:08:00,Asia/Manila,+08:00,14.64097,120.72922,29696
DEMO VESSEL 032,548000032,8500329,Philippines,Cargo,Fishing event,2025-10-16 16:54:00,Asia/Manila,+08:00,14.73819,120.36391,6747
DEMO VESSEL 013,548000013,8500135,Philippines,Other,Loitering,27/10/2025 07:36,Asia/Manila,+08:00,14.48131,120.79128,32514
DEMO VESSEL 020,548000020,8500202,Philippines,Other,Fishing event,2025-10-17 02:04:00,Asia/Manila,+08:00,14.2033,120.46301,19277
DEMO VESSEL 029,548000029,8500290,Philippines,Other,Fishing event,2025-10-21 23:32:00,Asia/Manila,+08:00,14.22147,120.74522,36896
AIS TEST SHIP ,100900301,,,,Encounter,26/10/2025 09:56,UTC,+00:00,14.66264,120.70147,12244
DEMO VESSEL 021,548000021,8500214,Belize,Dredging,Port visit,04/10/2025 16:48,Asia/Manila,+08:00,14.49398,120.46003,27075
DEMO VESSEL 022,548000022,8500226,Sierra Leone,Dredging,Fishing event,2025-10-13 11:17:00,UTC,+00:00,14.75412,120.67413,17325
DEMO VESSEL 007,667000007,8500070,Sierra Leone,Cargo,Encounter,16/10/2025 08:26,Asia/Manila,+08:00,14.60137,120.48783,8525
DEMO VESSEL 017,548000017,8500173,Philippines,Other,Encounter,26/10/2025 17:46,Asia/Manila,+08:00,14.65871,120.57366,30771
AIS TEST SHIP,100900301,,,,Port visit,2025-10-19 03:55:00,Asia/Manila,+08:00,14.23382,120.76163,21206
DEMO VESSEL 030,548000030,8500305,Philippines,Cargo,Encounter,2025-10-04 21:28:00,Asia/Manila,+08:00,14.56434,120.63415,22900
DEMO VESSEL 005 ,548000005,1234568,Sierra Leone,Dredging,Fishing event,2025-10-01 20:44:00,UTC,+00:00,14.73699,120.37733,7854
DEMO VESSEL 007,667000007,8500070,Sierra Leone,Cargo,Fishing event,2025-10-19 16:42:00,Asia/Manila,+08:00,14.35477,120.52021,15538
DEMO VESSEL 006,548000006,64,Philippines,Dredging,Loitering,2025-10-27 08:13:00,Asia/Manila,+08:00,14.3515,120.40855,21753
DEMO VESSEL 022,548000022,8500226,Sierra Leone,Dredging,Loitering,2025-10-16 21:05:00,UTC,+00:00,14.69945,120.5057,17872
DEMO VESSEL 008 ,548000008,8500082,Belize,Dredging,Fishing event,2025-10-24 23:34:00,Asia/Manila,+08:00,14.78216,120.7732,29419
DEMO VESSEL 022,548000022,8500226,Sierra Leone,Dredging,Loitering,2025-10-19 20:03:00,Asia/Manila,+08:00,14.37589,120.77983,9322
DEMO VESSEL 033,548000033,8500331,Philippines,Cargo,Loitering,18/10/2025 22:45,Asia/Manila,+08:00,14.75969,120.83939,816
DEMO VESSEL 007,667000007,8500070,Sierra Leone,Cargo,Fishing event,2025-10-15 00:24:00,Asia/Manila,+08:00,14.81095,120.82824,10388
AIS TEST SHIP,100900301,,,,Fishing event,2025-10-14 21:42:00,UTC,+00:00,14.23434,120.38646,33551
DEMO VESSEL 038,548000038,8500381,Philippines,Dredging,Fishing event,2025-10-20 15:34:00,Asia/Manila,+08:00,14.75609,120.49033,20929
DEMO VESSEL 001,548000001,8500018,Philippines,Dredging,Port visit,2025-10-17 03:24:00,Asia/Manila,+08:00,14.69615,120.30101,24169
DEMO VESSEL 030,548000030,8500305,Philippines,Cargo,Loitering,2025-10-17 01:50:00,Asia/Manila,+08:00,14.67284,120.73195,28776
DEMO VESSEL 008,548000008,8500082,Belize,Dredging,Port visit,2025-10-03 04:23:00,Asia/Manila,+08:00,14.53922,120.84682,3609
DEMO VESSEL 002,548000002,8500020,Philippines,Cargo,Loitering,2025-10-21 09:56:00,Asia/Manila,+08:00,14.51935,120.50451,22056
DEMO VESSEL 015,548000015,8500159,Philippines,Cargo,Fishing event,05/10/2025 22:04,Asia/Manila,+08:00,14.43472,120.56294,6026
DEMO VESSEL 011,548000011,8500111,Philippines,Other,Fishing event,2025-10-07 08:19:00,Asia/Manila,+08:00,14.61939,120.83643,36425
DEMO VESSEL 003,548000003,8500032,Philippines,Cargo,Loitering,15/10/2025 10:35,Asia/Manila,+08:00,14.32332,120.87353,21757
DEMO VESSEL 030,548000030,8500305,Philippines,Cargo,Loitering,21/10/2025 01:04,UTC,+00:00,14.48036,120.83218,29203
demo vessel 017,548000017,8500173,Philippines,Other,Fishing event,21/10/2025 15:31,Asia/Manila,+08:00,14.32365,120.89908,24253
DEMO VESSEL 003,548000003,8500032,Philippines,Cargo,Encounter,2025-10-22 19:26:00,UTC,+00:00,14.47678,120.6246,6101
DEMO VESSEL 002,548000002,8500020,Philippines,Cargo,Port visit,2025-10-08 10:46:00,Asia/Manila,+08:00,14.57727,120.53249,18855
AIS TEST SHIP,100900301,,,,Encounter,2025-10-18 10:24:00,Asia/Manila,+08:00,14.71234,120.52548,3935
DEMO VESSEL 035,548000035,8500355,Philippines,Other,Loitering,2025-10-05 03:49:00,Asia/Manila,+08:00,14.30168,120.61002,5558
DEMO VESSEL 032,548000032,8500329,Philippines,Cargo,Port visit,2025-10-11 06:00:00,Asia/Manila,+08:00,14.43563,120.50912,7220
DEMO VESSEL 019,548000019,8500197,Philippines,Cargo,Port visit,2025-10-20 11:11:00,Asia/Manila,+08:00,14.71951,120.73863,17016
DEMO VESSEL 030,548000030,8500305,Philippines,Cargo,Loitering,2025-10-02 13:10:00,Asia/Manila,+08:00,14.21823,120.40403,22407
DEMO VESSEL 025,548000025,8500252,Philippines,Dredging,Fishing event,2025-10-23 17:27:00,Asia/Manila,+08:00,14.4995,120.53095,36569
DEMO VESSEL 009,548000009,8500094,Belize,Cargo,Port visit,2025-10-26 04:14:00,Asia/Manila,+08:00,14.74575,120.73617,5729
DEMO VESSEL 018,548000018,8500185,Philippines,Cargo,Loitering,2025-10-21 13:53:00,Asia/Manila,+08:00,14.37458,120.7843,21827
DEMO VESSEL 033,548000033,8500331,Philippines,Cargo,Fishing event,2025-10-03 14:36:00,Asia/Manila,+08:00,14.70151,120.78966,33860
DEMO VESSEL 023,548000023,8500238,Belize,Cargo,Encounter,2025-10-12 08:17:00,Asia/Manila,+08:00,14.34363,120.45331,22012
DEMO VESSEL 005,548000005,1234568,Sierra Leone,Dredging,Fishing event,23/10/2025 05:30,Asia/Manila,+08:00,14.61427,120.81654,11824
DEMO VESSEL 037,548000037,8500379,Belize,Cargo,Loitering,2025-10-13 10:01:00,Asia/Manila,+08:00,14.30532,120.44343,27699
DEMO VESSEL 035,548000035,8500355,Philippines,Other,Loitering,2025-10-02 08:09:00,Asia/Manila,+08:00,14.58431,120.35668,10828
DEMO VESSEL 038,548000038,8500381,Philippines,Dredging,Loitering,2025-10-09 06:55:00,Asia/Manila,+08:00,14.38707,120.86034,37403
DEMO VESSEL 019,548000019,8500197,Philippines,Cargo,Fishing event,2025-10-06 07:04:00,UTC,+00:00,14.64434,120.61262,35953
DEMO VESSEL 007,548000007,8500070,Philippines,Cargo,Port visit,06/10/2025 12:40,UTC,+00:00,14.58214,120.66988,38426
DEMO VESSEL 027,548000027,8500276,Philippines,Cargo,Port visit,2025-10-27 00:46:00,Asia/Manila,+08:00,14.29112,120.35337,33239
DEMO VESSEL 005,548000005,1234568,Sierra Leone,Dredging,Loitering,2025-10-06 01:44:00,Asia/Manila,+08:00,14.81598,120.49462,30684
DEMO VESSEL 003,548000003,8500032,Philippines,Cargo,Loitering,2025-10-11 00:58:00,Asia/Manila,+08:00,14.20143,120.58592,36724
DEMO VESSEL 017,548000017,8500173,Philippines,Other,Encounter,23/10/2025 05:12,Asia/Manila,+08:00,14.68513,120.33348,33064
DEMO VESSEL 008,548000008,8500082,Belize,Dredging,Loitering,25/10/2025 23:40,Asia/Manila,+08:00,14.2972,120.59668,3231
DEMOVESSEL006,548000006,64,Philippines,Dredging,Fishing event,2025-10-14 03:35:00,Asia/Manila,+08:00,14.30317,120.37993,33736
DEMO VESSEL 016,548000016,8500161,Philippines,Dredging,Encounter,23/10/2025 15:32,Asia/Manila,+08:00,14.44006,120.37513,10110
DEMO VESSEL 031,548000031,8500317,Philippines,Cargo,Fishing event,2025-10-25 08:12:00,Asia/Manila,+08:00,14.24362,120.43858,39827
AIS TEST SHIP,100900301,,,,Encounter,12/10/2025 02:30,Asia/Manila,+08:00,14.66694,120.56494,37865
DEMO VESSEL 005,548000005,1234568,Sierra Leone,Dredging,Encounter,08/10/2025 07:31,UTC,+00:00,14.41942,120.82844,5628
DEMO VESSEL 030,548000030,8500305,Philippines,Cargo,Port visit,13/10/2025 10:19,Asia/Manila,+08:00,14.57944,120.78251,1835
DEMO VESSEL 028,548000028,8500288,Philippines,Other,Encounter,2025-10-20 21:12:00,Asia/Manila,+08:00,14.45501,120.39269,22623
demo vessel 033,548000033,8500331,Philippines,Cargo,Encounter,15/10/2025 22:00,Asia/Manila,+08:00,14.76354,120.87002,30267
DEMO VESSEL 027,548000027,8500276,Philippines,Cargo,Encounter,2025-10-17 07:13:00,Asia/Manila,+08:00,14.82121,120.69925,10705
DEMO VESSEL 008,548000008,8500082,Belize,Dredging,Fishing event,2025-10-07 07:12:00,Asia/Manila,+08:00,14.3724,120.85148,23029
DEMO VESSEL 019,548000019,8500197,Philippines,Cargo,Port visit,2025-10-14 19:04:00,Asia/Manila,+08:00,14.79599,120.64134,31151
DEMO VESSEL 004,548000004,,Philippines,Dredging,Encounter,2025-10-13 15:42:00,Asia/Manila,+08:00,14.25346,120.86302,14736
DEMO VESSEL 013,548000013,8500135,Philippines,Other,Encounter,2025-10-03 14:19:00,Asia/Manila,+08:00,14.28788,120.48076,16529
DEMO VESSEL 033,548000033,8500331,Philippines,Cargo,Port visit,2025-10-24 09:37:00,Asia/Manila,+08:00,14.8934,120.61218,24742
DEMO VESSEL 007,548000007,8500070,Philippines,Cargo,Port visit,2025-10-18 10:30:00,Asia/Manila,+08:00,14.5719,120.44037,6539
DEMO VESSEL 001,548000001,8500018,Philippines,Dredging,Port visit,2025-10-04 01:53:00,Asia/Manila,+08:00,14.3049,120.49687,38517
DEMO VESSEL 031,548000031,8500317,Philippines,Cargo,Fishing event,2025-10-11 12:56:00,UTC,+00:00,14.87545,120.54118,32678
DEMO VESSEL 003,548000003,8500032,Philippines,Cargo,Fishing event,2025-10-16 12:47:00,Asia/Manila,+08:00,14.85736,120.86489,25522
DEMO VESSEL 006,548000006,64,Philippines,Dredging,Fishing event,2025-10-11 01:09:00,UTC,+00:00,14.2301,120.79048,15799
DEMO VESSEL 016,548000016,8500161,Philippines,Dredging,Fishing event,2025-10-09 04:47:00,UTC,+00:00,14.64041,120.61802,4546
demo vessel 033,548000033,8500331,Philippines,Cargo,Loitering,2025-10-20 05:30:00,Asia/Manila,+08:00,14.66197,120.77251,37991
DEMO VESSEL 032,548000032,8500329,Philippines,Cargo,Fishing event,2025-10-01 14:12:00,UTC,+00:00,14.41953,120.55133,6405
DEMO VESSEL 017,548000017,8500173,Philippines,Other,Port visit,04/10/2025 17:48,Asia/Manila,+08:00,14.59396,120.81263,39931
DEMO VESSEL 020,548000020,8500202,Philippines,Other,Loitering,2025-09-27 05:15:00,UTC,+00:00,14.58595,120.47583,21863
DEMO VESSEL 024,548000024,8500240,Philippines,Cargo,Encounter,2025-10-25 23:17:00,Asia/Manila,+08:00,14.41123,120.38509,23443
DEMO VESSEL 009,548000009,8500094,Belize,Cargo,Port visit,2025-10-23 06:51:00,Asia/Manila,+08:00,14.24075,120.73343,4623
DEMO VESSEL 007,548000007,8500070,Philippines,Cargo,Fishing event,2025-10-04 16:20:00,Asia/Manila,+08:00,14.24094,120.48558,3090
DEMO VESSEL 012,548000012,8500123,Philippines,Dredging,Port visit,2025-10-02 10:53:00,Asia/Manila,+08:00,14.84564,120.66343,35205
DEMO VESSEL 027,548000027,8500276,Philippines,Cargo,Encounter,2025-10-24 20:43:00,Asia/Manila,+08:00,14.80336,120.85973,15372
DEMO VESSEL 021,548000021,8500214,Belize,Dredging,Fishing event,2025-10-15 14:42:00,Asia/Manila,+08:00,14.83675,120.59427,2871
DEMO VESSEL 006,548000006,64,Philippines,Dredging,Encounter,2025-10-23 17:03:00,Asia/Manila,+08:00,14.85241,120.57186,12491
DEMO VESSEL 022,548000022,8500226,Sierra Leone,Dredging,Loitering,05/10/2025 07:43,Asia/Manila,+08:00,14.2068,120.42864,8191
DEMO VESSEL 017,548000017,8500173,Philippines,Other,Fishing event,2025-10-17 11:08:00,Asia/Manila,+08:00,14.88304,120.47169,20705
DEMO VESSEL 023,548000023,8500238,Belize,Cargo,Fishing event,2025-10-19 19:54:00,Asia/Manila,+08:00,14.78179,120.60301,26976
DEMO VESSEL 017,548000017,8500173,Philippines,Other,Port visit,25/10/2025 08:30,Asia/Manila,+08:00,14.34385,120.68152,33437
DEMO VESSEL 033,548000033,8500331,Philippines,Cargo,Encounter,26/10/2025 13:58,UTC,+00:00,14.25144,120.53966,17664
DEMO VESSEL 002,548000002,8500020,Philippines,Cargo,Loitering,2025-10-09 22:28:00,UTC,+00:00,14.73898,120.75448,38758
DEMO VESSEL 014,548000014,8500147,Philippines,Cargo,Encounter,2025-10-12 23:25:00,UTC,+00:00,14.29915,120.42497,39041
DEMO VESSEL 024,548000024,8500240,Philippines,Cargo,Loitering,2025-10-18 10:05:00,Asia/Manila,+08:00,14.64872,120.34829,35367
DEMO VESSEL 040,548000040,8500408,Philippines,Other,Loitering,2025-10-17 08:05:00,Asia/Manila,+08:00,14.33739,120.64353,22747
DEMO VESSEL 009,548000009,8500094,Belize,Cargo,Loitering,2025-10-21 18:49:00,Asia/Manila,+08:00,14.47153,120.69567,22264
DEMO VESSEL 010,548000010,8500109,Belize,Other,Port visit,2025-10-04 02:51:00,Asia/Manila,+08:00,14.86984,120.77806,21420
DEMO VESSEL 011,548000011,8500111,Philippines,Other,Fishing event,2025-10-22 01:51:00,Asia/Manila,+08:00,14.63076,120.53459,34084
DEMO VESSEL 025,548000025,8500252,Philippines,Dredging,Port visit,18/10/2025 06:40,Asia/Manila,+08:00,14.33333,120.76002,30158
DEMO VESSEL 037,548000037,8500379,Belize,Cargo,Port visit,2025-10-02 00:00:00,Asia/Manila,+08:00,14.72584,120.87746,28689
DEMO VESSEL 037,548000037,8500379,Belize,Cargo,Encounter,2025-10-25 03:07:00,Asia/Manila,+08:00,14.73831,120.44791,10387
DEMO VESSEL 005,548000005,1234568,Sierra Leone,Dredging,Fishing event,14/10/2025 01:32,Asia/Manila,+08:00,14.54441,120.64489,36888
DEMO VESSEL 021,548000021,8500214,Belize,Dredging,Port visit,2025-10-27 16:57:00,Asia/Manila,+08:00,14.62865,120.78559,28559
DEMO VESSEL 036,548000036,8500367,Sierra Leone,Cargo,Encounter,2025-10-20 20:14:00,UTC,+00:00,14.46029,120.43829,34178
DEMO VESSEL 010,548000010,8500109,Belize,Other,Encounter,2025-10-18 09:42:00,Asia/Manila,+08:00,14.48474,120.80365,21634
DEMO VESSEL 040,548000040,8500408,Philippines,Other,Loitering,2025-10-08 02:44:00,UTC,+00:00,14.70102,120.31434,33680
DEMO VESSEL 033,548000033,8500331,Philippines,Cargo,Port visit,2025-10-08 20:47:00,Asia/Manila,+08:00,14.54588,120.42373,37510
DEMO VESSEL 003,548000003,8500032,Philippines,Cargo,Encounter,2025-10-09 21:35:00,UTC,+00:00,14.49898,120.70386,28647
DEMO VESSEL 001,548000001,8500018,Philippines,Dredging,Encounter,09/10/2025 00:05,Asia/Manila,+08:00,14.78517,120.64512,38064
DEMO VESSEL 040,548000040,8500408,Philippines,Other,Port visit,2025-10-09 21:00:00,Asia/Manila,+08:00,14.50413,120.78502,37310
DEMO VESSEL 015,548000015,8500159,Philippines,Cargo,Loitering,22/10/2025 11:08,Asia/Manila,+08:00,14.81106,120.62853,28487
DEMO VESSEL 007,667000007,8500070,Sierra Leone,Cargo,Loitering,2025-10-01 03:45:00,Asia/Manila,+08:00,14.86757,120.53297,2512
DEMO VESSEL 013,548000013,8500135,Philippines,Other,Loitering,2025-10-03 10:57:00,UTC,+00:00,14.66304,120.31606,30563
DEMO VESSEL 001,548000001,8500018,Philippines,Dredging,Port visit,22/10/2025 06:11,UTC,+00:00,14.5607,120.35204,31590
DEMO VESSEL 016,548000016,8500161,Philippines,Dredging,Encounter,2025-10-05 05:20:00,Asia/Manila,+08:00,14.76355,120.8965,1502
DEMO VESSEL 038,548000038,8500381,Philippines,Dredging,Encounter,2025-10-21 07:55:00,Asia/Manila,+08:00,14.51341,120.50667,31804
DEMO VESSEL 015,548000015,8500159,Philippines,Cargo,Loitering,2025-10-16 10:59:00,Asia/Manila,+08:00,14.89827,120.39386,306
DEMO VESSEL 001,548000001,8500018,Philippines,Dredging,Fishing event,2025-10-22 01:11:00,Asia/Manila,+08:00,14.34501,120.38651,19913
DEMO VESSEL 005,548000005,1234568,Sierra Leone,Dredging,Port visit,07/10/2025 23:42,Asia/Manila,+08:00,14.58374,120.75839,26044
DEMO VESSEL 007,548000007,8500070,Philippines,Cargo,Fishing event,2025-10-23 18:25:00,Asia/Manila,+08:00,14.32392,120.38455,29743
DEMO VESSEL 007,548000007,8500070,Philippines,Cargo,Port visit,2025-10-20 06:28:00,Asia/Manila,+08:00,14.68037,120.75339,39343
DEMO VESSEL 030,548000030,8500305,Philippines,Cargo,Port visit,07/10/2025 14:00,UTC,+00:00,14.85195,120.44683,3712
DEMO VESSEL 030,548000030,8500305,Philippines,Cargo,Fishing event,17/10/2025 13:25,Asia/Manila,+08:00,14.56178,120.31812,29887
DEMO VESSEL 012,548000012,8500123,Philippines,Dredging,Loitering,14/10/2025 17:42,Asia/Manila,+08:00,14.81703,120.72234,36185
DEMO VESSEL 011,548000011,8500111,Philippines,Other,Loitering,2025-10-19 01:48:00,Asia/Manila,+08:00,14.57376,120.31126,3613
DEMO VESSEL 012,548000012,8500123,Philippines,Dredging,Port visit,25/10/2025 03:57,UTC,+00:00,14.8747,120.8516,28373
demo vessel 017,548000017,8500173,Philippines,Other,Loitering,2025-10-07 01:59:00,UTC,+00:00,14.80736,120.5874,8279
DEMO VESSEL 040,548000040,8500408,Philippines,Other,Encounter,2025-10-01 10:00:00,UTC,+00:00,14.41699,120.74337,26731
DEMO VESSEL 011,548000011,8500111,Philippines,Other,Encounter,2025-10-11 01:08:00,UTC,+00:00,14.43298,120.30397,14481
DEMO VESSEL 002,548000002,8500020,Philippines,Cargo,Loitering,26/10/2025 17:11,UTC,+00:00,14.45213,120.3215,4734
DEMO VESSEL 025,548000025,8500252,Philippines,Dredging,Port visit,25/10/2025 11:02,Asia/Manila,+08:00,14.40766,120.72463,1446
demo vessel 040,548000040,8500408,Philippines,Other,Encounter,2025-10-05 18:12:00,Asia/Manila,+08:00,14.68653,120.37968,39577
DEMO VESSEL 028,548000028,8500288,Philippines,Other,Loitering,2025-10-23 17:02:00,UTC,+00:00,14.81963,120.4419,33352
DEMO VESSEL 013,548000013,8500135,Philippines,Other,Port visit,2025-10-06 04:08:00,Asia/Manila,+08:00,14.65135,120.60641,37502
DEMO VESSEL 006,548000006,64,Philippines,Dredging,Fishing event,2025-10-12 23:26:00,Asia/Manila,+08:00,14.65073,120.39342,33363
DEMO VESSEL 013,548000013,8500135,Philippines,Other,Port visit,2025-10-02 07:10:00,Asia/Manila,+08:00,14.23893,120.35338,16147
DEMO VESSEL 017,548000017,8500173,Philippines,Other,Loitering,15/10/2025 12:36,Asia/Manila,+08:00,14.36488,120.53319,33474
DEMO VESSEL 027,548000027,8500276,Philippines,Cargo,Port visit,2025-10-25 01:22:00,UTC,+00:00,14.35064,120.3769,22588
DEMO VESSEL 039,548000039,8500393,Philippines,Dredging,Port visit,10/10/2025 13:12,Asia/Manila,+08:00,14.82251,120.89574,19234
DEMOVESSEL017,548000017,8500173,Philippines,Other,Fishing event,2025-10-12 01:30:00,UTC,+00:00,14.81636,120.50536,16021
DEMO VESSEL 033,548000033,8500331,Philippines,Cargo,Encounter,2025-10-05 12:13:00,Asia/Manila,+08:00,14.33443,120.64875,34409
DEMO VESSEL 038,548000038,8500381,Philippines,Dredging,Encounter,07/10/2025 06:30,Asia/Manila,+08:00,14.60767,120.48026,1387
DEMO VESSEL 011,548000011,8500111,Philippines,Other,Encounter,2025-10-01 18:02:00,Asia/Manila,+08:00,14.7897,120.54395,9845
DEMO VESSEL 021,548000021,8500214,Belize,Dredging,Fishing event,2025-10-04 14:39:00,UTC,+00:00,14.21236,120.78267,35709
DEMO VESSEL 013,548000013,8500135,Philippines,Other,Loitering,2025-10-02 06:13:00,Asia/Manila,+08:00,14.33035,120.82257,1203
DEMO VESSEL 011,548000011,8500111,Philippines,Other,Loitering,2025-10-19 07:16:00,Asia/Manila,+08:00,14.75125,120.78864,37393
DEMO VESSEL 018,548000018,8500185,Philippines,Cargo,Port visit,2025-10-16 06:08:00,Asia/Manila,+08:00,14.60837,120.32002,2198
DEMO VESSEL 021,548000021,8500214,Belize,Dredging,Encounter,2025-10-26 02:06:00,UTC,+00:00,14.86418,120.82029,37327
DEMO VESSEL 005,548000005,1234568,Sierra Leone,Dredging,Port visit,2025-10-02 22:48:00,Asia/Manila,+08:00,14.74223,120.34261,13054
DEMO VESSEL 010,548000010,8500109,Belize,Other,Port visit,2025-10-20 02:07:00,Asia/Manila,+08:00,14.217,120.47114,19905
DEMO VESSEL 036,548000036,8500367,Sierra Leone,Cargo,Port visit,2025-10-24 19:38:00,Asia/Manila,+08:00,14.84047,120.81192,27464
DEMO VESSEL 005,548000005,1234568,Sierra Leone,Dredging,Port visit,21/10/2025 00:49,Asia/Manila,+08:00,14.35227,120.52472,20470
DEMO VESSEL 016,548000016,8500161,Philippines,Dredging,Encounter,2025-10-19 08:28:00,Asia/Manila,+08:00,14.78616,120.42184,11976
DEMO VESSEL 023,548000023,8500238,Belize,Cargo,Port visit,14/10/2025 21:57,Asia/Manila,+08:00,14.35455,120.32317,13918
demo vessel 016,548000016,8500161,Philippines,Dredging,Encounter,2025-10-14 13:05:00,Asia/Manila,+08:00,14.48101,120.59834,13457
DEMO VESSEL 021,548000021,8500214,Belize,Dredging,Encounter,2025-10-08 19:58:00,UTC,+00:00,14.59266,120.80688,38684
DEMO VESSEL 036,548000036,8500367,Sierra Leone,Cargo,Fishing event,23/10/2025 12:05,Asia/Manila,+08:00,14.36155,120.60592,37085
DEMO VESSEL 012,548000012,8500123,Philippines,Dredging,Port visit,2025-10-09 12:58:00,UTC,+00:00,14.62322,120.81678,30526
DEMOVESSEL032,548000032,8500329,Philippines,Cargo,Fishing event,02/10/2025 08:38,Asia/Manila,+08:00,14.73363,120.72628,36500
DEMO VESSEL 037,548000037,8500379,Belize,Cargo,Encounter,2025-10-03 16:21:00,Asia/Manila,+08:00,14.46953,120.36699,15284
DEMO VESSEL 007,548000007,8500070,Philippines,Cargo,Loitering,2025-10-21 14:51:00,Asia/Manila,+08:00,14.69768,120.30071,20365
DEMO VESSEL 033,548000033,8500331,Philippines,Cargo,Encounter,2025-10-20 01:25:00,Asia/Manila,+08:00,14.77163,120.67483,17137
DEMO VESSEL 029,548000029,8500290,Philippines,Other,Encounter,2025-10-25 18:26:00,Asia/Manila,+08:00,14.79769,120.63456,23561
DEMO VESSEL 016,548000016,8500161,Philippines,Dredging,Port visit,14/10/2025 06:24,Asia/Manila,+08:00,14.41038,120.46627,33522
DEMO VESSEL 028,548000028,8500288,Philippines,Other,Loitering,2025-10-05 15:30:00,Asia/Manila,+08:00,14.58628,120.43972,17219
DEMO VESSEL 001,548000001,8500018,Philippines,Dredging,Loitering,2025-10-10 02:15:00,Asia/Manila,+08:00,14.49132,120.65768,29824
DEMO VESSEL 008,548000008,8500082,Belize,Dredging,Fishing event,2025-10-24 20:37:00,Asia/Manila,+08:00,14.70595,120.6034,27739
DEMO VESSEL 002,548000002,8500020,Philippines,Cargo,Loitering,2025-10-20 07:38:00,Asia/Manila,+08:00,14.21826,120.34769,24807
DEMO VESSEL 026,548000026,8500264,Philippines,Cargo,Fishing event,2025-10-19 03:18:00,Asia/Manila,+08:00,14.82545,120.36448,20156
DEMO VESSEL 029,548000029,8500290,Philippines,Other,Fishing event,01/10/2025 03:10,UTC,+00:00,14.53698,120.80429,10551
DEMO VESSEL 031,548000031,8500317,Philippines,Cargo,Loitering,2025-10-03 10:31:00,Asia/Manila,+08:00,14.42825,120.75912,11456
DEMO VESSEL 037,548000037,8500379,Belize,Cargo,Port visit,03/10/2025 10:37,Asia/Manila,+08:00,14.6008,120.53546,38807
DEMO VESSEL 009,548000009,8500094,Belize,Cargo,Port visit,2025-10-23 16:27:00,Asia/Manila,+08:00,14.63415,120.489,9666
DEMO VESSEL 003,548000003,8500032,Philippines,Cargo,Fishing event,2025-10-26 10:34:00,Asia/Manila,+08:00,14.66872,120.74362,39108
DEMO VESSEL 018,548000018,8500185,Philippines,Cargo,Port visit,2025-10-01 00:17:00,Asia/Manila,+08:00,14.83892,120.38112,17860
demo vessel 037,548000037,8500379,Belize,Cargo,Loitering,2025-10-01 05:17:00,UTC,+00:00,14.85801,120.74117,5255
DEMO VESSEL 009,548000009,8500094,Belize,Cargo,Encounter,2025-10-02 00:03:00,Asia/Manila,+08:00,14.60724,120.50495,24979
DEMO VESSEL 014,548000014,8500147,Philippines,Cargo,Fishing event,2025-10-08 13:59:00,Asia/Manila,+08:00,14.48513,120.30849,27387
DEMO VESSEL 008 ,548000008,8500082,Belize,Dredging,Encounter,2025-10-07 14:21:00,Asia/Manila,+08:00,14.32657,120.5678,15512
DEMO VESSEL 033,548000033,8500331,Philippines,Cargo,Fishing event,2025-10-15 19:33:00,Asia/Manila,+08:00,14.74231,120.32062,5190
DEMO VESSEL 020,548000020,8500202,Philippines,Other,Port visit,2025-10-24 07:21:00,Asia/Manila,+08:00,14.67892,120.85171,3772
DEMO VESSEL 017,548000017,8500173,Philippines,Other,Encounter,2025-10-09 12:07:00,UTC,+00:00,14.81494,120.51791,6886
DEMO VESSEL 025,548000025,8500252,Philippines,Dredging,Loitering,2025-10-27 13:29:00,UTC,+00:00,14.63106,120.88155,10413
DEMO VESSEL 040,548000040,8500408,Philippines,Other,Fishing event,2025-10-03 01:49:00,Asia/Manila,+08:00,14.5252,120.66198,25161
DEMO VESSEL 007,548000007,8500070,Philippines,Cargo,Fishing event,2025-10-18 23:18:00,Asia/Manila,+08:00,14.4674,120.35975,32086
DEMO VESSEL 030,548000030,8500305,Philippines,Cargo,Fishing event,2025-10-09 12:25:00,UTC,+00:00,14.70115,120.50526,37577
DEMO VESSEL 003,548000003,8500032,Philippines,Cargo,Port visit,2025-10-03 09:05:00,UTC,+00:00,14.78135,120.73504,33383
DEMO VESSEL 007,667000007,8500070,Sierra Leone,Cargo,Encounter,10/10/2025 15:09,Asia/Manila,+08:00,14.32638,120.84774,14012
DEMO VESSEL 027,548000027,8500276,Philippines,Cargo,Loitering,2025-10-03 02:48:00,UTC,+00:00,14.62632,120.77681,30661
DEMO VESSEL 013,548000013,8500135,Philippines,Other,Loitering,2025-10-05 20:16:00,Asia/Manila,+08:00,14.40334,120.4424,39337
DEMO VESSEL 005 ,548000005,1234568,Sierra Leone,Dredging,Fishing event,2025-10-27 18:24:00,UTC,+00:00,14.27546,120.80292,7998
DEMO VESSEL 013,548000013,8500135,Philippines,Other,Loitering,2025-10-14 07:31:00,Asia/Manila,+08:00,14.20171,120.70147,34297
DEMO VESSEL 004,548000004,,Philippines,Dredging,Loitering,07/10/2025 00:21,UTC,+00:00,14.74783,120.85714,19136
demo vessel 006,548000006,64,Philippines,Dredging,Port visit,2025-09-25 12:13:00,Asia/Manila,+08:00,14.64624,120.76408,32699
DEMO VESSEL 039,548000039,8500393,Philippines,Dredging,Loitering,2025-10-26 13:14:00,Asia/Manila,+08:00,14.70266,120.44294,1549
DEMO VESSEL 031,548000031,8500317,Philippines,Cargo,Loitering,2025-10-18 18:09:00,Asia/Manila,+08:00,14.22694,120.33938,37746
DEMO VESSEL 007,548000007,8500070,Philippines,Cargo,Fishing event,2025-10-03 14:04:00,Asia/Manila,+08:00,14.23656,120.81101,17229
DEMO VESSEL 031,548000031,8500317,Philippines,Cargo,Loitering,26/10/2025 02:11,Asia/Manila,+08:00,14.25731,120.30862,2425
DEMO VESSEL 026,548000026,8500264,Philippines,Cargo,Encounter,2025-10-18 16:19:00,UTC,+00:00,14.45446,120.42733,19335
AIS TEST SHIP,100900301,,,,Port visit,2025-10-02 16:36:00,Asia/Manila,+08:00,14.89461,120.51605,20408
DEMO VESSEL 025,548000025,8500252,Philippines,Dredging,Port visit,2025-10-21 05:52:00,Asia/Manila,+08:00,14.83343,120.64587,34400
DEMO VESSEL 023,548000023,8500238,Belize,Cargo,Encounter,2025-10-02 09:15:00,UTC,+00:00,14.57792,120.66364,18647
DEMO VESSEL 037,548000037,8500379,Belize,Cargo,Port visit,2025-10-18 14:55:00,UTC,+00:00,14.40697,120.8412,8960
DEMO VESSEL 015,548000015,8500159,Philippines,Cargo,Encounter,01/10/2025 10:18,Asia/Manila,+08:00,14.50671,120.52787,37476
DEMO VESSEL 006,548000006,64,Philippines,Dredging,Fishing event,2025-10-12 12:07:00,Asia/Manila,+08:00,14.25204,120.70073,11355
DEMO VESSEL 023,548000023,8500238,Belize,Cargo,Fishing event,2025-10-15 20:03:00,Asia/Manila,+08:00,14.83145,120.73918,2300
DEMO VESSEL 032,548000032,8500329,Philippines,Cargo,Port visit,2025-10-23 18:57:00,UTC,+00:00,14.88949,120.66799,12380
DEMO VESSEL 027,548000027,8500276,Philippines,Cargo,Loitering,09/10/2025 20:16,Asia/Manila,+08:00,14.45917,120.67899,3995
DEMO VESSEL 004,548000004,,Philippines,Dredging,Loitering,03/10/2025 20:21,UTC,+00:00,14.72008,120.73502,15593
DEMO VESSEL 017,548000017,8500173,Philippines,Other,Encounter,2025-10-04 15:50:00,Asia/Manila,+08:00,14.38762,120.81942,14391
DEMO VESSEL 008,548000008,8500082,Belize,Dredging,Encounter,2025-10-19 17:27:00,Asia/Manila,+08:00,14.81082,120.86565,28696
DEMO VESSEL 016,548000016,8500161,Philippines,Dredging,Port visit,22/10/2025 09:24,Asia/Manila,+08:00,14.80475,120.45304,19252
DEMO VESSEL 019,548000019,8500197,Philippines,Cargo,Port visit,2025-10-23 12:37:00,Asia/Manila,+08:00,14.74678,120.4233,37161
DEMO VESSEL 018,548000018,8500185,Philippines,Cargo,Encounter,2025-09-01 02:51:00,Asia/Manila,+08:00,14.80843,120.46452,32648
AIS TEST SHIP,100900301,,,,Port visit,04/10/2025 09:59,Asia/Manila,+08:00,14.76443,120.40475,2442
DEMO VESSEL 033 ,548000033,8500331,Philippines,Cargo,Loitering,02/10/2025 05:03,Asia/Manila,+08:00,14.75741,120.81811,9175
DEMO VESSEL 025,548000025,8500252,Philippines,Dredging,Fishing event,2025-10-25 09:28:00,UTC,+00:00,14.24844,120.74212,7887
DEMO VESSEL 002,548000002,8500020,Philippines,Cargo,Encounter,2025-10-13 18:13:00,Asia/Manila,+08:00,14.58043,120.89924,26022
DEMO VESSEL 033,548000033,8500331,Philippines,Cargo,Loitering,10/10/2025 17:01,UTC,+00:00,14.70201,120.50195,9553
DEMO VESSEL 016,548000016,8500161,Philippines,Dredging,Loitering,2025-10-22 04:36:00,Asia/Manila,+08:00,14.6274,120.77242,10588
DEMO VESSEL 002,548000002,8500020,Philippines,Cargo,Loitering,2025-10-19 02:14:00,UTC,+00:00,14.276,120.42141,10101
DEMO VESSEL 032,548000032,8500329,Philippines,Cargo,Fishing event,08/10/2025 22:18,Asia/Manila,+08:00,0.0,0.0,10546
DEMO VESSEL 033,548000033,8500331,Philippines,Cargo,Fishing event,2025-10-08 22:25:00,UTC,+00:00,14.81999,120.49368,36141
DEMO VESSEL 018,548000018,8500185,Philippines,Cargo,Loitering,2025-10-16 01:16:00,UTC,+00:00,14.81843,120.49828,37666
DEMO VESSEL 022,548000022,8500226,Sierra Leone,Dredging,Loitering,2025-10-27 09:31:00,UTC,+00:00,14.5973,120.56848,5788
DEMO VESSEL 007,667000007,8500070,Sierra Leone,Cargo,Fishing event,08/10/2025 09:11,Asia/Manila,+08:00,14.34796,120.49329,8418
DEMO VESSEL 018,548000018,8500185,Philippines,Cargo,Fishing event,2025-10-05 10:29:00,Asia/Manila,+08:00,14.3346,120.48927,12693
DEMO VESSEL 006,548000006,64,Philippines,Dredging,Port visit,07/10/2025 17:42,Asia/Manila,+08:00,14.79866,120.85538,36021
DEMO VESSEL 014,548000014,8500147,Philippines,Cargo,Fishing event,2025-10-23 22:00:00,Asia/Manila,+08:00,14.68318,120.69369,30637
DEMO VESSEL 003,548000003,8500032,Philippines,Cargo,Fishing event,22/10/2025 03:45,Asia/Manila,+08:00,14.50648,120.57428,6976
DEMO VESSEL 013,548000013,8500135,Philippines,Other,Port visit,15/10/2025 08:22,UTC,+00:00,14.5663,120.49043,33177
DEMO VESSEL 034,548000034,8500343,Belize,Cargo,Loitering,05/10/2025 06:14,Asia/Manila,+08:00,14.37248,120.38883,32972
DEMO VESSEL 021,548000021,8500214,Belize,Dredging,Encounter,2025-10-18 01:57:00,Asia/Manila,+08:00,14.62171,120.45394,18177
DEMO VESSEL 003,548000003,8500032,Philippines,Cargo,Encounter,2025-10-02 17:04:00,Asia/Manila,+08:00,14.55746,120.54781,23595
DEMO VESSEL 021,548000021,8500214,Belize,Dredging,Loitering,2025-10-15 13:20:00,UTC,+00:00,14.43703,120.47896,37536
DEMO VESSEL 038,548000038,8500381,Philippines,Dredging,Fishing event,2025-10-04 07:14:00,Asia/Manila,+08:00,14.41028,120.39729,3913
DEMO VESSEL 020,548000020,8500202,Philippines,Other,Encounter,07/10/2025 01:50,Asia/Manila,+08:00,14.87297,120.638,6627
DEMO VESSEL 019,548000019,8500197,Philippines,Cargo,Fishing event,2025-10-13 03:07:00,UTC,+00:00,14.42521,120.46786,23001
DEMO VESSEL 012,548000012,8500123,Philippines,Dredging,Fishing event,2025-10-26 14:24:00,Asia/Manila,+08:00,14.47316,120.38226,12728
DEMO VESSEL 021,548000021,8500214,Belize,Dredging,Encounter,14/10/2025 15:40,Asia/Manila,+08:00,14.81893,120.40945,30474
DEMO VESSEL 002,548000002,8500020,Philippines,Cargo,Port visit,2025-10-23 03:42:00,Asia/Manila,+08:00,14.43116,120.368,27228
DEMO VESSEL 023,548000023,8500238,Belize,Cargo,Loitering,2025-10-20 17:00:00,Asia/Manila,+08:00,14.49059,120.62749,27019
DEMO VESSEL 031,548000031,8500317,Philippines,Cargo,Encounter,09/10/2025 09:08,Asia/Manila,+08:00,14.20979,120.56581,13981
DEMO VESSEL 040,548000040,8500408,Philippines,Other,Port visit,2025-10-21 13:48:00,Asia/Manila,+08:00,14.21134,120.3618,14581
DEMO VESSEL 032,548000032,8500329,Philippines,Cargo,Encounter,2025-10-12 20:20:00,Asia/Manila,+08:00,14.79544,120.50782,11391
DEMO VESSEL 035,548000035,8500355,Philippines,Other,Port visit,2025-10-23 18:54:00,Asia/Manila,+08:00,14.53512,120.51072,31052
DEMO VESSEL 026,548000026,8500264,Philippines,Cargo,Loitering,2025-10-12 22:51:00,UTC,+00:00,14.52371,120.73801,9520
DEMO VESSEL 007,667000007,8500070,Sierra Leone,Cargo,Encounter,2025-10-20 10:16:00,Asia/Manila,+08:00,14.8302,120.77882,14929
DEMO VESSEL 013,548000013,8500135,Philippines,Other,Fishing event,2025-10-10 02:29:00,Asia/Manila,+08:00,14.86832,120.74055,3385
DEMO VESSEL 038,548000038,8500381,Philippines,Dredging,Loitering,2025-10-24 21:47:00,Asia/Manila,+08:00,14.77042,120.82143,37188
DEMO VESSEL 015,548000015,8500159,Philippines,Cargo,Loitering,2025-10-12 02:48:00,Asia/Manila,+08:00,14.55802,120.61623,3167
DEMO VESSEL 023,548000023,8500238,Belize,Cargo,Encounter,19/10/2025 22:07,Asia/Manila,+08:00,14.82307,120.34661,29646
DEMO VESSEL 017,548000017,8500173,Philippines,Other,Encounter,2025-10-09 06:26:00,Asia/Manila,+08:00,14.74833,120.31488,4015
DEMO VESSEL 032,548000032,8500329,Philippines,Cargo,Port visit,2025-10-25 17:34:00,Asia/Manila,+08:00,14.4089,120.32224,5371
DEMO VESSEL 022,548000022,8500226,Sierra Leone,Dredging,Port visit,14/10/2025 02:44,UTC,+00:00,14.64362,120.56275,1600
AIS TEST SHIP,100900301,,,,Port visit,2025-10-04 14:07:00,UTC,+00:00,14.64206,120.44451,24592
DEMO VESSEL 026,548000026,8500264,Philippines,Cargo,Loitering,2025-10-20 23:03:00,Asia/Manila,+08:00,14.36069,120.41575,22424
DEMO VESSEL 023,548000023,8500238,Belize,Cargo,Loitering,14/10/2025 14:45,Asia/Manila,+08:00,14.27754,120.66252,35730
DEMO VESSEL 027,548000027,8500276,Philippines,Cargo,Encounter,2025-10-02 05:50:00,UTC,+00:00,14.59297,120.39128,22341
DEMO VESSEL 004,548000004,,Philippines,Dredging,Loitering,2025-10-06 06:54:00,Asia/Manila,+08:00,14.29261,120.32302,1457
DEMO VESSEL 010,548000010,8500109,Belize,Other,Fishing event,2025-10-27 06:33:00,Asia/Manila,+08:00,14.88462,120.40001,33041
DEMO VESSEL 029,548000029,8500290,Philippines,Other,Loitering,27/10/2025 22:33,Asia/Manila,+08:00,14.52414,120.87682,32827
DEMO VESSEL 038,548000038,8500381,Philippines,Dredging,Port visit,24/10/2025 02:32,Asia/Manila,+08:00,14.73416,120.38546,19910
DEMO VESSEL 032,548000032,8500329,Philippines,Cargo,Port visit,2025-10-25 03:17:00,Asia/Manila,+08:00,14.65514,120.60954,6419
DEMO VESSEL 008,548000008,8500082,Belize,Dredging,Fishing event,2025-10-05 04:53:00,Asia/Manila,+08:00,14.24108,120.68875,36021
DEMOVESSEL037,548000037,8500379,Belize,Cargo,Encounter,16/10/2025 10:13,Asia/Manila,+08:00,14.83951,120.55096,6369
DEMO VESSEL 002,548000002,8500020,Philippines,Cargo,Fishing event,2025-10-26 12:22:00,Asia/Manila,+08:00,14.61476,120.78373,23347
DEMO VESSEL 004,548000004,,Philippines,Dredging,Loitering,05/10/2025 03:20,Asia/Manila,+08:00,14.80355,120.62251,36741
DEMO VESSEL 022,548000022,8500226,Sierra Leone,Dredging,Encounter,2025-10-06 05:59:00,Asia/Manila,+08:00,14.6343,120.74596,34550
DEMO VESSEL 003,548000003,8500032,Philippines,Cargo,Encounter,25/10/2025 03:19,Asia/Manila,+08:00,14.73007,120.67186,13539
demo vessel 016,548000016,8500161,Philippines,Dredging,Encounter,2025-10-01 10:46:00,Asia/Manila,+08:00,14.44507,120.85302,29588
DEMO VESSEL 003,548000003,8500032,Philippines,Cargo,Loitering,2025-10-09 20:25:00,Asia/Manila,+08:00,14.62222,120.54267,7380
DEMO VESSEL 027,548000027,8500276,Philippines,Cargo,Encounter,2025-10-07 03:15:00,Asia/Manila,+08:00,14.34051,120.49372,14689
demo vessel 038,548000038,8500381,Philippines,Dredging,Encounter,02/10/2025 16:53,Asia/Manila,+08:00,14.83824,120.42856,24744
DEMO VESSEL 029,548000029,8500290,Philippines,Other,Fishing event,22/10/2025 05:29,Asia/Manila,+08:00,14.60535,120.45925,29776
DEMOVESSEL029,548000029,8500290,Philippines,Other,Fishing event,2025-10-27 05:23:00,UTC,+00:00,14.87993,120.49302,26646
DEMO VESSEL 029,548000029,8500290,Philippines,Other,Encounter,15/10/2025 15:23,Asia/Manila,+08:00,14.29335,120.85664,9805
DEMO VESSEL 036,548000036,8500367,Sierra Leone,Cargo,Fishing event,2025-10-22 10:06:00,UTC,+00:00,14.3721,120.33102,11422
DEMO VESSEL 011,548000011,8500111,Philippines,Other,Fishing event,2025-10-13 11:30:00,Asia/Manila,+08:00,14.48427,120.7266,10568
DEMO VESSEL 012,548000012,8500123,Philippines,Dredging,Encounter,2025-10-15 11:51:00,Asia/Manila,+08:00,14.73721,120.8239,12406
DEMO VESSEL 008,548000008,8500082,Belize,Dredging,Fishing event,2025-10-01 00:21:00,UTC,+00:00,14.41909,120.33596,2003
DEMO VESSEL 021,548000021,8500214,Belize,Dredging,Fishing event,2025-10-03 22:55:00,Asia/Manila,+08:00,14.49356,120.57922,2897
DEMO VESSEL 027,548000027,8500276,Philippines,Cargo,Fishing event,2025-10-27 16:58:00,Asia/Manila,+08:00,14.33512,120.31183,31482
DEMO VESSEL 014,548000014,8500147,Philippines,Cargo,Port visit,2025-10-18 05:05:00,Asia/Manila,+08:00,14.32851,120.37332,2591
DEMO VESSEL 010,548000010,8500109,Belize,Other,Fishing event,2025-10-23 04:45:00,Asia/Manila,+08:00,14.71722,120.85529,11487
DEMO VESSEL 027,548000027,8500276,Philippines,Cargo,Port visit,2025-10-02 08:02:00,Asia/Manila,+08:00,14.48548,120.72783,21102
DEMO VESSEL 002,548000002,8500020,Philippines,Cargo,Encounter,2025-10-02 00:41:00,Asia/Manila,+08:00,14.5285,120.5975,16087
DEMO VESSEL 037,548000037,8500379,Belize,Cargo,Fishing event,2025-10-15 03:56:00,Asia/Manila,+08:00,14.50479,120.76129,38115
DEMO VESSEL 030,548000030,8500305,Philippines,Cargo,Port visit,08/10/2025 06:40,UTC,+00:00,14.35175,120.51483,24881
DEMO VESSEL 027,548000027,8500276,Philippines,Cargo,Loitering,2025-10-03 03:50:00,Asia/Manila,+08:00,14.5324,120.89443,30286
DEMOVESSEL038,548000038,8500381,Philippines,Dredging,Loitering,2025-10-26 12:15:00,Asia/Manila,+08:00,14.52587,120.37328,8367
DEMO VESSEL 034,548000034,8500343,Belize,Cargo,Fishing event,2025-10-04 04:57:00,Asia/Manila,+08:00,14.87505,120.39815,28751
DEMO VESSEL 037,548000037,8500379,Belize,Cargo,Fishing event,2025-10-04 04:10:00,Asia/Manila,+08:00,14.56739,120.42779,5827
DEMO VESSEL 037,548000037,8500379,Belize,Cargo,Loitering,2025-10-17 14:10:00,UTC,+00:00,14.27575,120.59557,22822
DEMO VESSEL 005,548000005,1234568,Sierra Leone,Dredging,Port visit,2025-10-13 17:04:00,Asia/Manila,+08:00,14.7183,120.65186,24491
DEMO VESSEL 014,548000014,8500147,Philippines,Cargo,Loitering,2025-10-15 14:31:00,UTC,+00:00,14.26248,120.53998,27427
DEMOVESSEL005,548000005,1234568,Sierra Leone,Dredging,Fishing event,2025-10-21 14:31:00,Asia/Manila,+08:00,14.81246,120.75035,10339
DEMO VESSEL 025,548000025,8500252,Philippines,Dredging,Fishing event,2025-10-07 16:03:00,UTC,+00:00,14.715,120.57878,6422
DEMO VESSEL 039,548000039,8500393,Philippines,Dredging,Loitering,2025-10-19 10:14:00,Asia/Manila,+08:00,14.71883,120.53064,5065
DEMO VESSEL 036,548000036,8500367,Sierra Leone,Cargo,Loitering,2025-10-07 16:49:00,Asia/Manila,+08:00,14.46481,120.57312,32100
DEMO VESSEL 038,548000038,8500381,Philippines,Dredging,Encounter,2025-10-25 13:11:00,Asia/Manila,+08:00,14.32632,120.85381,4519
DEMO VESSEL 011,548000011,8500111,Philippines,Other,Encounter,04/10/2025 22:14,UTC,+00:00,14.89922,120.47336,4940
DEMO VESSEL 003,548000003,8500032,Philippines,Cargo,Fishing event,2025-10-03 03:52:00,Asia/Manila,+08:00,14.70107,120.87856,6767
DEMO VESSEL 014,548000014,8500147,Philippines,Cargo,Encounter,2025-10-16 21:59:00,Asia/Manila,+08:00,14.43912,120.82827,38061
DEMO VESSEL 029,548000029,8500290,Philippines,Other,Encounter,08/10/2025 18:50,Asia/Manila,+08:00,14.59205,120.60579,15756
DEMO VESSEL 022,548000022,8500226,Sierra Leone,Dredging,Port visit,2025-10-21 08:49:00,Asia/Manila,+08:00,14.33708,120.42824,35057
DEMO VESSEL 023,548000023,8500238,Belize,Cargo,Fishing event,2025-10-15 21:43:00,Asia/Manila,+08:00,14.43513,120.62566,25165
DEMO VESSEL 020,548000020,8500202,Philippines,Other,Port visit,2025-10-09 10:23:00,UTC,+00:00,14.40053,120.64207,9834
DEMO VESSEL 017,548000017,8500173,Philippines,Other,Fishing event,14/10/2025 20:15,UTC,+00:00,14.26005,120.43363,24192
DEMO VESSEL 012,548000012,8500123,Philippines,Dredging,Loitering,2025-10-16 21:59:00,Asia/Manila,+08:00,14.79609,120.4779,36217
demo vessel 033,548000033,8500331,Philippines,Cargo,Encounter,10/10/2025 18:08,Asia/Manila,+08:00,14.24713,120.82008,10097
DEMO VESSEL 007,548000007,8500070,Philippines,Cargo,Loitering,2025-10-26 09:35:00,Asia/Manila,+08:00,14.3589,120.68752,39169
DEMO VESSEL 023,548000023,8500238,Belize,Cargo,Fishing event,2025-10-14 16:11:00,Asia/Manila,+08:00,14.60711,120.86743,28515
DEMO VESSEL 032,548000032,8500329,Philippines,Cargo,Loitering,2025-10-06 02:14:00,Asia/Manila,+08:00,14.78506,120.82045,35142
DEMO VESSEL 032,548000032,8500329,Philippines,Cargo,Encounter,24/10/2025 17:59,UTC,+00:00,14.31738,120.64263,29766
DEMO VESSEL 013,548000013,8500135,Philippines,Other,Port visit,2025-10-26 12:17:00,UTC,+00:00,14.66737,120.78469,9416
DEMO VESSEL 016,548000016,8500161,Philippines,Dredging,Fishing event,03/10/2025 22:54,Asia/Manila,+08:00,14.40954,120.61816,625
DEMO VESSEL 038,548000038,8500381,Philippines,Dredging,Fishing event,2025-10-01 10:09:00,UTC,+00:00,14.82451,120.74091,1034
DEMO VESSEL 038,548000038,8500381,Philippines,Dredging,Encounter,27/10/2025 08:04,UTC,+00:00,14.89569,120.48499,31970
demo vessel 007,548000007,8500070,Philippines,Cargo,Loitering,2025-10-09 10:51:00,Asia/Manila,+08:00,14.62959,120.73343,23979
DEMO VESSEL 037 ,548000037,8500379,Belize,Cargo,Port visit,2025-10-01 05:22:00,UTC,+00:00,14.26127,120.72666,3674
DEMO VESSEL 035,548000035,8500355,Philippines,Other,Port visit,2025-10-10 01:16:00,UTC,+00:00,14.48949,120.77576,728
DEMO VESSEL 013,548000013,8500135,Philippines,Other,Encounter,2025-10-04 17:40:00,Asia/Manila,+08:00,14.47391,120.38413,39683
DEMO VESSEL 035,548000035,8500355,Philippines,Other,Fishing event,2025-10-20 12:17:00,Asia/Manila,+08:00,14.61063,120.51909,39352
DEMO VESSEL 016,548000016,8500161,Philippines,Dredging,Port visit,2025-10-13 13:43:00,UTC,+00:00,14.37767,120.43011,36844
DEMO VESSEL 011,548000011,8500111,Philippines,Other,Encounter,19/10/2025 10:54,Asia/Manila,+08:00,14.41911,120.8442,34394
DEMO VESSEL 035,548000035,8500355,Philippines,Other,Fishing event,2025-10-27 13:02:00,Asia/Manila,+08:00,14.51342,120.83045,39368
DEMO VESSEL 017,548000017,8500173,Philippines,Other,Loitering,2025-10-04 20:05:00,UTC,+00:00,14.48869,120.64838,36671
DEMO VESSEL 006,548000006,64,Philippines,Dredging,Port visit,2025-10-04 07:57:00,Asia/Manila,+08:00,14.37101,120.87461,32873
DEMO VESSEL 021,548000021,8500214,Belize,Dredging,Port visit,2025-10-09 13:33:00,Asia/Manila,+08:00,14.34961,120.35973,22988
DEMO VESSEL 029,548000029,8500290,Philippines,Other,Port visit,02/10/2025 07:46,UTC,+00:00,14.83275,120.66555,7836
DEMO VESSEL 020,548000020,8500202,Philippines,Other,Port visit,2025-10-17 16:45:00,Asia/Manila,+08:00,14.8199,120.88235,24656
DEMO VESSEL 018,548000018,8500185,Philippines,Cargo,Encounter,2025-10-02 06:31:00,Asia/Manila,+08:00,14.45826,120.85341,8834
DEMO VESSEL 036,548000036,8500367,Sierra Leone,Cargo,Port visit,2025-10-25 18:56:00,Asia/Manila,+08:00,14.30231,120.48855,6780
DEMO VESSEL 040,548000040,8500408,Philippines,Other,Loitering,2025-10-03 23:29:00,Asia/Manila,+08:00,14.45073,120.58078,531
DEMO VESSEL 004,548000004,,Philippines,Dredging,Port visit,2025-10-21 00:59:00,Asia/Manila,+08:00,14.68911,120.52658,13126
DEMO VESSEL 029,548000029,8500290,Philippines,Other,Port visit,12/10/2025 20:04,Asia/Manila,+08:00,14.58987,120.7552,33149
DEMO VESSEL 005,548000005,1234568,Sierra Leone,Dredging,Fishing event,05/10/2025 16:18,Asia/Manila,+08:00,14.76499,120.81846,1460
DEMO VESSEL 006,548000006,64,Philippines,Dredging,Encounter,2025-10-10 11:52:00,UTC,+00:00,14.88695,120.8083,33508
DEMO VESSEL 016,548000016,8500161,Philippines,Dredging,Port visit,2025-10-04 19:12:00,Asia/Manila,+08:00,14.78702,120.37571,7720
DEMOVESSEL025,548000025,8500252,Philippines,Dredging,Loitering,2025-10-23 13:30:00,Asia/Manila,+08:00,14.46127,120.46273,796
DEMO VESSEL 020,548000020,8500202,Philippines,Other,Fishing event,2025-10-26 16:09:00,Asia/Manila,+08:00,14.87171,120.42624,25131
DEMO VESSEL 015,548000015,8500159,Philippines,Cargo,Loitering,2025-10-27 22:34:00,UTC,+00:00,14.85294,120.49078,16455
DEMO VESSEL 005,548000005,1234568,Sierra Leone,Dredging,Port visit,14/10/2025 13:48,Asia/Manila,+08:00,14.39872,120.74643,25100
DEMO VESSEL 034,548000034,8500343,Belize,Cargo,Loitering,2025-10-01 08:31:00,UTC,+00:00,14.50285,120.58489,11802
DEMO VESSEL 014,548000014,8500147,Philippines,Cargo,Fishing event,2025-10-06 10:34:00,Asia/Manila,+08:00,14.73608,120.3307,13605
DEMO VESSEL 022,548000022,8500226,Sierra Leone,Dredging,Port visit,2025-10-25 18:47:00,Asia/Manila,+08:00,14.20402,120.7631,12822
DEMO VESSEL 023,548000023,8500238,Belize,Cargo,Loitering,2025-10-11 21:32:00,Asia/Manila,+08:00,14.75387,120.79105,14931
DEMO VESSEL 031,548000031,8500317,Philippines,Cargo,Fishing event,2025-10-23 07:48:00,UTC,+00:00,14.55418,120.72168,14509
DEMO VESSEL 008,548000008,8500082,Belize,Dredging,Loitering,24/10/2025 20:08,Asia/Manila,+08:00,14.88575,120.46716,2860
