Vessel_Name,MMSI,IMO,FLAG,Type,Event,Start_Date_Time,Time_Zone,Offset,Lat,Lon,Event_Duration
DEMO VESSEL 003,548000003,8500032,Philippines,Cargo,Loitering,01/11/2025 15:41,Asia/Manila,+08:00,14.3593,120.734,30538
DEMO VESSEL 040 ,548000040,8500408,Philippines,Other,Encounter,2025-11-25 13:02:00,UTC,+00:00,14.49268,120.82305,27140
DEMO VESSEL 014,548000014,8500147,Philippines,Cargo,Fishing event,2025-11-15 07:37:00,Asia/Manila,+08:00,14.73116,120.77764,36546
DEMOVESSEL020,548000020,8500202,Philippines,Other,Port visit,2025-11-15 08:24:00,Asia/Manila,+08:00,14.87425,120.35008,19244
DEMO VESSEL 007,667000007,8500070,Sierra Leone,Cargo,Port visit,13/11/2025 02:19,Asia/Manila,+08:00,14.28717,120.53968,32733
DEMO VESSEL 030,548000030,8500305,Philippines,Cargo,Port visit,2025-11-17 14:02:00,Asia/Manila,+08:00,14.80411,120.55757,13955
DEMO VESSEL 024,548000024,8500240,Philippines,Cargo,Encounter,2025-11-15 08:34:00,Asia/Manila,+08:00,14.31969,120.62234,845
DEMO VESSEL 015,548000015,8500159,Philippines,Cargo,Fishing event,2025-11-13 11:16:00,Asia/Manila,+08:00,14.61431,120.39262,12822
DEMO VESSEL 040,548000040,8500408,Philippines,Other,Loitering,2025-11-13 09:09:00,Asia/Manila,+08:00,14.43315,120.72329,17346
DEMO VESSEL 012,548000012,8500123,Philippines,Dredging,Loitering,17/11/2025 19:17,Asia/Manila,+08:00,14.85521,120.59258,8115
DEMO VESSEL 039,548000039,8500393,Philippines,Dredging,Loitering,18/11/2025 20:16,Asia/Manila,+08:00,14.48166,120.72338,5311
DEMO VESSEL 030,548000030,8500305,Philippines,Cargo,Loitering,2025-11-02 11:10:00,UTC,+00:00,14.34122,120.68904,25115
DEMO VESSEL 038,548000038,8500381,Philippines,Dredging,Encounter,17/11/2025 20:31,Asia/Manila,+08:00,14.48318,120.3588,16227
DEMO VESSEL 025,548000025,8500252,Philippines,Dredging,Encounter,2025-11-21 06:23:00,Asia/Manila,+08:00,14.84905,120.76387,10730
DEMO VESSEL 006,548000006,64,Philippines,Dredging,Port visit,2025-11-09 08:01:00,UTC,+00:00,14.61918,120.53444,26725
DEMO VESSEL 036,548000036,8500367,Sierra Leone,Cargo,Loitering,2025-11-17 15:49:00,UTC,+00:00,14.22485,120.66259,9325
DEMO VESSEL 021,548000021,8500214,Belize,Dredging,Encounter,2025-11-27 10:30:00,Asia/Manila,+08:00,14.30097,120.3418,6371
DEMO VESSEL 011,548000011,8500111,Philippines,Other,Encounter,2025-11-01 20:40:00,Asia/Manila,+08:00,14.57422,120.53274,18815
DEMO VESSEL 027,548000027,8500276,Philippines,Cargo,Loitering,2025-11-19 17:27:00,UTC,+00:00,14.61655,120.36025,23612
DEMO VESSEL 018,548000018,8500185,Philippines,Cargo,Port visit,01/11/2025 23:17,Asia/Manila,+08:00,14.37636,120.39305,28469
DEMO VESSEL 030,548000030,8500305,Philippines,Cargo,Port visit,2025-11-15 21:35:00,Asia/Manila,+08:00,14.64422,120.56639,18229
DEMO VESSEL 029,548000029,8500290,Philippines,Other,Encounter,2025-11-22 02:17:00,Asia/Manila,+08:00,14.44604,120.38891,7980
DEMO VESSEL 001,548000001,8500018,Philippines,Dredging,Loitering,2025-11-14 08:02:00,Asia/Manila,+08:00,14.29157,120.88788,37059
DEMO VESSEL 040,548000040,8500408,Philippines,Other,Fishing event,25/11/2025 11:32,Asia/Manila,+08:00,14.89996,120.7026,25573
DEMO VESSEL 009,548000009,8500094,Belize,Cargo,Fishing event,2025-11-13 02:25:00,Asia/Manila,+08:00,14.58521,120.68449,30695
DEMO VESSEL 006,548000006,64,Philippines,Dredging,Encounter,2025-11-16 13:50:00,Asia/Manila,+08:00,14.54932,120.66938,9770
DEMO VESSEL 010,548000010,8500109,Belize,Other,Fishing event,2025-11-27 20:16:00,Asia/Manila,+08:00,14.88278,120.55837,23632
ais test ship,100900301,,,,Encounter,2025-11-10 20:06:00,UTC,+00:00,14.29293,120.68499,2829
DEMO VESSEL 013,548000013,8500135,Philippines,Other,Port visit,08/11/2025 12:28,Asia/Manila,+08:00,14.60882,120.53664,30320
DEMO VESSEL 026,548000026,8500264,Philippines,Cargo,Fishing event,2025-11-09 09:13:00,Asia/Manila,+08:00,14.82052,120.61316,4000
DEMO VESSEL 015,548000015,8500159,Philippines,Cargo,Port visit,2025-11-20 23:32:00,Asia/Manila,+08:00,14.57841,120.49209,22753
DEMO VESSEL 032,548000032,8500329,Philippines,Cargo,Fishing event,2025-11-27 01:19:00,Asia/Manila,+08:00,14.75915,120.59285,15311
DEMO VESSEL 021,548000021,8500214,Belize,Dredging,Fishing event,2025-11-09 15:36:00,Asia/Manila,+08:00,14.71083,120.59394,11278
DEMO VESSEL 016,548000016,8500161,Philippines,Dredging,Loitering,23/11/2025 05:51,Asia/Manila,+08:00,14.42035,120.79281,13243
DEMO VESSEL 012,548000012,8500123,Philippines,Dredging,Loitering,02/11/2025 06:30,Asia/Manila,+08:00,14.52983,120.51793,17004
DEMO VESSEL 020,548000020,8500202,Philippines,Other,Port visit,2025-11-27 10:47:00,Asia/Manila,+08:00,14.29182,120.65826,11313
DEMO VESSEL 007,548000007,8500070,Philippines,Cargo,Fishing event,2025-11-12 18:06:00,UTC,+00:00,14.27845,120.56192,38870
DEMO VESSEL 013,548000013,8500135,Philippines,Other,Encounter,2025-11-21 14:51:00,Asia/Manila,+08:00,14.75185,120.79347,31322
DEMO VESSEL 013,548000013,8500135,Philippines,Other,Encounter,2025-11-27 01:03:00,Asia/Manila,+08:00,14.45518,120.63341,24124
DEMO VESSEL 016,548000016,8500161,Philippines,Dredging,Encounter,07/11/2025 23:30,Asia/Manila,+08:00,14.67315,120.83108,25525
DEMO VESSEL 022,548000022,8500226,Sierra Leone,Dredging,Loitering,2025-11-12 12:46:00,Asia/Manila,+08:00,14.76429,120.60184,29100
DEMO VESSEL 035,548000035,8500355,Philippines,Other,Port visit,2025-11-03 03:45:00,Asia/Manila,+08:00,14.57402,120.43131,39226
DEMO VESSEL 018,548000018,8500185,Philippines,Cargo,Loitering,2025-11-22 00:54:00,Asia/Manila,+08:00,14.83584,120.38286,1842
DEMO VESSEL 032,548000032,8500329,Philippines,Cargo,Port visit,2025-11-15 13:43:00,Asia/Manila,+08:00,14.39769,120.72177,39940
DEMO VESSEL 005,548000005,1234568,Sierra Leone,Dredging,Loitering,2025-11-21 13:05:00,Asia/Manila,+08:00,14.83686,120.38857,20884
DEMO VESSEL 004,548000004,,Philippines,Dredging,Loitering,21/11/2025 19:35,Asia/Manila,+08:00,14.35445,120.46128,10500
DEMO VESSEL 020,548000020,8500202,Philippines,Other,Fishing event,2025-11-20 18:33:00,Asia/Manila,+08:00,14.21461,120.41237,15262
DEMO VESSEL 001,548000001,8500018,Philippines,Dredging,Port visit,02/11/2025 16:02,Asia/Manila,+08:00,14.66775,120.7586,4754
DEMO VESSEL 024,548000024,8500240,Philippines,Cargo,Fishing event,2025-11-24 09:55:00,UTC,+00:00,14.59433,120.87343,28917
DEMO VESSEL 009,548000009,8500094,Belize,Cargo,Fishing event,2025-11-19 00:26:00,Asia/Manila,+08:00,14.57688,120.47762,27515
DEMO VESSEL 016,548000016,8500161,Philippines,Dredging,Encounter,2025-11-27 20:54:00,UTC,+00:00,14.73134,120.58669,10539
DEMO VESSEL 028,548000028,8500288,Philippines,Other,Fishing event,2025-11-02 06:25:00,Asia/Manila,+08:00,14.21156,120.46125,22077
DEMO VESSEL 001,548000001,8500018,Philippines,Dredging,Fishing event,18/11/2025 12:57,UTC,+00:00,14.86823,120.78277,22999
DEMO VESSEL 032 ,548000032,8500329,Philippines,Cargo,Encounter,2025-11-24 05:00:00,UTC,+00:00,14.89558,120.51851,28472
DEMO VESSEL 035,548000035,8500355,Philippines,Other,Port visit,05/11/2025 07:52,Asia/Manila,+08:00,14.65108,120.60032,26102
demo vessel 013,548000013,8500135,Philippines,Other,Encounter,09/11/2025 05:03,Asia/Manila,+08:00,14.57045,120.41378,24487
DEMO VESSEL 032,548000032,8500329,Philippines,Cargo,Fishing event,2025-10-01 14:12:00,UTC,+00:00,14.41953,120.55133,6405
DEMO VESSEL 003 ,548000003,8500032,Philippines,Cargo,Encounter,2025-11-27 09:22:00,UTC,+00:00,14.36495,120.3705,35671
DEMO VESSEL 014,548000014,8500147,Philippines,Cargo,Fishing event,2025-11-03 09:51:00,Asia/Manila,+08:00,14.71758,120.55285,25963
DEMO VESSEL 026,548000026,8500264,Philippines,Cargo,Encounter,2025-11-15 10:24:00,Asia/Manila,+08:00,14.82274,120.89981,4993
DEMO VESSEL 034,548000034,8500343,Belize,Cargo,Loitering,2025-11-23 14:20:00,Asia/Manila,+08:00,14.51374,120.8682,32092
DEMO VESSEL 005,548000005,1234568,Sierra Leone,Dredging,Loitering,2025-11-24 09:27:00,UTC,+00:00,14.86525,120.45411,7930
DEMO VESSEL 002,548000002,8500020,Philippines,Cargo,Loitering,2025-11-23 20:19:00,Asia/Manila,+08:00,14.73583,120.83981,21244
DEMO VESSEL 040,548000040,8500408,Philippines,Other,Port visit,2025-11-05 13:44:00,Asia/Manila,+08:00,14.74873,120.60218,23031
DEMO VESSEL 015,548000015,8500159,Philippines,Cargo,Port visit,05/11/2025 11:53,Asia/Manila,+08:00,14.67487,120.65138,24221
DEMO VESSEL 031,548000031,8500317,Philippines,Cargo,Port visit,2025-11-03 02:25:00,Asia/Manila,+08:00,14.66661,120.53354,28838
DEMO VESSEL 006,548000006,64,Philippines,Dredging,Fishing event,05/11/2025 21:34,Asia/Manila,+08:00,14.78122,120.43332,22594
DEMO VESSEL 001,548000001,8500018,Philippines,Dredging,Loitering,2025-11-26 01:04:00,UTC,+00:00,14.76077,120.70765,2580
DEMO VESSEL 019,548000019,8500197,Philippines,Cargo,Encounter,26/11/2025 04:58,Asia/Manila,+08:00,14.38436,120.61492,21840
DEMO VESSEL 003,548000003,8500032,Philippines,Cargo,Port visit,2025-11-05 12:41:00,Asia/Manila,+08:00,14.34717,120.57372,34832
DEMO VESSEL 027,548000027,8500276,Philippines,Cargo,Fishing event,2025-10-27 16:58:00,Asia/Manila,+08:00,14.33512,120.31183,31482
DEMO VESSEL 023,548000023,8500238,Belize,Cargo,Port visit,2025-11-25 19:09:00,Asia/Manila,+08:00,14.5006,120.41419,27528
DEMO VESSEL 020,548000020,8500202,Philippines,Other,Fishing event,24/11/2025 12:35,Asia/Manila,+08:00,14.41757,120.71407,39576
DEMO VESSEL 036,548000036,8500367,Sierra Leone,Cargo,Loitering,2025-11-02 02:53:00,Asia/Manila,+08:00,14.66151,120.35684,1171
DEMO VESSEL 020,548000020,8500202,Philippines,Other,Encounter,10/11/2025 13:52,Asia/Manila,+08:00,14.551,120.35825,14828
DEMO VESSEL 016,548000016,8500161,Philippines,Dredging,Encounter,16/11/2025 00:36,Asia/Manila,+08:00,14.7484,120.46306,664
DEMO VESSEL 018,548000018,8500185,Philippines,Cargo,Fishing event,14/11/2025 23:12,Asia/Manila,+08:00,14.24581,120.5637,25250
DEMO VESSEL 020,548000020,8500202,Philippines,Other,Fishing event,02/11/2025 06:01,UTC,+00:00,14.80125,120.34232,25711
DEMO VESSEL 014,548000014,8500147,Philippines,Cargo,Loitering,2025-11-25 09:24:00,Asia/Manila,+08:00,14.82946,120.34476,18198
DEMO VESSEL 032,548000032,8500329,Philippines,Cargo,Loitering,27/11/2025 11:04,Asia/Manila,+08:00,14.70294,120.40604,27761
DEMO VESSEL 027,548000027,8500276,Philippines,Cargo,Encounter,2025-11-10 13:59:00,Asia/Manila,+08:00,14.83139,120.84295,3669
demo vessel 013,548000013,8500135,Philippines,Other,Encounter,13/11/2025 20:52,Asia/Manila,+08:00,14.52226,120.53122,22406
DEMO VESSEL 033,548000033,8500331,Philippines,Cargo,Port visit,2025-11-08 16:09:00,Asia/Manila,+08:00,14.30819,120.54523,31890
DEMO VESSEL 013,548000013,8500135,Philippines,Other,Encounter,2025-11-13 09:46:00,Asia/Manila,+08:00,14.64358,120.36417,12929
demo vessel 005,548000005,1234568,Sierra Leone,Dredging,Fishing event,04/11/2025 19:53,Asia/Manila,+08:00,14.83622,120.44692,26930
DEMO VESSEL 002,548000002,8500020,Philippines,Cargo,Fishing event,2025-11-19 22:32:00,Asia/Manila,+08:00,14.21719,120.36273,9584
DEMO VESSEL 034,548000034,8500343,Belize,Cargo,Fishing event,2025-11-18 04:58:00,UTC,+00:00,14.37832,120.65824,19866
DEMO VESSEL 012,548000012,8500123,Philippines,Dredging,Encounter,2025-11-02 15:16:00,Asia/Manila,+08:00,14.39193,120.48303,23833
DEMO VESSEL 018,548000018,8500185,Philippines,Cargo,Fishing event,15/11/2025 19:29,Asia/Manila,+08:00,14.62079,120.73151,20533
DEMO VESSEL 027,548000027,8500276,Philippines,Cargo,Port visit,2025-11-15 00:41:00,Asia/Manila,+08:00,14.48675,120.31723,20642
DEMO VESSEL 033,548000033,8500331,Philippines,Cargo,Encounter,2025-11-09 07:25:00,UTC,+00:00,14.59448,120.59618,15188
DEMO VESSEL 040,548000040,8500408,Philippines,Other,Loitering,2025-11-08 10:30:00,Asia/Manila,+08:00,14.34995,120.49703,363
DEMO VESSEL 035,548000035,8500355,Philippines,Other,Encounter,2025-11-19 09:50:00,Asia/Manila,+08:00,14.77558,120.41368,12474
DEMO VESSEL 015,548000015,8500159,Philippines,Cargo,Loitering,22/11/2025 18:51,Asia/Manila,+08:00,14.85242,120.79068,28386
DEMO VESSEL 002,548000002,8500020,Philippines,Cargo,Port visit,2025-11-24 01:47:00,Asia/Manila,+08:00,14.64696,120.41923,7700
DEMO VESSEL 025,548000025,8500252,Philippines,Dredging,Loitering,2025-11-26 01:14:00,UTC,+00:00,14.63108,120.81632,28977
DEMO VESSEL 013,548000013,8500135,Philippines,Other,Port visit,06/11/2025 12:11,Asia/Manila,+08:00,14.43403,120.494,8389
DEMO VESSEL 009,548000009,8500094,Belize,Cargo,Fishing event,14/11/2025 01:11,Asia/Manila,+08:00,14.43295,120.32911,18517
DEMO VESSEL 016,548000016,8500161,Philippines,Dredging,Encounter,06/11/2025 22:03,UTC,+00:00,14.52038,120.43589,7221
DEMOVESSEL007,548000007,8500070,Philippines,Cargo,Fishing event,2025-11-07 10:34:00,Asia/Manila,+08:00,14.38592,120.88519,9171
DEMO VESSEL 003,548000003,8500032,Philippines,Cargo,Port visit,2025-11-05 04:00:00,Asia/Manila,+08:00,14.3008,120.83093,5848
DEMO VESSEL 007,548000007,8500070,Philippines,Cargo,Loitering,2025-11-14 17:57:00,Asia/Manila,+08:00,14.72651,120.64716,3578
DEMO VESSEL 013,548000013,8500135,Philippines,Other,Port visit,21/11/2025 19:32,Asia/Manila,+08:00,14.85648,120.57596,28308
demo vessel 004,548000004,,Philippines,Dredging,Fishing event,2025-11-02 20:15:00,Asia/Manila,+08:00,14.2372,120.32141,18352
DEMO VESSEL 030,548000030,8500305,Philippines,Cargo,Fishing event,05/11/2025 03:30,UTC,+00:00,14.85379,120.7052,23347
DEMO VESSEL 005,548000005,1234568,Sierra Leone,Dredging,Loitering,2025-11-12 08:27:00,Asia/Manila,+08:00,14.73678,120.31412,1448
DEMO VESSEL 007,548000007,8500070,Philippines,Cargo,Port visit,27/11/2025 21:20,Asia/Manila,+08:00,14.52528,120.7494,8592
DEMO VESSEL 035,548000035,8500355,Philippines,Other,Fishing event,2025-11-06 13:17:00,Asia/Manila,+08:00,14.25106,120.66879,31401
DEMO VESSEL 028,548000028,8500288,Philippines,Other,Port visit,2025-11-16 12:38:00,UTC,+00:00,14.27328,120.47112,14882
DEMO VESSEL 022,548000022,8500226,Sierra Leone,Dredging,Fishing event,2025-11-07 04:11:00,Asia/Manila,+08:00,14.80045,120.53711,3275
DEMO VESSEL 010,548000010,8500109,Belize,Other,Port visit,2025-11-22 03:23:00,Asia/Manila,+08:00,14.35873,120.66058,27540
DEMO VESSEL 034,548000034,8500343,Belize,Cargo,Encounter,03/11/2025 19:34,Asia/Manila,+08:00,14.7428,120.38844,12626
DEMO VESSEL 007,548000007,8500070,Philippines,Cargo,Port visit,13/10/2025 02:48,Asia/Manila,+08:00,14.55763,120.59981,39615
DEMO VESSEL 016,548000016,8500161,Philippines,Dredging,Port visit,2025-11-26 00:55:00,Asia/Manila,+08:00,14.79387,120.71032,26211
DEMO VESSEL 033,548000033,8500331,Philippines,Cargo,Loitering,2025-11-14 13:40:00,Asia/Manila,+08:00,14.76828,120.58974,2037
DEMO VESSEL 024,548000024,8500240,Philippines,Cargo,Loitering,2025-11-05 19:50:00,Asia/Manila,+08:00,14.86239,120.63854,18784
DEMO VESSEL 011,548000011,8500111,Philippines,Other,Encounter,2025-11-12 22:27:00,Asia/Manila,+08:00,14.20648,120.76746,3022
DEMO VESSEL 007,667000007,8500070,Sierra Leone,Cargo,Loitering,2025-11-04 05:08:00,Asia/Manila,+08:00,14.52815,120.73282,31489
DEMO VESSEL 030,548000030,8500305,Philippines,Cargo,Port visit,22/11/2025 19:12,UTC,+00:00,14.51121,120.3553,22273
DEMO VESSEL 004,548000004,,Philippines,Dredging,Encounter,2025-11-14 22:09:00,Asia/Manila,+08:00,14.71287,120.89722,37238
DEMO VESSEL 033,548000033,8500331,Philippines,Cargo,Loitering,2025-11-03 14:36:00,Asia/Manila,+08:00,14.20359,120.71678,27722
DEMO VESSEL 002,548000002,8500020,Philippines,Cargo,Fishing event,2025-11-02 06:18:00,UTC,+00:00,14.41319,120.79657,34180
DEMO VESSEL 009,548000009,8500094,Belize,Cargo,Loitering,2025-11-21 13:30:00,Asia/Manila,+08:00,14.49962,120.55215,10779
DEMO VESSEL 002,548000002,8500020,Philippines,Cargo,Loitering,2025-11-12 17:26:00,Asia/Manila,+08:00,14.78856,120.79104,37833
DEMO VESSEL 018,548000018,8500185,Philippines,Cargo,Port visit,2025-11-21 07:46:00,Asia/Manila,+08:00,14.41866,120.50136,7292
DEMO VESSEL 014,548000014,8500147,Philippines,Cargo,Loitering,03/11/2025 01:37,Asia/Manila,+08:00,14.53987,120.88586,30694
DEMO VESSEL 007,548000007,8500070,Philippines,Cargo,Port visit,03/11/2025 14:54,Asia/Manila,+08:00,14.53931,120.71615,23402
DEMOVESSEL028,548000028,8500288,Philippines,Other,Port visit,2025-11-27 08:55:00,Asia/Manila,+08:00,14.59977,120.64121,12461
AIS TEST SHIP,100900301,,,,Port visit,10/11/2025 21:49,Asia/Manila,+08:00,14.38598,120.5103,29178
DEMO VESSEL 038,548000038,8500381,Philippines,Dredging,Encounter,02/11/2025 01:22,UTC,+00:00,14.41077,120.74223,16200
DEMOVESSEL021,548000021,8500214,Belize,Dredging,Fishing event,2025-11-13 13:19:00,Asia/Manila,+08:00,14.26173,120.77341,6384
DEMO VESSEL 011,548000011,8500111,Philippines,Other,Port visit,26/11/2025 02:03,UTC,+00:00,14.89185,120.37392,2428
DEMO VESSEL 027,548000027,8500276,Philippines,Cargo,Port visit,14/11/2025 13:33,Asia/Manila,+08:00,14.77138,120.56677,35017
DEMO VESSEL 012,548000012,8500123,Philippines,Dredging,Port visit,2025-11-02 03:25:00,Asia/Manila,+08:00,14.78743,120.74761,4422
DEMO VESSEL 033,548000033,8500331,Philippines,Cargo,Port visit,2025-11-24 08:53:00,Asia/Manila,+08:00,14.5398,120.74558,37071
DEMO VESSEL 001,548000001,8500018,Philippines,Dredging,Encounter,2025-11-12 22:15:00,Asia/Manila,+08:00,14.52578,120.39583,7994
DEMO VESSEL 008,548000008,8500082,Belize,Dredging,Encounter,13/11/2025 16:23,UTC,+00:00,14.82601,120.75123,39910
DEMO VESSEL 036,548000036,8500367,Sierra Leone,Cargo,Fishing event,2025-11-06 13:32:00,Asia/Manila,+08:00,14.44197,120.36063,27131
DEMO VESSEL 004,548000004,,Philippines,Dredging,Loitering,2025-11-09 07:30:00,UTC,+00:00,14.45515,120.83532,29093
DEMO VESSEL 019,548000019,8500197,Philippines,Cargo,Port visit,2025-11-07 08:48:00,Asia/Manila,+08:00,14.53236,120.40826,3155
DEMO VESSEL 035,548000035,8500355,Philippines,Other,Loitering,23/11/2025 13:03,Asia/Manila,+08:00,14.20262,120.76568,23232
DEMO VESSEL 033,548000033,8500331,Philippines,Cargo,Port visit,2025-11-06 20:59:00,Asia/Manila,+08:00,14.32325,120.59301,6110
DEMO VESSEL 013,548000013,8500135,Philippines,Other,Port visit,04/11/2025 07:14,Asia/Manila,+08:00,14.58313,120.3298,12465
DEMO VESSEL 040,548000040,8500408,Philippines,Other,Fishing event,11/11/2025 12:48,UTC,+00:00,14.624,120.38301,38627
DEMO VESSEL 014,548000014,8500147,Philippines,Cargo,Encounter,2025-11-16 19:03:00,Asia/Manila,+08:00,14.62085,120.89273,14633
DEMO VESSEL 015,548000015,8500159,Philippines,Cargo,Loitering,2025-11-21 15:32:00,Asia/Manila,+08:00,14.84951,120.37499,24737
DEMO VESSEL 026,548000026,8500264,Philippines,Cargo,Loitering,01/11/2025 23:23,UTC,+00:00,14.69116,120.88911,38834
demo vessel 031,548000031,8500317,Philippines,Cargo,Loitering,2025-11-10 00:58:00,Asia/Manila,+08:00,14.43813,120.86998,2868
DEMO VESSEL 021,548000021,8500214,Belize,Dredging,Port visit,2025-11-11 10:23:00,UTC,+00:00,14.37262,120.71199,4775
DEMO VESSEL 040,548000040,8500408,Philippines,Other,Fishing event,2025-11-21 19:00:00,Asia/Manila,+08:00,14.67469,120.61349,4366
DEMOVESSEL010,548000010,8500109,Belize,Other,Port visit,2025-11-10 11:54:00,Asia/Manila,+08:00,14.33755,120.45258,685
DEMOVESSEL010,548000010,8500109,Belize,Other,Port visit,2025-11-21 19:03:00,Asia/Manila,+08:00,14.25327,120.84109,21160
DEMO VESSEL 011,548000011,8500111,Philippines,Other,Port visit,2025-11-14 11:20:00,UTC,+00:00,14.29695,120.8927,9455
DEMO VESSEL 004,548000004,,Philippines,Dredging,Fishing event,10/11/2025 23:59,Asia/Manila,+08:00,14.63656,120.42042,34367
DEMO VESSEL 013,548000013,8500135,Philippines,Other,Fishing event,2025-11-06 16:33:00,Asia/Manila,+08:00,14.84824,120.5975,38698
DEMO VESSEL 033,548000033,8500331,Philippines,Cargo,Loitering,2025-11-04 21:26:00,Asia/Manila,+08:00,14.65827,120.74593,20980
DEMO VESSEL 025,548000025,8500252,Philippines,Dredging,Fishing event,2025-11-12 02:38:00,UTC,+00:00,14.68337,120.58851,33791
DEMO VESSEL 007,667000007,8500070,Sierra Leone,Cargo,Port visit,2025-11-18 08:32:00,Asia/Manila,+08:00,14.55514,120.37454,32138
DEMO VESSEL 034,548000034,8500343,Belize,Cargo,Loitering,08/11/2025 10:42,Asia/Manila,+08:00,14.8256,120.62367,16235
DEMO VESSEL 014 ,548000014,8500147,Philippines,Cargo,Port visit,03/11/2025 17:21,Asia/Manila,+08:00,14.87744,120.82477,33232
DEMO VESSEL 033,548000033,8500331,Philippines,Cargo,Loitering,2025-11-10 05:45:00,Asia/Manila,+08:00,14.79474,120.58132,27539
DEMO VESSEL 017,548000017,8500173,Philippines,Other,Loitering,15/11/2025 04:19,Asia/Manila,+08:00,14.23543,120.86325,10742
DEMO VESSEL 018,548000018,8500185,Philippines,Cargo,Encounter,2025-10-02 06:31:00,Asia/Manila,+08:00,14.45826,120.85341,8834
DEMO VESSEL 033,548000033,8500331,Philippines,Cargo,Fishing event,2025-11-03 21:29:00,UTC,+00:00,14.88499,120.86897,28660
DEMO VESSEL 037,548000037,8500379,Belize,Cargo,Port visit,2025-11-16 20:29:00,Asia/Manila,+08:00,14.58527,120.82913,14475
DEMO VESSEL 016,548000016,8500161,Philippines,Dredging,Port visit,2025-11-10 02:42:00,Asia/Manila,+08:00,14.82631,120.34039,29393
DEMO VESSEL 003,548000003,8500032,Philippines,Cargo,Encounter,2025-11-26 09:17:00,Asia/Manila,+08:00,14.60603,120.79399,32078
AIS TEST SHIP,100900301,,,,Fishing event,2025-11-15 16:01:00,UTC,+00:00,14.27025,120.66447,16517
DEMOVESSEL038,548000038,8500381,Philippines,Dredging,Fishing event,2025-11-11 17:27:00,Asia/Manila,+08:00,14.52122,120.3447,12566
DEMO VESSEL 021,548000021,8500214,Belize,Dredging,Encounter,26/11/2025 11:28,Asia/Manila,+08:00,14.48681,120.47286,30565
DEMO VESSEL 039,548000039,8500393,Philippines,Dredging,Port visit,2025-11-06 03:21:00,Asia/Manila,+08:00,14.81345,120.82652,38265
demo vessel 020,548000020,8500202,Philippines,Other,Loitering,2025-11-23 15:30:00,Asia/Manila,+08:00,14.35556,120.69439,23481
DEMO VESSEL 004,548000004,,Philippines,Dredging,Fishing event,2025-11-05 14:43:00,Asia/Manila,+08:00,14.40285,120.63488,19615
DEMO VESSEL 008,548000008,8500082,Belize,Dredging,Port visit,2025-11-27 15:57:00,Asia/Manila,+08:00,14.20767,120.74783,19846
DEMO VESSEL 008,548000008,8500082,Belize,Dredging,Loitering,2025-11-05 04:48:00,Asia/Manila,+08:00,14.52593,120.65243,17061
DEMO VESSEL 034,548000034,8500343,Belize,Cargo,Fishing event,2025-11-16 01:11:00,Asia/Manila,+08:00,14.83545,120.4556,5554
DEMO VESSEL 029,548000029,8500290,Philippines,Other,Port visit,2025-11-24 19:14:00,UTC,+00:00,14.5382,120.53508,35596
DEMO VESSEL 033,548000033,8500331,Philippines,Cargo,Fishing event,2025-11-01 03:35:00,Asia/Manila,+08:00,14.66037,120.65001,2122
DEMO VESSEL 035,548000035,8500355,Philippines,Other,Loitering,09/11/2025 00:51,UTC,+00:00,14.21441,120.89522,19739
DEMO VESSEL 026,548000026,8500264,Philippines,Cargo,Fishing event,22/11/2025 11:20,Asia/Manila,+08:00,14.52859,120.36923,25391
DEMO VESSEL 029,548000029,8500290,Philippines,Other,Encounter,2025-11-25 16:25:00,Asia/Manila,+08:00,14.57966,120.86101,35758
DEMO VESSEL 022,548000022,8500226,Sierra Leone,Dredging,Fishing event,2025-11-06 17:11:00,Asia/Manila,+08:00,14.82621,120.82018,3126
DEMO VESSEL 010,548000010,8500109,Belize,Other,Loitering,14/11/2025 07:57,UTC,+00:00,14.86218,120.72453,28425
DEMO VESSEL 004,548000004,,Philippines,Dredging,Encounter,2025-11-06 00:35:00,UTC,+00:00,14.67453,120.89419,18805
DEMO VESSEL 013,548000013,8500135,Philippines,Other,Encounter,2025-11-21 23:38:00,UTC,+00:00,14.21972,120.59451,25881
DEMO VESSEL 002,548000002,8500020,Philippines,Cargo,Port visit,2025-11-01 07:23:00,UTC,+00:00,14.32431,120.82229,17251
DEMO VESSEL 024,548000024,8500240,Philippines,Cargo,Encounter,06/11/2025 21:20,Asia/Manila,+08:00,14.8777,120.36383,12252
DEMO VESSEL 025,548000025,8500252,Philippines,Dredging,Encounter,2025-11-24 10:01:00,Asia/Manila,+08:00,14.46737,120.74195,33123
DEMO VESSEL 011,548000011,8500111,Philippines,Other,Loitering,2025-11-07 21:15:00,Asia/Manila,+08:00,14.64464,120.80345,9914
DEMO VESSEL 006,548000006,64,Philippines,Dredging,Loitering,2025-11-23 10:31:00,Asia/Manila,+08:00,14.78553,120.52399,14657
DEMO VESSEL 027,548000027,8500276,Philippines,Cargo,Loitering,2025-11-14 14:28:00,Asia/Manila,+08:00,14.38348,120.37978,17844
DEMO VESSEL 029,548000029,8500290,Philippines,Other,Port visit,2025-11-15 17:46:00,Asia/Manila,+08:00,14.77405,120.54981,13275
DEMO VESSEL 039,548000039,8500393,Philippines,Dredging,Encounter,2025-11-22 17:46:00,UTC,+00:00,14.88814,120.37274,37241
DEMO VESSEL 003,548000003,8500032,Philippines,Cargo,Fishing event,19/11/2025 17:08,Asia/Manila,+08:00,14.75517,120.75854,18249
DEMO VESSEL 001,548000001,8500018,Philippines,Dredging,Loitering,2025-11-10 09:28:00,UTC,+00:00,14.51074,120.56828,18293
DEMO VESSEL 013,548000013,8500135,Philippines,Other,Port visit,2025-11-27 17:07:00,Asia/Manila,+08:00,14.50894,120.83211,23454
DEMO VESSEL 015,548000015,8500159,Philippines,Cargo,Fishing event,2025-11-02 09:00:00,Asia/Manila,+08:00,14.37283,120.58097,36099
DEMO VESSEL 021,548000021,8500214,Belize,Dredging,Encounter,2025-11-08 01:17:00,UTC,+00:00,14.41621,120.76851,14723
DEMO VESSEL 019,548000019,8500197,Philippines,Cargo,Encounter,2025-11-13 03:27:00,UTC,+00:00,14.24404,120.82461,16892
DEMO VESSEL 009,548000009,8500094,Belize,Cargo,Encounter,2025-11-27 04:49:00,Asia/Manila,+08:00,14.65158,120.8285,21052
AISTESTSHIP,100900301,,,,Fishing event,2025-11-02 05:12:00,Asia/Manila,+08:00,14.61084,120.38038,22114
DEMO VESSEL 017,548000017,8500173,Philippines,Other,Loitering,26/11/2025 07:42,UTC,+00:00,14.43107,120.71276,25788
DEMO VESSEL 017,548000017,8500173,Philippines,Other,Fishing event,20/11/2025 04:21,Asia/Manila,+08:00,14.83325,120.75563,36163
DEMO VESSEL 021,548000021,8500214,Belize,Dredging,Loitering,2025-11-20 14:59:00,Asia/Manila,+08:00,14.38535,120.71409,31253
DEMO VESSEL 009,548000009,8500094,Belize,Cargo,Port visit,2025-11-09 04:47:00,Asia/Manila,+08:00,14.69177,120.50668,39480
DEMO VESSEL 016,548000016,8500161,Philippines,Dredging,Loitering,2025-11-24 14:12:00,Asia/Manila,+08:00,14.31696,120.88228,9312
DEMO VESSEL 010,548000010,8500109,Belize,Other,Port visit,2025-11-21 04:18:00,Asia/Manila,+08:00,14.67134,120.60743,19954
DEMO VESSEL 022,548000022,8500226,Sierra Leone,Dredging,Encounter,2025-11-16 09:56:00,UTC,+00:00,14.63515,120.85537,25968
DEMO VESSEL 007,548000007,8500070,Philippines,Cargo,Port visit,2025-11-26 21:40:00,Asia/Manila,+08:00,14.85162,120.86191,24507
DEMO VESSEL 029,548000029,8500290,Philippines,Other,Port visit,11/11/2025 13:47,UTC,+00:00,14.24437,120.47336,28762
DEMO VESSEL 033,548000033,8500331,Philippines,Cargo,Loitering,2025-11-05 08:31:00,Asia/Manila,+08:00,14.25463,120.59698,20377
demo vessel 013,548000013,8500135,Philippines,Other,Port visit,2025-11-12 19:40:00,Asia/Manila,+08:00,0.0,0.0,11626
DEMO VESSEL 018,548000018,8500185,Philippines,Cargo,Encounter,2025-11-13 20:29:00,Asia/Manila,+08:00,14.58385,120.68828,6816
DEMO VESSEL 015,548000015,8500159,Philippines,Cargo,Port visit,2025-11-17 09:06:00,Asia/Manila,+08:00,14.59218,120.50084,4344
DEMO VESSEL 002,548000002,8500020,Philippines,Cargo,Port visit,10/11/2025 19:05,Asia/Manila,+08:00,14.50637,120.53707,9237
DEMO VESSEL 006,548000006,64,Philippines,Dredging,Fishing event,2025-11-06 09:12:00,Asia/Manila,+08:00,14.52888,120.48464,15102
DEMO VESSEL 018,548000018,8500185,Philippines,Cargo,Fishing event,2025-11-05 12:41:00,UTC,+00:00,14.67738,120.84974,6030
DEMO VESSEL 039,548000039,8500393,Philippines,Dredging,Fishing event,2025-11-17 13:15:00,UTC,+00:00,14.46222,120.89428,20264
DEMO VESSEL 005,548000005,1234568,Sierra Leone,Dredging,Loitering,2025-11-22 17:52:00,Asia/Manila,+08:00,14.2761,120.43908,7044
DEMO VESSEL 007,667000007,8500070,Sierra Leone,Cargo,Port visit,2025-11-08 03:20:00,Asia/Manila,+08:00,14.27099,120.61812,16322
DEMO VESSEL 036,548000036,8500367,Sierra Leone,Cargo,Fishing event,2025-11-21 21:00:00,Asia/Manila,+08:00,14.44553,120.48039,39413
DEMO VESSEL 002,548000002,8500020,Philippines,Cargo,Port visit,2025-11-05 10:57:00,UTC,+00:00,14.3319,120.86885,15001
DEMO VESSEL 025,548000025,8500252,Philippines,Dredging,Loitering,2025-11-26 00:18:00,Asia/Manila,+08:00,14.84253,120.48869,23907
DEMOVESSEL018,548000018,8500185,Philippines,Cargo,Fishing event,2025-11-08 20:11:00,Asia/Manila,+08:00,14.67688,120.53947,11396
DEMO VESSEL 017,548000017,8500173,Philippines,Other,Encounter,2025-11-12 00:17:00,UTC,+00:00,14.47402,120.39569,13163
DEMO VESSEL 003,548000003,8500032,Philippines,Cargo,Loitering,21/11/2025 23:23,UTC,+00:00,14.79117,120.67311,8760
demo vessel 001,548000001,8500018,Philippines,Dredging,Encounter,20/11/2025 23:57,Asia/Manila,+08:00,14.59453,120.79514,14115
DEMO VESSEL 030,548000030,8500305,Philippines,Cargo,Encounter,2025-11-03 09:19:00,Asia/Manila,+08:00,14.79967,120.43586,33722
DEMO VESSEL 012,548000012,8500123,Philippines,Dredging,Fishing event,2025-11-13 19:56:00,Asia/Manila,+08:00,14.218,120.73839,12656
DEMO VESSEL 018,548000018,8500185,Philippines,Cargo,Port visit,2025-11-22 05:16:00,Asia/Manila,+08:00,14.64849,120.80171,22297
DEMO VESSEL 023,548000023,8500238,Belize,Cargo,Loitering,2025-11-03 22:56:00,Asia/Manila,+08:00,14.53723,120.43873,12069
DEMO VESSEL 007,667000007,8500070,Sierra Leone,Cargo,Encounter,2025-11-27 00:36:00,Asia/Manila,+08:00,14.54159,120.33512,37895
DEMO VESSEL 037,548000037,8500379,Belize,Cargo,Fishing event,2025-11-24 13:41:00,Asia/Manila,+08:00,14.38771,120.46443,15619
DEMO VESSEL 007,667000007,8500070,Sierra Leone,Cargo,Port visit,2025-11-27 09:52:00,UTC,+00:00,14.71973,120.44524,13013
DEMO VESSEL 033,548000033,8500331,Philippines,Cargo,Fishing event,19/11/2025 14:12,Asia/Manila,+08:00,14.71698,120.8699,35181
DEMO VESSEL 024,548000024,8500240,Philippines,Cargo,Encounter,2025-11-19 11:48:00,UTC,+00:00,14.40709,120.36671,11745
DEMO VESSEL 040,548000040,8500408,Philippines,Other,Encounter,2025-11-25 14:23:00,Asia/Manila,+08:00,14.53724,120.67039,31715
DEMO VESSEL 034,548000034,8500343,Belize,Cargo,Fishing event,2025-11-12 12:01:00,Asia/Manila,+08:00,14.63224,120.70821,20437
DEMO VESSEL 029,548000029,8500290,Philippines,Other,Port visit,01/11/2025 09:11,Asia/Manila,+08:00,14.4243,120.63389,13419
DEMO VESSEL 016,548000016,8500161,Philippines,Dredging,Loitering,05/11/2025 08:47,Asia/Manila,+08:00,14.85348,120.65742,21573
DEMO VESSEL 037,548000037,8500379,Belize,Cargo,Port visit,2025-11-16 13:26:00,Asia/Manila,+08:00,14.58332,120.43488,23680
DEMOVESSEL039,548000039,8500393,Philippines,Dredging,Port visit,2025-11-10 15:23:00,Asia/Manila,+08:00,14.86821,120.85507,26282
DEMO VESSEL 040,548000040,8500408,Philippines,Other,Fishing event,15/11/2025 10:08,Asia/Manila,+08:00,14.45288,120.57239,20350
DEMO VESSEL 028,548000028,8500288,Philippines,Other,Port visit,02/11/2025 01:24,UTC,+00:00,14.85821,120.6452,18913
DEMO VESSEL 021,548000021,8500214,Belize,Dredging,Loitering,2025-11-27 20:54:00,Asia/Manila,+08:00,14.65488,120.47628,37663
demo vessel 017,548000017,8500173,Philippines,Other,Loitering,2025-11-02 17:18:00,Asia/Manila,+08:00,14.63282,120.68069,37287
DEMO VESSEL 010,548000010,8500109,Belize,Other,Encounter,2025-11-12 03:44:00,Asia/Manila,+08:00,14.54714,120.61712,19472
DEMO VESSEL 029,548000029,8500290,Philippines,Other,Encounter,2025-11-17 04:04:00,Asia/Manila,+08:00,14.46303,120.78755,1668
DEMO VESSEL 030,548000030,8500305,Philippines,Cargo,Fishing event,2025-11-05 13:04:00,Asia/Manila,+08:00,14.86304,120.60794,629
DEMO VESSEL 013,548000013,8500135,Philippines,Other,Loitering,2025-11-27 18:47:00,UTC,+00:00,14.64936,120.80811,25111
DEMO VESSEL 039,548000039,8500393,Philippines,Dredging,Loitering,09/11/2025 12:01,Asia/Manila,+08:00,14.81035,120.78267,12023
DEMO VESSEL 033,548000033,8500331,Philippines,Cargo,Encounter,2025-11-02 11:11:00,Asia/Manila,+08:00,14.66565,120.42038,34250
DEMO VESSEL 023,548000023,8500238,Belize,Cargo,Port visit,17/11/2025 05:24,Asia/Manila,+08:00,14.81949,120.74204,34531
DEMO VESSEL 020,548000020,8500202,Philippines,Other,Encounter,2025-11-23 16:20:00,Asia/Manila,+08:00,14.29791,120.85725,34684
DEMO VESSEL 026,548000026,8500264,Philippines,Cargo,Encounter,18/11/2025 12:56,Asia/Manila,+08:00,14.50021,120.3004,30862
DEMOVESSEL035,548000035,8500355,Philippines,Other,Encounter,2025-11-17 15:38:00,Asia/Manila,+08:00,14.44334,120.65312,33461
DEMO VESSEL 002,548000002,8500020,Philippines,Cargo,Loitering,2025-11-25 01:02:00,Asia/Manila,+08:00,14.78569,120.30977,344
DEMO VESSEL 006,548000006,64,Philippines,Dredging,Port visit,2025-11-25 22:32:00,Asia/Manila,+08:00,14.35665,120.47022,31276
DEMO VESSEL 009,548000009,8500094,Belize,Cargo,Encounter,2025-11-21 13:33:00,Asia/Manila,+08:00,14.8889,120.75662,30315
DEMO VESSEL 001,548000001,8500018,Philippines,Dredging,Fishing event,2025-11-09 14:31:00,Asia/Manila,+08:00,14.8588,120.55911,19657
DEMO VESSEL 013,548000013,8500135,Philippines,Other,Fishing event,12/11/2025 11:43,Asia/Manila,+08:00,14.72903,120.70426,29802
DEMO VESSEL 017,548000017,8500173,Philippines,Other,Loitering,2025-11-12 10:29:00,UTC,+00:00,14.52301,120.55155,24073
DEMO VESSEL 035,548000035,8500355,Philippines,Other,Encounter,2025-11-05 23:15:00,UTC,+00:00,14.73896,120.6889,4616
DEMO VESSEL 040,548000040,8500408,Philippines,Other,Port visit,2025-11-15 11:40:00,UTC,+00:00,14.36667,120.53285,23912
DEMO VESSEL 002,548000002,8500020,Philippines,Cargo,Loitering,13/11/2025 07:24,Asia/Manila,+08:00,14.53926,120.65826,37045
DEMO VESSEL 013,548000013,8500135,Philippines,Other,Fishing event,2025-11-27 02:33:00,Asia/Manila,+08:00,14.33422,120.70447,9506
DEMO VESSEL 009,548000009,8500094,Belize,Cargo,Fishing event,11/11/2025 04:10,Asia/Manila,+08:00,14.26709,120.77296,7056
DEMO VESSEL 011,548000011,8500111,Philippines,Other,Fishing event,2025-11-03 13:43:00,Asia/Manila,+08:00,14.68873,120.75722,10589
DEMO VESSEL 036,548000036,8500367,Sierra Leone,Cargo,Port visit,2025-11-10 23:00:00,Asia/Manila,+08:00,14.53848,120.50114,19590
DEMO VESSEL 008,548000008,8500082,Belize,Dredging,Encounter,2025-11-24 13:53:00,Asia/Manila,+08:00,14.50515,120.37788,976
DEMO VESSEL 032,548000032,8500329,Philippines,Cargo,Encounter,19/11/2025 16:19,Asia/Manila,+08:00,14.58492,120.70318,8893
DEMO VESSEL 025,548000025,8500252,Philippines,Dredging,Port visit,04/11/2025 08:53,Asia/Manila,+08:00,14.57836,120.84215,10185
DEMO VESSEL 038,548000038,8500381,Philippines,Dredging,Fishing event,2025-11-09 12:52:00,Asia/Manila,+08:00,14.54841,120.44896,39493
DEMO VESSEL 028,548000028,8500288,Philippines,Other,Port visit,2025-11-06 12:27:00,UTC,+00:00,14.53351,120.75368,35043
DEMO VESSEL 003,548000003,8500032,Philippines,Cargo,Port visit,15/11/2025 18:07,Asia/Manila,+08:00,14.8417,120.52644,4363
DEMO VESSEL 029,548000029,8500290,Philippines,Other,Port visit,2025-11-20 09:24:00,Asia/Manila,+08:00,14.68975,120.40818,39526
DEMO VESSEL 009,548000009,8500094,Belize,Cargo,Encounter,2025-11-19 17:40:00,Asia/Manila,+08:00,14.53033,120.43923,11936
DEMO VESSEL 007,667000007,8500070,Sierra Leone,Cargo,Encounter,2025-11-17 02:55:00,Asia/Manila,+08:00,14.67701,120.768,3984
DEMO VESSEL 007,548000007,8500070,Philippines,Cargo,Fishing event,2025-11-06 13:21:00,Asia/Manila,+08:00,14.47754,120.5004,900
DEMO VESSEL 005,548000005,1234568,Sierra Leone,Dredging,Fishing event,02/11/2025 12:40,Asia/Manila,+08:00,14.55519,120.46288,3968
DEMO VESSEL 008,548000008,8500082,Belize,Dredging,Loitering,2025-11-25 07:20:00,Asia/Manila,+08:00,14.64781,120.7154,29767
DEMO VESSEL 013,548000013,8500135,Philippines,Other,Loitering,2025-11-16 03:09:00,Asia/Manila,+08:00,14.3547,120.84098,29578
DEMO VESSEL 004,548000004,,Philippines,Dredging,Loitering,07/10/2025 00:21,UTC,+00:00,14.74783,120.85714,19136
DEMO VESSEL 027,548000027,8500276,Philippines,Cargo,Port visit,2025-11-20 20:44:00,Asia/Manila,+08:00,14.8814,120.35056,37323
demo vessel 037,548000037,8500379,Belize,Cargo,Port visit,2025-11-08 07:44:00,Asia/Manila,+08:00,14.46692,120.81905,17308
demo vessel 033,548000033,8500331,Philippines,Cargo,Loitering,03/11/2025 22:57,Asia/Manila,+08:00,14.66758,120.7166,10309
DEMO VESSEL 035,548000035,8500355,Philippines,Other,Encounter,2025-11-17 11:58:00,Asia/Manila,+08:00,14.29408,120.42826,24550
DEMO VESSEL 016,548000016,8500161,Philippines,Dredging,Encounter,2025-11-05 11:02:00,Asia/Manila,+08:00,14.3233,120.88725,16369
DEMO VESSEL 036,548000036,8500367,Sierra Leone,Cargo,Port visit,2025-11-08 16:00:00,Asia/Manila,+08:00,14.38839,120.49895,19481
DEMO VESSEL 026,548000026,8500264,Philippines,Cargo,Loitering,11/11/2025 13:33,Asia/Manila,+08:00,14.22692,120.33304,4445
DEMO VESSEL 019,548000019,8500197,Philippines,Cargo,Loitering,2025-11-08 10:32:00,Asia/Manila,+08:00,14.63912,120.66177,38991
DEMO VESSEL 003,548000003,8500032,Philippines,Cargo,Encounter,2025-11-13 06:56:00,Asia/Manila,+08:00,14.5762,120.534,14307
DEMO VESSEL 016 ,548000016,8500161,Philippines,Dredging,Loitering,04/11/2025 07:21,Asia/Manila,+08:00,14.28776,120.33621,38437
DEMO VESSEL 021,548000021,8500214,Belize,Dredging,Fishing event,2025-11-24 08:31:00,Asia/Manila,+08:00,14.63785,120.42367,18989
AIS TEST SHIP,100900301,,,,Loitering,2025-11-11 08:50:00,Asia/Manila,+08:00,14.65354,120.30338,32151
DEMO VESSEL 016,548000016,8500161,Philippines,Dredging,Fishing event,2025-11-16 05:21:00,Asia/Manila,+08:00,14.26938,120.66386,31780
DEMO VESSEL 031,548000031,8500317,Philippines,Cargo,Encounter,25/11/2025 23:30,Asia/Manila,+08:00,14.85794,120.48359,30278
DEMO VESSEL 030,548000030,8500305,Philippines,Cargo,Loitering,2025-11-25 17:26:00,Asia/Manila,+08:00,14.23878,120.31659,38182
DEMO VESSEL 030,548000030,8500305,Philippines,Cargo,Fishing event,2025-11-23 18:36:00,Asia/Manila,+08:00,14.72712,120.45975,2307
DEMO VESSEL 016,548000016,8500161,Philippines,Dredging,Port visit,2025-11-24 03:32:00,Asia/Manila,+08:00,14.48197,120.62433,35541
DEMO VESSEL 011,548000011,8500111,Philippines,Other,Loitering,2025-11-27 16:29:00,Asia/Manila,+08:00,14.33855,120.45761,18110
DEMO VESSEL 033,548000033,8500331,Philippines,Cargo,Port visit,20/11/2025 05:58,UTC,+00:00,14.78365,120.43562,18659
DEMO VESSEL 022,548000022,8500226,Sierra Leone,Dredging,Fishing event,2025-11-12 06:13:00,UTC,+00:00,14.40828,120.58987,28770
DEMO VESSEL 002,548000002,8500020,Philippines,Cargo,Fishing event,04/11/2025 23:14,UTC,+00:00,14.86447,120.36017,10834
DEMO VESSEL 018,548000018,8500185,Philippines,Cargo,Port visit,2025-11-07 23:26:00,Asia/Manila,+08:00,14.40439,120.66508,17781
DEMO VESSEL 030,548000030,8500305,Philippines,Cargo,Fishing event,24/11/2025 18:07,Asia/Manila,+08:00,14.54198,120.37694,23884
DEMO VESSEL 032,548000032,8500329,Philippines,Cargo,Encounter,2025-11-05 12:59:00,UTC,+00:00,14.71847,120.52763,34483
demo vessel 004,548000004,,Philippines,Dredging,Port visit,2025-11-09 06:37:00,UTC,+00:00,14.27446,120.67774,12943
DEMO VESSEL 004,548000004,,Philippines,Dredging,Loitering,2025-11-27 23:47:00,Asia/Manila,+08:00,14.82755,120.86029,17523
DEMO VESSEL 014,548000014,8500147,Philippines,Cargo,Encounter,01/11/2025 07:18,Asia/Manila,+08:00,14.64641,120.43213,27373
DEMOVESSEL017,548000017,8500173,Philippines,Other,Port visit,2025-11-22 13:47:00,Asia/Manila,+08:00,14.45926,120.75381,15040
DEMO VESSEL 032,548000032,8500329,Philippines,Cargo,Port visit,2025-11-19 23:38:00,Asia/Manila,+08:00,14.75868,120.7831,16751
DEMO VESSEL 020,548000020,8500202,Philippines,Other,Loitering,2025-11-12 19:06:00,Asia/Manila,+08:00,14.57571,120.41172,12763
DEMO VESSEL 035,548000035,8500355,Philippines,Other,Loitering,2025-11-15 15:34:00,Asia/Manila,+08:00,14.45815,120.80923,2686
DEMO VESSEL 010,548000010,8500109,Belize,Other,Fishing event,2025-11-06 12:54:00,Asia/Manila,+08:00,14.75709,120.45402,26598
AIS TEST SHIP,100900301,,,,Port visit,01/11/2025 09:00,Asia/Manila,+08:00,14.51777,120.75353,28400
DEMO VESSEL 025,548000025,8500252,Philippines,Dredging,Loitering,2025-11-27 01:30:00,UTC,+00:00,14.69126,120.58658,2966
DEMO VESSEL 016,548000016,8500161,Philippines,Dredging,Loitering,2025-11-07 20:19:00,UTC,+00:00,14.46805,120.33814,25168
DEMO VESSEL 017,548000017,8500173,Philippines,Other,Port visit,18/11/2025 10:57,Asia/Manila,+08:00,14.89688,120.76626,29662
DEMO VESSEL 038,548000038,8500381,Philippines,Dredging,Loitering,01/11/2025 03:11,Asia/Manila,+08:00,14.77899,120.67009,25732
DEMO VESSEL 031,548000031,8500317,Philippines,Cargo,Fishing event,2025-11-08 00:34:00,Asia/Manila,+08:00,14.35509,120.32009,19631
DEMO VESSEL 003,548000003,8500032,Philippines,Cargo,Loitering,2025-11-16 22:44:00,UTC,+00:00,14.4318,120.64705,21836
DEMO VESSEL 020,548000020,8500202,Philippines,Other,Loitering,2025-11-21 13:14:00,Asia/Manila,+08:00,14.27264,120.59401,19584
DEMO VESSEL 018,548000018,8500185,Philippines,Cargo,Port visit,2025-11-21 16:57:00,Asia/Manila,+08:00,14.27543,120.78049,2436
DEMO VESSEL 037,548000037,8500379,Belize,Cargo,Loitering,2025-11-01 11:43:00,UTC,+00:00,14.53604,120.79407,6814
DEMO VESSEL 029,548000029,8500290,Philippines,Other,Fishing event,14/11/2025 09:41,UTC,+00:00,14.21158,120.31225,23628
DEMO VESSEL 005,548000005,1234568,Sierra Leone,Dredging,Loitering,2025-11-21 06:47:00,Asia/Manila,+08:00,14.46552,120.47225,15108
DEMO VESSEL 021,548000021,8500214,Belize,Dredging,Encounter,09/11/2025 13:53,UTC,+00:00,14.74833,120.36149,37437
DEMO VESSEL 030,548000030,8500305,Philippines,Cargo,Loitering,16/11/2025 22:37,Asia/Manila,+08:00,14.62783,120.33517,29533
DEMO VESSEL 010,548000010,8500109,Belize,Other,Fishing event,2025-11-19 13:44:00,Asia/Manila,+08:00,14.75178,120.62303,37157
DEMO VESSEL 008,548000008,8500082,Belize,Dredging,Port visit,07/11/2025 13:19,Asia/Manila,+08:00,14.35559,120.89745,6506
DEMO VESSEL 012,548000012,8500123,Philippines,Dredging,Port visit,2025-11-11 11:32:00,UTC,+00:00,14.39757,120.8665,19994
DEMO VESSEL 029,548000029,8500290,Philippines,Other,Port visit,2025-11-25 15:30:00,Asia/Manila,+08:00,14.33146,120.56178,35685
DEMO VESSEL 001,548000001,8500018,Philippines,Dredging,Encounter,22/11/2025 15:18,Asia/Manila,+08:00,14.50165,120.82947,3265
DEMO VESSEL 020,548000020,8500202,Philippines,Other,Fishing event,20/11/2025 05:06,Asia/Manila,+08:00,14.54651,120.59744,22625
DEMO VESSEL 034,548000034,8500343,Belize,Cargo,Loitering,06/11/2025 17:30,Asia/Manila,+08:00,14.31266,120.33682,5980
DEMO VESSEL 024,548000024,8500240,Philippines,Cargo,Loitering,27/11/2025 21:30,Asia/Manila,+08:00,14.64689,120.48499,15318
DEMO VESSEL 024,548000024,8500240,Philippines,Cargo,Encounter,2025-11-12 21:56:00,UTC,+00:00,14.89948,120.35809,27582
DEMO VESSEL 011,548000011,8500111,Philippines,Other,Port visit,05/11/2025 20:17,Asia/Manila,+08:00,14.43163,120.42283,37016
DEMO VESSEL 040,548000040,8500408,Philippines,Other,Port visit,2025-11-04 18:59:00,Asia/Manila,+08:00,14.8473,120.83988,18509
DEMO VESSEL 009,548000009,8500094,Belize,Cargo,Encounter,25/11/2025 15:16,Asia/Manila,+08:00,14.57993,120.59577,24723
DEMO VESSEL 014 ,548000014,8500147,Philippines,Cargo,Encounter,2025-11-01 09:43:00,Asia/Manila,+08:00,14.33817,120.665,2100
DEMO VESSEL 040,548000040,8500408,Philippines,Other,Port visit,2025-11-16 07:26:00,Asia/Manila,+08:00,14.8414,120.70397,1227
DEMO VESSEL 007,548000007,8500070,Philippines,Cargo,Encounter,2025-11-09 23:55:00,UTC,+00:00,14.48732,120.49612,20927
DEMO VESSEL 028,548000028,8500288,Philippines,Other,Encounter,27/11/2025 11:24,Asia/Manila,+08:00,14.27709,120.53755,35351
DEMO VESSEL 038,548000038,8500381,Philippines,Dredging,Port visit,2025-11-07 13:15:00,Asia/Manila,+08:00,14.76931,120.66167,25629
DEMO VESSEL 019,548000019,8500197,Philippines,Cargo,Port visit,2025-11-15 10:47:00,UTC,+00:00,14.54398,120.45509,24130
DEMO VESSEL 039,548000039,8500393,Philippines,Dredging,Port visit,03/11/2025 16:41,Asia/Manila,+08:00,14.77845,120.71534,1897
DEMO VESSEL 004,548000004,,Philippines,Dredging,Fishing event,2025-11-06 18:08:00,UTC,+00:00,14.40376,120.38689,24038
DEMO VESSEL 007,548000007,8500070,Philippines,Cargo,Loitering,2025-11-01 20:10:00,Asia/Manila,+08:00,14.81842,120.71147,2978
DEMO VESSEL 013,548000013,8500135,Philippines,Other,Loitering,2025-11-09 21:46:00,UTC,+00:00,14.73062,120.68902,31922
DEMO VESSEL 020,548000020,8500202,Philippines,Other,Loitering,2025-11-25 15:39:00,UTC,+00:00,14.41404,120.58761,13045
DEMO VESSEL 031,548000031,8500317,Philippines,Cargo,Encounter,2025-11-03 17:33:00,Asia/Manila,+08:00,14.22857,120.46824,11607
DEMO VESSEL 018,548000018,8500185,Philippines,Cargo,Loitering,07/11/2025 09:45,Asia/Manila,+08:00,14.30405,120.55582,39308
DEMO VESSEL 024,548000024,8500240,Philippines,Cargo,Encounter,2025-11-07 13:36:00,Asia/Manila,+08:00,14.35744,120.3213,22964
DEMO VESSEL 024,548000024,8500240,Philippines,Cargo,Encounter,2025-11-19 19:45:00,UTC,+00:00,14.61833,120.48927,25117
DEMO VESSEL 027,548000027,8500276,Philippines,Cargo,Encounter,2025-11-18 06:23:00,Asia/Manila,+08:00,14.72553,120.86099,31327
DEMO VESSEL 022,548000022,8500226,Sierra Leone,Dredging,Port visit,2025-11-01 14:36:00,Asia/Manila,+08:00,14.4312,120.76897,24886
DEMO VESSEL 002,548000002,8500020,Philippines,Cargo,Encounter,2025-11-20 19:18:00,Asia/Manila,+08:00,14.53722,120.50177,17414
DEMOVESSEL011,548000011,8500111,Philippines,Other,Loitering,2025-11-13 01:00:00,Asia/Manila,+08:00,14.22615,120.43467,30977
demo vessel 014,548000014,8500147,Philippines,Cargo,Fishing event,10/11/2025 17:43,Asia/Manila,+08:00,14.57969,120.69459,6840
DEMOVESSEL016,548000016,8500161,Philippines,Dredging,Fishing event,2025-11-19 12:00:00,Asia/Manila,+08:00,14.62741,120.72822,1889
demo vessel 011,548000011,8500111,Philippines,Other,Fishing event,04/11/2025 17:49,Asia/Manila,+08:00,14.87841,120.58045,566
DEMO VESSEL 009,548000009,8500094,Belize,Cargo,Loitering,2025-11-17 01:39:00,UTC,+00:00,14.27366,120.58364,38416
DEMO VESSEL 031,548000031,8500317,Philippines,Cargo,Loitering,02/11/2025 07:10,UTC,+00:00,14.75304,120.35378,7020
DEMO VESSEL 011,548000011,8500111,Philippines,Other,Loitering,2025-11-26 17:04:00,UTC,+00:00,14.4166,120.79429,14096
DEMO VESSEL 003 ,548000003,8500032,Philippines,Cargo,Loitering,26/11/2025 08:55,Asia/Manila,+08:00,14.87787,120.8315,4551
DEMO VESSEL 030,548000030,8500305,Philippines,Cargo,Loitering,2025-11-07 23:00:00,Asia/Manila,+08:00,14.84492,120.85762,21544
DEMO VESSEL 036,548000036,8500367,Sierra Leone,Cargo,Loitering,2025-11-16 16:02:00,Asia/Manila,+08:00,14.86072,120.4312,13158
DEMO VESSEL 018,548000018,8500185,Philippines,Cargo,Port visit,2025-11-17 14:13:00,Asia/Manila,+08:00,14.24462,120.42397,13923
DEMO VESSEL 036,548000036,8500367,Sierra Leone,Cargo,Encounter,2025-11-20 16:36:00,Asia/Manila,+08:00,14.48828,120.66182,33354
DEMO VESSEL 034,548000034,8500343,Belize,Cargo,Encounter,20/11/2025 20:13,UTC,+00:00,14.8124,120.36834,15379
DEMO VESSEL 001,548000001,8500018,Philippines,Dredging,Loitering,2025-11-16 07:54:00,Asia/Manila,+08:00,14.58939,120.36893,37063
DEMO VESSEL 022,548000022,8500226,Sierra Leone,Dredging,Loitering,02/11/2025 03:28,UTC,+00:00,14.8346,120.4851,17688
DEMO VESSEL 028 ,548000028,8500288,Philippines,Other,Loitering,17/11/2025 03:13,Asia/Manila,+08:00,14.68321,120.36276,33047
DEMO VESSEL 007,667000007,8500070,Sierra Leone,Cargo,Loitering,03/11/2025 04:36,Asia/Manila,+08:00,14.28024,120.51204,21889
DEMO VESSEL 007,548000007,8500070,Philippines,Cargo,Encounter,2025-11-09 15:21:00,UTC,+00:00,14.69847,120.73233,13365
DEMO VESSEL 007,548000007,8500070,Philippines,Cargo,Encounter,21/11/2025 21:18,UTC,+00:00,14.38103,120.48438,21643
AIS TEST SHIP,100900301,,,,Fishing event,06/11/2025 12:18,UTC,+00:00,14.58969,120.704,37062
DEMO VESSEL 039,548000039,8500393,Philippines,Dredging,Port visit,2025-11-10 23:05:00,UTC,+00:00,14.76477,120.73095,35529
DEMO VESSEL 027,548000027,8500276,Philippines,Cargo,Encounter,26/11/2025 04:27,Asia/Manila,+08:00,14.53238,120.313,14033
DEMO VESSEL 025,548000025,8500252,Philippines,Dredging,Fishing event,2025-11-21 22:15:00,UTC,+00:00,14.34464,120.89116,33830
DEMO VESSEL 030,548000030,8500305,Philippines,Cargo,Encounter,2025-11-24 06:45:00,Asia/Manila,+08:00,14.43321,120.76343,9841
DEMO VESSEL 005,548000005,1234568,Sierra Leone,Dredging,Fishing event,2025-11-11 13:25:00,UTC,+00:00,14.38249,120.33278,20518
DEMO VESSEL 001,548000001,8500018,Philippines,Dredging,Fishing event,2025-11-03 05:15:00,Asia/Manila,+08:00,14.30957,120.54511,15470
DEMO VESSEL 023,548000023,8500238,Belize,Cargo,Fishing event,2025-11-24 18:10:00,Asia/Manila,+08:00,14.69588,120.74754,4855
demo vessel 020,548000020,8500202,Philippines,Other,Loitering,2025-11-07 06:59:00,Asia/Manila,+08:00,14.83609,120.76799,30688
DEMO VESSEL 005 ,548000005,1234568,Sierra Leone,Dredging,Fishing event,04/11/2025 19:07,Asia/Manila,+08:00,14.33966,120.74764,551
DEMO VESSEL 009,548000009,8500094,Belize,Cargo,Loitering,2025-11-23 07:17:00,Asia/Manila,+08:00,14.892,120.73512,32296
DEMO VESSEL 036,548000036,8500367,Sierra Leone,Cargo,Fishing event,2025-11-09 00:07:00,Asia/Manila,+08:00,14.56445,120.36862,577
DEMO VESSEL 013,548000013,8500135,Philippines,Other,Loitering,23/11/2025 00:18,Asia/Manila,+08:00,14.381,120.76834,4957
DEMO VESSEL 030,548000030,8500305,Philippines,Cargo,Fishing event,2025-11-11 00:06:00,Asia/Manila,+08:00,14.28746,120.70414,15959
DEMO VESSEL 040,548000040,8500408,Philippines,Other,Port visit,2025-11-25 14:19:00,Asia/Manila,+08:00,14.35442,120.53058,19628
DEMO VESSEL 020,548000020,8500202,Philippines,Other,Port visit,11/11/2025 12:48,Asia/Manila,+08:00,14.70488,120.89229,20234
DEMO VESSEL 029,548000029,8500290,Philippines,Other,Loitering,2025-11-06 07:22:00,Asia/Manila,+08:00,14.68161,120.73245,22252
DEMO VESSEL 022,548000022,8500226,Sierra Leone,Dredging,Encounter,10/11/2025 22:30,Asia/Manila,+08:00,14.25845,120.68427,21143
DEMO VESSEL 038,548000038,8500381,Philippines,Dredging,Port visit,2025-11-06 02:02:00,UTC,+00:00,14.2572,120.81599,25160
DEMO VESSEL 001,548000001,8500018,Philippines,Dredging,Fishing event,2025-11-21 19:20:00,Asia/Manila,+08:00,14.2478,120.56532,23364
DEMO VESSEL 026,548000026,8500264,Philippines,Cargo,Port visit,2025-11-23 15:46:00,Asia/Manila,+08:00,14.26719,120.70445,12973
DEMOVESSEL023,548000023,8500238,Belize,Cargo,Fishing event,2025-11-09 09:41:00,Asia/Manila,+08:00,14.67409,120.75389,25785
DEMO VESSEL 006,548000006,64,Philippines,Dredging,Encounter,24/11/2025 19:01,Asia/Manila,+08:00,14.41899,120.70331,19445
DEMO VESSEL 006,548000006,64,Philippines,Dredging,Fishing event,2025-11-10 14:01:00,UTC,+00:00,14.65599,120.60708,25692
DEMO VESSEL 014,548000014,8500147,Philippines,Cargo,Port visit,2025-11-24 21:20:00,Asia/Manila,+08:00,14.702,120.8005,26009
DEMO VESSEL 031,548000031,8500317,Philippines,Cargo,Loitering,07/11/2025 01:47,Asia/Manila,+08:00,14.37098,120.53337,34042
DEMO VESSEL 025,548000025,8500252,Philippines,Dredging,Fishing event,15/11/2025 20:33,Asia/Manila,+08:00,14.45744,120.68407,23808
DEMOVESSEL029,548000029,8500290,Philippines,Other,Port visit,2025-11-26 03:17:00,Asia/Manila,+08:00,14.39704,120.4386,23378
DEMO VESSEL 017,548000017,8500173,Philippines,Other,Port visit,2025-11-18 13:13:00,Asia/Manila,+08:00,14.79638,120.48381,36963
DEMO VESSEL 036,548000036,8500367,Sierra Leone,Cargo,Fishing event,2025-11-22 16:23:00,Asia/Manila,+08:00,14.49673,120.51257,16431
AIS TEST SHIP,100900301,,,,Loitering,2025-11-26 14:51:00,Asia/Manila,+08:00,14.74639,120.61499,9743
DEMO VESSEL 009,548000009,8500094,Belize,Cargo,Encounter,2025-11-18 09:04:00,UTC,+00:00,14.46909,120.34622,38018
DEMO VESSEL 013,548000013,8500135,Philippines,Other,Loitering,12/11/2025 08:33,Asia/Manila,+08:00,14.6906,120.88099,3974
DEMO VESSEL 013,548000013,8500135,Philippines,Other,Port visit,2025-11-12 13:00:00,Asia/Manila,+08:00,14.63352,120.76874,2774
DEMO VESSEL 010,548000010,8500109,Belize,Other,Encounter,13/11/2025 05:41,UTC,+00:00,14.59794,120.52888,32843
DEMO VESSEL 032,548000032,8500329,Philippines,Cargo,Port visit,2025-11-19 20:23:00,Asia/Manila,+08:00,14.21359,120.34467,34665
DEMOVESSEL003,548000003,8500032,Philippines,Cargo,Port visit,2025-11-20 03:55:00,Asia/Manila,+08:00,14.25999,120.37481,31619
DEMO VESSEL 033,548000033,8500331,Philippines,Cargo,Encounter,2025-11-26 06:09:00,Asia/Manila,+08:00,14.31565,120.6914,21860
DEMO VESSEL 033,548000033,8500331,Philippines,Cargo,Fishing event,05/11/2025 04:35,Asia/Manila,+08:00,14.20303,120.64593,36570
DEMO VESSEL 007,667000007,8500070,Sierra Leone,Cargo,Loitering,25/11/2025 17:43,Asia/Manila,+08:00,14.84463,120.78426,17798
DEMO VESSEL 015 ,548000015,8500159,Philippines,Cargo,Encounter,2025-11-04 13:49:00,Asia/Manila,+08:00,14.64465,120.67781,1390
DEMO VESSEL 017,548000017,8500173,Philippines,Other,Port visit,2025-11-15 13:16:00,Asia/Manila,+08:00,14.61286,120.80568,24082
DEMO VESSEL 006,548000006,64,Philippines,Dredging,Encounter,2025-11-10 21:16:00,UTC,+00:00,14.49851,120.7375,20582
DEMO VESSEL 017,548000017,8500173,Philippines,Other,Fishing event,2025-11-01 02:47:00,UTC,+00:00,14.80606,120.43272,4193
DEMO VESSEL 031,548000031,8500317,Philippines,Cargo,Fishing event,2025-11-11 20:47:00,UTC,+00:00,14.40355,120.31613,23204
AIS TEST SHIP,100900301,,,,Port visit,2025-11-12 08:48:00,UTC,+00:00,14.88542,120.72538,22468
DEMO VESSEL 014,548000014,8500147,Philippines,Cargo,Port visit,2025-11-02 01:28:00,Asia/Manila,+08:00,14.85673,120.45458,20552
DEMO VESSEL 021,548000021,8500214,Belize,Dredging,Encounter,2025-11-23 19:28:00,UTC,+00:00,14.76637,120.59646,29821
DEMO VESSEL 012,548000012,8500123,Philippines,Dredging,Loitering,2025-11-02 01:50:00,Asia/Manila,+08:00,14.56479,120.43297,26586
DEMO VESSEL 029,548000029,8500290,Philippines,Other,Loitering,10/11/2025 00:27,Asia/Manila,+08:00,14.72011,120.67727,27987
DEMO VESSEL 034,548000034,8500343,Belize,Cargo,Encounter,2025-11-09 23:35:00,Asia/Manila,+08:00,14.39257,120.56778,22140
DEMO VESSEL 004,548000004,,Philippines,Dredging,Port visit,16/11/2025 21:07,Asia/Manila,+08:00,14.64348,120.59518,38046
DEMO VESSEL 035 ,548000035,8500355,Philippines,Other,Loitering,2025-11-02 12:17:00,Asia/Manila,+08:00,14.76464,120.79951,7811
DEMO VESSEL 002,548000002,8500020,Philippines,Cargo,Encounter,2025-11-20 19:15:00,Asia/Manila,+08:00,14.42466,120.84956,1919
DEMO VESSEL 021,548000021,8500214,Belize,Dredging,Fishing event,2025-11-17 15:56:00,Asia/Manila,+08:00,14.26054,120.58015,18239
DEMO VESSEL 027,548000027,8500276,Philippines,Cargo,Loitering,2025-11-17 09:20:00,Asia/Manila,+08:00,14.73039,120.75841,28735
DEMO VESSEL 005,548000005,1234568,Sierra Leone,Dredging,Loitering,2025-11-02 06:11:00,Asia/Manila,+08:00,14.22388,120.77686,32009
DEMO VESSEL 001,548000001,8500018,Philippines,Dredging,Fishing event,03/11/2025 10:54,UTC,+00:00,14.63876,120.83246,15685
DEMO VESSEL 016,548000016,8500161,Philippines,Dredging,Loitering,26/11/2025 01:57,Asia/Manila,+08:00,14.58179,120.87054,14046
DEMO VESSEL 012,548000012,8500123,Philippines,Dredging,Port visit,09/11/2025 22:59,Asia/Manila,+08:00,14.22792,120.39372,22986
DEMO VESSEL 007,548000007,8500070,Philippines,Cargo,Loitering,12/11/2025 06:03,Asia/Manila,+08:00,14.32113,120.4385,11482
DEMO VESSEL 027,548000027,8500276,Philippines,Cargo,Port visit,15/11/2025 07:08,Asia/Manila,+08:00,14.42866,120.64019,12686
DEMO VESSEL 010,548000010,8500109,Belize,Other,Loitering,2025-11-22 00:10:00,Asia/Manila,+08:00,14.78575,120.52071,23305
DEMO VESSEL 003,548000003,8500032,Philippines,Cargo,Encounter,2025-11-20 01:53:00,Asia/Manila,+08:00,14.75216,120.44381,8298
DEMO VESSEL 029,548000029,8500290,Philippines,Other,Encounter,15/11/2025 18:37,Asia/Manila,+08:00,14.67336,120.46084,39955
DEMO VESSEL 033,548000033,8500331,Philippines,Cargo,Port visit,16/11/2025 11:26,UTC,+00:00,14.70047,120.81429,10601
DEMO VESSEL 021,548000021,8500214,Belize,Dredging,Encounter,2025-11-16 15:14:00,Asia/Manila,+08:00,14.40554,120.69516,39046
DEMO VESSEL 035,548000035,8500355,Philippines,Other,Loitering,2025-11-01 16:06:00,UTC,+00:00,14.47498,120.40272,36596
DEMO VESSEL 012,548000012,8500123,Philippines,Dredging,Port visit,2025-11-26 14:13:00,Asia/Manila,+08:00,14.7108,120.47105,39516
DEMO VESSEL 037,548000037,8500379,Belize,Cargo,Fishing event,14/11/2025 11:15,Asia/Manila,+08:00,14.25701,120.67468,464
DEMO VESSEL 001,548000001,8500018,Philippines,Dredging,Encounter,2025-11-22 09:14:00,Asia/Manila,+08:00,14.26891,120.68025,2197
DEMO VESSEL 003,548000003,8500032,Philippines,Cargo,Loitering,2025-11-27 18:49:00,Asia/Manila,+08:00,14.26317,120.65989,15762
DEMO VESSEL 029,548000029,8500290,Philippines,Other,Fishing event,2025-11-22 15:14:00,UTC,+00:00,14.23451,120.38141,8715
DEMO VESSEL 007,667000007,8500070,Sierra Leone,Cargo,Loitering,2025-11-11 19:48:00,Asia/Manila,+08:00,14.33717,120.65329,35705
DEMO VESSEL 017,548000017,8500173,Philippines,Other,Encounter,2025-11-21 18:54:00,Asia/Manila,+08:00,14.75543,120.7151,22678
DEMO VESSEL 040,548000040,8500408,Philippines,Other,Port visit,2025-11-22 16:02:00,Asia/Manila,+08:00,14.50444,120.68288,20271
DEMO VESSEL 029,548000029,8500290,Philippines,Other,Loitering,10/11/2025 07:36,Asia/Manila,+08:00,14.69976,120.3695,23394
DEMOVESSEL013,548000013,8500135,Philippines,Other,Loitering,18/11/2025 09:11,UTC,+00:00,14.79848,120.41519,26910
DEMO VESSEL 013,548000013,8500135,Philippines,Other,Encounter,2025-11-15 06:59:00,Asia/Manila,+08:00,14.30218,120.88481,586
demo vessel 039,548000039,8500393,Philippines,Dredging,Loitering,24/11/2025 03:02,Asia/Manila,+08:00,14.73863,120.40528,25940
DEMO VESSEL 029,548000029,8500290,Philippines,Other,Loitering,2025-11-02 07:49:00,Asia/Manila,+08:00,14.32753,120.46954,38785
DEMO VESSEL 014,548000014,8500147,Philippines,Cargo,Port visit,2025-11-02 14:40:00,Asia/Manila,+08:00,14.82243,120.56486,30565
DEMO VESSEL 004,548000004,,Philippines,Dredging,Fishing event,2025-11-09 02:15:00,Asia/Manila,+08:00,14.47622,120.66933,8446
DEMO VESSEL 020,548000020,8500202,Philippines,Other,Loitering,2025-11-09 15:28:00,UTC,+00:00,14.88603,120.39133,4905
DEMO VESSEL 009,548000009,8500094,Belize,Cargo,Fishing event,21/11/2025 19:22,Asia/Manila,+08:00,14.31344,120.81059,37052
DEMO VESSEL 022,548000022,8500226,Sierra Leone,Dredging,Encounter,2025-11-11 14:46:00,Asia/Manila,+08:00,14.63834,120.73404,1353
DEMO VESSEL 016,548000016,8500161,Philippines,Dredging,Port visit,21/11/2025 12:46,Asia/Manila,+08:00,14.53658,120.77226,19686
DEMO VESSEL 036,548000036,8500367,Sierra Leone,Cargo,Loitering,2025-11-15 19:16:00,UTC,+00:00,14.48631,120.48485,21888
DEMO VESSEL 010,548000010,8500109,Belize,Other,Encounter,2025-11-04 12:31:00,Asia/Manila,+08:00,14.82077,120.70985,28804
DEMO VESSEL 003,548000003,8500032,Philippines,Cargo,Port visit,12/11/2025 00:05,Asia/Manila,+08:00,14.85929,120.86927,33389
DEMO VESSEL 013,548000013,8500135,Philippines,Other,Port visit,2025-11-27 15:52:00,Asia/Manila,+08:00,14.24069,120.77198,891
DEMO VESSEL 037 ,548000037,8500379,Belize,Cargo,Encounter,2025-11-26 07:20:00,UTC,+00:00,14.68771,120.4226,24286
DEMO VESSEL 027,548000027,8500276,Philippines,Cargo,Encounter,2025-11-08 18:19:00,Asia/Manila,+08:00,14.2913,120.71423,2952
DEMO VESSEL 009,548000009,8500094,Belize,Cargo,Port visit,2025-11-08 18:11:00,UTC,+00:00,14.34694,120.81506,23562
DEMO VESSEL 011,548000011,8500111,Philippines,Other,Port visit,2025-11-01 23:03:00,Asia/Manila,+08:00,14.24607,120.7194,19173
DEMO VESSEL 001,548000001,8500018,Philippines,Dredging,Loitering,2025-11-10 11:39:00,Asia/Manila,+08:00,14.2935,120.39191,36294
DEMO VESSEL 001,548000001,8500018,Philippines,Dredging,Fishing event,2025-11-14 19:49:00,Asia/Manila,+08:00,14.2471,120.65637,16338
DEMO VESSEL 022,548000022,8500226,Sierra Leone,Dredging,Fishing event,2025-11-05 14:20:00,UTC,+00:00,14.51491,120.44727,31489
DEMO VESSEL 018,548000018,8500185,Philippines,Cargo,Encounter,01/11/2025 23:11,Asia/Manila,+08:00,14.67424,120.52139,7070
DEMO VESSEL 003,548000003,8500032,Philippines,Cargo,Encounter,14/11/2025 10:28,UTC,+00:00,14.29346,120.40409,13319
DEMO VESSEL 019,548000019,8500197,Philippines,Cargo,Loitering,14/11/2025 15:59,Asia/Manila,+08:00,14.3628,120.75562,29075
DEMO VESSEL 029,548000029,8500290,Philippines,Other,Port visit,2025-11-01 22:42:00,Asia/Manila,+08:00,14.26393,120.62614,6968
DEMO VESSEL 031,548000031,8500317,Philippines,Cargo,Port visit,2025-11-22 00:22:00,Asia/Manila,+08:00,14.2194,120.38046,5898
DEMO VESSEL 009,548000009,8500094,Belize,Cargo,Encounter,2025-11-17 23:18:00,Asia/Manila,+08:00,14.83813,120.35027,12919
DEMO VESSEL 003,548000003,8500032,Philippines,Cargo,Loitering,2025-11-15 11:44:00,Asia/Manila,+08:00,14.7764,120.80991,30304
DEMOVESSEL007,548000007,8500070,Philippines,Cargo,Encounter,23/11/2025 19:36,UTC,+00:00,14.82821,120.3501,33606
DEMO VESSEL 011,548000011,8500111,Philippines,Other,Loitering,2025-11-14 01:00:00,UTC,+00:00,14.41711,120.86505,15581
DEMO VESSEL 003,548000003,8500032,Philippines,Cargo,Fishing event,2025-11-16 21:06:00,UTC,+00:00,14.66098,120.351,11357
DEMO VESSEL 001,548000001,8500018,Philippines,Dredging,Loitering,26/11/2025 18:36,Asia/Manila,+08:00,14.60847,120.40231,9984
DEMO VESSEL 040,548000040,8500408,Philippines,Other,Port visit,2025-11-17 22:33:00,Asia/Manila,+08:00,14.78767,120.81081,10571
DEMO VESSEL 027,548000027,8500276,Philippines,Cargo,Port visit,2025-11-27 20:23:00,Asia/Manila,+08:00,14.54431,120.54887,37805
DEMO VESSEL 021,548000021,8500214,Belize,Dredging,Encounter,2025-11-25 21:30:00,UTC,+00:00,14.26936,120.80762,10110
DEMO VESSEL 034 ,548000034,8500343,Belize,Cargo,Loitering,2025-11-15 09:43:00,UTC,+00:00,14.86094,120.7562,15039
DEMO VESSEL 025,548000025,8500252,Philippines,Dredging,Port visit,2025-11-17 01:50:00,Asia/Manila,+08:00,14.70435,120.81961,35390
DEMO VESSEL 020,548000020,8500202,Philippines,Other,Encounter,2025-11-16 16:04:00,Asia/Manila,+08:00,14.54087,120.64431,22897
DEMO VESSEL 005,548000005,1234568,Sierra Leone,Dredging,Fishing event,2025-11-12 23:27:00,Asia/Manila,+08:00,14.81341,120.85236,13134
DEMO VESSEL 007,548000007,8500070,Philippines,Cargo,Port visit,17/11/2025 05:12,Asia/Manila,+08:00,14.30665,120.70382,23193
DEMO VESSEL 015,548000015,8500159,Philippines,Cargo,Fishing event,02/11/2025 13:27,UTC,+00:00,14.37991,120.58924,5508
DEMOVESSEL029,548000029,8500290,Philippines,Other,Loitering,2025-11-13 07:38:00,Asia/Manila,+08:00,14.20394,120.4985,450
DEMO VESSEL 016,548000016,8500161,Philippines,Dredging,Fishing event,02/11/2025 22:57,Asia/Manila,+08:00,14.30942,120.4485,10927
DEMO VESSEL 012,548000012,8500123,Philippines,Dredging,Loitering,08/11/2025 01:24,Asia/Manila,+08:00,14.50053,120.59423,3450
DEMO VESSEL 008,548000008,8500082,Belize,Dredging,Port visit,2025-11-07 00:52:00,UTC,+00:00,14.75402,120.84286,27866
DEMO VESSEL 014,548000014,8500147,Philippines,Cargo,Fishing event,2025-11-26 13:03:00,Asia/Manila,+08:00,14.64132,120.85082,10677
DEMO VESSEL 016,548000016,8500161,Philippines,Dredging,Fishing event,2025-11-14 23:56:00,Asia/Manila,+08:00,14.72984,120.30713,31988
DEMO VESSEL 006,548000006,64,Philippines,Dredging,Fishing event,12/11/2025 20:21,UTC,+00:00,14.20521,120.4891,39270
DEMO VESSEL 005,548000005,1234568,Sierra Leone,Dredging,Encounter,2025-11-21 05:30:00,Asia/Manila,+08:00,14.42609,120.63826,7155
DEMO VESSEL 011,548000011,8500111,Philippines,Other,Encounter,2025-11-26 12:20:00,Asia/Manila,+08:00,14.36653,120.71661,29823
DEMO VESSEL 025,548000025,8500252,Philippines,Dredging,Port visit,2025-11-23 17:19:00,Asia/Manila,+08:00,14.78155,120.45734,15626
DEMO VESSEL 013,548000013,8500135,Philippines,Other,Encounter,2025-11-26 12:01:00,Asia/Manila,+08:00,14.2155,120.80787,16899
DEMO VESSEL 036,548000036,8500367,Sierra Leone,Cargo,Port visit,2025-11-26 00:30:00,Asia/Manila,+08:00,14.78909,120.6085,5235
DEMO VESSEL 003,548000003,8500032,Philippines,Cargo,Fishing event,2025-10-16 12:47:00,Asia/Manila,+08:00,14.85736,120.86489,25522
DEMO VESSEL 027,548000027,8500276,Philippines,Cargo,Encounter,2025-11-12 19:45:00,Asia/Manila,+08:00,14.63345,120.78795,16726
DEMO VESSEL 026,548000026,8500264,Philippines,Cargo,Encounter,2025-11-24 04:53:00,Asia/Manila,+08:00,14.44254,120.67695,34784
DEMO VESSEL 039,548000039,8500393,Philippines,Dredging,Encounter,2025-11-01 18:07:00,Asia/Manila,+08:00,14.53098,120.84098,39830
DEMO VESSEL 017,548000017,8500173,Philippines,Other,Encounter,25/11/2025 15:34,Asia/Manila,+08:00,14.51662,120.63791,14507
DEMO VESSEL 004,548000004,,Philippines,Dredging,Encounter,21/11/2025 04:49,Asia/Manila,+08:00,14.55113,120.89537,29626
DEMOVESSEL019,548000019,8500197,Philippines,Cargo,Fishing event,2025-11-11 09:32:00,UTC,+00:00,14.28746,120.71178,26555
DEMO VESSEL 028,548000028,8500288,Philippines,Other,Encounter,2025-11-06 17:41:00,UTC,+00:00,14.3325,120.69816,37925
DEMO VESSEL 013,548000013,8500135,Philippines,Other,Port visit,03/11/2025 18:17,Asia/Manila,+08:00,14.24707,120.58041,33041
DEMO VESSEL 028,548000028,8500288,Philippines,Other,Encounter,2025-11-18 00:49:00,Asia/Manila,+08:00,14.52871,120.66516,3824
DEMO VESSEL 026 ,548000026,8500264,Philippines,Cargo,Port visit,2025-11-14 04:57:00,Asia/Manila,+08:00,14.80729,120.46504,26106
DEMO VESSEL 015,548000015,8500159,Philippines,Cargo,Fishing event,04/11/2025 15:18,Asia/Manila,+08:00,14.38003,120.87781,3363
DEMO VESSEL 035,548000035,8500355,Philippines,Other,Fishing event,2025-11-02 03:50:00,Asia/Manila,+08:00,14.73848,120.50738,33467
DEMO VESSEL 032,548000032,8500329,Philippines,Cargo,Port visit,2025-11-18 17:28:00,Asia/Manila,+08:00,14.37847,120.84835,21867
DEMO VESSEL 005,548000005,1234568,Sierra Leone,Dredging,Port visit,2025-11-10 19:13:00,Asia/Manila,+08:00,14.33433,120.53774,21643
DEMO VESSEL 005,548000005,1234568,Sierra Leone,Dredging,Loitering,2025-11-24 08:26:00,Asia/Manila,+08:00,14.48955,120.46685,16908
DEMO VESSEL 016,548000016,8500161,Philippines,Dredging,Fishing event,14/11/2025 23:50,Asia/Manila,+08:00,14.71358,120.69127,20158
demo vessel 016,548000016,8500161,Philippines,Dredging,Loitering,2025-11-23 10:39:00,Asia/Manila,+08:00,14.84354,120.55354,19084
DEMO VESSEL 001,548000001,8500018,Philippines,Dredging,Loitering,2025-11-08 01:36:00,Asia/Manila,+08:00,14.50873,120.55127,4381
demo vessel 012,548000012,8500123,Philippines,Dredging,Port visit,25/11/2025 16:41,Asia/Manila,+08:00,14.25201,120.69007,6364
DEMO VESSEL 040,548000040,8500408,Philippines,Other,Fishing event,19/11/2025 09:41,Asia/Manila,+08:00,14.61639,120.45739,3075
DEMO VESSEL 034,548000034,8500343,Belize,Cargo,Encounter,2025-11-21 16:26:00,Asia/Manila,+08:00,14.40788,120.54575,32031
AISTESTSHIP,100900301,,,,Port visit,2025-11-15 20:02:00,UTC,+00:00,14.40003,120.39856,16944
DEMO VESSEL 033,548000033,8500331,Philippines,Cargo,Loitering,2025-11-21 06:56:00,Asia/Manila,+08:00,14.50696,120.74304,30367
DEMO VESSEL 039,548000039,8500393,Philippines,Dredging,Fishing event,2025-11-24 20:18:00,Asia/Manila,+08:00,14.53538,120.34651,8493
DEMOVESSEL036,548000036,8500367,Sierra Leone,Cargo,Fishing event,2025-11-14 09:57:00,UTC,+00:00,14.39846,120.71952,7845
DEMO VESSEL 013,548000013,8500135,Philippines,Other,Loitering,2025-11-17 13:50:00,Asia/Manila,+08:00,14.46593,120.58737,13549
DEMO VESSEL 039,548000039,8500393,Philippines,Dredging,Fishing event,2025-11-02 03:43:00,UTC,+00:00,14.70533,120.40213,30637
DEMO VESSEL 002,548000002,8500020,Philippines,Cargo,Port visit,2025-11-07 08:41:00,UTC,+00:00,14.80524,120.88028,11650
DEMO VESSEL 014,548000014,8500147,Philippines,Cargo,Fishing event,13/11/2025 05:53,Asia/Manila,+08:00,14.78627,120.83655,14223
DEMO VESSEL 015,548000015,8500159,Philippines,Cargo,Port visit,2025-11-24 00:53:00,UTC,+00:00,14.266,120.62453,8299
DEMO VESSEL 040,548000040,8500408,Philippines,Other,Encounter,2025-11-18 15:49:00,Asia/Manila,+08:00,14.46535,120.73586,18518
DEMO VESSEL 024,548000024,8500240,Philippines,Cargo,Encounter,2025-11-04 20:40:00,UTC,+00:00,14.77783,120.51636,34131
DEMO VESSEL 005,548000005,1234568,Sierra Leone,Dredging,Encounter,2025-11-15 09:52:00,Asia/Manila,+08:00,14.62702,120.39221,18132
DEMO VESSEL 036,548000036,8500367,Sierra Leone,Cargo,Loitering,2025-11-25 02:41:00,Asia/Manila,+08:00,14.51697,120.58992,28783
DEMO VESSEL 032,548000032,8500329,Philippines,Cargo,Port visit,06/11/2025 11:30,Asia/Manila,+08:00,14.36105,120.62248,16806
DEMO VESSEL 037,548000037,8500379,Belize,Cargo,Fishing event,2025-11-15 02:04:00,Asia/Manila,+08:00,14.47988,120.77567,11364
DEMO VESSEL 016,548000016,8500161,Philippines,Dredging,Fishing event,02/11/2025 17:22,UTC,+00:00,14.20344,120.4525,32604
DEMO VESSEL 007,548000007,8500070,Philippines,Cargo,Loitering,2025-11-26 19:46:00,Asia/Manila,+08:00,14.83483,120.61466,580
DEMO VESSEL 013,548000013,8500135,Philippines,Other,Encounter,2025-11-21 05:02:00,Asia/Manila,+08:00,14.35738,120.46495,33152
DEMO VESSEL 010,548000010,8500109,Belize,Other,Loitering,2025-11-05 17:11:00,Asia/Manila,+08:00,14.37875,120.58283,12411
DEMO VESSEL 036,548000036,8500367,Sierra Leone,Cargo,Fishing event,17/11/2025 01:49,UTC,+00:00,14.38906,120.3268,32606
DEMO VESSEL 001,548000001,8500018,Philippines,Dredging,Loitering,26/11/2025 20:09,UTC,+00:00,14.28837,120.87921,6834
DEMO VESSEL 007,667000007,8500070,Sierra Leone,Cargo,Loitering,2025-11-01 03:52:00,Asia/Manila,+08:00,14.42429,120.35955,4129
DEMO VESSEL 015,548000015,8500159,Philippines,Cargo,Encounter,12/11/2025 08:59,Asia/Manila,+08:00,14.6399,120.76364,26643
DEMO VESSEL 027,548000027,8500276,Philippines,Cargo,Port visit,2025-11-05 21:09:00,UTC,+00:00,14.70834,120.86403,32870
DEMO VESSEL 036,548000036,8500367,Sierra Leone,Cargo,Loitering,2025-11-09 05:55:00,Asia/Manila,+08:00,14.54907,120.73541,23603
DEMOVESSEL008,548000008,8500082,Belize,Dredging,Port visit,08/11/2025 05:03,Asia/Manila,+08:00,14.74419,120.45582,31381
DEMO VESSEL 030,548000030,8500305,Philippines,Cargo,Port visit,14/11/2025 00:15,Asia/Manila,+08:00,14.45643,120.31167,18701
DEMO VESSEL 027,548000027,8500276,Philippines,Cargo,Encounter,21/11/2025 08:22,Asia/Manila,+08:00,14.59659,120.60514,13383
DEMO VESSEL 039,548000039,8500393,Philippines,Dredging,Loitering,2025-11-04 06:20:00,Asia/Manila,+08:00,14.44725,120.72244,17326
DEMO VESSEL 028,548000028,8500288,Philippines,Other,Loitering,2025-11-10 14:26:00,Asia/Manila,+08:00,14.43958,120.74055,12808
AIS TEST SHIP ,100900301,,,,Encounter,2025-10-23 18:52:00,Asia/Manila,+08:00,14.55025,120.63796,21784
DEMO VESSEL 012,548000012,8500123,Philippines,Dredging,Loitering,2025-11-17 23:04:00,Asia/Manila,+08:00,14.79694,120.74661,2330
DEMO VESSEL 027,548000027,8500276,Philippines,Cargo,Fishing event,09/11/2025 03:46,Asia/Manila,+08:00,14.33692,120.59307,826
DEMO VESSEL 010,548000010,8500109,Belize,Other,Loitering,17/11/2025 17:38,Asia/Manila,+08:00,14.38015,120.58358,28885
DEMO VESSEL 020,548000020,8500202,Philippines,Other,Fishing event,2025-11-05 13:47:00,Asia/Manila,+08:00,14.38486,120.42175,17776
DEMO VESSEL 021,548000021,8500214,Belize,Dredging,Encounter,2025-11-26 11:05:00,UTC,+00:00,14.60155,120.84119,2138
DEMOVESSEL004,548000004,,Philippines,Dredging,Port visit,2025-11-21 16:38:00,Asia/Manila,+08:00,14.30744,120.89547,5380
DEMO VESSEL 037,548000037,8500379,Belize,Cargo,Loitering,12/11/2025 01:52,UTC,+00:00,14.47304,120.30426,23972
DEMO VESSEL 013,548000013,8500135,Philippines,Other,Encounter,2025-11-10 05:36:00,Asia/Manila,+08:00,14.40314,120.47055,26302
DEMO VESSEL 023,548000023,8500238,Belize,Cargo,Fishing event,16/11/2025 22:33,Asia/Manila,+08:00,14.8407,120.50785,10791
DEMO VESSEL 021,548000021,8500214,Belize,Dredging,Encounter,2025-11-27 14:28:00,Asia/Manila,+08:00,14.80612,120.62877,38603
DEMO VESSEL 019,548000019,8500197,Philippines,Cargo,Encounter,18/11/2025 13:36,Asia/Manila,+08:00,14.66467,120.60854,19524
DEMO VESSEL 020,548000020,8500202,Philippines,Other,Port visit,2025-11-11 00:29:00,Asia/Manila,+08:00,14.43784,120.82081,29202
DEMOVESSEL030,548000030,8500305,Philippines,Cargo,Encounter,2025-11-27 12:15:00,Asia/Manila,+08:00,14.73,120.42549,6185
AIS TEST SHIP,100900301,,,,Port visit,2025-11-17 14:44:00,Asia/Manila,+08:00,14.56144,120.7597,12595
DEMOVESSEL036,548000036,8500367,Sierra Leone,Cargo,Fishing event,20/11/2025 03:49,UTC,+00:00,14.80708,120.41679,21952
DEMO VESSEL 031,548000031,8500317,Philippines,Cargo,Encounter,2025-11-17 01:32:00,Asia/Manila,+08:00,14.35541,120.8168,30340
DEMO VESSEL 004,548000004,,Philippines,Dredging,Encounter,2025-11-21 21:39:00,UTC,+00:00,14.83494,120.87768,897
DEMO VESSEL 034,548000034,8500343,Belize,Cargo,Loitering,27/11/2025 15:55,Asia/Manila,+08:00,14.59372,120.50045,32198
DEMO VESSEL 011,548000011,8500111,Philippines,Other,Fishing event,13/11/2025 20:37,Asia/Manila,+08:00,14.75159,120.66257,25415
DEMO VESSEL 040,548000040,8500408,Philippines,Other,Fishing event,01/11/2025 18:04,Asia/Manila,+08:00,14.46094,120.41463,17066
DEMO VESSEL 032,548000032,8500329,Philippines,Cargo,Encounter,2025-11-25 13:56:00,Asia/Manila,+08:00,14.48667,120.63286,5425
DEMO VESSEL 027,548000027,8500276,Philippines,Cargo,Port visit,2025-11-04 16:59:00,Asia/Manila,+08:00,14.2895,120.44213,7500
DEMO VESSEL 031,548000031,8500317,Philippines,Cargo,Encounter,27/11/2025 04:24,UTC,+00:00,14.5047,120.70795,12729
DEMO VESSEL 016,548000016,8500161,Philippines,Dredging,Encounter,01/11/2025 16:31,Asia/Manila,+08:00,14.34815,120.61442,16107
DEMO VESSEL 009,548000009,8500094,Belize,Cargo,Encounter,2025-11-10 02:46:00,Asia/Manila,+08:00,14.75376,120.47851,1512
demo vessel 021,548000021,8500214,Belize,Dredging,Port visit,2025-11-27 17:08:00,Asia/Manila,+08:00,14.74225,120.37957,21553
DEMO VESSEL 040,548000040,8500408,Philippines,Other,Fishing event,2025-11-21 23:50:00,Asia/Manila,+08:00,14.68038,120.8924,16393
DEMO VESSEL 039,548000039,8500393,Philippines,Dredging,Encounter,2025-11-26 08:42:00,Asia/Manila,+08:00,14.8934,120.59238,11604
DEMO VESSEL 036,548000036,8500367,Sierra Leone,Cargo,Fishing event,2025-11-24 10:57:00,Asia/Manila,+08:00,14.796,120.79374,33390
DEMO VESSEL 007,667000007,8500070,Sierra Leone,Cargo,Fishing event,2025-11-22 19:13:00,Asia/Manila,+08:00,14.30187,120.78474,32010
DEMO VESSEL 033,548000033,8500331,Philippines,Cargo,Encounter,2025-11-26 19:10:00,UTC,+00:00,14.47396,120.69624,11634
DEMO VESSEL 009,548000009,8500094,Belize,Cargo,Fishing event,12/11/2025 12:19,UTC,+00:00,14.60247,120.62189,21570
DEMO VESSEL 015,548000015,8500159,Philippines,Cargo,Encounter,2025-11-14 00:45:00,UTC,+00:00,14.67311,120.4866,522
DEMO VESSEL 008,548000008,8500082,Belize,Dredging,Port visit,2025-11-20 18:40:00,UTC,+00:00,14.54329,120.37237,2942
DEMO VESSEL 038,548000038,8500381,Philippines,Dredging,Encounter,2025-11-26 04:38:00,Asia/Manila,+08:00,14.30302,120.39174,6205
DEMO VESSEL 040,548000040,8500408,Philippines,Other,Fishing event,02/11/2025 20:58,Asia/Manila,+08:00,14.60639,120.54518,5190
DEMO VESSEL 032,548000032,8500329,Philippines,Cargo,Port visit,2025-11-25 13:00:00,Asia/Manila,+08:00,14.73215,120.69629,13680
DEMO VESSEL 031,548000031,8500317,Philippines,Cargo,Loitering,2025-11-15 14:49:00,Asia/Manila,+08:00,14.79948,120.49094,7664
DEMO VESSEL 001,548000001,8500018,Philippines,Dredging,Encounter,2025-11-18 08:49:00,Asia/Manila,+08:00,14.50434,120.57223,33106
demo vessel 040,548000040,8500408,Philippines,Other,Encounter,2025-11-11 03:16:00,UTC,+00:00,14.49791,120.59887,11368
DEMO VESSEL 016,548000016,8500161,Philippines,Dredging,Loitering,2025-11-25 19:33:00,UTC,+00:00,14.45071,120.8287,12536
DEMO VESSEL 008,548000008,8500082,Belize,Dredging,Port visit,01/11/2025 15:12,Asia/Manila,+08:00,14.55628,120.66943,32447
DEMO VESSEL 013,548000013,8500135,Philippines,Other,Port visit,2025-11-18 09:13:00,Asia/Manila,+08:00,14.62309,120.65415,2665
DEMO VESSEL 009,548000009,8500094,Belize,Cargo,Port visit,2025-11-22 17:29:00,UTC,+00:00,14.20484,120.712,31643
DEMO VESSEL 010,548000010,8500109,Belize,Other,Fishing event,2025-10-08 02:38:00,UTC,+00:00,14.75307,120.44092,28862
DEMO VESSEL 018,548000018,8500185,Philippines,Cargo,Loitering,2025-11-20 00:36:00,UTC,+00:00,14.69301,120.62086,26421
DEMO VESSEL 018,548000018,8500185,Philippines,Cargo,Loitering,24/11/2025 12:13,Asia/Manila,+08:00,14.47866,120.3443,2772
DEMO VESSEL 013,548000013,8500135,Philippines,Other,Fishing event,2025-11-24 08:29:00,Asia/Manila,+08:00,14.30033,120.87132,31555
DEMO VESSEL 030,548000030,8500305,Philippines,Cargo,Loitering,2025-11-15 03:13:00,Asia/Manila,+08:00,14.73329,120.48535,5350
DEMO VESSEL 038,548000038,8500381,Philippines,Dredging,Fishing event,2025-11-12 09:55:00,Asia/Manila,+08:00,14.58884,120.45506,33653
DEMOVESSEL007,548000007,8500070,Philippines,Cargo,Fishing event,2025-11-26 13:16:00,Asia/Manila,+08:00,14.61128,120.6515,35182
DEMO VESSEL 002,548000002,8500020,Philippines,Cargo,Encounter,2025-11-13 11:37:00,Asia/Manila,+08:00,14.46343,120.84435,32206
DEMO VESSEL 007,548000007,8500070,Philippines,Cargo,Port visit,2025-11-22 06:10:00,Asia/Manila,+08:00,14.38761,120.57141,10786
DEMO VESSEL 014,548000014,8500147,Philippines,Cargo,Port visit,2025-11-27 00:13:00,UTC,+00:00,14.50653,120.61792,17751
DEMO VESSEL 018,548000018,8500185,Philippines,Cargo,Fishing event,07/11/2025 12:01,Asia/Manila,+08:00,14.89094,120.55233,22603
DEMOVESSEL032,548000032,8500329,Philippines,Cargo,Fishing event,2025-11-06 02:47:00,Asia/Manila,+08:00,14.54313,120.73218,3885
DEMO VESSEL 023 ,548000023,8500238,Belize,Cargo,Loitering,2025-11-25 02:09:00,Asia/Manila,+08:00,14.23293,120.49203,18005
DEMO VESSEL 026,548000026,8500264,Philippines,Cargo,Encounter,2025-11-22 12:02:00,Asia/Manila,+08:00,14.21559,120.67498,13231
DEMO VESSEL 007,548000007,8500070,Philippines,Cargo,Fishing event,04/11/2025 22:23,Asia/Manila,+08:00,14.58041,120.62147,7114
DEMO VESSEL 030,548000030,8500305,Philippines,Cargo,Fishing event,18/11/2025 19:17,Asia/Manila,+08:00,14.31426,120.51468,9155
DEMO VESSEL 009,548000009,8500094,Belize,Cargo,Fishing event,02/11/2025 22:19,Asia/Manila,+08:00,14.56388,120.7806,25761
DEMO VESSEL 023,548000023,8500238,Belize,Cargo,Loitering,2025-11-09 16:55:00,Asia/Manila,+08:00,14.42407,120.46125,8121
DEMO VESSEL 035 ,548000035,8500355,Philippines,Other,Loitering,2025-11-02 12:17:00,Asia/Manila,+08:00,14.76464,120.79951,7811
DEMO VESSEL 013,548000013,8500135,Philippines,Other,Port visit,2025-11-02 06:40:00,Asia/Manila,+08:00,14.87235,120.60806,17412
DEMO VESSEL 012,548000012,8500123,Philippines,Dredging,Encounter,05/11/2025 23:51,UTC,+00:00,14.46612,120.52563,25893
DEMO VESSEL 017,548000017,8500173,Philippines,Other,Loitering,2025-11-22 15:28:00,UTC,+00:00,14.27274,120.64515,3490
DEMO VESSEL 039,548000039,8500393,Philippines,Dredging,Port visit,2025-11-09 02:41:00,UTC,+00:00,14.66053,120.88642,7084
DEMOVESSEL018,548000018,8500185,Philippines,Cargo,Loitering,2025-11-01 16:42:00,Asia/Manila,+08:00,14.35869,120.82469,10541
DEMO VESSEL 018,548000018,8500185,Philippines,Cargo,Port visit,2025-11-06 01:34:00,UTC,+00:00,14.72272,120.47849,12522
DEMO VESSEL 034,548000034,8500343,Belize,Cargo,Port visit,2025-11-15 14:40:00,Asia/Manila,+08:00,14.51749,120.621,437
AIS TEST SHIP,100900301,,,,Fishing event,2025-11-06 09:22:00,Asia/Manila,+08:00,14.47767,120.41513,6276
DEMO VESSEL 030,548000030,8500305,Philippines,Cargo,Port visit,2025-11-05 02:35:00,Asia/Manila,+08:00,14.20689,120.75782,28433
DEMO VESSEL 006,548000006,64,Philippines,Dredging,Port visit,11/11/2025 23:37,UTC,+00:00,14.75762,120.4904,33201
DEMO VESSEL 030,548000030,8500305,Philippines,Cargo,Port visit,2025-11-08 10:36:00,Asia/Manila,+08:00,14.49409,120.37337,31085
DEMO VESSEL 015,548000015,8500159,Philippines,Cargo,Port visit,2025-11-27 05:25:00,Asia/Manila,+08:00,14.22066,120.6743,10440
DEMO VESSEL 029,548000029,8500290,Philippines,Other,Fishing event,2025-11-25 14:32:00,Asia/Manila,+08:00,14.22758,120.34187,13355
AIS TEST SHIP,100900301,,,,Port visit,2025-11-11 01:23:00,UTC,+00:00,14.40896,120.81238,10493
DEMO VESSEL 007,548000007,8500070,Philippines,Cargo,Port visit,2025-11-13 00:47:00,Asia/Manila,+08:00,14.36879,120.6507,37885
AIS TEST SHIP,100900301,,,,Fishing event,2025-11-14 09:58:00,UTC,+00:00,14.27459,120.65458,26035
DEMO VESSEL 009,548000009,8500094,Belize,Cargo,Fishing event,14/11/2025 22:58,UTC,+00:00,14.59701,120.35306,27280
DEMO VESSEL 017,548000017,8500173,Philippines,Other,Fishing event,26/11/2025 01:14,Asia/Manila,+08:00,14.48795,120.70525,5289
DEMO VESSEL 013,548000013,8500135,Philippines,Other,Loitering,15/11/2025 12:59,Asia/Manila,+08:00,14.7037,120.53092,3371
DEMOVESSEL003,548000003,8500032,Philippines,Cargo,Port visit,23/11/2025 11:31,Asia/Manila,+08:00,14.50659,120.41368,32362
DEMO VESSEL 005,548000005,1234568,Sierra Leone,Dredging,Loitering,01/11/2025 06:17,Asia/Manila,+08:00,14.80767,120.65068,16995
DEMO VESSEL 035,548000035,8500355,Philippines,Other,Encounter,2025-11-20 12:21:00,UTC,+00:00,14.59299,120.44002,5042
DEMO VESSEL 007,667000007,8500070,Sierra Leone,Cargo,Fishing event,2025-11-25 14:24:00,Asia/Manila,+08:00,14.33094,120.80995,29869
DEMOVESSEL002,548000002,8500020,Philippines,Cargo,Port visit,05/11/2025 23:01,UTC,+00:00,14.3816,120.55114,22789
DEMO VESSEL 018,548000018,8500185,Philippines,Cargo,Port visit,2025-11-01 04:34:00,Asia/Manila,+08:00,14.44925,120.78783,37660
DEMO VESSEL 018,548000018,8500185,Philippines,Cargo,Fishing event,2025-11-21 11:21:00,Asia/Manila,+08:00,14.2138,120.59096,10219
DEMOVESSEL036,548000036,8500367,Sierra Leone,Cargo,Port visit,2025-11-01 02:33:00,Asia/Manila,+08:00,14.79151,120.8847,24274
DEMO VESSEL 017,548000017,8500173,Philippines,Other,Loitering,2025-11-09 21:12:00,Asia/Manila,+08:00,14.60229,120.85931,5179
demo vessel 009,548000009,8500094,Belize,Cargo,Loitering,2025-11-16 23:19:00,Asia/Manila,+08:00,14.6431,120.4698,38556
DEMO VESSEL 023,548000023,8500238,Belize,Cargo,Encounter,2025-11-17 23:46:00,UTC,+00:00,14.56154,120.52421,2930
demo vessel 039,548000039,8500393,Philippines,Dredging,Fishing event,2025-11-08 19:03:00,Asia/Manila,+08:00,14.69067,120.61668,6603
DEMO VESSEL 003,548000003,8500032,Philippines,Cargo,Port visit,2025-11-13 13:47:00,Asia/Manila,+08:00,14.22416,120.78788,17426
DEMO VESSEL 037,548000037,8500379,Belize,Cargo,Loitering,2025-11-16 06:01:00,Asia/Manila,+08:00,14.62711,120.5955,37292
DEMO VESSEL 018,548000018,8500185,Philippines,Cargo,Port visit,2025-11-02 18:16:00,UTC,+00:00,14.37993,120.45598,1032
DEMO VESSEL 005,548000005,1234568,Sierra Leone,Dredging,Loitering,2025-11-18 11:00:00,UTC,+00:00,14.26994,120.6299,24960
DEMO VESSEL 030,548000030,8500305,Philippines,Cargo,Loitering,2025-11-27 19:23:00,Asia/Manila,+08:00,14.20104,120.32514,16320
DEMO VESSEL 036,548000036,8500367,Sierra Leone,Cargo,Loitering,2025-11-05 16:39:00,Asia/Manila,+08:00,14.89876,120.31961,18902
DEMO VESSEL 002,548000002,8500020,Philippines,Cargo,Encounter,2025-11-21 07:06:00,Asia/Manila,+08:00,14.83008,120.49067,38584
AIS TEST SHIP,100900301,,,,Encounter,2025-11-04 13:08:00,Asia/Manila,+08:00,14.38289,120.62338,16796
DEMO VESSEL 014,548000014,8500147,Philippines,Cargo,Loitering,08/11/2025 15:49,UTC,+00:00,14.86165,120.49851,24058
DEMO VESSEL 039,548000039,8500393,Philippines,Dredging,Loitering,2025-11-01 02:39:00,Asia/Manila,+08:00,14.40867,120.45403,23612
DEMO VESSEL 027,548000027,8500276,Philippines,Cargo,Fishing event,2025-11-21 20:46:00,Asia/Manila,+08:00,14.30522,120.60215,28536
DEMOVESSEL017,548000017,8500173,Philippines,Other,Encounter,2025-11-17 03:16:00,UTC,+00:00,14.50937,120.39052,7662
DEMO VESSEL 029,548000029,8500290,Philippines,Other,Loitering,2025-11-09 08:01:00,Asia/Manila,+08:00,14.20257,120.89526,31369
DEMO VESSEL 003,548000003,8500032,Philippines,Cargo,Port visit,20/11/2025 11:02,Asia/Manila,+08:00,14.48777,120.76053,16811
DEMO VESSEL 033,548000033,8500331,Philippines,Cargo,Encounter,27/11/2025 17:02,Asia/Manila,+08:00,14.66373,120.61157,28498
DEMO VESSEL 033,548000033,8500331,Philippines,Cargo,Encounter,22/11/2025 23:47,Asia/Manila,+08:00,14.28802,120.53855,5424
DEMO VESSEL 028,548000028,8500288,Philippines,Other,Fishing event,27/11/2025 02:36,Asia/Manila,+08:00,14.39127,120.67364,17563
DEMO VESSEL 007,548000007,8500070,Philippines,Cargo,Fishing event,2025-11-09 14:07:00,Asia/Manila,+08:00,14.75597,120.85594,27719
DEMO VESSEL 029,548000029,8500290,Philippines,Other,Loitering,18/11/2025 08:09,UTC,+00:00,14.83542,120.84453,3697
demo vessel 007,548000007,8500070,Philippines,Cargo,Encounter,2025-11-11 13:12:00,Asia/Manila,+08:00,14.27803,120.84662,10294
DEMO VESSEL 037,548000037,8500379,Belize,Cargo,Encounter,2025-11-01 08:02:00,Asia/Manila,+08:00,14.30643,120.4334,25384
DEMO VESSEL 011,548000011,8500111,Philippines,Other,Port visit,2025-11-26 12:35:00,UTC,+00:00,14.38254,120.34694,8450
DEMO VESSEL 030,548000030,8500305,Philippines,Cargo,Fishing event,2025-11-25 23:50:00,Asia/Manila,+08:00,14.57129,120.49586,13058
DEMO VESSEL 014 ,548000014,8500147,Philippines,Cargo,Port visit,2025-11-24 08:47:00,Asia/Manila,+08:00,14.78356,120.89205,35842
DEMO VESSEL 040,548000040,8500408,Philippines,Other,Port visit,12/11/2025 08:49,Asia/Manila,+08:00,14.41366,120.43686,15974
demo vessel 036,548000036,8500367,Sierra Leone,Cargo,Loitering,2025-11-13 13:49:00,Asia/Manila,+08:00,14.49644,120.41647,36094
DEMO VESSEL 001,548000001,8500018,Philippines,Dredging,Port visit,11/11/2025 00:54,UTC,+00:00,14.27388,120.87647,28840
DEMOVESSEL020,548000020,8500202,Philippines,Other,Encounter,2025-11-01 03:59:00,UTC,+00:00,14.81092,120.39297,719
DEMO VESSEL 026,548000026,8500264,Philippines,Cargo,Loitering,2025-11-21 07:31:00,Asia/Manila,+08:00,14.87839,120.41754,21920
DEMO VESSEL 012,548000012,8500123,Philippines,Dredging,Port visit,2025-11-03 17:05:00,Asia/Manila,+08:00,14.29223,120.7009,13123
DEMO VESSEL 022,548000022,8500226,Sierra Leone,Dredging,Encounter,2025-11-24 10:34:00,Asia/Manila,+08:00,14.65165,120.30701,10204
DEMO VESSEL 036,548000036,8500367,Sierra Leone,Cargo,Encounter,26/11/2025 07:11,Asia/Manila,+08:00,14.5255,120.64712,7910
DEMO VESSEL 033,548000033,8500331,Philippines,Cargo,Fishing event,2025-11-07 05:46:00,Asia/Manila,+08:00,14.69415,120.38009,8794
DEMO VESSEL 033,548000033,8500331,Philippines,Cargo,Encounter,2025-11-23 20:31:00,UTC,+00:00,14.47115,120.42037,38129
DEMO VESSEL 025,548000025,8500252,Philippines,Dredging,Port visit,2025-11-22 16:28:00,Asia/Manila,+08:00,14.3766,120.54083,8111
DEMO VESSEL 015,548000015,8500159,Philippines,Cargo,Encounter,20/11/2025 15:44,Asia/Manila,+08:00,14.48551,120.79441,33640
DEMO VESSEL 026,548000026,8500264,Philippines,Cargo,Encounter,2025-11-26 01:03:00,UTC,+00:00,14.72763,120.532,14191
DEMO VESSEL 009,548000009,8500094,Belize,Cargo,Encounter,2025-11-22 04:58:00,Asia/Manila,+08:00,14.7255,120.47357,16282
DEMO VESSEL 013,548000013,8500135,Philippines,Other,Fishing event,08/11/2025 19:22,UTC,+00:00,14.89687,120.57855,34557
DEMO VESSEL 007,548000007,8500070,Philippines,Cargo,Port visit,08/11/2025 20:05,Asia/Manila,+08:00,14.39345,120.76982,13078
DEMO VESSEL 005,548000005,1234568,Sierra Leone,Dredging,Port visit,2025-11-12 00:10:00,UTC,+00:00,14.43567,120.84179,30894
DEMO VESSEL 038,548000038,8500381,Philippines,Dredging,Encounter,2025-11-01 12:44:00,Asia/Manila,+08:00,14.78301,120.31007,38120
DEMO VESSEL 032,548000032,8500329,Philippines,Cargo,Loitering,07/11/2025 13:27,Asia/Manila,+08:00,14.62398,120.74089,16395
DEMO VESSEL 006,548000006,64,Philippines,Dredging,Loitering,2025-11-09 07:24:00,Asia/Manila,+08:00,14.26208,120.73434,37196
DEMO VESSEL 008,548000008,8500082,Belize,Dredging,Loitering,23/11/2025 19:48,Asia/Manila,+08:00,14.38086,120.6491,34633
DEMO VESSEL 021,548000021,8500214,Belize,Dredging,Encounter,2025-11-11 00:06:00,Asia/Manila,+08:00,14.26135,120.60393,7452
DEMO VESSEL 036,548000036,8500367,Sierra Leone,Cargo,Encounter,2025-11-02 21:56:00,Asia/Manila,+08:00,14.44156,120.71496,22332
DEMO VESSEL 019,548000019,8500197,Philippines,Cargo,Encounter,2025-11-04 04:43:00,Asia/Manila,+08:00,14.72765,120.63618,14954
DEMO VESSEL 036,548000036,8500367,Sierra Leone,Cargo,Fishing event,2025-11-21 19:13:00,Asia/Manila,+08:00,14.31929,120.80745,4195
DEMO VESSEL 030,548000030,8500305,Philippines,Cargo,Loitering,14/11/2025 23:25,Asia/Manila,+08:00,14.59905,120.85364,7038
DEMO VESSEL 029,548000029,8500290,Philippines,Other,Fishing event,2025-11-25 07:53:00,Asia/Manila,+08:00,14.60009,120.51644,30768
DEMO VESSEL 029,548000029,8500290,Philippines,Other,Port visit,2025-11-27 04:23:00,Asia/Manila,+08:00,14.27296,120.52097,11948
DEMO VESSEL 017,548000017,8500173,Philippines,Other,Port visit,2025-11-17 03:17:00,UTC,+00:00,14.37495,120.49002,16223
DEMO VESSEL 022,548000022,8500226,Sierra Leone,Dredging,Port visit,12/11/2025 23:28,Asia/Manila,+08:00,14.80719,120.8038,29753
DEMO VESSEL 011,548000011,8500111,Philippines,Other,Fishing event,13/11/2025 20:37,Asia/Manila,+08:00,14.75159,120.66257,25415
DEMO VESSEL 012,548000012,8500123,Philippines,Dredging,Loitering,2025-11-15 07:19:00,UTC,+00:00,14.26553,120.47871,16462
DEMO VESSEL 017,548000017,8500173,Philippines,Other,Loitering,2025-11-04 23:01:00,Asia/Manila,+08:00,14.54273,120.36093,19517
DEMO VESSEL 026,548000026,8500264,Philippines,Cargo,Encounter,2025-11-05 05:05:00,Asia/Manila,+08:00,14.33917,120.7649,8665
DEMO VESSEL 018,548000018,8500185,Philippines,Cargo,Loitering,23/11/2025 04:13,Asia/Manila,+08:00,14.36261,120.36702,26915
DEMO VESSEL 009,548000009,8500094,Belize,Cargo,Fishing event,2025-11-18 07:13:00,Asia/Manila,+08:00,14.27766,120.36293,7744
AISTESTSHIP,100900301,,,,Encounter,2025-11-02 15:58:00,Asia/Manila,+08:00,14.28494,120.46282,14767
DEMO VESSEL 021,548000021,8500214,Belize,Dredging,Port visit,2025-11-03 19:09:00,UTC,+00:00,14.27731,120.30402,34135
DEMO VESSEL 003,548000003,8500032,Philippines,Cargo,Loitering,23/11/2025 13:26,UTC,+00:00,14.61709,120.63258,33943
DEMOVESSEL010,548000010,8500109,Belize,Other,Encounter,2025-11-23 01:05:00,Asia/Manila,+08:00,14.75554,120.41792,14663
DEMO VESSEL 018,548000018,8500185,Philippines,Cargo,Encounter,2025-11-08 12:54:00,UTC,+00:00,14.8982,120.34078,5840
DEMO VESSEL 011,548000011,8500111,Philippines,Other,Fishing event,2025-11-21 04:17:00,UTC,+00:00,14.78793,120.55835,35456
DEMO VESSEL 002,548000002,8500020,Philippines,Cargo,Port visit,2025-11-07 06:13:00,Asia/Manila,+08:00,14.84483,120.3796,33323
DEMO VESSEL 028,548000028,8500288,Philippines,Other,Port visit,2025-11-12 13:21:00,Asia/Manila,+08:00,14.29853,120.70111,17234
DEMO VESSEL 006,548000006,64,Philippines,Dredging,Encounter,2025-11-07 00:43:00,UTC,+00:00,14.65279,120.86795,11377
DEMO VESSEL 007,548000007,8500070,Philippines,Cargo,Loitering,2025-11-10 05:43:00,Asia/Manila,+08:00,14.80145,120.36084,24433
DEMO VESSEL 021,548000021,8500214,Belize,Dredging,Loitering,2025-11-17 04:00:00,Asia/Manila,+08:00,14.64554,120.65644,36493
DEMO VESSEL 030,548000030,8500305,Philippines,Cargo,Fishing event,2025-11-12 21:32:00,Asia/Manila,+08:00,14.80604,120.81847,3162
DEMO VESSEL 024,548000024,8500240,Philippines,Cargo,Fishing event,14/11/2025 15:24,UTC,+00:00,14.76309,120.87853,26055
DEMO VESSEL 013,548000013,8500135,Philippines,Other,Encounter,2025-11-11 19:06:00,UTC,+00:00,14.39118,120.68356,12842
DEMO VESSEL 040,548000040,8500408,Philippines,Other,Port visit,2025-11-20 03:44:00,UTC,+00:00,14.72586,120.43498,14903
DEMO VESSEL 004 ,548000004,,Philippines,Dredging,Fishing event,03/11/2025 09:26,Asia/Manila,+08:00,14.64427,120.34602,5843
DEMO VESSEL 030 ,548000030,8500305,Philippines,Cargo,Loitering,2025-11-16 09:46:00,Asia/Manila,+08:00,14.50337,120.884,37302
DEMO VESSEL 037,548000037,8500379,Belize,Cargo,Encounter,2025-11-02 14:07:00,Asia/Manila,+08:00,14.53023,120.69491,16425
DEMO VESSEL 004,548000004,,Philippines,Dredging,Encounter,2025-11-14 21:48:00,UTC,+00:00,14.42408,120.41827,27906
DEMO VESSEL 014,548000014,8500147,Philippines,Cargo,Encounter,2025-11-10 00:47:00,UTC,+00:00,14.28925,120.71114,31851
DEMO VESSEL 033,548000033,8500331,Philippines,Cargo,Loitering,2025-11-18 08:50:00,Asia/Manila,+08:00,14.31596,120.67942,683
DEMO VESSEL 038,548000038,8500381,Philippines,Dredging,Loitering,2025-11-11 09:07:00,Asia/Manila,+08:00,14.34058,120.5129,991
DEMO VESSEL 003,548000003,8500032,Philippines,Cargo,Encounter,23/11/2025 02:06,UTC,+00:00,14.22046,120.8574,14742
DEMO VESSEL 008,548000008,8500082,Belize,Dredging,Encounter,2025-11-21 11:20:00,Asia/Manila,+08:00,14.29138,120.54539,36816
DEMO VESSEL 018,548000018,8500185,Philippines,Cargo,Port visit,2025-11-09 16:59:00,Asia/Manila,+08:00,14.70759,120.47065,37798
DEMO VESSEL 006,548000006,64,Philippines,Dredging,Port visit,2025-11-09 08:55:00,Asia/Manila,+08:00,14.35949,120.85609,23140
DEMO VESSEL 035,548000035,8500355,Philippines,Other,Encounter,2025-11-24 11:41:00,UTC,+00:00,14.49933,120.86185,37615
DEMO VESSEL 028,548000028,8500288,Philippines,Other,Port visit,2025-11-21 00:21:00,UTC,+00:00,14.21609,120.57386,26252
DEMOVESSEL007,548000007,8500070,Philippines,Cargo,Loitering,2025-11-22 09:49:00,Asia/Manila,+08:00,14.7495,120.40568,34694
DEMO VESSEL 034,548000034,8500343,Belize,Cargo,Port visit,2025-11-16 06:00:00,Asia/Manila,+08:00,14.77781,120.69566,15936
DEMO VESSEL 040,548000040,8500408,Philippines,Other,Port visit,2025-11-22 00:48:00,Asia/Manila,+08:00,14.3808,120.63846,30597
DEMO VESSEL 006,548000006,64,Philippines,Dredging,Port visit,09/11/2025 12:36,Asia/Manila,+08:00,14.56599,120.76205,21755
DEMO VESSEL 009,548000009,8500094,Belize,Cargo,Port visit,2025-11-27 13:26:00,Asia/Manila,+08:00,14.89179,120.78252,805
DEMO VESSEL 015,548000015,8500159,Philippines,Cargo,Fishing event,2025-11-16 17:52:00,Asia/Manila,+08:00,14.87333,120.85699,6062
DEMO VESSEL 004,548000004,,Philippines,Dredging,Loitering,2025-11-18 06:26:00,Asia/Manila,+08:00,14.25568,120.83823,12083
DEMO VESSEL 023,548000023,8500238,Belize,Cargo,Encounter,04/11/2025 13:09,Asia/Manila,+08:00,14.56415,120.82219,27917
DEMO VESSEL 036,548000036,8500367,Sierra Leone,Cargo,Encounter,2025-11-02 21:39:00,UTC,+00:00,14.40566,120.55512,38358
DEMO VESSEL 001,548000001,8500018,Philippines,Dredging,Fishing event,2025-11-04 18:13:00,UTC,+00:00,14.73683,120.40067,11032
DEMO VESSEL 004,548000004,,Philippines,Dredging,Loitering,2025-11-04 11:39:00,Asia/Manila,+08:00,14.23348,120.30624,15133
DEMO VESSEL 038,548000038,8500381,Philippines,Dredging,Loitering,2025-11-11 13:37:00,UTC,+00:00,14.72462,120.68189,18660
DEMO VESSEL 037,548000037,8500379,Belize,Cargo,Port visit,2025-11-07 23:57:00,Asia/Manila,+08:00,14.73074,120.72379,19901
DEMO VESSEL 038,548000038,8500381,Philippines,Dredging,Port visit,22/11/2025 11:20,UTC,+00:00,14.88973,120.85833,30030
DEMO VESSEL 025,548000025,8500252,Philippines,Dredging,Fishing event,27/11/2025 17:33,Asia/Manila,+08:00,14.4845,120.69871,1979
DEMO VESSEL 033,548000033,8500331,Philippines,Cargo,Fishing event,2025-11-01 15:17:00,UTC,+00:00,14.69486,120.51081,8375
DEMO VESSEL 016,548000016,8500161,Philippines,Dredging,Encounter,03/11/2025 07:49,Asia/Manila,+08:00,14.69463,120.30142,27865
AIS TEST SHIP,100900301,,,,Port visit,2025-11-13 21:56:00,Asia/Manila,+08:00,14.86511,120.47136,980
demo vessel 036,548000036,8500367,Sierra Leone,Cargo,Encounter,2025-11-01 00:41:00,UTC,+00:00,14.74688,120.35191,21090
DEMO VESSEL 007,548000007,8500070,Philippines,Cargo,Encounter,2025-11-17 18:35:00,Asia/Manila,+08:00,14.41191,120.3472,9422
DEMO VESSEL 009,548000009,8500094,Belize,Cargo,Loitering,2025-11-19 18:40:00,UTC,+00:00,14.45534,120.66595,26954
DEMO VESSEL 027,548000027,8500276,Philippines,Cargo,Loitering,2025-11-18 02:49:00,Asia/Manila,+08:00,14.63554,120.84111,23739
AIS TEST SHIP,100900301,,,,Encounter,2025-11-17 03:49:00,Asia/Manila,+08:00,14.42195,120.8291,26246
DEMO VESSEL 007,548000007,8500070,Philippines,Cargo,Fishing event,17/11/2025 19:11,UTC,+00:00,14.55909,120.60362,23409
DEMO VESSEL 020,548000020,8500202,Philippines,Other,Loitering,16/10/2025 22:27,Asia/Manila,+08:00,14.68432,120.83827,39250
DEMO VESSEL 030,548000030,8500305,Philippines,Cargo,Fishing event,2025-11-13 22:10:00,Asia/Manila,+08:00,14.8992,120.49307,21753
DEMO VESSEL 019,548000019,8500197,Philippines,Cargo,Encounter,2025-11-11 19:37:00,Asia/Manila,+08:00,14.74722,120.6792,6689
demo vessel 016,548000016,8500161,Philippines,Dredging,Loitering,22/11/2025 22:25,Asia/Manila,+08:00,14.36305,120.35992,6414
DEMO VESSEL 015,548000015,8500159,Philippines,Cargo,Port visit,2025-11-02 22:27:00,UTC,+00:00,14.48416,120.49378,18500
DEMO VESSEL 013,548000013,8500135,Philippines,Other,Fishing event,2025-11-05 15:24:00,Asia/Manila,+08:00,14.84269,120.46237,18529
DEMO VESSEL 027,548000027,8500276,Philippines,Cargo,Port visit,2025-11-02 08:59:00,Asia/Manila,+08:00,14.63437,120.84215,30140
DEMO VESSEL 006,548000006,64,Philippines,Dredging,Loitering,2025-11-05 16:09:00,Asia/Manila,+08:00,14.89291,120.34355,24005
DEMO VESSEL 010,548000010,8500109,Belize,Other,Fishing event,11/11/2025 15:23,UTC,+00:00,14.73375,120.7483,11690
DEMO VESSEL 028,548000028,8500288,Philippines,Other,Loitering,2025-11-21 13:58:00,UTC,+00:00,14.7757,120.5194,6032
DEMO VESSEL 007,548000007,8500070,Philippines,Cargo,Encounter,18/11/2025 20:11,Asia/Manila,+08:00,14.5451,120.77625,35304
DEMO VESSEL 006,548000006,64,Philippines,Dredging,Loitering,2025-11-12 10:43:00,Asia/Manila,+08:00,14.47535,120.82407,7174
DEMOVESSEL029,548000029,8500290,Philippines,Other,Encounter,2025-11-13 10:47:00,Asia/Manila,+08:00,14.38095,120.45625,375
DEMO VESSEL 007,548000007,8500070,Philippines,Cargo,Encounter,2025-11-25 05:02:00,UTC,+00:00,14.43466,120.45553,6663
DEMO VESSEL 010,548000010,8500109,Belize,Other,Fishing event,2025-11-05 05:01:00,Asia/Manila,+08:00,14.56556,120.419,7593
AIS TEST SHIP,100900301,,,,Port visit,2025-11-08 08:45:00,Asia/Manila,+08:00,14.27512,120.34409,681
DEMO VESSEL 015,548000015,8500159,Philippines,Cargo,Loitering,16/11/2025 00:25,Asia/Manila,+08:00,14.4691,120.66419,23125
DEMO VESSEL 025,548000025,8500252,Philippines,Dredging,Loitering,16/11/2025 02:26,Asia/Manila,+08:00,14.45388,120.69018,1537
DEMO VESSEL 028,548000028,8500288,Philippines,Other,Encounter,2025-11-27 05:19:00,UTC,+00:00,14.22242,120.38173,5070
DEMO VESSEL 019,548000019,8500197,Philippines,Cargo,Encounter,2025-11-05 19:16:00,UTC,+00:00,14.76148,120.66404,21616
demo vessel 007,667000007,8500070,Sierra Leone,Cargo,Port visit,2025-11-16 05:32:00,Asia/Manila,+08:00,14.36112,120.38815,9607
DEMO VESSEL 018,548000018,8500185,Philippines,Cargo,Loitering,2025-11-05 13:03:00,Asia/Manila,+08:00,14.47965,120.86102,12347
DEMO VESSEL 005,548000005,1234568,Sierra Leone,Dredging,Loitering,2025-11-05 18:54:00,Asia/Manila,+08:00,14.46459,120.85565,11794
DEMOVESSEL011,548000011,8500111,Philippines,Other,Port visit,14/11/2025 22:30,UTC,+00:00,14.25769,120.51175,11189
DEMO VESSEL 009,548000009,8500094,Belize,Cargo,Loitering,2025-11-17 23:10:00,Asia/Manila,+08:00,14.56539,120.73435,34005
DEMO VESSEL 007,667000007,8500070,Sierra Leone,Cargo,Port visit,2025-11-21 02:24:00,Asia/Manila,+08:00,14.52375,120.36198,8909
DEMO VESSEL 007,548000007,8500070,Philippines,Cargo,Loitering,2025-11-12 02:39:00,Asia/Manila,+08:00,14.67731,120.5981,28292
demo vessel 007,548000007,8500070,Philippines,Cargo,Loitering,2025-11-22 21:37:00,Asia/Manila,+08:00,14.82342,120.50387,6846
DEMO VESSEL 033,548000033,8500331,Philippines,Cargo,Encounter,27/11/2025 17:02,Asia/Manila,+08:00,14.66373,120.61157,28498
DEMO VESSEL 004,548000004,,Philippines,Dredging,Port visit,2025-11-27 19:30:00,Asia/Manila,+08:00,14.56352,120.68388,9582
DEMO VESSEL 029,548000029,8500290,Philippines,Other,Port visit,2025-11-19 22:34:00,Asia/Manila,+08:00,14.22655,120.33421,11315
DEMO VESSEL 003,548000003,8500032,Philippines,Cargo,Port visit,2025-11-11 05:39:00,Asia/Manila,+08:00,14.50519,120.59817,19132
DEMO VESSEL 007,548000007,8500070,Philippines,Cargo,Port visit,2025-11-12 04:36:00,UTC,+00:00,14.34412,120.71683,24417
DEMO VESSEL 025,548000025,8500252,Philippines,Dredging,Encounter,18/11/2025 02:51,Asia/Manila,+08:00,14.80547,120.68156,8306
DEMO VESSEL 014,548000014,8500147,Philippines,Cargo,Loitering,2025-11-05 14:44:00,UTC,+00:00,14.32199,120.46912,11367
DEMO VESSEL 021,548000021,8500214,Belize,Dredging,Loitering,2025-11-01 21:53:00,UTC,+00:00,14.46378,120.57357,24624
DEMO VESSEL 028,548000028,8500288,Philippines,Other,Port visit,21/11/2025 14:21,Asia/Manila,+08:00,14.36956,120.53572,26718
DEMO VESSEL 022,548000022,8500226,Sierra Leone,Dredging,Fishing event,2025-11-19 22:37:00,Asia/Manila,+08:00,14.33392,120.84051,5803
demo vessel 005,548000005,1234568,Sierra Leone,Dredging,Encounter,2025-11-08 00:12:00,Asia/Manila,+08:00,14.74596,120.63773,35653
DEMO VESSEL 040,548000040,8500408,Philippines,Other,Encounter,2025-11-20 17:53:00,Asia/Manila,+08:00,14.54096,120.76251,14070
DEMO VESSEL 028,548000028,8500288,Philippines,Other,Port visit,2025-11-05 06:27:00,Asia/Manila,+08:00,14.70409,120.45554,9570
DEMOVESSEL024,548000024,8500240,Philippines,Cargo,Port visit,2025-11-23 05:23:00,Asia/Manila,+08:00,14.55669,120.36658,24425
DEMO VESSEL 030,548000030,8500305,Philippines,Cargo,Encounter,2025-11-25 04:07:00,Asia/Manila,+08:00,14.23584,120.38868,8582
